0 1872.107403564453 509.64037170410154 2095.808489990234 621.4909149169922 0.7737165178571429 1949.0773864746093 784.8483764648438 2130.456427001953 990.4115112304687 0.8555617559523809 
1 1880.2209777832031 505.5675933837891 2107.6202087402344 616.1943084716797 0.765625 1961.181622314453 790.4077758789062 2142.486712646484 993.2233276367188 0.8463309151785714 
2 1885.040478515625 506.73109436035156 2111.793994140625 612.3422088623047 0.7595331101190477 1970.9391784667969 796.68388671875 2157.3119201660156 998.58759765625 0.8609328497023809 
3 1895.3025268554688 498.6082244873047 2124.293908691406 619.2929595947265 0.7995256696428571 1981.2337829589844 803.8905212402344 2166.9025695800783 1001.9372375488281 0.8494466145833334 
4 1899.2441833496093 496.35955810546875 2133.115802001953 639.8007202148438 0.7839239211309523 1985.476788330078 808.548095703125 2178.810687255859 1011.2366943359375 0.8376813616071429 
5 1909.6004150390625 500.41148376464844 2136.8077880859373 642.4160919189453 0.7733677455357143 1994.681817626953 816.3413940429688 2199.7995056152345 1018.3035034179687 0.8443545386904762 
6 1909.0235290527344 500.75750427246095 2148.427764892578 653.9761993408204 0.7792038690476191 2007.117919921875 825.3649536132813 2205.025146484375 1016.8883422851562 0.8505394345238095 
7 1910.8662841796875 505.7419738769531 2156.7103759765623 657.7770690917969 0.7781575520833334 2012.76220703125 826.4836578369141 2216.5537109375 1023.8057098388672 0.8464471726190477 
8 1924.6039794921876 513.2067993164062 2156.1074462890624 653.4131958007813 0.7789248511904762 2020.4158996582032 832.8723205566406 2225.8344665527343 1028.5091491699218 0.8494698660714286 
9 1935.7162170410156 512.5082824707031 2165.302215576172 643.7002136230469 0.7674386160714286 2031.3348754882813 844.5248626708984 2241.2420288085937 1028.1935821533202 0.8552129836309523 
10 1941.03017578125 508.3784606933594 2169.112890625 643.9058410644532 0.7763671875 2039.5609985351562 842.2387329101563 2251.116003417969 1037.2660278320313 0.8644670758928571 
11 1959.3274475097655 511.149560546875 2172.725653076172 647.857763671875 0.7762044270833334 2044.3534423828125 845.7383270263672 2254.4170654296877 1039.130386352539 0.8637462797619048 
12 1957.8430480957031 505.8224182128906 2182.1890563964844 639.7603454589844 0.7622767857142857 2049.15263671875 840.667138671875 2263.4533203125 1041.5739501953126 0.8708147321428571 
13 1974.481378173828 513.0251007080078 2189.4506286621095 644.0220794677734 0.7546502976190477 2054.9657592773438 838.1920837402344 2266.5759887695312 1039.7258850097655 0.8722330729166666 
14 1977.3710510253907 512.0669342041016 2196.023846435547 649.9863494873047 0.7577659970238095 2060.5625244140624 838.8815979003906 2275.8515380859376 1037.3510681152343 0.8760463169642857 
15 1986.9011291503907 513.5797241210937 2209.220330810547 655.0556518554688 0.7396298363095238 2060.2303466796875 835.6576934814453 2275.8126220703125 1037.766195678711 0.8861142113095238 
16 1998.0763732910157 519.4456024169922 2229.995770263672 657.2528228759766 0.7287248883928571 2065.040905761719 835.2645568847656 2276.793322753906 1036.9335632324219 0.8730933779761905 
17 2011.8228515625 518.7806884765625 2220.1732421875 659.9214599609375 0.7598586309523809 2065.7199829101564 834.9255310058594 2277.4311401367186 1036.5551818847657 0.8769763764880952 
18 2010.4254028320313 524.0880554199218 2238.641735839844 654.9768859863282 0.7592308407738095 2064.3814331054687 839.047314453125 2272.4610961914063 1037.058642578125 0.8754650297619048 
19 2017.2413818359375 520.9853332519531 2238.5276611328127 665.1566345214844 0.7751116071428571 2065.2124267578124 839.3743499755859 2273.0873779296876 1040.5435577392577 0.8823474702380952 
20 2015.2279663085938 529.1663696289063 2235.6614379882812 659.4224975585937 0.7831333705357143 2065.1980590820312 842.6033111572266 2275.6117553710938 1039.6574920654298 0.8817894345238095 
21 2021.6810180664063 534.4268310546875 2238.058972167969 667.582568359375 0.7785760788690477 2065.212756347656 842.0934692382813 2281.590710449219 1038.4982055664063 0.8880208333333334 
22 2025.6127075195313 527.5152893066406 2234.2757202148437 659.9996032714844 0.8043619791666666 2065.9949340820312 840.8917388916016 2277.9701538085938 1039.6182098388672 0.8961356026785714 
23 2028.0149291992188 532.6454040527344 2237.277795410156 672.1540344238281 0.7945265997023809 2065.5747924804687 842.9627044677734 2281.4811157226563 1038.9392120361329 0.8880208333333334 
24 2024.2818969726563 534.5305480957031 2235.8330932617187 673.3609313964844 0.7967819940476191 2070.0502075195313 846.2632537841797 2281.6014038085937 1037.9814361572267 0.8880440848214286 
25 2025.4527465820313 536.3601623535156 2233.654919433594 671.8567565917969 0.8092912946428571 2070.8302368164063 842.1808013916016 2282.3369995117187 1037.1637420654297 0.9013904389880952 
26 2032.257763671875 536.1110534667969 2236.527880859375 674.4875793457031 0.7968982514880952 2069.5130981445313 843.5298614501953 2280.3723999023437 1041.2105560302734 0.8891136532738095 
27 2026.3985229492187 538.4194122314453 2240.4513305664063 680.0236419677734 0.8022693452380952 2072.375390625 846.4529571533203 2283.1353515625 1040.7471771240234 0.8925548735119048 
28 2026.7629760742188 540.6922576904296 2237.390588378906 685.4987213134766 0.8049897693452381 2071.951611328125 846.3807250976563 2285.870166015625 1040.5529907226562 0.8868117559523809 
29 2030.1266235351563 547.2257781982422 2240.1670776367187 691.628530883789 0.7995489211309523 2073.0436157226563 844.1097900390625 2283.0840698242187 1041.02265625 0.89208984375 
30 2027.965478515625 554.3870819091796 2237.474951171875 688.6040679931641 0.7981538318452381 2073.291857910156 847.2471496582032 2282.801647949219 1040.3887145996093 0.8914853050595238 
31 2025.2551025390626 557.2177978515625 2241.3210693359374 678.3456787109375 0.7810407366071429 2075.997839355469 846.0612518310547 2288.790002441406 1039.211148071289 0.8812779017857143 
32 2029.7293823242187 558.0140625 2249.003771972656 685.65146484375 0.7861328125 2073.2822265625 847.9046051025391 2286.01123046875 1037.7243621826171 0.8862537202380952 
33 2032.5113159179687 559.4650268554688 2251.5851196289063 690.2553100585938 0.7907598586309523 2073.5090576171874 849.4672668457031 2286.0431884765626 1039.1131774902344 0.8892299107142857 
34 2025.8333251953125 572.3144897460937 2257.8585693359373 683.4251342773438 0.7932477678571429 2073.344592285156 849.8395874023438 2285.761608886719 1039.3812377929687 0.8857421875 
35 2033.4263671875 568.7194763183594 2259.01064453125 686.4156555175781 0.79833984375 2072.658447265625 849.6310791015625 2285.165283203125 1039.2527099609374 0.8873697916666666 
36 2029.3759399414062 568.6926971435547 2265.071081542969 689.813833618164 0.7972935267857143 2069.413684082031 847.4476196289063 2285.467907714844 1040.5868041992187 0.8819754464285714 
37 2037.1009765625 569.3671936035156 2256.11923828125 690.3174987792969 0.8053385416666666 2070.544543457031 850.6206604003906 2283.025036621094 1040.218328857422 0.8836030505952381 
38 2033.44423828125 569.9166473388672 2265.12607421875 697.1785064697266 0.7885277157738095 2070.844677734375 845.6507110595703 2282.947802734375 1041.438217163086 0.8951357886904762 
39 2027.444384765625 572.8797241210938 2261.733837890625 690.0244506835937 0.7999209449404762 2075.128308105469 847.0935455322266 2286.639514160156 1039.0807098388673 0.88525390625 
40 2022.9476318359375 575.3999114990235 2256.7730712890625 692.3125518798828 0.7911783854166666 2072.6605834960938 846.1975860595703 2287.0003051757812 1041.051986694336 0.8748372395833334 
41 2029.1488525390625 566.2375762939453 2251.1905029296877 690.3197357177735 0.8010602678571429 2073.732873535156 849.6924560546875 2279.448034667969 1042.3463623046875 0.8987397693452381 
42 2027.5532836914062 571.0923004150391 2255.0421752929688 691.3363494873047 0.8029436383928571 2071.9260131835936 847.4536315917969 2283.1655395507814 1042.4439514160156 0.8843936011904762 
43 2027.0958251953125 572.0499267578125 2251.0950927734375 695.411865234375 0.8013857886904762 2070.6719360351562 851.3622619628907 2284.9323120117188 1042.8978698730468 0.8839750744047619 
44 2028.375830078125 575.9417205810547 2249.757958984375 696.399526977539 0.8117792038690477 2075.707629394531 851.0413360595703 2277.555798339844 1039.8670501708984 0.8916015625 
45 2031.7233276367188 576.2521209716797 2255.9209594726562 693.2247467041016 0.8018973214285714 2073.213720703125 847.1887268066406 2284.414208984375 1042.1431823730468 0.8859747023809523 
46 2027.4904663085938 573.0790618896484 2253.8755004882814 699.2078643798828 0.8073614211309523 2074.1358154296877 849.219091796875 2284.3505126953123 1040.0293212890624 0.8780226934523809 
47 2027.1770263671874 577.3776794433594 2256.8815673828126 697.0828918457031 0.8148949032738095 2070.9778686523437 847.5232604980469 2287.7411254882813 1041.639825439453 0.8831612723214286 
48 2028.21982421875 575.630581665039 2254.33095703125 704.8368865966797 0.8168247767857143 2071.57841796875 846.4669555664062 2287.99921875 1040.2764526367187 0.8855096726190477 
49 2026.081787109375 579.223681640625 2251.671142578125 701.686474609375 0.7868303571428571 2072.5631103515625 839.3951416015625 2282.0389404296875 1048.8709716796875 0.8832077752976191 
50 2030.6298583984376 579.6011993408204 2255.6206298828124 701.7390716552734 0.7996186755952381 2071.3012817382814 842.2965698242188 2286.6496459960936 1044.7883911132812 0.8896251860119048 
51 2024.717138671875 576.636099243164 2252.929345703125 705.2063690185547 0.7898530505952381 2073.919921875 839.3397918701172 2282.8466796875 1048.2664703369142 0.8872302827380952 
52 2025.0064086914062 576.20126953125 2253.3331909179688 704.8362060546875 0.7941778273809523 2071.01796875 841.8818389892579 2286.48154296875 1047.697689819336 0.8863234747023809 
53 2026.4970703125 580.1372955322265 2255.98388671875 706.1935760498047 0.7968052455357143 2073.488391113281 842.1950439453125 2283.582165527344 1045.824365234375 0.8871605282738095 
54 2029.7063598632812 575.9189239501953 2257.8427124023438 698.0199798583984 0.7852492559523809 2071.477746582031 837.4227569580078 2280.334997558594 1049.492953491211 0.8841378348214286 
55 2029.8841186523437 580.9860717773438 2256.3465942382813 700.6876342773437 0.7844122023809523 2071.9415283203125 842.5376190185547 2278.9925537109375 1046.3537994384765 0.8788364955357143 
56 2031.3790893554688 582.3191589355469 2264.1714477539062 705.1816955566406 0.7883649553571429 2070.923876953125 841.9719451904297 2284.316845703125 1042.431802368164 0.8823009672619048 
57 2031.1367065429688 575.2278015136719 2259.3689086914064 697.3803527832031 0.7879231770833334 2072.9256103515627 837.5837493896485 2281.8707763671873 1043.3143829345704 0.8647228422619048 
58 2026.3089233398437 581.9765441894531 2265.8221801757813 701.7331726074219 0.7759021577380952 2071.6223022460936 841.532339477539 2285.2421997070314 1042.2056365966796 0.8826264880952381 
59 2026.3024169921875 581.994677734375 2262.4358642578127 701.6787841796875 0.7955264136904762 2071.5883666992186 841.3931671142578 2281.8440063476564 1041.944906616211 0.8820684523809523 
60 2023.0007568359374 580.5490875244141 2265.5846923828126 696.9893035888672 0.7861793154761905 2068.6562377929686 844.9031433105469 2282.1301391601564 1042.2046447753905 0.8867420014880952 
61 2022.4495727539063 582.0779541015625 2260.009655761719 704.0681640625 0.7925734747023809 2069.8628662109377 841.6157958984375 2281.7406494140623 1047.0729248046875 0.8821614583333334 
62 2018.7820434570312 581.5555908203125 2265.8788452148438 703.499462890625 0.7942010788690477 2069.7564086914062 843.8336242675781 2281.5538940429688 1046.0037780761718 0.8797200520833334 
63 2023.1319580078125 579.2968933105469 2257.3255615234375 697.9979064941406 0.7793666294642857 2070.5134521484374 837.9218475341797 2279.0422119140626 1046.4505279541015 0.8683965773809523 
64 2022.5270385742188 567.7275634765625 2260.0420532226562 696.1139892578125 0.7729027157738095 2073.1408935546874 834.9936370849609 2278.5593017578126 1043.6216583251953 0.8745814732142857 
65 2017.6391479492188 570.3171173095703 2252.3205688476564 692.4800628662109 0.7680199032738095 2070.0654052734376 837.2704223632812 2279.0283447265624 1046.2333618164062 0.8731166294642857 
66 2015.0687744140625 569.0868225097656 2246.7080810546877 688.1236267089844 0.7899693080357143 2072.1123657226562 830.9183959960938 2281.2311401367188 1040.0371704101562 0.8657691592261905 
67 2022.465802001953 560.1884948730469 2241.006243896484 682.3140686035156 0.7962007068452381 2070.549609375 823.8460968017578 2279.4484375 1039.172640991211 0.8606770833333334 
68 2019.5613220214843 558.2887512207031 2238.465167236328 674.1790222167969 0.7966657366071429 2069.8299560546875 822.3848663330078 2282.2955322265625 1031.6313079833985 0.8482375372023809 
69 2028.1503662109376 548.0685668945313 2240.7885986328124 680.1620239257812 0.7829008556547619 2070.653210449219 813.8664306640625 2280.069689941406 1026.5046630859374 0.8475399925595238 
70 2017.9692138671876 548.4186248779297 2240.5415283203124 680.6716461181641 0.7778087797619048 2069.456201171875 806.7214324951171 2275.899755859375 1022.8422271728516 0.8527948288690477 
71 2027.527001953125 542.6951293945312 2237.480810546875 684.8175659179688 0.7549060639880952 2069.7662963867188 794.639453125 2279.7197875976562 1014.2832763671875 0.8489815848214286 
72 2018.4807922363282 541.4512298583984 2238.1841247558596 680.3813507080079 0.77587890625 2071.7911987304688 790.978646850586 2281.8018188476562 1007.4511016845703 0.8484468005952381 
73 2025.1712646484375 543.8712036132813 2238.6397705078125 682.9489868164062 0.7764834449404762 2078.165234375 784.4584289550781 2285.16484375 994.6923278808594 0.8440522693452381 
74 2022.9994323730468 542.0967346191406 2236.8727600097654 681.4384216308594 0.7734607514880952 2083.9457397460938 781.0216064453125 2288.0974731445312 988.413818359375 0.8303803943452381 
75 2023.95888671875 542.0671875 2238.5591796875 662.3733642578125 0.7846912202380952 2082.2360717773436 777.4271301269531 2290.3335083007814 982.2728210449219 0.8440755208333334 
76 2024.2613647460937 538.1833648681641 2239.441516113281 658.8146209716797 0.7969215029761905 2088.0881958007812 779.571240234375 2293.4872436523438 981.7101318359375 0.8390066964285714 
77 2024.9933349609375 533.2013793945313 2237.3357666015627 650.8063110351562 0.8196847098214286 2093.9733154296873 780.8502136230469 2296.5149658203127 973.5915588378906 0.8419596354166666 
78 2023.949853515625 526.2515655517578 2237.528173828125 637.9694427490234 0.7908296130952381 2100.5347900390625 768.7703430175782 2307.5413818359375 969.2053649902343 0.845703125 
79 2021.8680725097656 515.4590606689453 2236.359344482422 634.2542572021484 0.8041527157738095 2110.4566650390625 765.2334991455078 2305.1488037109375 963.2255462646484 0.8397274925595238 
80 2023.8473022460937 508.79262084960936 2235.453723144531 637.7403381347656 0.8012927827380952 2119.8588256835938 763.1274139404297 2314.9334106445312 958.2022369384765 0.8412155877976191 
81 2028.4515502929687 509.3289306640625 2233.792834472656 638.495166015625 0.7929920014880952 2124.2435791015623 756.0695587158203 2316.3369873046877 954.7868255615234 0.8438197544642857 
82 2012.6965393066407 514.3014770507813 2235.872674560547 637.5478881835937 0.8004557291666666 2129.6654418945313 749.6483337402344 2316.2005249023437 942.8454406738281 0.8310779389880952 
83 2017.59267578125 515.9001983642578 2231.88193359375 646.4826751708985 0.7707170758928571 2131.04755859375 739.9765930175781 2321.89873046875 937.5243835449219 0.8351004464285714 
84 2022.3886108398438 525.0660461425781 2230.0632934570312 645.6513610839844 0.8020600818452381 2135.888220214844 737.7651214599609 2320.115930175781 935.3910675048828 0.8334495907738095 
85 2021.9349975585938 525.4906494140625 2233.3167114257812 649.6355712890625 0.7750186011904762 2138.5948974609373 730.8071807861328 2323.1345947265627 932.123178100586 0.8371233258928571 
86 2019.4187561035155 524.2614501953125 2234.867254638672 642.0847412109375 0.7767159598214286 2139.0546264648438 724.3021392822266 2327.5720825195312 926.2849578857422 0.8286830357142857 
87 2018.688232421875 520.7405883789063 2238.114013671875 642.2686889648437 0.7908063616071429 2138.6583618164063 721.3398010253907 2331.0777221679687 927.2623718261718 0.8416341145833334 
88 2022.1253967285156 522.5515533447266 2238.178192138672 644.0813201904297 0.7737630208333334 2138.3316284179687 715.3631622314454 2337.5055297851563 921.2885101318359 0.8430059523809523 
89 2025.1021850585937 518.5080413818359 2237.571887207031 639.9192657470703 0.7672526041666666 2144.56787109375 711.131625366211 2333.4296875 916.8562286376953 0.8264043898809523 
90 2026.0552856445313 523.1811614990235 2242.160290527344 644.7402862548828 0.7744373139880952 2143.0689453125 707.4679595947266 2335.5375 920.1964080810546 0.8340308779761905 
91 2021.4019287109375 524.3522186279297 2241.1063720703123 642.6546783447266 0.7750418526785714 2143.7342529296875 705.4459167480469 2339.7784423828125 921.7703918457031 0.8340541294642857 
92 2019.329296875 531.3141876220703 2238.897265625 649.5431732177734 0.7750418526785714 2147.1725341796873 707.4882781982421 2339.7166259765627 920.3003570556641 0.8367047991071429 
93 2017.0413818359375 535.1760040283203 2243.5543212890625 660.2652191162109 0.7662992931547619 2148.3722290039063 707.4663269042969 2341.0772338867187 917.0752990722656 0.8380301339285714 
94 2025.3342895507812 532.3507873535157 2238.0902709960938 653.9257019042968 0.7714378720238095 2153.1437255859373 713.0245819091797 2338.8831298828127 912.2723541259766 0.8400995163690477 
95 2020.0079528808594 536.364501953125 2242.4677551269533 657.706298828125 0.7707868303571429 2156.90625 711.5062957763672 2338.9189453125 910.371939086914 0.8503301711309523 
96 2022.1291870117188 540.5831817626953 2238.260217285156 655.4028411865235 0.7629045758928571 2158.899560546875 707.0976257324219 2337.883154296875 909.7203674316406 0.8422386532738095 
97 2022.9984313964844 541.8709228515625 2239.3835266113283 660.2064697265625 0.7571149553571429 2160.3196044921874 705.9802490234375 2336.1325439453126 912.222265625 0.8386346726190477 
98 2022.6147155761719 537.7988037109375 2238.7770080566406 656.0124755859375 0.77001953125 2163.1722045898437 703.9474426269531 2332.0487426757813 913.3545593261719 0.8359142485119048 
99 2025.2560668945312 538.6184265136719 2237.769567871094 656.6815002441406 0.7709728422619048 2162.6504028320314 710.9126708984375 2331.3117553710936 909.9332763671875 0.8416341145833334 
100 2019.8944091796875 535.4270538330078 2241.9385986328125 656.5420013427735 0.7698102678571429 2159.5131713867186 712.4411987304687 2337.8210571289064 914.2995239257813 0.8423316592261905 
101 2024.8120849609375 543.8245330810547 2239.9335205078123 658.1076568603515 0.7553245907738095 2158.7456909179687 714.7321258544922 2333.5318969726563 916.4081939697265 0.8335890997023809 
102 2018.9442932128907 542.2735809326172 2240.536053466797 663.1417633056641 0.7652529761904762 2155.695935058594 716.7318389892578 2333.640734863281 914.821322631836 0.8447963169642857 
103 2013.7284118652344 545.0572113037109 2242.1296203613283 662.6166778564453 0.7604166666666666 2159.8380126953125 716.6165802001954 2331.1390380859375 914.7882659912109 0.8348214285714286 
104 2012.3679748535155 550.7122528076172 2244.555242919922 668.488491821289 0.7689034598214286 2158.7470581054686 720.3876220703125 2333.7287719726564 915.5596435546875 0.8305199032738095 
105 2017.3430786132812 551.0687530517578 2246.1332397460938 672.192904663086 0.7521391369047619 2157.7486206054687 718.9085357666015 2336.0704711914063 910.6884490966797 0.8282877604166666 
106 2014.6785522460937 549.8769348144531 2243.6102661132813 671.0760681152344 0.7779250372023809 2158.1492553710937 724.1654296875 2333.2147583007813 905.964208984375 0.8231956845238095 
107 2024.4571899414063 553.9515594482422 2246.4693237304687 668.3213287353516 0.7640206473214286 2159.26875 725.1181091308594 2334.1873046875 903.4004455566406 0.8366117931547619 
108 2022.7345825195312 552.1978424072265 2244.344274902344 669.7181121826172 0.7490931919642857 2160.6595458984375 729.3822723388672 2328.5455322265625 900.626089477539 0.8394717261904762 
109 2012.9550048828125 551.016748046875 2247.7300537109377 668.4042724609375 0.7716238839285714 2160.0119750976564 730.580923461914 2327.7084838867186 901.6312957763672 0.8397972470238095 
110 2013.2357360839844 550.1399536132812 2248.0734680175783 670.9136352539062 0.7704845610119048 2160.3317626953126 724.2037353515625 2328.0730224609374 902.009521484375 0.8331473214285714 
111 2013.0085693359374 548.7662322998046 2251.1427978515626 669.5103179931641 0.7653459821428571 2160.06865234375 722.7873229980469 2331.12275390625 900.5494689941406 0.8257765997023809 
112 2013.5796813964844 549.5042083740234 2248.350128173828 663.5356475830079 0.7691359747023809 2160.633679199219 722.7442291259765 2328.327014160156 900.4989959716797 0.8359840029761905 
113 2022.854248046875 543.4290802001954 2251.033447265625 674.2965667724609 0.7530924479166666 2158.4968872070312 712.3694488525391 2329.6312866210938 900.2817352294921 0.8408900669642857 
114 2017.3519348144532 544.7808349609375 2252.4013610839843 665.66337890625 0.7573009672619048 2162.3851318359375 712.6732543945312 2326.9195556640625 900.7127319335938 0.8492373511904762 
115 2024.6548461914062 543.3084106445312 2249.8014526367188 667.6431274414062 0.7530226934523809 2166.8253540039063 715.0764190673829 2324.7642456054687 896.5378997802734 0.8371698288690477 
116 2021.2973510742188 544.3730255126953 2249.3962524414064 661.7768157958984 0.7489536830357143 2168.761755371094 705.7709747314453 2326.418176269531 900.3257659912109 0.8365652901785714 
117 2018.85947265625 540.1339416503906 2250.562890625 661.0226745605469 0.7624162946428571 2169.453759765625 716.9465972900391 2327.280615234375 894.9216278076171 0.8510974702380952 
118 2035.4768920898437 545.4699035644531 2243.8421997070313 669.8168395996094 0.7614862351190477 2173.525341796875 715.0574157714843 2328.118701171875 893.1759826660157 0.8496791294642857 
119 2018.1873779296875 545.5523986816406 2246.7886962890625 663.2149353027344 0.7569056919642857 2177.0963134765625 714.805419921875 2328.3768310546875 889.6182861328125 0.8328450520833334 
120 2024.0224365234376 547.9578979492187 2249.5781494140624 665.7856323242188 0.7473260788690477 2177.586706542969 718.2253784179687 2329.079553222656 886.5506225585938 0.8405645461309523 
121 2028.4408935546876 546.8732269287109 2246.9697509765624 667.9045440673829 0.7608816964285714 2178.437121582031 719.8859405517578 2329.726208496094 887.9849700927734 0.8430292038690477 
122 2013.0259704589844 543.6876617431641 2248.151885986328 664.6096405029297 0.7588355654761905 2174.7721313476563 722.0992614746094 2329.2832885742187 886.6874816894531 0.8380068824404762 
123 2015.7377685546876 542.336557006836 2247.1079345703124 666.4045928955078 0.7665783110119048 2174.6272827148437 723.7957916259766 2325.5209106445313 884.7489471435547 0.8421921502976191 
124 2017.884539794922 547.2778686523437 2252.585797119141 667.9814086914063 0.7568126860119048 2174.5668823242186 725.7540832519531 2325.4465454101564 886.6920837402344 0.8267299107142857 
125 2017.3541564941406 549.3572875976563 2251.942108154297 663.2999389648437 0.7504185267857143 2173.5744018554688 724.3959197998047 2327.7319946289062 885.2562408447266 0.8373325892857143 
126 2011.6011047363281 546.6621124267579 2249.2454528808594 663.8107269287109 0.7722284226190477 2173.1633056640626 730.7528198242187 2327.1301513671874 881.3725463867188 0.8255905877976191 
127 2030.02255859375 545.9757476806641 2251.01748046875 666.5184539794922 0.7519996279761905 2177.610241699219 721.2520782470704 2324.940295410156 885.3241546630859 0.8342866443452381 
128 2016.9583251953125 547.877001953125 2257.8575927734373 664.9807861328125 0.7551153273809523 2174.0832397460936 723.0179931640625 2324.6455200195314 883.6175048828125 0.8348679315476191 
129 2014.4603271484375 549.1619903564454 2251.8975830078125 669.5526702880859 0.7669270833333334 2173.3092041015625 727.5614318847656 2327.1414794921875 884.7381286621094 0.8314732142857143 
130 2021.8930053710938 547.7482482910157 2249.4168090820312 664.8559997558593 0.7649507068452381 2174.905163574219 725.468960571289 2325.472521972656 886.0739471435547 0.8223353794642857 
131 2032.8473266601563 544.7599029541016 2253.7867065429687 678.6625213623047 0.7536504836309523 2175.2475830078124 724.1121429443359 2322.5405029296876 888.1428009033203 0.8280552455357143 
132 2020.9512084960938 545.768685913086 2251.377160644531 669.3304962158203 0.7674618675595238 2174.0547729492187 726.4875366210938 2324.3326782226563 886.7839477539062 0.8255440848214286 
133 2021.0334716796874 546.2747375488282 2251.7345947265626 669.9840515136718 0.7664620535714286 2174.319970703125 730.5527069091797 2324.777197265625 884.353482055664 0.8314964657738095 
134 2027.0731323242187 545.5146667480469 2254.364611816406 665.8454406738281 0.7532319568452381 2174.4012451171875 726.3964996337891 2328.1573486328125 883.4950408935547 0.8360072544642857 
135 2022.2077026367188 547.815625 2253.0513305664062 664.910205078125 0.7537899925595238 2175.5887817382813 728.4758544921875 2326.1390014648437 885.717138671875 0.8314964657738095 
136 2028.9697631835938 543.875927734375 2249.747277832031 674.335498046875 0.7604399181547619 2176.0261474609374 729.4012084960938 2326.5563720703126 879.9314331054687 0.8333565848214286 
137 2027.9743041992188 547.8407257080078 2254.9458618164062 674.677767944336 0.7546735491071429 2175.4800659179687 719.9950286865235 2325.6817993164063 890.2235382080078 0.8259858630952381 
138 2031.1640502929688 546.8454345703125 2251.6013305664064 677.1037841796875 0.7540225074404762 2178.3792358398437 722.8355041503906 2325.3373168945313 886.4934753417969 0.8299851190476191 
139 2036.7600463867188 547.9343658447266 2253.652795410156 678.0699676513672 0.7486514136904762 2178.3178100585938 723.7585235595703 2325.1375122070312 887.2621673583984 0.8254278273809523 
140 2030.9585205078124 548.9754302978515 2251.2621826171876 669.1410858154297 0.7584170386904762 2177.699169921875 727.4265838623047 2327.906298828125 880.971548461914 0.82958984375 
141 2024.3852661132812 546.1545318603515 2254.5807983398436 669.5927215576172 0.7566731770833334 2174.3844360351563 727.0774444580078 2327.8482299804687 883.877328491211 0.8310314360119048 
142 2024.8628662109375 547.4471771240235 2255.4154541015623 667.7355010986328 0.7545805431547619 2175.4803100585937 725.6949523925781 2325.8407348632813 882.7380310058594 0.8259626116071429 
143 2019.677508544922 546.7985290527344 2250.233746337891 667.0886779785156 0.7637183779761905 2175.0522705078124 728.00478515625 2328.7563232421876 881.708837890625 0.8309384300595238 
144 2023.2083984375 539.6703704833984 2250.52939453125 676.7314239501953 0.7457217261904762 2176.084265136719 716.5896942138672 2326.517053222656 880.3943756103515 0.8272879464285714 
145 2035.2585693359374 540.5864654541016 2245.9010986328126 681.0147918701172 0.7457682291666666 2178.9018432617186 717.5364471435547 2326.0173461914064 884.713003540039 0.8266136532738095 
146 2023.3368286132813 541.0015106201172 2247.3484741210937 671.3962554931641 0.7586960565476191 2178.4217163085937 722.7054809570312 2328.8773559570313 883.1913696289063 0.8295433407738095 
147 2025.9174194335938 538.9773223876953 2253.1174926757812 669.2833587646485 0.7608816964285714 2175.7565307617188 729.4245727539062 2329.4507446289062 879.7776977539063 0.8380301339285714 
148 2022.4585327148438 540.2120544433594 2249.609094238281 670.4896057128906 0.7566499255952381 2177.789404296875 721.367153930664 2328.109521484375 885.0491668701172 0.8316592261904762 
149 2018.8917846679688 547.8976043701172 2252.5220336914062 664.7128082275391 0.7666248139880952 2177.426623535156 731.8493804931641 2327.617565917969 878.7028045654297 0.8318684895833334 
150 2023.7897705078126 543.7907287597657 2247.5998779296874 667.3873718261718 0.7604631696428571 2175.7801879882813 728.2863342285157 2329.4407592773437 878.6066101074218 0.8437034970238095 
151 2024.7118041992187 543.2180847167969 2251.863635253906 670.1558166503906 0.7545805431547619 2174.9042846679686 721.4190643310546 2325.2253540039064 885.1018707275391 0.8421456473214286 
152 2019.3599792480468 543.5737670898437 2249.8032287597657 667.1448608398438 0.7621140252976191 2175.0442138671874 724.6915161132813 2325.3332275390626 881.6601684570312 0.8373093377976191 
153 2020.1215393066407 546.6097045898438 2247.464276123047 663.6243041992187 0.7623465401785714 2175.198034667969 724.5747894287109 2328.988732910156 881.7087188720703 0.8449590773809523 
154 2017.4340698242188 540.1674407958984 2247.9831665039064 663.7952667236328 0.7555338541666666 2178.33017578125 720.9827239990234 2328.68837890625 881.3647491455079 0.8407970610119048 
155 2027.4757934570312 543.3714630126954 2255.236364746094 670.6493499755859 0.7520461309523809 2178.070947265625 728.7488647460938 2328.794775390625 879.4726928710937 0.8354957217261905 
156 2023.0444946289062 544.7945068359375 2253.6818237304688 671.812060546875 0.7560918898809523 2176.2883911132812 726.4502075195312 2326.7040405273438 883.5508911132813 0.8312174479166666 
157 2011.980859375 544.8747100830078 2249.39462890625 668.5972747802734 0.7684616815476191 2175.958386230469 723.2564361572265 2329.775744628906 883.7614471435547 0.8380533854166666 
158 2031.7942016601562 547.0396606445313 2249.0468627929686 674.0489624023437 0.7632765997023809 2172.429833984375 729.4547576904297 2329.520361328125 879.8604888916016 0.8440290178571429 
159 2033.5870361328125 541.3552520751953 2251.1624755859375 675.2477142333985 0.7536039806547619 2174.818005371094 729.9633575439453 2328.794055175781 880.5923675537109 0.8218470982142857 
160 2017.7658264160157 545.2820281982422 2252.084637451172 665.7887115478516 0.7574404761904762 2174.1929565429687 726.8145874023437 2324.8263305664063 880.7953979492188 0.8259161086309523 
161 2019.3778747558595 542.4136383056641 2250.175958251953 666.1749237060546 0.7664620535714286 2174.9157470703126 729.7280181884765 2328.7810302734374 880.2484832763672 0.8334728422619048 
162 2019.4426391601562 546.2561096191406 2250.1967651367186 666.6494079589844 0.7658575148809523 2174.5650146484377 730.9621185302734 2331.7450439453123 878.1095977783203 0.8405412946428571 
163 2016.0305297851562 545.7780059814453 2249.9457885742186 666.077279663086 0.7639973958333334 2173.9876342773437 729.9541381835937 2331.0448364257813 880.3282104492188 0.8364722842261905 
164 2024.7687133789063 546.2848327636718 2248.6914916992187 669.9436828613282 0.7608584449404762 2177.221325683594 728.3024597167969 2327.617297363281 878.6982727050781 0.8351934523809523 
165 2019.3528381347655 545.8543762207031 2250.149969482422 669.6151062011719 0.7607189360119048 2174.5039916992187 730.980923461914 2331.7135375976563 878.1558563232422 0.8404715401785714 
166 2019.4562866210938 544.16083984375 2246.9267700195314 667.9315673828125 0.7702520461309523 2177.579150390625 728.9163269042969 2328.111279296875 879.4482971191406 0.8346586681547619 
167 2011.4577880859374 542.5822265625 2249.1921142578126 666.47197265625 0.7695545014880952 2175.656848144531 730.4773773193359 2329.681774902344 877.8057647705078 0.8392159598214286 
168 2027.6774658203126 540.045034790039 2248.8723388671874 667.3997283935547 0.7615559895833334 2177.589733886719 728.1123962402344 2328.404650878906 878.9271545410156 0.8331938244047619 
169 2023.4596069335937 550.8452362060547 2248.523059082031 668.4158111572266 0.7659040178571429 2176.688830566406 728.2346923828125 2327.850964355469 876.037646484375 0.8271019345238095 
170 2025.111767578125 545.5016235351562 2249.922900390625 666.2956176757813 0.7661830357142857 2178.169079589844 730.8223083496093 2329.161730957031 878.4594299316407 0.8390764508928571 
171 2026.2270874023438 541.5399322509766 2247.626672363281 672.3671112060547 0.7673688616071429 2179.2455810546876 730.1684875488281 2326.8457275390624 881.1228942871094 0.8264043898809523 
172 2028.9413696289062 546.3942138671875 2250.290808105469 667.1304443359375 0.7690894717261905 2176.3786010742188 728.2724487304688 2327.2988891601562 882.5465209960937 0.8270554315476191 
173 2020.269061279297 546.6592956542969 2254.868756103516 670.6618713378906 0.7672293526785714 2176.883544921875 729.1828521728515 2327.697509765625 879.9968963623047 0.8371000744047619 
174 2014.2489868164062 545.7686889648437 2252.324499511719 666.4830200195313 0.7591145833333334 2176.4911254882813 730.5803070068359 2327.3841186523437 881.4732208251953 0.82421875 
175 2023.2495361328124 543.9424865722656 2247.9330810546876 671.3750183105469 0.7641834077380952 2178.7995727539064 720.6454620361328 2329.7065307617186 881.6128997802734 0.8293573288690477 
176 2017.6510375976563 545.5742858886719 2248.9942260742187 662.9222961425781 0.7657180059523809 2179.101220703125 730.3652313232421 2329.977392578125 877.8884918212891 0.8340308779761905 
177 2017.0853942871095 544.4998077392578 2251.685723876953 665.1513763427735 0.7700427827380952 2178.8563720703123 729.2153289794921 2329.6709716796877 880.0298492431641 0.8297061011904762 
178 2020.4693969726563 545.0303771972656 2251.6665893554687 665.6550476074219 0.7666713169642857 2179.2404174804688 727.1271789550781 2330.0210571289062 877.9079772949219 0.8314034598214286 
179 2020.7133056640625 546.8095855712891 2248.3980224609377 660.6520233154297 0.7725306919642857 2179.371533203125 730.9664245605469 2326.696826171875 878.2918762207031 0.8296595982142857 
180 2020.4226013183593 547.1422943115234 2247.961798095703 667.6042266845703 0.7720191592261905 2178.5932006835938 731.9535491943359 2329.1707153320312 879.1848175048829 0.8347749255952381 
181 2026.9378051757812 548.0090942382812 2247.7045288085938 668.4273071289062 0.7677873883928571 2176.559948730469 732.7532379150391 2327.082873535156 879.9310272216796 0.8244280133928571 
182 2024.2371215820312 546.5927978515625 2248.3998413085938 667.0383056640625 0.75927734375 2176.8531494140625 731.3788391113281 2327.4100341796875 878.5900329589844 0.8182663690476191 
183 2017.8390075683594 547.6703491210938 2251.7880676269533 667.9869995117188 0.7815290178571429 2176.2043579101564 735.2151458740234 2329.9423706054686 878.9266387939454 0.8326822916666666 
184 2019.3392028808594 545.1750457763671 2246.765411376953 662.2327301025391 0.7632533482142857 2180.00390625 729.1228912353515 2330.5068359375 879.6255828857422 0.8252185639880952 
185 2018.4919677734374 545.3441619873047 2249.5358642578126 672.5857086181641 0.7614164806547619 2181.9227294921875 724.7444091796875 2335.9517822265625 882.12216796875 0.8303338913690477 
186 2029.514599609375 541.696142578125 2250.282275390625 672.1496826171875 0.7603469122023809 2181.710546875 735.703890991211 2332.2337890625 879.5372589111328 0.8313337053571429 
187 2023.0923828125 544.8106811523437 2251.12685546875 662.1813842773438 0.7645089285714286 2184.1869995117186 731.8298828125 2335.0920532226564 882.7349365234375 0.8414946056547619 
188 2026.6394653320312 548.3904541015625 2251.3163452148438 672.465869140625 0.7583937872023809 2184.764685058594 736.9541931152344 2335.667199707031 881.1499328613281 0.8350074404761905 
189 2020.7393981933594 547.5373229980469 2252.1303527832033 664.9094543457031 0.76513671875 2181.835974121094 734.5589019775391 2336.096398925781 885.4659393310546 0.8345424107142857 
190 2018.7170043945312 548.2729888916016 2250.121130371094 662.2982391357422 0.76513671875 2182.4025756835936 731.9516906738281 2336.6718872070314 886.2211608886719 0.8401692708333334 
191 2021.6756225585937 549.6022399902344 2249.6805786132813 656.8987365722656 0.7442801339285714 2185.3286376953124 729.50439453125 2336.2143310546876 887.0960693359375 0.8399600074404762 
192 2023.5598510742188 547.0408569335938 2248.545861816406 671.2870239257812 0.7646949404761905 2184.0981201171876 732.1185241699219 2338.5664306640624 886.5866760253906 0.8333798363095238 
193 2022.10439453125 543.1661956787109 2247.19736328125 667.4713165283204 0.7758091517857143 2188.275183105469 733.8879669189453 2339.456994628906 885.069857788086 0.8282645089285714 
194 2022.3119873046876 541.8230499267578 2247.5947509765624 672.9577728271485 0.7618582589285714 2186.036340332031 733.481478881836 2337.345739746094 884.7907989501953 0.8170107886904762 
195 2017.7723510742187 543.3531921386718 2249.951525878906 674.5847961425782 0.7546735491071429 2184.9826782226564 735.1532104492187 2336.4037963867186 886.5743286132813 0.8251720610119048 
196 2016.7416687011719 544.9303680419922 2249.3443908691406 676.4013580322265 0.75634765625 2180.8860107421874 727.7451019287109 2339.3254150390626 892.9265899658203 0.8188011532738095 
197 2022.150732421875 544.6488861083984 2252.127587890625 679.9294219970703 0.7515578497023809 2183.8367919921875 731.4401153564453 2342.7916259765625 893.776742553711 0.8222191220238095 
198 2018.9627014160155 542.4484100341797 2252.171942138672 681.0221099853516 0.7699497767857143 2183.925048828125 726.1300384521485 2339.398193359375 895.1223419189453 0.8212890625 
199 2020.437255859375 543.033236694336 2247.791259765625 678.7669952392578 0.7867838541666666 2181.882116699219 735.6707000732422 2344.762658691406 898.5511627197266 0.8346819196428571 
200 2022.7012084960938 543.2509857177735 2246.379602050781 682.2026885986328 0.7661365327380952 2183.1605224609375 738.6436645507813 2349.2247314453125 901.3188598632812 0.8281715029761905 
201 2024.254443359375 541.7142517089844 2248.311474609375 677.5063293457031 0.7542317708333334 2184.98525390625 739.6573669433594 2351.3306640625 902.6078918457031 0.8211495535714286 
202 2018.7611083984375 542.0822479248047 2253.2720947265625 681.429409790039 0.7532784598214286 2186.4744873046875 746.6584411621094 2349.6124267578125 902.9991516113281 0.8310081845238095 
203 2022.12060546875 542.266714477539 2249.8681640625 671.4368377685547 0.7663690476190477 2189.46669921875 748.3113555908203 2349.22958984375 904.6751556396484 0.8307059151785714 
204 2022.4754028320312 540.1750793457031 2249.9579467773438 682.7759704589844 0.7587658110119048 2189.6267944335937 747.5471130371094 2349.2040161132813 903.7291320800781 0.8234979538690477 
205 2023.2483032226562 543.9882263183594 2251.0825073242186 669.8071838378906 0.7615792410714286 2190.6581176757813 749.3268890380859 2350.4822631835937 909.1509552001953 0.8226376488095238 
206 2024.4728149414063 541.0449890136719 2249.0049682617187 677.1249328613281 0.7613699776785714 2188.1613647460936 747.2584442138672 2354.8593872070314 910.5543609619141 0.8214750744047619 
207 2024.7986450195312 541.5275573730469 2249.4882202148438 677.7030334472656 0.7586728050595238 2188.6022338867188 747.88583984375 2355.4170532226562 911.2964111328125 0.8265438988095238 
208 2029.3065185546875 545.2261047363281 2247.6246337890625 674.8523864746094 0.7662062872023809 2190.4210693359373 759.8704467773438 2354.1594970703127 916.7864135742187 0.8338681175595238 
209 2023.7244262695312 546.1298004150391 2248.8519897460938 672.3377899169922 0.7645554315476191 2193.4882934570314 757.3509948730468 2357.2175170898436 917.6691467285157 0.8336356026785714 
210 2021.991796875 545.0328674316406 2250.8197265625 678.2312927246094 0.7544642857142857 2192.3647338867186 760.3309509277344 2356.3015258789064 917.4368713378906 0.8367280505952381 
211 2025.2545532226563 545.1999938964843 2254.2300659179687 681.9016906738282 0.7487444196428571 2192.7143798828124 755.3788696289063 2360.1738037109376 916.0034545898437 0.8285202752976191 
212 2027.5609252929687 548.5164947509766 2250.136096191406 678.6374969482422 0.7532319568452381 2194.953173828125 761.7411163330078 2359.316845703125 915.831820678711 0.8252883184523809 
213 2030.9435302734375 549.6201019287109 2246.6629150390627 676.3125762939453 0.7645786830357143 2194.9059814453126 761.6521697998047 2359.2639404296874 922.585806274414 0.8304268973214286 
214 2027.7908569335937 548.3739044189454 2254.1136840820313 675.2518890380859 0.75244140625 2195.818408203125 766.3877685546875 2360.416943359375 924.127978515625 0.8346354166666666 
215 2035.2123168945313 547.5633148193359 2247.7981811523437 677.8577667236328 0.7456287202380952 2196.366174316406 763.3140350341797 2360.948522949219 921.038931274414 0.8314964657738095 
216 2027.9091430664062 545.5726257324219 2244.237585449219 679.4902404785156 0.7690894717261905 2197.6173706054688 769.95732421875 2362.4390258789062 927.9114501953125 0.8304501488095238 
217 2027.9384887695312 547.9991149902344 2251.4435913085936 682.1020812988281 0.7621605282738095 2198.6750244140626 773.0910705566406 2363.7248779296874 927.8251892089844 0.8341238839285714 
218 2024.9024536132813 548.0623504638672 2248.288220214844 675.220425415039 0.7697870163690477 2198.5880493164063 768.8044982910156 2360.1133666992187 930.3296569824219 0.8475167410714286 
219 2028.8076782226562 548.7688385009766 2245.2643432617188 672.4583953857422 0.7827613467261905 2199.0127685546877 771.7006530761719 2360.4965087890623 933.1842346191406 0.8521670386904762 
220 2026.6250244140624 544.3044982910156 2246.6303466796876 674.9324401855469 0.7728562127976191 2202.602893066406 770.3914031982422 2364.168835449219 935.3951568603516 0.8533296130952381 
221 2031.0328491210937 542.6119995117188 2247.818957519531 683.6950073242188 0.7724376860119048 2204.5411376953125 770.1182189941406 2362.8294677734375 935.2885192871094 0.8449125744047619 
222 2034.2063842773437 539.5404296875 2247.5038208007813 680.5920166015625 0.7638346354166666 2204.2356689453127 778.3753601074219 2365.9288818359373 936.6283020019531 0.8510044642857143 
223 2028.8611206054688 546.0610290527344 2252.787072753906 676.9714416503906 0.7787155877976191 2206.0142578125 778.731787109375 2364.484765625 937.202294921875 0.8424944196428571 
224 2037.5491821289063 545.9346588134765 2254.612683105469 687.1983367919922 0.7579055059523809 2205.9786743164063 776.7801879882812 2364.4698120117187 938.7165161132813 0.8407273065476191 
225 2032.6047119140626 544.059927368164 2249.8703857421874 675.1089569091797 0.7723214285714286 2206.496875 779.2319274902344 2365.1349609375 941.3188537597656 0.8448893229166666 
226 2037.9090576171875 548.2610809326172 2245.0235595703125 682.8855865478515 0.7732979910714286 2208.512890625 787.9033264160156 2363.84892578125 939.7873474121094 0.8506091889880952 
227 2028.4364868164062 550.716064453125 2257.491979980469 675.6553955078125 0.7731352306547619 2210.3727172851563 790.850552368164 2366.5469604492187 940.0837127685547 0.8543759300595238 
228 2027.6360107421874 548.8968048095703 2246.3464111328126 670.4024505615234 0.7787388392857143 2211.0962646484377 788.7035583496094 2367.3177978515623 937.9818664550781 0.8663969494047619 
229 2037.235498046875 543.8443420410156 2249.271337890625 679.4082214355469 0.7518601190476191 2209.8321533203125 790.9074554443359 2362.7757568359375 940.3753204345703 0.859375 
230 2033.1927368164063 547.5438385009766 2247.533093261719 671.9995574951172 0.7752511160714286 2203.6544677734373 791.2696197509765 2369.5955322265627 946.8393280029297 0.8492838541666666 
231 2033.9781372070313 543.5502349853516 2244.230603027344 677.9739959716796 0.7606491815476191 2209.6304443359377 796.0919921875 2368.1815673828123 947.749560546875 0.8526320684523809 
232 2041.4973876953125 541.3634033203125 2248.8429443359373 683.0494384765625 0.7640206473214286 2205.7788818359377 789.2475646972656 2371.6552001953123 948.2123962402344 0.8531203497023809 
233 2034.9721923828124 546.524771118164 2250.2739013671876 671.5387664794922 0.7671130952380952 2209.2702880859374 797.4876708984375 2372.4831298828126 946.8099365234375 0.8650483630952381 
234 2033.8786254882812 549.5519012451172 2252.581091308594 671.0532623291016 0.7698335193452381 2208.1196044921876 800.432177734375 2374.7500244140624 946.2337158203125 0.8600725446428571 
235 2041.3791625976562 546.4284790039062 2245.4413940429686 674.3997680664063 0.7764834449404762 2208.06103515625 792.9261901855468 2374.07763671875 952.0255920410157 0.8621186755952381 
236 2033.6302490234375 546.7810974121094 2244.7374267578125 671.3689270019531 0.7779017857142857 2206.535754394531 801.8134063720703 2372.652966308594 954.0874114990235 0.8519577752976191 
237 2037.1459716796876 549.1106628417969 2252.0122314453124 680.8027893066406 0.7615559895833334 2207.626110839844 806.0969085693359 2377.439562988281 951.6514434814453 0.8558872767857143 
238 2025.3019409179688 545.3448913574218 2253.9937133789062 677.0160705566407 0.7672526041666666 2208.015417480469 801.4906341552735 2377.802209472656 953.9520538330078 0.8679780505952381 
239 2029.2392822265624 547.3702606201172 2255.8906005859376 665.9263092041016 0.7594866071428571 2210.828564453125 803.1240844726562 2374.714892578125 960.0365600585938 0.8632579985119048 
240 2029.564892578125 544.0667266845703 2248.428271484375 672.6055755615234 0.7762044270833334 2209.6796264648438 811.5664825439453 2372.9588012695312 960.9494476318359 0.8547712053571429 
241 2042.3546020507813 542.9525604248047 2244.088513183594 675.1230621337891 0.7640206473214286 2206.4975463867186 808.096240234375 2376.9279907226564 961.135693359375 0.8644205729166666 
242 2033.825927734375 547.6323638916016 2249.817626953125 673.0468963623047 0.7651832217261905 2210.9605712890625 809.7165374755859 2378.1800537109375 963.0009307861328 0.8673967633928571 
243 2029.3612060546875 546.5597198486328 2252.0845947265625 671.841586303711 0.7808314732142857 2209.3867919921877 811.0437042236329 2379.9095947265623 964.1660736083984 0.8684895833333334 
244 2039.9842529296875 546.1755249023438 2248.8760986328125 671.5106323242187 0.7479771205357143 2210.8470703125 816.931494140625 2377.960546875 963.1557861328125 0.8696754092261905 
245 2034.3411010742188 546.4489379882813 2247.679162597656 672.3534301757812 0.7585797991071429 2211.764111328125 815.7446166992188 2379.636767578125 962.6331909179687 0.8678850446428571 
246 2038.5052368164063 548.733432006836 2254.438854980469 674.1141632080078 0.7652762276785714 2209.832238769531 816.5070617675781 2380.489294433594 966.2674743652344 0.8664667038690477 
247 2033.1226806640625 549.4325073242187 2249.2381591796875 667.9473754882813 0.7672526041666666 2209.9567626953126 813.5437957763672 2380.7575927734374 966.9161041259765 0.8644670758928571 
248 2039.8111450195313 546.4206634521485 2252.621716308594 672.0137237548828 0.7639741443452381 2207.93955078125 817.3314392089844 2382.3744140625 967.3454406738281 0.8750930059523809 
249 2037.4248901367187 547.17607421875 2250.4112915039063 672.872998046875 0.7727632068452381 2211.466906738281 814.8191223144531 2382.554333496094 971.9402770996094 0.8790457589285714 
250 2035.3123413085937 546.3368743896484 2249.2001098632813 672.5656524658203 0.7663922991071429 2212.787878417969 818.2143646240235 2384.599572753906 972.4940704345703 0.8674432663690477 
251 2031.8272705078125 543.6191986083984 2251.8338623046875 672.8294708251954 0.7386532738095238 2215.166357421875 817.08291015625 2382.790185546875 974.23056640625 0.8764183407738095 
252 2032.7163330078124 543.4383758544922 2249.3510498046876 672.7203765869141 0.7721586681547619 2212.66279296875 819.3385620117188 2383.87431640625 980.0675659179688 0.8656296502976191 
253 2031.4058227539062 548.641488647461 2244.6315307617188 667.4885772705078 0.7762509300595238 2213.7098876953123 824.2483001708985 2384.9893310546877 978.0503448486328 0.8732561383928571 
254 2027.357666015625 545.2540954589844 2250.877685546875 670.9841857910156 0.7661365327380952 2213.400671386719 826.8034423828125 2384.533166503906 980.47353515625 0.8666062127976191 
255 2021.9622924804687 550.1477111816406 2249.241076660156 669.0318542480469 0.7648344494047619 2214.005908203125 828.5303497314453 2385.339306640625 982.3804779052734 0.8677455357142857 
256 2031.51376953125 547.5924987792969 2252.0833984375 673.6323547363281 0.7652064732142857 2214.9179565429686 832.9327117919922 2386.4719360351564 983.4803131103515 0.8638160342261905 
257 2028.5171142578124 548.0084747314453 2259.6943115234376 670.602426147461 0.7457449776785714 2215.9107299804687 833.4771759033204 2387.5421508789063 980.5899017333984 0.8621186755952381 
258 2035.9552978515626 542.2560943603515 2249.4504638671874 671.7531219482422 0.7435360863095238 2213.105078125 831.672494506836 2384.6009765625 996.1687530517578 0.8555152529761905 
259 2033.6447509765626 541.3044860839843 2247.3176513671874 670.9095031738282 0.7394438244047619 2219.4297607421877 824.7648315429688 2387.5658447265623 996.4038696289062 0.8507021949404762 
260 2026.9576904296875 542.8489471435547 2254.6995361328127 665.4792388916015 0.7629510788690477 2216.69755859375 831.7712615966797 2388.380078125 996.4462066650391 0.8583054315476191 
261 2024.2840454101563 543.6736358642578 2251.954479980469 673.270639038086 0.7785063244047619 2216.6588623046873 834.5259887695313 2388.2874267578127 988.6413696289062 0.8741164434523809 
262 2028.5654418945312 547.006704711914 2245.9006225585936 669.6958709716797 0.7648809523809523 2220.2841674804686 831.4838043212891 2388.5437133789064 989.2269500732422 0.8644205729166666 
263 2028.233935546875 546.9375152587891 2245.613232421875 673.1578826904297 0.7868768601190477 2216.8900634765623 828.3711059570312 2388.6900146484377 993.1588012695313 0.873046875 
264 2036.1290405273437 541.9368743896484 2246.446887207031 664.6223907470703 0.7625325520833334 2212.742224121094 826.6750854492187 2388.007043457031 1005.4453979492188 0.8717447916666666 
265 2033.4944213867188 544.7933227539063 2243.810998535156 663.9727905273437 0.7682989211309523 2212.802880859375 833.0350646972656 2388.066748046875 1001.2884216308594 0.8706984747023809 
266 2037.0132934570313 545.3366577148438 2247.595837402344 664.6668823242187 0.7569754464285714 2213.8485717773438 827.328564453125 2389.3342895507812 1006.3239013671875 0.8812546502976191 
267 2029.371484375 549.8132202148438 2243.37509765625 665.5855834960937 0.7636253720238095 2214.6343383789062 835.600927734375 2390.0470581054688 1000.488916015625 0.8663736979166666 
268 2026.2790893554688 545.0877166748047 2243.914514160156 664.4362701416015 0.7706938244047619 2214.75244140625 833.3334442138672 2390.26513671875 1005.335806274414 0.8843936011904762 
269 2029.2046508789062 544.2693878173828 2243.1095581054688 663.4949554443359 0.7763904389880952 2214.3822021484375 838.4221466064453 2389.7139892578125 1003.2340423583985 0.8828822544642857 
270 2023.611376953125 546.4782897949219 2244.608837890625 669.2544982910156 0.7748558407738095 2214.656701660156 837.6334045410156 2393.559362792969 1009.5201599121094 0.8993210565476191 
271 2028.4420043945313 542.6865356445312 2246.330700683594 669.2026245117188 0.7750883556547619 2217.5404052734375 840.5940948486328 2389.7427978515625 1009.2821868896484 0.8917875744047619 
272 2030.1040161132812 539.6125732421875 2246.4362670898436 674.376806640625 0.7923177083333334 2211.926794433594 838.7401092529296 2389.248254394531 1005.4221832275391 0.8861374627976191 
273 2027.3363159179687 539.3078460693359 2247.340686035156 674.1491241455078 0.7879696800595238 2211.992468261719 838.1969299316406 2392.963830566406 1008.5227966308594 0.8965308779761905 
274 2022.6897033691407 537.8971466064453 2239.302362060547 676.3872161865235 0.7831798735119048 2212.5330078125 840.1442413330078 2393.63544921875 1010.5934906005859 0.8946242559523809 
275 2028.8431762695313 543.2993469238281 2241.8733764648437 674.6680603027344 0.7802966889880952 2212.3768920898438 838.8106353759765 2397.0032348632812 1012.7853729248047 0.9050176711309523 
276 2029.1775756835937 536.2955535888672 2242.3163208007813 674.8356109619141 0.7962937127976191 2213.214709472656 841.3842071533203 2394.382214355469 1011.8950286865235 0.8973911830357143 
277 2031.4263061523438 542.4497436523437 2242.847375488281 669.3025756835938 0.7849702380952381 2213.573693847656 840.7434967041015 2396.805456542969 1013.4042694091797 0.8966703869047619 
278 2029.204541015625 537.3369171142579 2242.304248046875 672.3002288818359 0.7888997395833334 2212.3883666992188 841.1409057617187 2400.6265258789062 1018.7242065429688 0.8978097098214286 
279 2025.9630004882813 536.1101135253906 2242.544079589844 674.5799499511719 0.7868536086309523 2215.3690795898438 843.7754028320312 2399.9954223632812 1014.1998168945313 0.8963448660714286 
280 2028.876220703125 541.7227722167969 2252.853271484375 673.2647766113281 0.7664388020833334 2214.293212890625 849.7936096191406 2395.607666015625 1013.3322448730469 0.8917178199404762 
281 2028.7797485351562 543.8750732421875 2252.731726074219 678.95732421875 0.7710425967261905 2210.6211669921877 845.6224426269531 2399.0253173828123 1019.8073669433594 0.8950892857142857 
282 2020.3681518554688 541.2778228759765 2249.7937133789064 678.9331756591797 0.7772274925595238 2215.7194946289064 846.7261779785156 2399.2597534179686 1019.6777526855469 0.89599609375 
283 2033.3123779296875 541.2858306884766 2250.4117431640625 672.9689910888671 0.7774832589285714 2211.810266113281 855.162631225586 2400.437536621094 1018.8768585205078 0.89306640625 
284 2024.5078002929688 541.8542205810547 2248.7981079101564 677.1404693603515 0.7858305431547619 2212.1010498046876 849.9453155517579 2400.7895751953124 1020.8331878662109 0.8938802083333334 
285 2026.7491455078125 542.3680633544922 2244.2103271484375 677.8358551025391 0.7875511532738095 2214.1826171875 854.0262390136719 2399.5595703125 1021.5784973144531 0.8933454241071429 
286 2024.2454711914063 541.8426879882812 2241.702526855469 677.3077026367188 0.7953404017857143 2211.263916015625 859.390170288086 2400.201904296875 1023.3741729736328 0.8858119419642857 
287 2030.7349365234375 544.4979888916016 2241.1210205078123 676.4350555419921 0.7699497767857143 2211.4968139648436 861.7229431152343 2400.4878051757814 1025.7528869628907 0.8867885044642857 
288 2030.202783203125 543.4320739746094 2245.748876953125 670.6395812988281 0.7831101190476191 2212.044091796875 859.276416015625 2406.389013671875 1028.88642578125 0.8798595610119048 
289 2033.5464721679687 549.6153625488281 2243.9811157226563 678.0162292480469 0.7801339285714286 2212.0183349609374 867.3252838134765 2397.4860595703126 1024.2597381591797 0.8758835565476191 
290 2024.7590454101562 546.3633422851562 2242.3798706054686 678.3628540039062 0.7871558779761905 2211.9183715820313 863.738525390625 2400.9988647460937 1027.8460693359375 0.8785574776785714 
291 2020.2546325683593 545.0517181396484 2237.980352783203 684.2535186767578 0.7866675967261905 2215.74111328125 866.1492584228515 2404.9126953125 1030.3359100341797 0.8836960565476191 
292 2029.4400634765625 546.9075408935547 2239.9442138671875 675.350698852539 0.7720656622023809 2212.6361572265623 863.0752685546875 2405.3008544921877 1034.3328125 0.8871372767857143 
293 2023.7556396484374 547.1586975097656 2237.8576416015626 675.6198669433594 0.7722516741071429 2212.4674072265625 863.3707824707031 2408.7274169921875 1034.6522888183595 0.8796270461309523 
294 2029.627294921875 545.3152465820312 2243.760400390625 680.9329223632812 0.7801804315476191 2212.875695800781 865.1424163818359 2409.164587402344 1036.4490753173827 0.8817894345238095 
295 2027.0678588867188 547.7674407958984 2241.1511352539064 672.6492462158203 0.7762509300595238 2213.01845703125 866.2846832275391 2409.261328125 1037.5511932373047 0.8887881324404762 
296 2027.5154541015625 551.8179443359375 2234.3595458984373 676.6376220703125 0.7793898809523809 2215.705126953125 867.4333709716797 2408.284130859375 1038.614663696289 0.8889276413690477 
297 2020.4317443847656 545.1306396484375 2237.9026062011717 680.6042236328125 0.7943638392857143 2215.6892822265627 874.0792053222656 2404.6393310546873 1034.5084411621094 0.8803013392857143 
298 2031.2072998046874 549.0528778076172 2238.1618408203126 673.9391265869141 0.7701125372023809 2217.5760131835937 877.8742279052734 2403.1214965820313 1031.3058868408202 0.8860909598214286 
299 2034.9833129882813 546.13427734375 2242.1419311523437 674.715576171875 0.7824358258928571 2218.788525390625 878.0278778076172 2404.517138671875 1035.1827545166016 0.8924386160714286 
300 2031.6771362304687 548.0031219482422 2246.032092285156 676.616079711914 0.7804361979166666 2218.2759399414062 873.2454833984375 2411.1954956054688 1041.1568603515625 0.8960193452380952 
301 2040.65244140625 547.6366668701172 2241.13173828125 676.516226196289 0.7871326264880952 2217.3108520507812 873.1402130126953 2414.2103881835938 1044.9795989990234 0.8965076264880952 
302 2027.897998046875 552.2983856201172 2242.668408203125 684.7402496337891 0.7952938988095238 2217.611950683594 882.164028930664 2410.905383300781 1043.2419158935547 0.8983677455357143 
303 2031.1233032226562 549.3221984863281 2242.3774291992186 681.8036560058594 0.7945963541666666 2218.139782714844 878.4601104736328 2407.910266113281 1046.747348022461 0.9003208705357143 
304 2037.011767578125 549.0287231445312 2244.526806640625 674.2533813476563 0.7885277157738095 2220.7204467773436 876.2640808105468 2410.3462036132814 1051.5785705566407 0.9068545386904762 
305 2031.6112426757813 551.3105194091797 2242.8831420898437 680.222134399414 0.7875279017857143 2221.3979614257814 883.2303192138672 2411.1843139648436 1047.950650024414 0.9063662574404762 
306 2032.4934448242188 552.2290924072265 2240.182092285156 677.5585662841797 0.7871558779761905 2221.8647338867186 883.3191040039062 2411.6491821289064 1051.6186401367188 0.9040876116071429 
307 2031.7012084960938 548.7555999755859 2242.836633300781 677.5840606689453 0.7801106770833334 2220.5393798828127 881.9753997802734 2417.3605224609373 1057.3251983642579 0.8919968377976191 
308 2026.2225341796875 551.227572631836 2241.0621337890625 680.1312530517578 0.7889694940476191 2221.919299316406 881.8875915527344 2411.694226074219 1057.339825439453 0.8962518601190477 
309 2026.1874389648438 549.2968841552735 2255.7488403320312 692.7728790283203 0.7666480654761905 2223.466760253906 888.5348419189453 2417.159460449219 1057.1191497802733 0.8999255952380952 
310 2027.711279296875 552.7960052490234 2246.611474609375 681.9831085205078 0.7754371279761905 2221.491748046875 887.7716033935546 2411.684033203125 1056.4325592041016 0.9052734375 
311 2027.5270141601563 552.5506469726563 2250.1231323242187 685.3902709960937 0.77783203125 2221.8154296875 887.6876739501953 2412.09912109375 1060.0202728271483 0.8994140625 
312 2027.4662475585938 553.4623413085938 2250.1975708007812 689.9750366210938 0.7749953497023809 2221.0436279296873 885.6248474121094 2418.6277587890627 1065.2468566894531 0.9119233630952381 
313 2024.611083984375 550.2819549560547 2243.579833984375 683.0989654541015 0.7713216145833334 2219.9708618164063 887.7090057373047 2420.9912963867187 1063.6018463134765 0.9071568080357143 
314 2027.772900390625 553.0691040039062 2246.629931640625 685.8185913085938 0.7716238839285714 2220.6871826171873 890.3244354248047 2418.0174072265627 1066.1277740478515 0.9029017857142857 
315 2033.0450073242187 547.1860107421875 2255.5528930664063 697.917138671875 0.7793201264880952 2220.4927368164062 888.9538055419922 2421.4674682617188 1068.3956207275392 0.8972051711309523 
316 2030.721240234375 552.7213897705078 2249.687451171875 689.1265716552734 0.771484375 2220.9705078125 890.1446502685546 2418.39912109375 1069.6251861572266 0.9035295758928571 
317 2027.6571533203125 558.4913269042969 2250.4160888671877 687.8354553222656 0.7759486607142857 2221.673095703125 893.0447509765625 2415.689208984375 1069.0963623046875 0.9059942336309523 
318 2027.6366577148438 549.6918518066407 2246.7879028320312 689.8050964355468 0.7716238839285714 2224.4031494140627 890.5787353515625 2414.8131591796873 1070.2110595703125 0.8994140625 
319 2027.4154663085938 553.0768341064453 2246.5667114257812 682.411996459961 0.7721586681547619 2223.7671630859377 893.1343475341797 2417.7699462890623 1069.1738189697267 0.8987397693452381 
320 2034.0033325195313 553.690771484375 2253.3684936523437 690.344384765625 0.7806687127976191 2221.8330688476562 894.9099975585938 2419.6212768554688 1071.1212524414063 0.8991582961309523 
321 2036.201416015625 554.0058166503907 2248.486083984375 687.1334655761718 0.7832496279761905 2223.2998168945314 891.3916412353516 2421.1921264648436 1074.8919891357423 0.9066685267857143 
322 2025.4512573242187 550.7808532714844 2245.2740844726563 687.7196350097656 0.7813197544642857 2225.592395019531 898.6718658447265 2416.586071777344 1071.647164916992 0.9000651041666666 
323 2035.4893676757813 552.8534423828125 2244.453259277344 686.1580322265625 0.7788550967261905 2224.7763427734376 899.8334228515625 2426.5346923828124 1076.3718994140625 0.8973911830357143 
324 2036.080517578125 553.4162536621094 2245.162158203125 686.7959045410156 0.7875279017857143 2225.4742065429687 899.7596069335938 2427.3458618164063 1083.6070922851563 0.8955310639880952 
325 2035.6944946289063 550.6526184082031 2248.2486206054687 687.5517272949219 0.7884579613095238 2225.8013305664062 903.5695831298829 2423.9450073242188 1080.097348022461 0.8976934523809523 
326 2032.7398071289062 551.4475677490234 2252.4210815429688 691.8995391845704 0.7785063244047619 2223.1947021484375 904.2396270751954 2424.8692626953125 1084.3062103271484 0.9022274925595238 
327 2033.2022705078125 552.3577819824219 2253.1326904296875 692.9690002441406 0.7775530133928571 2224.2891479492187 908.739306640625 2422.5870727539063 1085.404736328125 0.9032738095238095 
328 2030.6265502929687 550.5305877685547 2254.2897094726563 687.6144927978515 0.7799246651785714 2225.0136596679686 912.6651214599609 2423.4245727539064 1085.8237091064452 0.9011114211309523 
329 2030.6704223632812 550.4368560791015 2254.3723022460936 687.5444061279297 0.7798549107142857 2221.899548339844 915.8256683349609 2423.952746582031 1085.4060821533203 0.8980189732142857 
330 2027.7434692382812 547.6251007080078 2255.1942749023438 684.8177093505859 0.7816452752976191 2222.2847412109377 915.6012908935547 2424.4633056640623 1088.8973052978515 0.9008091517857143 
331 2028.4271362304687 547.329135131836 2252.386096191406 684.5942657470703 0.7820405505952381 2225.8498291015626 912.304312133789 2424.5232177734374 1089.3040252685546 0.9009719122023809 
332 2031.8612426757813 548.2339477539062 2252.1531616210937 681.8536987304688 0.7799944196428571 2222.845812988281 918.6744934082031 2425.081188964844 1092.0189880371095 0.9032273065476191 
333 2029.0134887695312 549.8968811035156 2253.2269897460938 687.3180847167969 0.7762509300595238 2226.243444824219 921.685092163086 2428.758752441406 1091.6533477783203 0.9059942336309523 
334 2030.3661987304688 547.2137451171875 2251.2478149414064 688.4332275390625 0.76025390625 2228.2683715820312 919.899462890625 2423.8031616210938 1090.087109375 0.9036225818452381 
335 2041.3011596679687 546.190966796875 2247.797717285156 691.1006591796875 0.7690894717261905 2223.692419433594 919.4726776123047 2419.320520019531 1089.7414947509765 0.8966936383928571 
336 2048.019177246094 547.4191986083985 2243.489855957031 688.5925811767578 0.7758556547619048 2226.226208496094 919.5656005859375 2421.696887207031 1093.3174560546875 0.9090401785714286 
337 2044.3916748046875 548.9478332519532 2247.2177001953123 693.8234069824218 0.7606724330357143 2229.1081298828126 922.1417388916016 2424.6902099609374 1092.3704071044922 0.9098307291666666 
338 2041.1978149414062 545.2788146972656 2255.0582885742188 693.8937927246094 0.7637648809523809 2227.733117675781 928.3875305175782 2419.845251464844 1091.5015075683593 0.8925083705357143 
339 2031.040869140625 541.8617553710938 2263.163232421875 690.5651245117188 0.7616722470238095 2224.94111328125 931.6151733398438 2420.79423828125 1087.5723266601562 0.8963448660714286 
340 2036.4197021484374 546.3311889648437 2250.4137939453126 687.7848999023438 0.7633928571428571 2225.861608886719 935.6777313232421 2418.093713378906 1088.012515258789 0.89990234375 
341 2041.1959106445313 542.4342895507813 2258.805310058594 694.7609008789062 0.7576264880952381 2228.2563720703124 932.1783264160156 2420.4780029296876 1091.758563232422 0.9056454613095238 
342 2041.2116455078126 546.6660675048828 2254.8845458984374 691.529183959961 0.7606259300595238 2223.5441162109373 928.1853454589843 2426.3523681640627 1098.3994934082032 0.8984607514880952 
343 2034.7512939453125 545.0755126953125 2255.6237060546873 693.5306884765625 0.7607189360119048 2226.6567260742186 930.557666015625 2425.8039672851564 1093.4962890625 0.9037853422619048 
344 2029.2537719726563 545.59375 2257.774792480469 687.0592041015625 0.7683454241071429 2228.756298828125 934.1354125976562 2421.003955078125 1093.7373901367187 0.9077380952380952 
345 2034.65498046875 551.9816040039062 2245.12041015625 678.9867797851563 0.7824358258928571 2229.349499511719 936.2070953369141 2421.671740722656 1095.8707244873046 0.9073195684523809 
346 2033.003759765625 549.0083709716797 2254.316064453125 683.246939086914 0.7752046130952381 2228.082421875 933.1650817871093 2427.62607421875 1100.0562316894532 0.9052036830357143 
347 2030.5288208007812 553.0416748046875 2251.8376342773436 683.65009765625 0.7728562127976191 2227.976428222656 933.5642120361329 2431.144909667969 1104.080746459961 0.8995768229166666 
348 2036.8259033203126 550.0477722167968 2250.7907958984374 687.8555480957032 0.7697870163690477 2227.357629394531 930.4139404296875 2434.069372558594 1108.1134033203125 0.9021809895833334 
349 2036.0797973632812 546.8609893798828 2253.519079589844 691.820590209961 0.7665318080357143 2226.8967529296874 933.7916412353516 2433.4640869140626 1107.7432098388672 0.9022042410714286 
350 2037.058203125 547.3741790771485 2251.00087890625 692.4199493408203 0.7658575148809523 2223.944226074219 930.9086273193359 2437.886584472656 1112.2157012939454 0.9003441220238095 
351 2036.1355834960937 547.7998291015625 2246.7987426757813 685.82041015625 0.7638811383928571 2226.5427490234374 931.9665161132813 2433.5734619140626 1106.3083862304688 0.9099934895833334 
352 2036.1184936523437 547.3453948974609 2246.7562622070313 688.9812042236329 0.7632300967261905 2223.2901245117187 931.4661376953125 2433.9278930664063 1109.4188720703125 0.9044596354166666 
353 2039.81650390625 546.2650115966796 2246.94814453125 691.6205474853516 0.7638346354166666 2224.7252807617188 934.6716339111329 2428.2232055664062 1105.464291381836 0.8980422247023809 
354 2027.7933349609375 547.7731201171875 2245.9464111328125 685.9368408203125 0.7620907738095238 2224.410925292969 935.1350616455078 2435.292443847656 1109.6576019287108 0.9012276785714286 
355 2028.759228515625 550.1736602783203 2247.165576171875 692.1378021240234 0.7544410342261905 2225.6048583984375 935.6049133300781 2436.7310791015625 1110.3300231933595 0.8925083705357143 
356 2031.7873291015626 550.7047119140625 2250.1955810546874 692.6700439453125 0.7492792038690477 2226.2546630859374 939.7793579101562 2433.7424072265626 1107.2257690429688 0.8996465773809523 
357 2028.0159301757812 547.4414794921875 2246.4086303710938 689.3966552734375 0.7591145833333334 2225.269323730469 939.2881439208984 2432.742150878906 1106.7224151611329 0.8998790922619048 
358 2027.7226684570312 548.2759704589844 2249.6852905273436 686.5477600097656 0.7534877232142857 2228.1327880859376 939.579623413086 2435.5405517578124 1106.9612091064453 0.9025530133928571 
359 2029.7480346679688 543.3052459716797 2248.0080688476564 692.4496978759765 0.7534412202380952 2227.301477050781 935.3341613769531 2431.010778808594 1106.3046325683595 0.9036923363095238 
360 2032.82158203125 542.0793518066406 2247.35712890625 694.7996765136719 0.7574637276785714 2227.0785400390623 941.2220458984375 2430.7056396484377 1101.2147216796875 0.8832310267857143 
361 2023.9249267578125 544.242041015625 2245.6898193359375 689.661767578125 0.7575799851190477 2227.3726318359377 938.8328826904296 2430.9603759765623 1106.0656158447266 0.8878348214285714 
362 2029.6766723632813 545.8547210693359 2247.7088256835937 691.2093048095703 0.7585797991071429 2227.0235229492187 940.6881866455078 2430.5201782226563 1104.212142944336 0.8962751116071429 
363 2029.0661865234374 545.5397125244141 2246.9894775390626 687.1899627685547 0.7578125 2226.31474609375 939.3385467529297 2429.71015625 1106.4132232666016 0.8993443080357143 
364 2028.4257568359376 546.1681365966797 2249.9507080078124 684.1673736572266 0.7531622023809523 2226.066296386719 939.9128784179687 2429.433459472656 1103.3329711914062 0.8999488467261905 
365 2031.7207275390624 544.7310333251953 2246.2035888671876 686.5079193115234 0.7622302827380952 2225.9297485351562 942.0978302001953 2429.5070190429688 1105.6865325927733 0.8905319940476191 
366 2028.5140991210938 544.6969787597657 2246.7195434570312 686.5304382324218 0.76513671875 2226.017822265625 942.6418853759766 2429.676025390625 1102.6590789794923 0.8918108258928571 
367 2025.8798706054688 548.2104461669921 2244.2985961914064 682.9019195556641 0.7653692336309523 2226.376904296875 942.4841125488281 2430.234423828125 1106.2982360839844 0.8990885416666666 
368 2031.572509765625 545.3686676025391 2246.402587890625 683.7336883544922 0.7577659970238095 2226.0958740234373 940.1571838378907 2430.0022705078127 1104.0106628417968 0.9022274925595238 
369 2024.541259765625 544.2651641845703 2246.487060546875 682.526400756836 0.7692522321428571 2225.77578125 941.9762603759766 2425.89072265625 1102.0683563232421 0.8985537574404762 
370 2026.7876831054687 542.8518585205078 2248.8385375976563 684.8188568115235 0.7728794642857143 2221.6772216796876 940.7514617919921 2429.1675048828124 1104.559634399414 0.8968331473214286 
371 2031.9641723632812 540.8663909912109 2250.3505249023438 690.0971710205079 0.7523251488095238 2224.0322387695314 939.1417724609375 2427.8596069335936 1106.5713623046875 0.9023204985119048 
372 2028.5297973632812 546.1817108154297 2254.3264038085936 684.5732330322265 0.7553478422619048 2227.5726684570313 937.8239440917969 2427.8758178710937 1105.3504943847656 0.9119698660714286 
373 2032.4199340820312 544.2424468994141 2251.1389038085936 686.4097137451172 0.7704613095238095 2224.7803588867187 933.0293731689453 2428.9181274414063 1108.0045013427734 0.9002278645833334 
374 2030.8534545898438 547.2117706298828 2249.8777465820312 678.6264251708984 0.7555803571428571 2225.8692260742187 932.0488494873047 2433.9425415039063 1110.9187408447265 0.9121326264880952 
375 2024.8793823242188 546.6565521240234 2255.9045532226564 678.6709014892579 0.7513253348214286 2220.7852172851562 927.6081726074219 2440.8092651367188 1107.2942932128906 0.9141787574404762 
376 2023.3912109375 544.0274139404297 2251.7240234375 676.6076568603515 0.7512555803571429 2218.4372436523436 920.096533203125 2450.4526489257814 1107.918603515625 0.9009254092261905 
377 2020.25625 546.7500885009765 2245.22861328125 675.8326141357422 0.7599981398809523 2217.142687988281 920.5221588134766 2456.867321777344 1104.9257781982421 0.9043666294642857 
378 2027.5603637695312 545.9406005859375 2252.8910522460938 675.2287109375 0.7491396949404762 2215.809606933594 932.9524932861328 2459.610070800781 1106.567953491211 0.8816034226190477 
379 2021.4670959472655 546.6120056152344 2249.655340576172 668.0669494628906 0.73876953125 2209.4533813476564 934.1920959472657 2452.3632690429686 1107.1735046386718 0.9047619047619048 
380 2035.1623291015626 548.4206573486329 2246.7849365234374 676.1238372802734 0.7588588169642857 2203.4218994140624 943.1778594970704 2440.5849365234376 1103.7190521240234 0.9161086309523809 
381 2033.0497314453125 544.4313201904297 2247.2202880859377 675.1117095947266 0.7621140252976191 2195.2832275390624 940.3817626953125 2431.2338623046876 1100.1021240234375 0.9085286458333334 
382 2043.2955810546875 539.0392242431641 2242.2888916015627 680.1435760498047 0.7464890252976191 2185.7915771484377 933.6859924316407 2428.2015869140623 1103.7347839355468 0.9122721354166666 
383 2039.2671752929687 529.678955078125 2247.7848266601563 669.88916015625 0.7602306547619048 2176.1587158203124 929.7066528320313 2420.6279052734376 1102.2730834960937 0.9150390625 
384 2025.7165405273438 526.4392578125 2247.7534301757814 655.36396484375 0.7531389508928571 2172.4096923828124 923.6814910888672 2412.3530029296876 1095.581021118164 0.9137602306547619 
385 2038.677294921875 516.9959747314454 2247.550732421875 655.0648773193359 0.7550688244047619 2162.585070800781 918.2671905517578 2406.860974121094 1095.278646850586 0.9064592633928571 
386 2041.31025390625 496.4902862548828 2268.260546875 646.6267181396485 0.7145647321428571 2157.874072265625 909.5668182373047 2398.790478515625 1087.6356353759766 0.9158528645833334 
387 2023.9672973632812 491.53260040283203 2239.4362670898436 627.0695419311523 0.7417224702380952 2155.2268188476564 900.6830291748047 2391.5478393554686 1081.3988189697266 0.9130161830357143 
388 2034.6196655273438 483.3019165039062 2262.855676269531 642.3754516601563 0.7045433407738095 2145.1465087890624 890.5620666503906 2383.7568115234376 1070.384344482422 0.9105515252976191 
389 2025.649609375 486.1232635498047 2234.62333984375 640.2842681884765 0.7458844866071429 2141.4677978515624 886.5465911865234 2374.4223388671876 1064.6880889892577 0.9200613839285714 
390 2037.3894653320312 495.0365814208984 2235.4125366210938 638.4325958251953 0.7389090401785714 2136.269738769531 879.3957366943359 2365.020544433594 1060.3479766845703 0.9264787946428571 
391 2032.130029296875 503.6294464111328 2228.436376953125 649.1670013427735 0.7451636904761905 2129.762561035156 875.0235382080078 2359.914929199219 1051.022543334961 0.9339192708333334 
392 2023.8128845214844 506.39963989257814 2225.7507141113283 654.4874450683594 0.7569056919642857 2126.464636230469 864.580517578125 2358.693322753906 1049.690234375 0.9240606398809523 
393 2025.6512084960937 519.2271331787109 2229.9349731445313 656.5325714111328 0.7569521949404762 2120.06484375 859.0130249023438 2354.4888671875 1043.2032836914063 0.9294317336309523 
394 2015.5852844238282 525.1364074707031 2232.2607849121096 651.8081726074219 0.7846214657738095 2119.948486328125 848.2263824462891 2343.290771484375 1041.5675018310546 0.9088076636904762 
395 2017.2307189941407 533.9330291748047 2235.696893310547 666.3368072509766 0.7750883556547619 2113.2235717773438 839.8621368408203 2338.3098754882812 1035.157699584961 0.9285714285714286 
396 2016.7787353515625 528.0292572021484 2229.7749755859377 657.8238311767578 0.78955078125 2112.5246826171874 832.6752807617188 2338.8332275390626 1029.0311401367187 0.9229445684523809 
397 2010.5160705566407 536.1556793212891 2236.183026123047 662.2636932373047 0.7850399925595238 2110.840869140625 826.7913146972656 2329.870556640625 1022.5906433105469 0.9058547247023809 
398 2011.251202392578 536.8109436035156 2233.003558349609 662.5810241699219 0.7919689360119048 2108.7612060546876 818.6478912353516 2323.8940673828124 1017.2321746826171 0.9075985863095238 
399 2014.6383972167969 541.3244598388671 2232.6161193847656 660.2213775634766 0.7784133184523809 2109.0191284179687 811.2559600830078 2323.6940063476563 1012.7201751708984 0.9014369419642857 
400 2011.4533813476562 543.8215728759766 2235.8598510742186 662.6250213623047 0.7770182291666666 2109.4408447265623 808.4638702392579 2320.6470458984377 1009.7697113037109 0.8966471354166666 
401 2022.1720397949218 543.5180603027344 2231.6464416503904 661.3475402832031 0.7737165178571429 2110.6698974609376 805.613070678711 2316.8716064453124 1008.5415313720703 0.9001813616071429 
402 2017.309588623047 538.0840057373047 2233.659771728516 659.3711334228516 0.79052734375 2114.6419921875 803.47841796875 2317.87998046875 1006.71640625 0.8771623883928571 
403 2015.3417419433595 540.2028137207031 2234.434747314453 657.9243835449219 0.7829008556547619 2109.1668090820312 792.6250671386719 2321.7196655273438 1011.7180725097656 0.8790690104166666 
404 2022.2737182617188 542.8207427978516 2231.479455566406 653.9613006591796 0.7831566220238095 2109.903601074219 806.7166381835938 2322.378381347656 1006.1158813476562 0.8971586681547619 
405 2021.1749694824218 540.712515258789 2233.9438049316404 658.5536590576172 0.8001069568452381 2111.8220825195312 808.2471557617188 2324.5907592773438 1007.9225219726562 0.9088309151785714 
406 2013.6957946777343 540.7461090087891 2236.671026611328 662.0708465576172 0.7889229910714286 2116.4812255859374 803.3220642089843 2323.0612548828126 1009.9019348144532 0.8766741071428571 
407 2017.4789794921876 537.9140075683594 2236.4775634765624 662.1222473144531 0.7781808035714286 2110.8866577148438 796.3877807617188 2326.6165161132812 1012.1179565429687 0.8774646577380952 
408 2021.633282470703 547.3163146972656 2237.139544677734 668.1304626464844 0.7788783482142857 2112.8090209960938 800.8753845214844 2321.7849731445312 1009.8511779785156 0.8899507068452381 
409 2017.0277282714844 546.9765472412109 2235.7424133300783 667.7593536376953 0.7893182663690477 2113.578747558594 794.6942932128907 2322.500109863281 1010.1446960449218 0.8913225446428571 
410 2017.3275817871095 542.9226257324219 2236.299981689453 667.1159484863281 0.7858305431547619 2113.2380126953126 790.9321868896484 2328.9421630859374 1009.9046661376954 0.8827659970238095 
411 2016.3240051269531 551.404507446289 2235.4712829589844 662.6136199951172 0.7874116443452381 2115.5818115234374 785.5223083496094 2324.9167236328126 1004.6695861816406 0.8943452380952381 
412 2017.9249755859375 539.3756866455078 2234.2854736328127 660.6686859130859 0.8033156622023809 2113.7489501953123 784.231234741211 2330.1094482421877 990.7572296142578 0.8631649925595238 
413 2013.6542846679688 535.9142456054688 2234.4026000976564 667.7042846679688 0.8110119047619048 2119.086279296875 771.6157745361328 2326.655908203125 969.300912475586 0.8608630952380952 
414 2013.7548583984376 539.3421661376954 2238.3584228515624 661.5530364990234 0.7943405877976191 2116.9099365234374 768.3922454833985 2328.3014892578126 953.3600128173828 0.8337751116071429 
415 2010.7478088378907 538.6128051757812 2237.840447998047 660.3871948242188 0.78662109375 2113.1547729492186 745.4520111083984 2330.3737915039064 939.6327667236328 0.8405645461309523 
416 2012.1483520507813 541.8855560302734 2235.6839233398437 656.9405548095704 0.78076171875 2114.812780761719 712.9509033203125 2325.199182128906 923.3373046875 0.8357049851190477 
417 2011.4223693847657 539.2012878417969 2236.083856201172 648.2281555175781 0.7689964657738095 2119.0514282226563 695.1173400878906 2313.9781127929687 906.5633239746094 0.8275669642857143 
418 2012.4442749023438 536.7416076660156 2237.1751098632812 649.1070251464844 0.7764601934523809 2120.8691162109376 682.1556671142578 2309.2466064453124 900.2767669677735 0.8288922991071429 
419 2016.9352722167969 535.3749420166016 2234.6781311035156 650.8446014404296 0.7682989211309523 2128.8519287109375 679.5216278076172 2300.4068603515625 887.3669830322266 0.8209402901785714 
420 2013.7858947753907 538.1872924804687 2238.460076904297 657.1325317382813 0.7514183407738095 2129.1728637695314 673.1444519042968 2300.9826538085936 877.9945861816407 0.8083844866071429 
421 2010.5064758300782 541.4125946044921 2238.6242614746093 657.1245758056641 0.7610677083333334 2132.1946655273437 670.9846008300781 2297.4974731445313 875.9601013183594 0.8109886532738095 
422 2018.3266479492188 539.0753662109375 2238.0212524414064 657.1201904296875 0.7628580729166666 2138.641564941406 670.8668853759766 2299.313757324219 870.8873260498046 0.8136625744047619 
423 2015.7473999023437 537.0986083984375 2239.8485473632813 652.4447265625 0.7571847098214286 2139.585900878906 669.1762176513672 2301.070593261719 870.2079986572265 0.8105003720238095 
424 2011.5517333984376 538.3015014648438 2242.6299072265624 653.8405883789062 0.7793433779761905 2141.438037109375 668.4417053222656 2303.192822265625 866.5087341308594 0.8142903645833334 
425 2014.689501953125 545.9266906738281 2242.326611328125 658.0956481933594 0.7494884672619048 2141.1967895507814 665.4552001953125 2306.1511108398436 863.4005126953125 0.8008277529761905 
426 2010.9557861328126 545.6926422119141 2239.5964599609374 655.0425262451172 0.7600446428571429 2146.432507324219 665.3657928466797 2305.486682128906 864.1838287353515 0.8031761532738095 
427 2010.2653442382812 543.9066680908203 2245.001989746094 656.315805053711 0.74169921875 2148.3607543945313 660.7663970947266 2310.3621459960937 862.4416717529297 0.7965262276785714 
428 2009.0260681152345 543.0546630859375 2243.988214111328 662.19033203125 0.7731119791666666 2146.8720947265624 666.6451446533204 2312.3383544921876 861.8953216552734 0.7983630952380952 
429 2010.0229064941407 539.9934692382812 2242.107342529297 662.6666870117188 0.7705775669642857 2150.6763549804687 664.1968994140625 2313.1354125976563 859.81103515625 0.8047805059523809 
430 2013.89130859375 545.3985992431641 2242.809375 658.1987518310547 0.7521158854166666 2148.3839111328125 660.1127716064453 2317.5838623046875 862.4894622802734 0.8075009300595238 
431 2014.909228515625 546.0782592773437 2244.018994140625 655.6524536132813 0.7496047247023809 2149.89736328125 660.1222473144531 2315.91904296875 865.9889587402344 0.8069661458333334 
432 2009.8409057617187 543.1270050048828 2246.0787719726563 656.255014038086 0.7555338541666666 2151.3789184570314 667.0047607421875 2314.4162475585936 859.98779296875 0.8170572916666666 
433 2012.1537841796876 546.75712890625 2244.7617431640624 656.4151123046875 0.7594866071428571 2153.1242919921874 667.1508270263672 2315.9499267578126 863.2060455322265 0.8145693824404762 
434 2011.8354858398438 544.4873840332032 2244.394250488281 660.7667663574218 0.7674618675595238 2152.7761962890627 668.1780059814453 2315.5675537109373 864.1918060302735 0.7981073288690477 
435 2014.8448974609375 547.6740417480469 2244.0340087890627 657.2861633300781 0.7579055059523809 2149.880029296875 670.5724548339844 2315.958837890625 866.5457092285156 0.7976655505952381 
436 2015.2586975097656 545.6869567871094 2240.750457763672 658.4329162597656 0.7550920758928571 2152.619909667969 668.7637329101562 2315.106896972656 864.4111938476562 0.8064546130952381 
437 2009.608135986328 549.5589050292969 2245.071429443359 662.3159729003906 0.7673223586309523 2153.2330688476563 673.7957977294922 2315.7359252929687 859.5132232666016 0.7996419270833334 
438 2006.5873474121095 551.6242584228515 2245.561212158203 664.4729705810547 0.7453264508928571 2153.6481811523436 670.0898803710937 2312.9638793945314 862.5965209960938 0.8093843005952381 
439 2006.9148193359374 551.0097900390625 2245.1823486328126 666.8342041015625 0.7372814360119048 2153.1590209960937 669.1252655029297 2315.3133911132813 864.3721099853516 0.8035481770833334 
440 2011.0000732421875 545.5788452148438 2238.7977783203123 664.4298217773437 0.7754138764880952 2152.833984375 671.794580078125 2317.90478515625 863.276708984375 0.8072916666666666 
441 2013.8226013183594 543.3518463134766 2237.992462158203 662.0299285888672 0.7797386532738095 2149.237414550781 671.9197326660156 2320.661267089844 863.1233581542969 0.8153599330357143 
442 2012.08076171875 543.8559509277344 2236.14921875 662.4804748535156 0.7747395833333334 2152.8841186523437 675.6609283447266 2320.9354614257813 860.1880096435547 0.814453125 
443 2012.1374938964843 544.5516296386719 2239.756671142578 663.3094543457031 0.7703450520833334 2153.098876953125 676.5048126220703 2324.637939453125 861.239144897461 0.8031994047619048 
444 2002.4518188476563 555.1977935791016 2246.5474487304687 664.0512908935547 0.7424897693452381 2150.0002197265626 672.9321350097656 2324.8254638671874 860.9517761230469 0.8078264508928571 
445 2010.2511779785157 552.9133911132812 2241.942059326172 662.1390991210938 0.7428152901785714 2149.1385009765627 676.5242767333984 2324.5616943359373 861.8770294189453 0.8021298363095238 
446 2012.6944274902344 552.1942962646484 2243.865753173828 657.8725372314453 0.7511858258928571 2148.348767089844 674.3847412109375 2326.680773925781 865.9265380859375 0.8022693452380952 
447 2009.8817565917968 553.2450866699219 2244.1501037597654 662.1304016113281 0.7446754092261905 2150.8743530273437 670.6330810546875 2329.0502075195313 862.0072998046875 0.7953869047619048 
448 2010.2830139160155 550.3887573242188 2244.806219482422 659.3926147460937 0.7616024925595238 2148.5069580078125 670.4454132080078 2330.1800537109375 862.0279144287109 0.7999906994047619 
449 2014.77099609375 548.1301788330078 2242.9375 660.559945678711 0.7619047619047619 2153.1460693359377 668.3180694580078 2328.4042236328123 863.4168548583984 0.8117559523809523 
450 2017.0890808105469 547.7590454101562 2245.2230529785156 656.8666870117188 0.7492792038690477 2155.826062011719 667.9300415039063 2327.753283691406 859.6949584960937 0.8089890252976191 
451 2011.744158935547 546.8603942871093 2243.341412353516 659.3505432128907 0.7601376488095238 2156.8104736328123 661.2592681884765 2322.2373779296877 863.0799041748047 0.8087332589285714 
452 2015.6804748535155 545.1748168945312 2240.053778076172 654.0618774414063 0.7246558779761905 2154.1370483398437 658.1229217529296 2322.4169067382813 865.9981109619141 0.8013625372023809 
453 2010.7021545410157 543.4126861572265 2241.247918701172 652.0986053466797 0.7462100074404762 2157.6434936523438 659.4456909179687 2322.3191528320312 860.3499633789063 0.8062686011904762 
454 2012.4235412597657 540.6614013671875 2243.155926513672 649.43515625 0.7340494791666666 2157.708874511719 661.8592010498047 2315.925158691406 862.925894165039 0.8044782366071429 
455 2014.6159790039062 539.5442749023438 2241.7392456054686 651.4601196289062 0.7320731026785714 2156.030029296875 658.4232116699219 2320.612060546875 859.2133850097656 0.7995954241071429 
456 2013.6822631835937 539.6439331054687 2241.849719238281 648.7674438476563 0.7542085193452381 2156.8908203125 655.7625549316406 2312.309375 860.7824890136719 0.8061755952380952 
457 2006.4962036132813 540.6697265625 2241.701306152344 653.303173828125 0.7626953125 2158.373095703125 660.6931549072266 2314.072216796875 859.4580291748047 0.8033854166666666 
458 2007.8965270996093 540.9145751953125 2246.605059814453 653.6381591796875 0.7491164434523809 2157.7268676757812 661.0340515136719 2313.5507202148438 859.9580139160156 0.8037109375 
459 2006.4989074707032 542.1432739257813 2242.4623962402343 655.1398071289062 0.7717633928571429 2154.5193725585937 665.8770690917969 2304.0736450195313 858.6358703613281 0.8018275669642857 
460 2007.9989318847656 541.8291381835937 2244.040496826172 658.1877075195313 0.7826915922619048 2153.5109375 668.5448608398438 2303.1150390625 861.3676147460938 0.8061988467261905 
461 2009.93251953125 541.9816864013671 2245.6958984375 651.5618316650391 0.7584402901785714 2157.8274780273437 667.7817230224609 2307.2547973632813 860.3771514892578 0.8080822172619048 
462 2012.0917419433595 540.9238220214844 2247.529962158203 653.6688293457031 0.740234375 2159.7826416015623 661.4488006591797 2309.0039794921877 857.094595336914 0.7995721726190477 
463 2008.6211669921875 544.2910400390625 2246.7084228515623 656.721044921875 0.7413736979166666 2158.44306640625 667.7860107421875 2310.5544921875 856.271728515625 0.8005487351190477 
464 2009.6172790527344 542.8397521972656 2247.117218017578 654.9925231933594 0.7590913318452381 2156.1516845703127 662.3509704589844 2311.1862060546873 860.2675598144531 0.8041294642857143 
465 2009.971258544922 538.8512573242188 2244.8096252441405 654.6166381835938 0.7596958705357143 2153.97822265625 667.4653442382812 2309.43486328125 859.3051635742188 0.8043154761904762 
466 2010.1055725097656 542.0432800292969 2244.9690124511717 654.5131164550781 0.7533482142857143 2153.7462646484373 667.7448516845703 2312.5271728515627 859.6050628662109 0.8013160342261905 
467 2010.7998962402344 542.4915496826172 2242.472686767578 655.018276977539 0.7476515997023809 2153.749645996094 667.8748931884766 2315.920520019531 863.1418914794922 0.7996419270833334 
468 2011.1884338378907 540.1727600097656 2243.628338623047 649.7515563964844 0.7319800967261905 2152.4401977539064 668.1423370361329 2311.8276245117186 864.0558441162109 0.8027808779761905 
469 2010.8667236328124 542.5518280029297 2242.9452880859376 648.644888305664 0.7438848586309523 2151.134130859375 667.3897369384765 2316.904443359375 862.9988739013672 0.8012927827380952 
470 2008.2887268066406 538.1624633789063 2243.314666748047 647.3999145507812 0.7626255580357143 2151.265087890625 668.279818725586 2316.776416015625 863.5831573486328 0.8044317336309523 
471 2012.3094604492187 538.1457214355469 2243.098498535156 643.6493225097656 0.7355608258928571 2154.3336669921873 667.7426818847656 2319.1829345703127 858.9678894042969 0.8054082961309523 
472 2010.3306091308593 544.5602752685547 2241.256915283203 646.827603149414 0.74658203125 2155.357287597656 671.6966369628906 2317.005749511719 859.7365905761719 0.8042224702380952 
473 2012.5744689941407 538.8823181152344 2241.203240966797 648.2265686035156 0.7621372767857143 2152.7593505859377 675.3714996337891 2315.1190673828123 860.9253143310547 0.8077566964285714 
474 2015.1156921386719 541.7178375244141 2243.7955627441406 647.7723358154296 0.7463960193452381 2152.78251953125 672.3738830566406 2315.17841796875 861.2834655761719 0.8070359002976191 
475 2014.6754516601563 541.7647583007813 2242.4068237304687 647.3792846679687 0.7423270089285714 2153.9291137695313 674.7984405517578 2318.9519897460937 859.6238616943359 0.8053385416666666 
476 2018.4411071777345 541.6584899902343 2243.976983642578 647.7930480957032 0.7366768973214286 2152.89521484375 672.4131652832032 2318.7302734375 861.4652526855468 0.8104771205357143 
477 2011.6302429199218 540.9486022949219 2243.2033752441407 643.5024475097656 0.7401181175595238 2154.1367065429686 673.9122894287109 2319.5461547851564 859.1707794189454 0.8039667038690477 
478 2014.35869140625 540.2108612060547 2242.73212890625 649.4329986572266 0.7510928199404762 2148.14921875 670.691796875 2320.25703125 862.6579345703125 0.8091982886904762 
479 2013.8033020019532 539.7473846435547 2242.5837829589846 645.8483795166015 0.7490699404761905 2150.382922363281 670.0782409667969 2322.797009277344 862.3863586425781 0.8118722098214286 
480 2013.7471740722656 541.6501373291015 2239.6032897949217 644.6139617919922 0.7469773065476191 2155.6737670898438 666.714111328125 2325.0657348632812 859.35595703125 0.8143833705357143 
481 2014.0571228027343 536.6073333740235 2236.499151611328 642.8482940673828 0.7473260788690477 2155.5415161132814 667.1100769042969 2324.8630249023436 859.6717834472656 0.8141508556547619 
482 2016.1052673339843 536.7701873779297 2242.004229736328 643.0755767822266 0.7378162202380952 2152.947863769531 661.4746185302735 2322.372204589844 860.7972930908203 0.8180106026785714 
483 2013.803369140625 537.3601501464843 2243.022314453125 643.6645080566407 0.7374209449404762 2150.2615356445312 662.0633483886719 2326.3280639648438 861.3840393066406 0.8144763764880952 
484 2016.0454711914062 533.8810302734375 2242.0553588867188 653.5333984375 0.7365373883928571 2152.955358886719 660.1807189941406 2322.462854003906 859.6013854980469 0.8085472470238095 
485 2010.983380126953 532.2141632080078 2243.107806396484 648.2763763427735 0.7429082961309523 2151.278271484375 660.3927368164062 2317.081591796875 859.3565307617188 0.8172898065476191 
486 2013.311328125 531.115185546875 2238.60615234375 653.7020751953125 0.7334449404761905 2158.9629028320314 660.3284545898438 2314.6813842773436 855.8048461914062 0.8160109747023809 
487 2011.5867919921875 536.0154266357422 2243.2667236328125 645.2359771728516 0.7360723586309523 2154.1591674804686 652.2373138427735 2319.6447875976564 857.4395050048828 0.8046177455357143 
488 2005.8778991699219 532.6691711425781 2240.7340393066406 645.1355163574219 0.7362816220238095 2153.8399291992187 657.2218444824218 2319.2316040039063 858.9997131347657 0.8097098214285714 
489 2013.3407958984376 531.1364196777344 2235.1958251953124 647.0308166503906 0.7328404017857143 2155.215856933594 662.4409240722656 2317.467980957031 854.4945007324219 0.8076869419642857 
490 2010.0005676269532 536.9882690429688 2241.9485290527346 643.0217407226562 0.7326311383928571 2153.1202392578125 664.6871643066406 2315.4837646484375 856.8727722167969 0.8067801339285714 
491 2007.8559814453124 528.38583984375 2239.7060302734376 647.6230712890625 0.7390485491071429 2157.1572143554686 662.2729797363281 2309.5158813476564 857.6895446777344 0.8180571056547619 
492 2008.4654907226563 533.1129730224609 2240.7925659179687 652.5954620361329 0.7391183035714286 2152.2018188476563 664.7223876953125 2311.5118041992187 860.54091796875 0.8156156994047619 
493 2011.2775451660157 536.9173400878906 2240.296063232422 646.4478942871094 0.73974609375 2152.4672607421876 668.1497436523438 2308.4653564453124 857.3387817382812 0.8117327008928571 
494 2016.729248046875 527.2534729003906 2238.973388671875 646.6682800292969 0.7603236607142857 2151.5811157226562 669.7602508544921 2310.8009643554688 858.8336822509766 0.8153599330357143 
495 2009.1733825683593 536.787353515625 2241.978594970703 646.538330078125 0.7464192708333334 2153.2057373046873 667.9001373291015 2312.8435791015627 860.7959686279297 0.8119884672619048 
496 2014.62099609375 531.5443695068359 2244.03671875 651.2395050048829 0.7314453125 2151.9635009765625 669.2704467773438 2321.5316162109375 858.7876586914062 0.8144066220238095 
497 2012.3824890136718 530.162890625 2242.3153869628904 650.127880859375 0.7309337797619048 2149.2656372070314 668.1994689941406 2325.8806030273436 858.1440368652344 0.8174525669642857 
498 2012.8656982421876 537.6950653076171 2242.8965087890624 644.3759185791016 0.7251906622023809 2151.9867553710938 668.738150024414 2332.0110473632812 862.0973602294922 0.8110119047619048 
499 2022.1777038574219 528.5702728271484 2239.5650939941406 659.0027862548828 0.7296316964285714 2152.8673828125 670.4509887695312 2330.121875 864.4274291992188 0.8119884672619048 
500 2014.4078735351563 532.5716491699219 2242.2471557617187 653.1925109863281 0.7346540178571429 2153.4569091796875 668.0123779296875 2337.7388916015625 865.696484375 0.8083612351190477 
501 2019.1879333496095 532.1032958984375 2240.813653564453 649.6320556640625 0.7237955729166666 2155.1854248046875 670.038198852539 2339.8736572265625 868.1581512451172 0.8177548363095238 
502 2018.6775756835937 528.2309753417969 2247.4061645507813 652.6861389160156 0.7161458333333334 2155.681787109375 675.3261810302735 2340.682958984375 870.4181427001953 0.8174060639880952 
503 2022.046368408203 524.1246978759766 2240.828021240234 652.0278289794921 0.7376999627976191 2155.38671875 668.7277130126953 2340.509765625 867.3142181396485 0.8143833705357143 
504 2020.827783203125 526.5778106689453 2246.339697265625 651.114144897461 0.7377232142857143 2158.3095947265624 667.8139465332031 2336.6996826171876 869.7647888183594 0.8133370535714286 
505 2021.2652404785156 531.3524017333984 2243.4841491699217 655.9295196533203 0.734375 2158.0152099609377 673.4117919921875 2339.8304931640623 868.6948974609375 0.8154529389880952 
506 2029.2290771484375 532.2981536865234 2248.4701416015623 657.0968048095704 0.7251674107142857 2160.643908691406 662.675161743164 2342.782604980469 871.7971893310547 0.8079194568452381 
507 2025.198291015625 537.4826751708985 2254.714306640625 662.3663848876953 0.7422340029761905 2157.481335449219 668.3379516601562 2343.119494628906 874.2273559570312 0.8075939360119048 
508 2023.4482055664062 552.0084625244141 2249.114050292969 659.7892059326172 0.7453729538690477 2160.635461425781 670.6708801269531 2342.515173339844 872.7597839355469 0.8102446056547619 
509 2015.2853454589845 549.824072265625 2261.368585205078 667.809228515625 0.7649507068452381 2160.108837890625 667.1609313964843 2342.143115234375 869.4212219238282 0.80908203125 
510 2019.8495239257813 558.358676147461 2255.7757202148437 669.5809600830078 0.7553245907738095 2161.275598144531 663.7476287841797 2339.905310058594 872.710806274414 0.7990373883928571 
511 2015.4223876953124 556.7829040527344 2257.7778076171876 671.2284484863281 0.7593470982142857 2160.0330322265627 668.3802612304687 2338.4332763671873 870.3430053710938 0.7995721726190477 
512 2011.4201538085938 555.6556213378906 2260.3203247070314 670.0151550292969 0.7623000372023809 2162.649133300781 679.4588684082031 2334.188513183594 864.4522644042969 0.8070126488095238 
513 2016.4850219726563 562.342495727539 2258.2954956054687 673.1723358154297 0.7443266369047619 2161.1579711914064 668.1346130371094 2335.7988159179686 869.6433410644531 0.8002697172619048 
514 2022.3456787109376 555.102978515625 2257.2641845703124 669.2062255859375 0.7619745163690477 2158.391979980469 674.885546875 2332.902697753906 869.5322998046875 0.8091517857142857 
515 2015.6745361328126 561.2262725830078 2260.6096435546874 671.9504241943359 0.7413039434523809 2160.983752441406 672.4666046142578 2332.102917480469 870.427865600586 0.8068266369047619 
516 2017.2856506347657 559.6050354003906 2252.262078857422 667.0227722167969 0.74755859375 2158.9171630859373 676.0603759765625 2330.1140869140627 870.7550537109375 0.8015718005952381 
517 2016.8590148925782 561.8375427246094 2255.0886169433593 665.8532531738281 0.7333054315476191 2161.39716796875 674.8868865966797 2332.51982421875 872.8524322509766 0.8009440104166666 
518 2017.2675231933595 559.7622375488281 2251.912286376953 670.3804626464844 0.7481863839285714 2158.6989013671873 679.4052459716797 2329.6546142578127 870.473110961914 0.8068266369047619 
519 2011.5855407714844 559.8031433105468 2256.499542236328 667.1627990722657 0.7420712425595238 2159.0758544921873 681.7440795898438 2333.5354736328127 872.9783325195312 0.8062220982142857 
520 2012.1248657226563 560.1199615478515 2253.747448730469 667.5077850341797 0.7420712425595238 2159.2668701171874 682.0929412841797 2333.7721923828126 873.3775787353516 0.8004557291666666 
521 2018.4592163085938 555.2189849853515 2253.5468872070314 666.0459686279297 0.7482793898809523 2156.799279785156 680.2545135498046 2334.794226074219 871.6829254150391 0.8042457217261905 
522 2011.0781005859376 557.4417266845703 2253.1948486328124 668.4118499755859 0.7485816592261905 2161.1077880859375 679.6640777587891 2335.9698486328125 874.7025604248047 0.8002232142857143 
523 2014.442608642578 552.8192749023438 2249.594866943359 670.3953247070312 0.7570452008928571 2157.60107421875 681.2484954833984 2339.00439453125 872.7295928955078 0.8034784226190477 
524 2012.9255249023438 552.7103729248047 2254.5766723632814 670.1797027587891 0.7524879092261905 2156.728479003906 683.604736328125 2337.967077636719 874.9119873046875 0.8035946800595238 
525 2012.050225830078 554.9746795654297 2260.4906677246095 669.122915649414 0.7356538318452381 2156.2851318359376 685.5220672607422 2340.9365478515624 876.8882720947265 0.7936430431547619 
526 2013.9143188476562 551.0342559814453 2255.9609252929686 672.0574798583984 0.7513020833333334 2157.5646850585936 682.1427124023437 2342.4614379882814 877.1246215820313 0.7991768973214286 
527 2015.9992248535157 554.4496826171875 2258.290692138672 672.230126953125 0.7410016741071429 2156.8181884765627 682.3256103515625 2345.2667724609373 880.86982421875 0.7975027901785714 
528 2015.0717224121095 559.2346649169922 2257.917657470703 677.2848052978516 0.7517903645833334 2159.1966186523437 682.214321899414 2344.7040161132813 881.2131072998047 0.8119652157738095 
529 2021.4533813476562 552.592529296875 2264.3251831054686 667.281982421875 0.7567661830357143 2160.4040649414064 683.7588684082032 2345.9311401367186 876.0323913574218 0.8117327008928571 
530 2014.2720458984375 553.9799896240235 2258.3134033203123 672.6112579345703 0.7549293154761905 2162.104931640625 681.3456115722656 2345.135791015625 871.1556091308594 0.8171735491071429 
531 2021.5916015625 554.331088256836 2258.864453125 669.5777862548828 0.7479538690476191 2163.0427368164064 674.5318908691406 2349.4711791992186 877.9084167480469 0.7990373883928571 
532 2018.6260864257813 557.8275360107422 2255.868786621094 666.2812896728516 0.7417224702380952 2165.66455078125 674.6239074707031 2348.68017578125 877.9747253417969 0.8081287202380952 
533 2020.3720703125 552.387582397461 2257.81884765625 664.3268341064453 0.7563244047619048 2167.14560546875 684.2880554199219 2353.71083984375 874.2456359863281 0.8173130580357143 
534 2016.7393798828125 556.3549835205079 2261.7874755859375 672.0722015380859 0.7662760416666666 2164.789111328125 683.4607055664062 2351.978955078125 877.4571411132813 0.8145926339285714 
535 2021.97568359375 564.2442474365234 2260.5345703125 673.2997589111328 0.7569986979166666 2166.815051269531 688.1113494873047 2354.254040527344 882.3663726806641 0.8231026785714286 
536 2022.83916015625 566.3917388916016 2271.04267578125 678.5933074951172 0.7390950520833334 2168.5179931640623 696.3781524658203 2355.5205810546877 883.3808197021484 0.8206845238095238 
537 2023.8513793945312 564.6735168457031 2278.7748413085938 687.0368103027344 0.7404436383928571 2168.04658203125 698.8025024414062 2351.5916015625 882.3475219726563 0.8242652529761905 
538 2032.6150756835937 569.1142791748047 2280.6341918945313 691.4249664306641 0.7386765252976191 2167.731787109375 697.1745971679687 2354.595361328125 887.4357543945313 0.8258231026785714 
539 2030.1125 569.2473205566406 2277.89580078125 691.4417663574219 0.7497442336309523 2167.71201171875 694.1832733154297 2354.3978515625 887.6578521728516 0.8301246279761905 
540 2024.145458984375 567.8447326660156 2268.488330078125 686.6225524902344 0.7668805803571429 2167.3314575195313 689.7551544189453 2347.1951538085937 883.193392944336 0.8086635044642857 
541 2019.4247192382813 567.7273834228515 2269.9124389648437 686.2013885498047 0.7586263020833334 2168.233190917969 691.5392456054688 2347.636682128906 887.8674926757812 0.8051292782738095 
542 2018.7743225097656 563.7904205322266 2269.218719482422 689.0126190185547 0.7718796502976191 2167.947619628906 693.5685028076172 2343.935437011719 889.8627105712891 0.8200334821428571 
543 2030.6366821289062 569.029409790039 2267.804479980469 687.6132293701172 0.7561151413690477 2167.9855834960936 696.7350494384766 2344.1670043945314 883.0810516357421 0.8064081101190477 
544 2027.4758911132812 568.2186859130859 2267.9520874023438 686.7633087158204 0.7658807663690477 2167.77548828125 695.4912963867188 2343.898828125 885.1627563476562 0.8072219122023809 
545 2026.5414794921876 567.9850402832031 2267.4839111328124 683.3659118652344 0.7578822544642857 2166.721484375 700.7252685546875 2346.57978515625 887.37080078125 0.8173363095238095 
546 2023.8643798828125 572.6156646728516 2271.8387451171875 694.9042938232421 0.7580682663690477 2167.579638671875 704.4418121337891 2347.615673828125 884.4779266357422 0.8084774925595238 
547 2023.5384033203125 564.9953674316406 2271.0836669921873 690.4636169433594 0.7847144717261905 2167.3964721679686 701.4193115234375 2343.7302368164064 887.9261474609375 0.8129185267857143 
548 2028.1473022460937 568.811376953125 2265.8260864257813 691.0462890625 0.7625325520833334 2165.008508300781 704.6279083251953 2348.360876464844 894.7710784912109 0.8098725818452381 
549 2021.7157592773438 572.1775665283203 2269.6345825195312 687.6465911865234 0.7648344494047619 2168.0112548828124 711.0278137207031 2348.0072998046876 891.0236999511719 0.81494140625 
550 2018.6703491210938 571.7683837890625 2276.8533325195312 687.2712890625 0.7446056547619048 2165.400915527344 704.2570495605469 2352.243859863281 894.4971008300781 0.8084077380952381 
551 2018.820947265625 572.2145568847657 2276.909033203125 687.6750915527343 0.7555571056547619 2165.105603027344 704.2627349853516 2355.275988769531 897.8288787841797 0.8125232514880952 
552 2024.051513671875 571.090298461914 2282.375732421875 703.6513397216797 0.7532784598214286 2166.0252319335937 708.6191040039063 2349.5712036132813 895.5642456054687 0.8191731770833334 
553 2023.751220703125 570.0108245849609 2272.204833984375 706.1498809814453 0.7545572916666666 2164.7336547851564 708.1134094238281 2348.5214721679686 895.3046813964844 0.8186383928571429 
554 2023.3279418945312 570.4893249511719 2282.0726928710938 706.6708312988281 0.7539295014880952 2162.52099609375 706.0161041259765 2349.7705078125 893.2656951904297 0.8121279761904762 
555 2024.2600219726562 570.64296875 2279.7446166992186 703.494970703125 0.7593005952380952 2162.7455932617186 708.0805725097656 2353.5075805664064 898.8424011230469 0.8139880952380952 
556 2026.02431640625 569.4441131591797 2264.4029296875 695.4443756103516 0.7557896205357143 2165.515185546875 706.0535339355469 2352.812939453125 896.7566467285156 0.81005859375 
557 2029.2702270507812 568.4101806640625 2264.406774902344 691.0900634765625 0.7510463169642857 2165.4502685546877 701.3133941650391 2356.2855712890623 898.9642547607422 0.8149879092261905 
558 2030.1886474609375 566.1687408447266 2265.6936767578127 689.0410369873047 0.7554640997023809 2163.5626831054688 699.2804321289062 2358.1104125976562 897.2412963867188 0.8220563616071429 
559 2026.0897338867187 568.156362915039 2272.233752441406 687.8097625732422 0.7529761904761905 2166.123583984375 701.484423828125 2360.987744140625 896.348583984375 0.8254510788690477 
560 2027.2326904296874 569.1878784179687 2270.9020751953126 685.8746215820313 0.7610212053571429 2167.0190551757814 705.2783996582032 2366.0729858398436 900.9003112792968 0.8294270833333334 
561 2032.3553100585937 568.8936584472656 2273.1698364257813 689.3009216308594 0.7604399181547619 2166.788122558594 708.3544219970703 2366.320031738281 904.4462982177735 0.8238699776785714 
562 2032.9746337890624 575.1340728759766 2274.0986083984376 706.0298065185547 0.7643926711309523 2167.9775146484376 713.7139709472656 2364.3213134765624 906.6130554199219 0.8231259300595238 
563 2031.8095825195312 581.8768371582031 2286.8181030273436 709.3810974121094 0.7561151413690477 2168.4593139648437 715.212924194336 2364.8846801757813 904.7462432861328 0.8129185267857143 
564 2032.3266845703124 584.0092498779297 2280.3632568359376 718.3623931884765 0.7573474702380952 2171.1848876953127 712.4000274658204 2364.1022216796873 905.3174407958984 0.8073846726190477 
565 2037.2671875 587.1365692138672 2278.79677734375 728.6038482666015 0.7743675595238095 2174.089794921875 705.1144134521485 2356.961962890625 905.2387969970703 0.8059895833333334 
566 2033.4676879882813 593.1871826171875 2277.3094116210937 723.69404296875 0.7702752976190477 2168.8617553710938 712.8625061035157 2361.1878051757812 905.1883972167968 0.8180803571428571 
567 2032.7939086914062 589.8626403808594 2289.512487792969 726.7792053222656 0.7395135788690477 2172.3433227539062 709.5329956054687 2360.6036987304688 904.6390014648438 0.8200799851190477 
568 2034.100390625 592.155160522461 2280.35517578125 725.5431427001953 0.7713913690476191 2172.750280761719 714.7563385009765 2357.441369628906 902.8676239013672 0.8233584449404762 
569 2028.549169921875 584.7172241210938 2281.885400390625 728.5027465820312 0.7804827008928571 2167.72607421875 719.5490661621094 2356.0166015625 904.4161437988281 0.8203357514880952 
570 2034.7995849609374 589.7448181152344 2273.9811767578126 723.0032287597656 0.7718563988095238 2172.5261352539064 717.4836700439453 2357.0375854492186 905.412142944336 0.8169177827380952 
571 2032.01826171875 588.2598358154297 2284.54326171875 724.7597564697265 0.7646949404761905 2168.5182983398436 722.2659637451172 2352.7929809570314 903.128384399414 0.8040597098214286 
572 2029.2218383789063 588.282583618164 2285.1177612304687 724.7604461669922 0.7652529761904762 2165.699841308594 724.8916656494141 2353.356555175781 905.7247283935546 0.8048037574404762 
573 2031.558154296875 589.8212585449219 2274.258251953125 726.5537414550781 0.7770414806547619 2166.7128784179686 724.0557312011719 2354.7199829101564 905.2262512207031 0.8138485863095238 
574 2033.6488159179687 592.1283111572266 2283.017443847656 721.9366912841797 0.7717168898809523 2166.8732421875 722.4622283935547 2354.7537109375 906.926626586914 0.8135230654761905 
575 2033.8301391601562 589.0539428710938 2283.1232299804688 722.2379272460937 0.7718331473214286 2167.01435546875 722.7633331298828 2354.8376953125 903.7569915771485 0.8146391369047619 
576 2029.733154296875 587.8278533935547 2275.317626953125 720.852749633789 0.7646949404761905 2164.20107421875 720.5903198242188 2358.62216796875 908.1895874023437 0.8106863839285714 
577 2027.8424682617188 586.5873229980468 2270.7339477539062 726.8484680175782 0.7888997395833334 2168.3669189453126 723.5590209960938 2356.5222412109374 908.2932739257812 0.8147321428571429 
578 2036.1270751953125 587.7017761230469 2289.3763427734375 724.5932678222656 0.7494884672619048 2163.5413208007812 726.9625366210937 2362.0341186523438 911.7659790039063 0.8063848586309523 
579 2037.39287109375 587.4806610107422 2276.91279296875 720.927359008789 0.7599516369047619 2165.838659667969 726.3231201171875 2364.297814941406 911.095458984375 0.8098028273809523 
580 2032.5976196289062 587.6981964111328 2279.198034667969 724.6984710693359 0.7644391741071429 2161.5622680664064 729.704248046875 2363.6376831054686 914.654638671875 0.7978050595238095 
581 2033.7939819335938 587.2672576904297 2269.945520019531 724.1667633056641 0.7783435639880952 2164.506555175781 734.8291473388672 2363.010778808594 916.2209625244141 0.7972005208333334 
582 2031.6870483398438 586.6144165039062 2273.253137207031 717.7503295898438 0.7465355282738095 2169.194055175781 736.8631958007812 2369.348669433594 923.2141967773438 0.8190104166666666 
583 2028.5500854492188 584.6230407714844 2274.254846191406 716.1269592285156 0.7571847098214286 2166.4428100585938 737.9555023193359 2370.6199340820312 924.8294708251954 0.8134068080357143 
584 2031.7128295898438 583.4903625488281 2273.9822387695312 718.4689880371094 0.7441638764880952 2169.619982910156 737.6375152587891 2370.357312011719 921.0699432373046 0.8197777157738095 
585 2030.2574340820313 586.1460174560547 2268.610974121094 717.4132476806641 0.7500232514880952 2170.1606567382814 727.776480102539 2370.5158569335936 921.2229705810547 0.8256370907738095 
586 2031.4923950195312 583.4048767089844 2259.424353027344 718.0918273925781 0.7785760788690477 2170.5626220703125 722.7408477783204 2367.4129638671875 916.1375091552734 0.8233351934523809 
587 2026.7677856445312 585.5705261230469 2284.679724121094 719.6846008300781 0.7505115327380952 2168.8177124023437 727.3557800292969 2364.8304809570313 916.4910217285156 0.8188011532738095 
588 2030.73525390625 585.1711486816406 2273.8365234375 718.7056823730469 0.7782273065476191 2170.9860595703126 722.524691772461 2362.7278076171874 921.1145294189453 0.8288457961309523 
589 2030.8444702148438 586.872348022461 2274.1333129882814 720.5097930908203 0.7769484747023809 2168.172265625 721.6959350585937 2363.48837890625 920.4388305664063 0.8154064360119048 
590 2034.3822265625 588.6983581542969 2271.4341796875 722.6842102050781 0.7675316220238095 2169.028674316406 727.70537109375 2361.418835449219 916.65986328125 0.8168247767857143 
591 2029.9735961914062 587.9434387207032 2270.956335449219 725.6477478027343 0.7822265625 2167.5454956054687 724.1912475585938 2363.7740844726563 920.4198364257812 0.82421875 
592 2030.567138671875 589.4991668701172 2277.967041015625 720.0713287353516 0.7712053571428571 2168.6724609375 730.3796691894531 2364.5306640625 922.8017272949219 0.8171968005952381 
593 2036.5031005859375 587.1185516357422 2273.3919189453127 721.0121246337891 0.7798316592261905 2168.019885253906 734.3487030029297 2363.710827636719 919.739859008789 0.8125 
594 2035.2563232421876 589.9727813720704 2275.5005126953124 720.3911712646484 0.7780645461309523 2169.766711425781 733.723388671875 2365.394177246094 922.48681640625 0.8213588169642857 
595 2034.8137084960938 591.6196075439453 2279.2959106445314 722.4693206787109 0.7616489955357143 2170.1664428710938 735.8456909179688 2366.4407348632812 925.2334106445312 0.8164992559523809 
596 2034.3558959960938 589.6785919189454 2272.4295043945312 724.2420013427734 0.7744605654761905 2168.7867065429687 740.6974822998047 2368.9064086914063 923.5657623291015 0.8181268601190477 
597 2033.998828125 588.5061401367187 2282.53876953125 719.6801391601563 0.7739722842261905 2167.0313110351562 738.7986114501953 2367.2443237304688 925.203646850586 0.8224748883928571 
598 2035.0860473632813 588.1722045898438 2276.943493652344 716.0111450195312 0.7661597842261905 2167.4432861328123 740.8613677978516 2367.8394287109377 927.4371551513672 0.8213588169642857 
599 2032.6199829101563 586.4929260253906 2274.604382324219 721.3128601074219 0.7625325520833334 2164.6477661132812 740.0600219726563 2368.6058959960938 926.7338012695312 0.8132207961309523 
600 2036.1668579101563 588.0317535400391 2267.664929199219 715.8739471435547 0.7638578869047619 2166.9326782226562 740.7247100830078 2370.7892456054688 927.3052581787109 0.8144996279761905 
601 2031.9467651367188 586.3883911132813 2270.6018188476564 717.8216918945312 0.7810407366071429 2169.7653564453126 736.9779998779297 2366.9153076171874 923.751675415039 0.8214518229166666 
602 2035.5738159179687 587.5798889160156 2266.9684204101563 718.8187927246094 0.7678571428571429 2166.2813232421877 740.6033325195312 2370.0468017578123 927.1006469726562 0.8138253348214286 
603 2032.5946533203125 589.3297943115234 2271.0576904296877 720.6573272705078 0.7723214285714286 2166.846484375 739.7981964111328 2370.74970703125 926.4215911865234 0.8158017113095238 
604 2033.810791015625 586.9532897949218 2266.115966796875 718.7085754394532 0.7666248139880952 2170.766845703125 740.5788360595703 2371.866943359375 927.8100189208984 0.8086170014880952 
605 2034.5670654296875 586.0199523925781 2267.1204345703127 717.9158386230469 0.7674386160714286 2171.2688110351564 734.46953125 2376.0546752929686 921.9005859375 0.8209635416666666 
606 2035.0721435546875 588.1347686767579 2267.6343994140625 716.5647552490234 0.7697405133928571 2171.779406738281 733.1191467285156 2376.572888183594 924.0285583496094 0.8209635416666666 
607 2027.3477416992187 583.7855377197266 2260.1007446289063 719.2687225341797 0.7957124255952381 2169.1106079101564 731.9619567871093 2377.5463745117186 926.5019104003907 0.8204752604166666 
608 2027.8526489257813 581.895864868164 2264.505017089844 721.1032196044922 0.7922712053571429 2173.3511962890625 736.4963134765625 2378.6820068359375 927.906396484375 0.8252185639880952 
609 2030.2821533203125 585.3637451171875 2267.3106201171877 721.3064208984375 0.7842494419642857 2173.3303955078127 739.8075531005859 2378.9874755859373 931.5216094970704 0.8209402901785714 
610 2027.0962646484375 584.6930969238281 2264.2948486328123 713.7569763183594 0.7896902901785714 2172.9305908203123 744.2117401123047 2378.7349365234377 932.5751861572265 0.8235909598214286 
611 2035.431640625 584.7773712158203 2261.814453125 717.1241790771485 0.7828543526785714 2172.1990356445312 741.369839477539 2374.2020874023438 932.9244110107422 0.8162899925595238 
612 2036.8503784179688 583.3567810058594 2263.188439941406 715.6776428222656 0.7796456473214286 2170.912109375 746.079296875 2372.87548828125 930.6320068359375 0.8088262648809523 
613 2030.9032470703125 583.9419860839844 2264.3262451171877 716.3310852050781 0.7895275297619048 2172.0021362304688 752.5103393554688 2367.1021118164062 933.6743530273437 0.8016415550595238 
614 2034.7702514648438 581.5233154296875 2261.9741333007814 717.8455810546875 0.7883184523809523 2172.0336669921876 751.0523101806641 2374.7695556640624 932.8153045654296 0.8011300223214286 
615 2036.1505737304688 584.5471435546875 2266.0357055664062 713.4223388671875 0.7798549107142857 2170.2501831054688 749.9950073242187 2375.7539672851562 931.1168090820313 0.8035016741071429 
616 2033.5858276367187 584.27236328125 2263.479846191406 713.1523193359375 0.7907133556547619 2169.9682739257814 746.6450378417969 2378.9626342773436 931.2569396972656 0.81103515625 
617 2035.4872680664062 582.7082305908203 2258.271276855469 714.9861663818359 0.7918526785714286 2171.7817138671876 748.0556213378907 2373.6797119140624 932.5485046386718 0.8074311755952381 
618 2031.7443603515626 584.5228240966796 2264.8030029296874 713.2268707275391 0.7928524925595238 2168.7431030273438 748.9482849121093 2373.9739379882812 936.7867004394532 0.8056640625 
619 2029.0598754882812 586.361849975586 2270.0248413085938 715.5749786376953 0.7976655505952381 2170.0927856445314 760.3025604248047 2376.1354858398436 941.8994049072265 0.8138253348214286 
620 2032.7713256835937 584.9770660400391 2266.7176879882813 714.1713104248047 0.7974330357142857 2169.889196777344 753.1175842285156 2379.393273925781 938.1795349121094 0.7948056175595238 
621 2035.28720703125 582.1105407714844 2257.99599609375 714.3438049316406 0.7976655505952381 2170.7326538085936 763.8642944335937 2379.5219848632814 944.8150268554688 0.8173595610119048 
622 2033.6691528320312 583.6501525878906 2260.318884277344 716.1531921386719 0.8027808779761905 2172.877575683594 759.6056427001953 2378.606066894531 947.8994232177735 0.8131742931547619 
623 2039.99326171875 581.2143127441407 2259.43935546875 717.0619323730468 0.7872023809523809 2172.893408203125 766.2296508789062 2378.406396484375 947.3597045898438 0.8094540550595238 
624 2035.4094360351562 583.6329315185546 2266.9062377929686 713.4113189697266 0.7727864583333334 2176.250207519531 768.7223175048828 2379.686560058594 954.621127319336 0.8156854538690477 
625 2033.0520141601562 581.5475036621094 2259.2040893554686 713.7595031738281 0.8079427083333334 2171.553430175781 762.0676544189453 2380.309118652344 953.427035522461 0.8289620535714286 
626 2034.777587890625 586.0470977783203 2260.900146484375 707.8053802490234 0.7879464285714286 2172.859521484375 763.0649505615235 2385.066748046875 950.9205841064453 0.8410760788690477 
627 2034.949365234375 584.4487060546875 2261.172216796875 713.2217041015625 0.7832728794642857 2173.0925415039064 761.9466064453125 2385.3940307617186 953.3658935546875 0.8399367559523809 
628 2036.8559692382812 585.35361328125 2263.2936889648436 714.2488037109375 0.7819475446428571 2172.4506713867186 768.7813995361328 2384.9533813476564 956.898715209961 0.8338216145833334 
629 2032.8800048828125 587.616943359375 2261.4368896484375 717.718505859375 0.791015625 2175.5590209960938 766.9461486816406 2386.5344848632812 960.3403503417969 0.8370303199404762 
630 2036.9455932617188 586.4956726074219 2262.115686035156 720.1904846191406 0.8060593377976191 2177.0002563476564 771.3408874511719 2384.5790893554686 968.3646789550781 0.8379603794642857 
631 2038.3437377929688 587.3699462890625 2261.1359985351564 719.652880859375 0.7931547619047619 2173.0367065429687 773.3426025390625 2388.8668579101563 964.804736328125 0.8330078125 
632 2037.4542602539063 584.9359924316407 2263.5733276367187 720.6074645996093 0.7968284970238095 2172.8579345703124 773.8591369628906 2385.0619873046876 965.1906677246094 0.8308919270833334 
633 2035.8311767578125 591.0244995117188 2271.8402099609375 719.4410766601562 0.7675083705357143 2171.723254394531 773.3707122802734 2386.907849121094 964.2602081298828 0.8388439360119048 
634 2037.7671264648438 588.1904510498047 2260.944055175781 713.7273345947266 0.8108723958333334 2176.9845581054688 769.7897247314453 2379.2383422851562 972.043588256836 0.8537248883928571 
635 2040.7698364257812 589.0987518310546 2263.8724975585938 714.5940582275391 0.8035016741071429 2177.259375 771.0401428222656 2379.44619140625 969.7409851074219 0.8500046502976191 
636 2038.62900390625 588.4059265136718 2261.80751953125 720.9181701660157 0.7853190104166666 2178.2495239257814 780.0658416748047 2377.0178100585936 971.8598785400391 0.8292178199404762 
637 2040.4882568359376 587.8596221923829 2263.5239501953124 716.8021820068359 0.7814825148809523 2176.5346801757814 778.5928039550781 2382.1457397460936 973.7491149902344 0.8336123511904762 
638 2035.0864990234375 587.7532562255859 2261.8431884765623 720.3185821533203 0.7985956101190477 2174.763330078125 786.4670684814453 2377.099951171875 964.3837005615235 0.81640625 
639 2034.3703491210938 589.9443298339844 2268.1884887695314 722.5575012207031 0.7854585193452381 2174.097521972656 782.1529479980469 2383.486706542969 970.6032775878906 0.8211960565476191 
640 2036.5693237304688 579.7525817871094 2260.7707641601564 726.8847473144531 0.8082682291666666 2176.021520996094 788.5939758300781 2382.707238769531 970.7575866699219 0.8161737351190477 
641 2034.3490234375 582.2898651123047 2258.134375 722.155630493164 0.8050130208333334 2173.1391479492186 783.7503845214844 2382.9377563476564 972.5691955566406 0.8272181919642857 
642 2037.2661987304687 587.0005432128906 2261.0753540039063 723.3842224121094 0.7952938988095238 2176.474365234375 785.792611694336 2382.798583984375 971.1345733642578 0.8309384300595238 
643 2034.4721557617188 583.3423126220703 2258.2038696289064 723.174594116211 0.8088262648809523 2172.82529296875 787.44365234375 2386.0697265625 976.217236328125 0.8304734002976191 
644 2034.7055053710938 585.7537139892578 2253.5838012695312 717.775521850586 0.8058965773809523 2174.4774658203123 788.1960815429687 2386.4072998046877 972.3317504882813 0.8309384300595238 
645 2028.9136352539062 586.3577819824219 2261.7091674804688 721.8654846191406 0.8043852306547619 2172.97412109375 789.2184906005859 2384.92236328125 973.3699493408203 0.8237537202380952 
646 2036.2443115234375 580.8821441650391 2251.5574462890627 719.7936981201171 0.8136625744047619 2172.083837890625 788.9823944091797 2390.869775390625 976.5130279541015 0.8236839657738095 
647 2041.4391479492188 586.1880767822265 2264.2276000976562 721.9499237060547 0.7775065104166666 2173.050244140625 782.8686157226563 2392.357958984375 977.8086303710937 0.8322870163690477 
648 2044.7521484375 589.0768310546875 2269.5505859375 715.5259521484375 0.7735770089285714 2175.6594116210936 780.10146484375 2389.9204223632814 983.825048828125 0.8493768601190477 
649 2039.3140014648438 589.9491882324219 2265.099816894531 720.4815979003906 0.8035481770833334 2172.695935058594 781.8128387451172 2394.953723144531 989.9590728759765 0.8636997767857143 
650 2040.1557983398438 591.1668151855469 2262.532922363281 718.2394348144531 0.8077566964285714 2179.0396240234377 780.0108947753906 2397.8871337890623 988.2687683105469 0.8738606770833334 
651 2041.3079711914063 596.0942901611328 2263.728894042969 723.1919036865235 0.7979213169642857 2179.8119140625 785.3828430175781 2402.23251953125 990.1510925292969 0.8764880952380952 
652 2038.9947265625 595.2223968505859 2258.44716796875 722.6464385986328 0.8098260788690477 2180.577001953125 790.4425567626953 2400.029443359375 995.736947631836 0.8708612351190477 
653 2038.9582275390626 595.1385162353515 2258.4709716796874 722.5976287841797 0.8097330729166666 2180.5792846679688 796.2679656982422 2400.0923461914062 998.0782867431641 0.8753487723214286 
654 2042.8467895507813 590.7637298583984 2262.030407714844 718.0316192626954 0.8214518229166666 2181.535998535156 793.494906616211 2400.719616699219 1002.0727813720703 0.8860212053571429 
655 2041.281103515625 597.3082550048828 2258.099267578125 723.202670288086 0.8063848586309523 2177.6666748046873 795.9686065673828 2401.4793212890627 995.3015960693359 0.8713727678571429 
656 2038.43291015625 589.2229827880859 2260.2365234375 726.5300079345703 0.8332403273809523 2179.666748046875 794.6419006347656 2397.949951171875 1005.8834899902344 0.8722098214285714 
657 2041.9805297851562 597.5215209960937 2256.5328979492188 724.1426635742188 0.8125697544642857 2179.5593139648436 799.6283325195312 2397.6289184570314 1003.6289916992188 0.8665829613095238 
658 2035.54052734375 597.176870727539 2264.443359375 723.9539276123047 0.8095470610119048 2177.6228149414064 802.6477142333985 2395.9609252929686 1003.3779815673828 0.8620024181547619 
659 2039.2656127929688 598.1811553955079 2257.3542602539064 724.8131683349609 0.8058035714285714 2177.2622314453124 806.1228179931641 2395.3505615234376 1006.6234588623047 0.8692103794642857 
660 2038.9569946289062 593.5196411132813 2258.522741699219 725.9561889648437 0.7990838913690477 2177.1572875976562 802.2278839111328 2407.1788940429688 1007.8529876708984 0.8740466889880952 
661 2040.1729248046875 590.6274719238281 2263.5336181640623 726.7378845214844 0.7869698660714286 2173.5987182617187 802.3100616455079 2403.9396118164063 1011.7107513427734 0.8656529017857143 
662 2040.0001342773437 594.0412200927734 2270.636828613281 723.3375030517578 0.7708565848214286 2177.4948852539064 805.1892517089843 2404.6371948242186 1014.8588439941407 0.8735816592261905 
663 2041.3593383789062 593.0114196777344 2265.139929199219 715.3915344238281 0.7824590773809523 2178.1292236328127 806.1679962158203 2405.4064208984373 1015.9625579833985 0.8728608630952381 
664 2038.2927368164062 593.5557586669922 2257.2211791992186 724.2066314697265 0.8169410342261905 2176.0056762695312 813.1633209228515 2401.9965209960938 1017.9673553466797 0.8854864211309523 
665 2039.3350708007813 592.4970825195312 2261.571911621094 726.5446655273438 0.8043852306547619 2177.3172241210937 809.1711364746094 2403.0814575195313 1017.2976135253906 0.8881370907738095 
666 2037.1721313476562 597.8715667724609 2263.0068237304686 724.9036407470703 0.8146623883928571 2178.3188232421876 814.206167602539 2404.1538330078124 1018.8689666748047 0.8929734002976191 
667 2038.4290893554687 598.516146850586 2265.974475097656 724.5411651611328 0.7997581845238095 2178.456921386719 812.7318145751954 2406.002307128906 1019.2728851318359 0.8897414434523809 
668 2043.8333374023437 600.3058349609375 2266.8617309570313 717.130322265625 0.7900158110119048 2182.7156616210937 815.7094818115235 2405.7440551757813 1024.577444458008 0.8955775669642857 
669 2041.3801025390626 594.786996459961 2257.7126708984374 718.9121612548828 0.8246837797619048 2178.463513183594 823.5319763183594 2412.527941894531 1022.1322082519531 0.8978562127976191 
670 2039.0104248046875 597.2693420410156 2270.3196533203127 716.4286560058594 0.7809709821428571 2178.7935180664062 816.312255859375 2413.6076049804688 1023.0887451171875 0.9108537946428571 
671 2038.0552978515625 592.7733764648438 2266.5487060546875 719.3234252929688 0.7949451264880952 2186.7787231445313 819.1032653808594 2415.2718139648437 1022.9895080566406 0.9108305431547619 
672 2039.4838745117188 591.249398803711 2264.4660766601564 724.8325714111328 0.8064546130952381 2184.6948974609377 817.9892028808594 2416.7074462890623 1025.3945861816405 0.9071800595238095 
673 2045.1468627929687 594.9640808105469 2266.604846191406 725.0267639160156 0.7903180803571429 2184.5384887695313 821.2892883300781 2416.5418334960937 1028.6864196777344 0.9145042782738095 
674 2045.3738037109374 592.2775085449218 2266.7883056640626 725.8291809082032 0.7890392485119048 2187.8469360351564 824.3708709716797 2416.2905151367186 1031.727456665039 0.9110398065476191 
675 2037.25703125 594.1850677490235 2265.89580078125 727.8507598876953 0.7984793526785714 2185.6692749023437 827.288330078125 2417.8255981445313 1027.7869873046875 0.9115978422619048 
676 2039.6955078125 593.4804443359375 2268.32158203125 723.6213623046875 0.7911551339285714 2188.5053588867186 828.4645538330078 2417.1311157226564 1032.4691009521484 0.9099934895833334 
677 2036.8440063476562 595.4573303222656 2264.9955932617186 725.3283142089844 0.8015485491071429 2188.0451782226564 829.9541473388672 2416.1967651367186 1033.5357818603516 0.9029947916666666 
678 2039.6961669921875 589.9334350585938 2264.1651611328125 730.2264770507812 0.8181733630952381 2187.678430175781 828.5666076660157 2415.654821777344 1028.4842956542968 0.9082263764880952 
679 2041.7503173828125 591.2958343505859 2269.4401123046873 724.4067413330079 0.7862025669642857 2187.2561767578127 828.8206390380859 2414.9459716796873 1028.4870391845702 0.9080171130952381 
680 2035.6384765625 593.5135131835938 2259.52412109375 722.9473022460937 0.8134068080357143 2185.52333984375 829.5081848144531 2416.40537109375 1035.9027038574218 0.912109375 
681 2041.2654052734374 589.1025970458984 2263.7145751953126 719.7474395751954 0.7949683779761905 2187.5276733398437 830.8362426757812 2413.5077270507813 1032.0997924804688 0.8991117931547619 
682 2044.384130859375 588.3249145507813 2266.927880859375 719.0250610351562 0.7883882068452381 2184.866589355469 832.8781494140625 2414.474963378906 1034.2270751953124 0.9102260044642857 
683 2041.3923706054688 589.5725402832031 2267.482873535156 716.7486267089844 0.7882486979166666 2184.601281738281 833.7342956542968 2417.757360839844 1035.0963928222657 0.9076218377976191 
684 2041.210888671875 586.1445770263672 2267.621630859375 724.1136627197266 0.7984328497023809 2184.214306640625 837.3190856933594 2421.238330078125 1038.9661926269532 0.9107840401785714 
685 2041.5953125 588.13466796875 2257.7279296875 719.23154296875 0.8103143601190477 2187.137243652344 839.6989013671875 2417.442590332031 1034.5725830078125 0.9144112723214286 
686 2039.0925048828126 591.0322814941406 2262.3884521484374 722.1743835449219 0.8060825892857143 2184.6846313476562 839.5479187011719 2422.1583862304688 1038.0332580566405 0.9044363839285714 
687 2038.3596923828125 588.7712249755859 2265.0973388671873 723.3966827392578 0.8133835565476191 2187.4288818359373 840.3082489013672 2421.2517822265627 1038.703530883789 0.9066220238095238 
688 2036.584765625 589.9662139892578 2260.1974609375 721.294223022461 0.7998511904761905 2185.1138305664062 838.8341796875 2422.9240112304688 1037.60087890625 0.8951125372023809 
689 2042.99013671875 587.8094482421875 2266.5533203125 726.205810546875 0.7875511532738095 2185.617395019531 840.1712646484375 2426.923864746094 1038.8941650390625 0.9147600446428571 
690 2046.164404296875 591.4620025634765 2269.527001953125 712.0069305419922 0.7849469866071429 2185.5275024414063 844.2791076660156 2430.1626831054687 1042.823797607422 0.9174107142857143 
691 2040.0650390625 593.5301391601563 2260.45693359375 717.9448364257812 0.8262648809523809 2185.261083984375 845.0939270019531 2426.981103515625 1040.602850341797 0.9211309523809523 
692 2040.2875 592.149755859375 2260.48642578125 720.0071044921875 0.8223353794642857 2188.4982788085936 846.225308227539 2426.4550903320314 1045.1145965576172 0.9167364211309523 
693 2039.8951904296875 586.0119567871094 2263.5681884765627 724.4760803222656 0.8108956473214286 2184.913818359375 852.1524719238281 2429.888916015625 1050.9726501464843 0.9155738467261905 
694 2038.789697265625 585.6675720214844 2266.085302734375 724.1758117675781 0.7994326636904762 2184.67421875 857.7666076660156 2426.17587890625 1053.0987487792968 0.9059244791666666 
695 2041.27607421875 589.5057403564454 2264.85576171875 720.8143890380859 0.7959681919642857 2183.91396484375 860.9952178955078 2425.237890625 1052.634848022461 0.9094354538690477 
696 2044.3408569335938 586.515737915039 2260.719445800781 728.4033905029297 0.7912016369047619 2182.9541870117187 858.6945434570313 2427.7106079101563 1053.7900756835938 0.90576171875 
697 2040.5037109375 588.8679779052734 2264.2052734375 723.7990753173829 0.7945963541666666 2185.9507690429687 864.056494140625 2427.4064086914063 1052.24990234375 0.9077380952380952 
698 2034.950244140625 590.0800598144531 2262.498486328125 725.1869079589844 0.7977353050595238 2183.32138671875 862.4816223144531 2428.646875 1054.4755310058595 0.9076683407738095 
699 2036.5656372070312 586.9435272216797 2257.527868652344 722.3719635009766 0.8058035714285714 2184.46787109375 859.5824188232422 2430.37734375 1055.597329711914 0.9048549107142857 
700 2034.6681030273437 583.794955444336 2259.534777832031 719.4287384033203 0.7958286830357143 2186.3637817382814 862.7503173828125 2429.0768920898436 1055.4930908203125 0.9053896949404762 
701 2037.6124755859375 584.2761993408203 2259.0130126953127 723.5441741943359 0.8037574404761905 2186.2198486328125 863.7735229492188 2429.0462646484375 1056.6061157226563 0.9083426339285714 
702 2033.9470092773438 588.6508575439453 2262.4013793945314 727.8651947021484 0.7974562872023809 2182.909143066406 862.1368865966797 2429.211218261719 1058.4647369384766 0.9035528273809523 
703 2031.2527221679688 587.0718322753906 2259.825158691406 719.2152770996094 0.7911783854166666 2186.1983642578125 862.6224822998047 2429.0565185546875 1059.0518951416016 0.9087146577380952 
704 2034.280078125 586.7611358642578 2259.2384765625 718.879428100586 0.7897600446428571 2182.87880859375 862.6714813232422 2429.26181640625 1055.492886352539 0.91259765625 
705 2037.9474975585938 586.319369506836 2255.7441528320314 721.9959991455078 0.8056408110119048 2182.962255859375 862.204312133789 2429.322412109375 1058.5783416748047 0.9081566220238095 
706 2037.4950805664062 583.7316833496094 2258.977819824219 715.9068664550781 0.78271484375 2182.9976806640625 862.5087066650391 2429.4866943359375 1055.4131072998048 0.9096214657738095 
707 2031.0414794921876 587.4239715576172 2259.8027587890624 719.6766754150391 0.7940383184523809 2183.365612792969 866.7769226074219 2426.424670410156 1056.2200256347655 0.9122488839285714 
708 2033.5627319335938 588.291635131836 2258.5258911132814 723.9838165283203 0.8078729538690477 2182.5768310546873 870.5259338378906 2425.3943603515627 1059.780828857422 0.9170386904761905 
709 2035.2507690429688 591.5508880615234 2260.065393066406 723.5849151611328 0.8057803199404762 2181.421533203125 870.4417999267578 2424.078466796875 1059.571566772461 0.9204799107142857 
710 2034.213427734375 586.3449523925781 2258.676708984375 725.2984802246094 0.8197079613095238 2179.744580078125 873.8445465087891 2425.585498046875 1062.6788299560546 0.9190150669642857 
711 2036.166943359375 592.0510864257812 2260.298876953125 723.6840209960938 0.7972237723214286 2178.746472167969 872.4208923339844 2424.223986816406 1064.5338195800782 0.9151088169642857 
712 2032.7439819335937 592.7463134765625 2260.1966918945313 724.2424560546875 0.7965262276785714 2178.319091796875 869.6810607910156 2423.541748046875 1065.1484069824219 0.9096912202380952 
713 2032.2637451171875 592.7774627685546 2263.2606689453123 724.2681304931641 0.7955264136904762 2178.2429077148436 872.8442749023437 2423.4550903320314 1064.7494750976562 0.9132486979166666 
714 2034.6053344726563 595.0210144042969 2251.427624511719 722.9816711425781 0.8117559523809523 2178.97099609375 874.7299072265625 2424.22919921875 1066.6709716796875 0.9247349330357143 
715 2036.7913818359375 593.0487640380859 2257.2105712890625 721.0339385986329 0.8050362723214286 2182.0054443359377 875.5459899902344 2423.7552978515623 1067.5237121582031 0.9235491071428571 
716 2036.245166015625 592.0017974853515 2260.238720703125 723.5535614013672 0.8007114955357143 2178.7368041992186 878.0790008544922 2424.0632446289064 1066.517984008789 0.9173874627976191 
717 2036.4501953125 590.9452819824219 2260.5732421875 726.1305236816406 0.8083844866071429 2179.02421875 877.5980560302735 2424.49189453125 1066.1459014892578 0.9224562872023809 
718 2033.8774169921876 590.8788055419922 2258.0556884765624 726.0974517822266 0.8163829985119048 2179.22373046875 877.6024566650391 2424.75234375 1066.1967987060548 0.9221307663690477 
719 2037.83544921875 591.9036468505859 2254.8427734375 723.5311065673828 0.8044782366071429 2179.5882202148437 874.5879486083984 2425.0555786132813 1070.2502471923829 0.9242466517857143 
720 2035.6147216796876 590.2642761230469 2252.8296142578124 729.1394104003906 0.8184291294642857 2180.2420288085937 877.1907135009766 2425.9442504882813 1069.4793914794923 0.9246651785714286 
721 2033.342041015625 593.2795166015625 2254.253173828125 725.113671875 0.8182896205357143 2181.621130371094 877.2300109863281 2423.910852050781 1066.0735778808594 0.9290364583333334 
722 2036.4579833984376 591.6594482421875 2257.3735595703124 730.62265625 0.8157784598214286 2178.435986328125 879.1789123535157 2427.856982421875 1068.0262878417968 0.9244559151785714 
723 2033.38447265625 591.8680206298828 2257.871875 730.8363861083984 0.8177780877976191 2178.9312744140625 879.3982513427734 2424.7982177734375 1068.2526885986329 0.9304547991071429 
724 2039.5276000976562 588.1779937744141 2260.3222534179686 730.6261444091797 0.8123139880952381 2179.510400390625 878.2791595458984 2421.672216796875 1070.5841827392578 0.9249209449404762 
725 2041.1936279296874 591.604037475586 2255.1242431640626 727.0934112548828 0.7969912574404762 2180.1113403320314 880.8216979980468 2426.1315795898436 1076.9247619628907 0.9225027901785714 
726 2040.2701171875 594.1814544677734 2257.64052734375 726.0291778564454 0.7969215029761905 2182.6709716796877 883.2321411132813 2424.9857666015623 1075.6584838867188 0.9255487351190477 
727 2034.6414794921875 591.1980163574219 2259.2247314453125 730.2258117675781 0.7964099702380952 2180.6617431640625 883.9242065429687 2423.0692138671875 1076.4241821289063 0.9225725446428571 
728 2036.4592895507812 591.7736114501953 2262.7040405273438 729.6416107177735 0.8080357142857143 2180.8534545898438 881.6498992919921 2428.3088989257812 1076.079165649414 0.9251302083333334 
729 2037.756005859375 590.825244140625 2258.894384765625 729.92841796875 0.7938058035714286 2183.4439086914062 883.7101837158203 2425.9830932617188 1076.3146575927735 0.9238513764880952 
730 2034.9412719726563 590.3725555419921 2256.029187011719 725.8781158447266 0.80126953125 2180.1843505859374 885.9337707519531 2426.2341064453126 1074.9284118652345 0.9212472098214286 
731 2032.136376953125 591.3148895263672 2256.854833984375 726.859487915039 0.8004557291666666 2180.5768188476563 883.8058929443359 2426.6973510742187 1076.4219512939453 0.9222005208333334 
732 2035.0749145507812 589.7289245605468 2252.355505371094 728.6459533691407 0.8029203869047619 2182.4859375 884.9618103027344 2428.262109375 1077.308331298828 0.9196893601190477 
733 2030.0217895507812 593.0362426757813 2254.3812866210938 728.3641479492187 0.8064778645833334 2180.9645141601563 885.0595733642579 2426.6914916992187 1077.367611694336 0.9168061755952381 
734 2035.5211181640625 592.6856750488281 2259.7933349609375 727.9610534667969 0.7910621279761905 2180.9283813476563 887.7448608398438 2426.5601440429687 1076.4184692382812 0.9251999627976191 
735 2033.6455322265624 594.9059509277344 2257.8783935546876 730.1575256347656 0.8001999627976191 2181.7651489257814 886.7646362304688 2427.3537475585936 1078.9643676757812 0.9225725446428571 
736 2033.6778930664063 589.0032562255859 2261.4790893554687 731.3788848876953 0.79345703125 2182.2142822265623 886.7600708007812 2427.8120849609377 1082.5265502929688 0.9231305803571429 
737 2036.657080078125 585.6193145751953 2255.677880859375 723.390512084961 0.8143601190476191 2179.7271240234377 891.1888214111328 2430.5414306640623 1089.014242553711 0.9231073288690477 
738 2037.5248779296876 584.9282928466797 2253.3432861328124 722.9103912353515 0.8103841145833334 2180.4059936523436 894.0953216552734 2431.6040161132814 1088.6855010986328 0.9241071428571429 
739 2033.0829833984376 579.4394500732421 2252.5385986328124 717.4840728759766 0.8098260788690477 2178.751501464844 902.768896484375 2433.603234863281 1093.9076171875 0.9258045014880952 
740 2039.8698974609374 573.7455902099609 2250.2966064453126 705.7082061767578 0.8003394717261905 2178.0052001953127 898.3022338867188 2427.6642333984373 1094.4629028320312 0.9254324776785714 
741 2032.4567504882812 569.9966583251953 2242.818395996094 698.3530120849609 0.7998744419642857 2175.623486328125 902.2696258544922 2428.770556640625 1098.369595336914 0.9224097842261905 
742 2030.6626953125 562.9446624755859 2242.2630859375 689.9050079345703 0.8004092261904762 2166.439807128906 902.4550506591797 2423.887097167969 1096.4222076416015 0.9227120535714286 
743 2014.7409240722657 553.6719512939453 2240.134930419922 676.9343109130859 0.7852027529761905 2169.0220458984377 901.2446899414062 2419.0682861328123 1087.8991088867188 0.9071335565476191 
744 2020.7094116210938 539.762075805664 2232.7576293945312 681.1276336669922 0.7698567708333334 2163.026501464844 892.9040283203125 2413.950305175781 1083.7475830078124 0.9169689360119048 
745 2011.8823303222657 539.8677581787109 2226.825555419922 670.2431427001953 0.7777157738095238 2150.660290527344 888.4388977050781 2407.887316894531 1075.1928161621095 0.9255254836309523 
746 2002.8435180664062 530.8927612304688 2219.9311401367186 653.4421997070312 0.7898297991071429 2146.9401611328126 879.1485534667969 2399.0417724609374 1064.7233947753907 0.9242001488095238 
747 1996.8389404296875 528.8102294921875 2212.5380126953123 643.6177490234375 0.7594401041666666 2136.9362182617188 866.8100402832031 2390.9043579101562 1044.2398864746094 0.9226888020833334 
748 1998.5138366699218 524.7850921630859 2212.8441955566404 656.1488067626954 0.7666945684523809 2126.2875244140623 851.5989288330078 2385.5581787109377 1031.3598724365233 0.9165969122023809 
749 1988.6419555664063 511.9873443603516 2207.901745605469 652.4505828857422 0.7707403273809523 2121.726318359375 824.9331451416016 2375.245361328125 1016.7854217529297 0.9157831101190477 
750 1986.5744934082031 515.3484039306641 2205.2139587402344 643.1683807373047 0.7465122767857143 2125.132434082031 802.9433563232421 2353.862927246094 994.6732818603516 0.8714425223214286 
751 1976.1177795410156 509.6285369873047 2202.9577819824217 633.0560943603516 0.7844819568452381 2126.489123535156 786.3782623291015 2339.985241699219 979.8593475341797 0.8463541666666666 
752 1976.6278015136718 514.9940643310547 2210.6384338378907 628.6563873291016 0.7660435267857143 2129.634655761719 768.0341674804688 2330.215197753906 961.9287231445312 0.8324032738095238 
753 1984.711083984375 519.1162109375 2207.906103515625 629.048095703125 0.7870396205357143 2128.33994140625 761.7864410400391 2328.2162109375 945.0062225341796 0.8286365327380952 
754 1986.555242919922 531.1927124023438 2213.3193908691405 644.5748657226562 0.7551618303571429 2131.104528808594 743.7201538085938 2327.856164550781 927.1325073242188 0.8230096726190477 
755 1991.2452026367187 526.5148498535157 2215.4161743164063 653.6566589355468 0.7283528645833334 2133.7006591796876 730.9969604492187 2327.7593017578124 915.0180541992188 0.8214053199404762 
756 1989.2292785644531 533.9855163574218 2223.9410095214844 658.0474426269532 0.7489071800595238 2135.7307006835936 720.4653167724609 2330.2060668945314 904.8817901611328 0.8232886904761905 
757 1989.7932067871093 533.0927490234375 2227.640997314453 653.691552734375 0.7544875372023809 2145.051306152344 711.6717895507812 2332.649621582031 892.5701538085938 0.8267299107142857 
758 1985.861639404297 521.9636810302734 2227.4285217285155 646.1021759033204 0.7702752976190477 2149.874072265625 695.2671539306641 2334.404248046875 883.1524627685546 0.8201962425595238 
759 1989.0640747070313 528.8291473388672 2230.705700683594 649.6500396728516 0.7586960565476191 2157.645263671875 692.6343322753906 2325.451904296875 870.5094665527344 0.8145693824404762 
760 1987.3933715820312 523.5126647949219 2229.2279663085938 644.4299621582031 0.7565104166666666 2162.4391845703126 678.5348083496094 2320.3034912109374 866.6283996582031 0.8192429315476191 
761 1989.4145202636719 519.3786041259766 2231.3927307128906 643.7286346435546 0.7410249255952381 2161.203564453125 671.9076873779297 2325.883349609375 863.473843383789 0.8039202008928571 
762 1987.9846923828125 523.7128326416016 2223.3614990234373 644.7636688232421 0.7567894345238095 2161.6718872070314 665.9734771728515 2326.4357788085936 854.2748748779297 0.8092912946428571 
763 1980.5867980957032 520.0600280761719 2229.4296813964843 637.7558898925781 0.7605794270833334 2163.9854736328125 664.9165008544921 2325.3968505859375 849.8671295166016 0.8136625744047619 
764 1978.3205444335938 522.4281158447266 2227.8745239257814 633.7156219482422 0.7536737351190477 2166.0048706054686 674.0541564941407 2317.7605102539064 842.6715515136718 0.8096168154761905 
765 1977.1193603515626 520.3630920410156 2223.0002685546874 638.2512878417969 0.7546968005952381 2165.2221435546876 663.6426147460937 2330.2656494140624 842.1590209960938 0.8003627232142857 
766 1981.1573669433594 529.6406921386719 2220.6796691894533 640.9679504394531 0.7790876116071429 2164.7565795898436 661.5985260009766 2319.9399536132814 843.7703094482422 0.8020368303571429 
767 1987.9800231933593 531.602993774414 2223.451251220703 645.9748260498047 0.7452334449404762 2165.8772216796874 666.9343475341797 2317.2516845703126 841.8559967041016 0.7979910714285714 
768 1995.0670471191406 531.5714660644531 2223.243865966797 649.0153259277344 0.7543480282738095 2161.037255859375 669.5357818603516 2315.391943359375 844.0237274169922 0.8088960193452381 
769 1985.750390625 527.3913787841797 2223.6783203125 648.0310455322266 0.7636951264880952 2163.3585815429688 670.7154205322265 2314.1582641601562 844.9726287841797 0.8025948660714286 
770 1993.6136535644532 530.9563415527343 2224.7592712402343 651.5540344238282 0.7617420014880952 2163.0431884765626 675.0035949707031 2310.4402099609374 842.5003112792969 0.8093843005952381 
771 1990.5117065429688 530.2576263427734 2224.3742797851564 643.8479034423829 0.7620210193452381 2158.712927246094 666.4632141113282 2315.734582519531 846.8713806152343 0.8036179315476191 
772 1981.6430358886719 529.6602600097656 2225.7604064941406 650.0468933105469 0.7605794270833334 2159.2645874023438 664.194857788086 2313.0921020507812 844.7748077392578 0.7926432291666666 
773 1995.824774169922 528.1640106201172 2220.4116760253905 648.8376373291015 0.7435825892857143 2157.8830688476564 660.0540618896484 2318.7812377929686 844.4165802001953 0.8035946800595238 
774 1988.4935974121095 529.794287109375 2226.991387939453 647.363671875 0.7441173735119048 2160.583984375 664.5468902587891 2318.462890625 845.9394989013672 0.8094308035714286 
775 1977.6053039550782 533.2622467041016 2229.8975036621096 644.2707733154297 0.7707170758928571 2162.2314331054686 665.2303741455078 2316.9704711914064 843.5167572021485 0.7959914434523809 
776 1980.9140380859376 530.312045288086 2226.6552978515624 644.7668731689453 0.7647879464285714 2161.1416748046877 659.3974395751953 2326.0912353515623 844.5450042724609 0.7995721726190477 
777 1978.2899658203125 530.4632049560547 2227.4932373046877 644.9621490478515 0.7672293526785714 2158.5868286132813 662.5773468017578 2326.9676147460937 844.4285736083984 0.8054315476190477 
778 1989.9182067871093 529.9729583740234 2225.709356689453 647.8685333251954 0.7420014880952381 2161.7089965820314 667.6905212402344 2323.3942749023436 849.5865783691406 0.8075939360119048 
779 1988.8384155273438 527.6851287841797 2227.916223144531 645.540396118164 0.7449776785714286 2166.139440917969 656.4193115234375 2327.769494628906 848.35498046875 0.8047805059523809 
780 1979.33544921875 531.9375885009765 2221.6064453125 642.9784881591797 0.7384672619047619 2164.2741088867188 660.5794036865234 2329.1528930664062 845.6474639892579 0.7880626860119048 
781 1985.6184875488282 525.6103790283203 2223.8315856933596 649.7496673583985 0.7513020833333334 2165.2461181640624 660.2021453857421 2322.9364990234376 848.0885650634766 0.8035714285714286 
782 1981.4140869140624 525.7935211181641 2220.7289794921876 647.1363494873046 0.7456519717261905 2165.24326171875 661.0078125 2316.92177734375 846.3927001953125 0.7973167782738095 
783 1986.7535461425782 531.0906158447266 2221.3395935058593 651.7348846435547 0.7524181547619048 2163.2085815429687 668.8777130126953 2320.7164672851563 846.4928314208985 0.7833426339285714 
784 1986.2219116210938 528.8139953613281 2217.6088989257814 649.5376892089844 0.74560546875 2162.019421386719 663.7252655029297 2322.984240722656 844.8108062744141 0.7973400297619048 
785 1983.1141967773438 526.0093170166016 2225.5676879882812 650.6034149169922 0.7594866071428571 2161.9753295898436 664.4615814208985 2313.5088012695314 846.3015411376953 0.7945033482142857 
786 1983.3461059570313 528.9429351806641 2222.4778686523437 646.8247039794921 0.7633231026785714 2162.6301025390626 667.4215759277344 2307.4563232421874 842.5602355957031 0.7850399925595238 
787 1983.1313049316407 526.9592254638671 2219.290936279297 651.7864410400391 0.7632533482142857 2164.92236328125 672.4179443359375 2309.99169921875 841.10341796875 0.8001999627976191 
788 1987.72666015625 523.6960723876953 2217.26552734375 648.592318725586 0.7539992559523809 2163.6460083007814 674.4284271240234 2308.7956420898436 843.2071319580078 0.8067103794642857 
789 1983.824755859375 526.80927734375 2216.933544921875 645.052783203125 0.7518601190476191 2159.890661621094 668.3117156982422 2308.539758300781 843.9877838134765 0.7893880208333334 
790 1978.6789672851562 522.5801818847656 2218.7260620117186 647.6751892089844 0.7588588169642857 2163.4606689453126 667.9608642578125 2312.2224365234374 840.3892333984375 0.8065941220238095 
791 1977.8894287109374 525.532373046875 2218.9054931640626 647.7377685546875 0.7600678943452381 2161.1973876953125 671.4999145507812 2307.1649169921875 841.2295776367188 0.7858770461309523 
792 1968.0899230957032 525.6925048828125 2223.0100524902346 641.25634765625 0.7340029761904762 2158.0383178710936 662.0421905517578 2307.5913208007814 842.1858978271484 0.7855747767857143 
793 1979.4491088867187 522.7652648925781 2217.836291503906 645.3643737792969 0.7405598958333334 2156.929736328125 668.8101593017578 2310.178662109375 842.4922698974609 0.7656947544642857 
794 1980.3581970214843 523.6997589111328 2215.677081298828 643.064340209961 0.7374674479166666 2158.093298339844 672.9710845947266 2308.151574707031 840.0814666748047 0.7991303943452381 
795 1980.0106811523438 523.3894622802734 2218.8206176757812 646.2060577392579 0.7473725818452381 2158.199743652344 673.10498046875 2308.308801269531 840.2720947265625 0.80224609375 
796 1980.8692321777344 517.8895263671875 2219.302276611328 647.3245849609375 0.7404901413690477 2157.990832519531 663.9624694824219 2314.675427246094 844.4902893066406 0.7801571800595238 
797 1973.2722961425782 524.8854858398438 2222.0351989746096 644.1554077148437 0.7500465029761905 2156.8953369140627 664.9948303222657 2313.6500732421873 842.1958435058593 0.7889229910714286 
798 1973.053155517578 522.339208984375 2221.8934997558595 645.0549560546875 0.7576032366071429 2156.733447265625 668.5230926513672 2313.537060546875 842.3704010009766 0.7941778273809523 
799 1977.391943359375 517.8043487548828 2217.080712890625 644.4969818115235 0.748046875 2157.6853271484374 661.6176544189453 2318.6193603515626 843.0962738037109 0.7900623139880952 
800 1985.5528503417968 515.4218780517579 2218.2177795410157 642.0189788818359 0.7324683779761905 2160.051647949219 664.7854248046875 2317.442736816406 842.7057861328125 0.7962007068452381 
801 1975.6105407714845 520.2853302001953 2224.474053955078 643.012582397461 0.7432570684523809 2160.0949096679688 663.0737884521484 2310.0947875976562 843.7556182861329 0.7956426711309523 
802 1977.7749084472657 522.7745025634765 2219.771844482422 638.6602508544922 0.7484421502976191 2157.6338623046877 659.5040069580078 2317.8290283203123 840.1494964599609 0.7861560639880952 
803 1981.7048889160155 517.185415649414 2210.140692138672 633.1079803466797 0.7344912574404762 2157.8180541992188 661.8263671875 2314.6543579101562 842.5292236328125 0.7906436011904762 
804 1984.4434509277344 521.8556121826172 2214.065948486328 638.3804107666016 0.7553943452380952 2156.5943359375 665.0071197509766 2310.81826171875 843.2214569091797 0.8063848586309523 
805 1976.8217895507812 525.762094116211 2220.2966186523436 638.9264434814453 0.7728097098214286 2159.362023925781 663.7223266601562 2306.818395996094 838.6126342773438 0.8122674851190477 
806 1983.274169921875 526.1285003662109 2218.581787109375 635.2566925048828 0.7673223586309523 2161.001086425781 653.8819030761719 2311.052380371094 838.0358215332031 0.8127092633928571 
807 1989.7664733886718 521.72255859375 2213.8430236816407 640.5510009765625 0.7600678943452381 2163.699914550781 652.6949859619141 2306.293981933594 836.0302947998047 0.8019438244047619 
808 1972.268212890625 526.4663238525391 2219.660498046875 645.0790252685547 0.7385370163690477 2161.266491699219 655.3761108398437 2306.990588378906 831.6006958007813 0.7829938616071429 
809 1969.7858276367188 525.2211395263672 2217.2158813476562 637.073110961914 0.7532087053571429 2161.4201416015626 661.9725006103515 2307.1667724609374 831.4451629638672 0.8083147321428571 
810 1978.8714477539063 524.2727020263671 2215.663464355469 635.9031402587891 0.7571382068452381 2158.1569091796873 657.7608642578125 2306.9973876953127 830.2806396484375 0.81201171875 
811 1980.737890625 520.5994537353515 2207.88369140625 629.0870086669922 0.7591378348214286 2162.245849609375 659.5990814208984 2308.026123046875 829.1109405517578 0.8053617931547619 
812 1981.2932189941407 524.6645538330079 2218.789666748047 643.4127777099609 0.7670200892857143 2161.8950927734377 662.3341888427734 2304.3929931640623 831.9745880126953 0.7969680059523809 
813 1986.173291015625 526.1332092285156 2217.351123046875 638.3224792480469 0.751953125 2163.348425292969 657.6744720458985 2309.534631347656 831.0577667236328 0.8111746651785714 
814 1985.1460693359375 525.0053161621094 2215.9144775390623 636.9959045410156 0.7609514508928571 2159.3971435546873 661.5346099853516 2305.3240478515627 834.6108367919921 0.8060360863095238 
815 1976.9018310546876 521.842822265625 2207.3008056640624 637.0423095703125 0.7490699404761905 2160.9081298828123 652.5499420166016 2309.9898193359377 832.1255340576172 0.8227306547619048 
816 1988.6800170898437 525.1889251708984 2215.5360473632813 643.6957794189453 0.7574172247023809 2162.1428344726564 659.1928405761719 2307.7368041992186 835.2601623535156 0.8091517857142857 
817 1989.0445251464844 530.1252807617187 2219.003448486328 641.7231079101563 0.7634393601190477 2162.6844482421875 660.5828582763672 2308.0997314453125 836.433804321289 0.8050595238095238 
818 1989.3904418945312 528.1066741943359 2219.1517944335938 646.3662872314453 0.7654157366071429 2163.2711181640625 667.41904296875 2305.1824951171875 839.74013671875 0.8078962053571429 
819 1988.6029846191407 523.4680786132812 2209.452069091797 638.9890747070312 0.7569521949404762 2161.4924072265626 668.7841186523438 2310.9905029296874 838.6680297851562 0.8088727678571429 
820 1993.392529296875 525.7934875488281 2214.160205078125 644.6684265136719 0.7443033854166666 2160.2093994140623 662.434375 2316.4448974609377 842.44501953125 0.8062453497023809 
821 1991.4437072753906 526.4142517089844 2215.6938659667967 645.3348937988281 0.7426060267857143 2163.9439331054687 666.1133087158203 2320.2394165039063 842.7953216552735 0.8015718005952381 
822 1980.5380981445312 522.2474731445312 2220.9533569335936 650.9204956054688 0.7498372395833334 2162.607873535156 676.4467407226563 2314.983679199219 845.7533325195312 0.8211263020833334 
823 1991.1779296875 527.5379669189454 2218.27421875 646.1703460693359 0.7558361235119048 2163.6511962890627 671.7219329833985 2319.5680419921873 851.3652862548828 0.8234514508928571 
824 1978.0918029785157 521.3883850097657 2221.935906982422 650.0837829589843 0.7464192708333334 2162.4077392578124 671.8369293212891 2321.5834716796876 851.3331756591797 0.8017113095238095 
825 1989.6811279296876 520.4173522949219 2219.7944580078124 652.3941711425781 0.7439546130952381 2161.8757568359374 676.3425811767578 2320.9245361328126 855.695687866211 0.8105003720238095 
826 1984.6917358398437 523.6249206542968 2232.2665161132813 659.2824279785157 0.7364443824404762 2164.4378051757812 678.0657989501954 2323.8353881835938 854.4205902099609 0.8067568824404762 
827 1983.159600830078 526.1702514648438 2227.3661560058595 651.6653198242187 0.7405598958333334 2165.1403930664064 676.4512725830078 2324.5532104492186 856.2144378662109 0.8023390997023809 
828 1985.5383422851562 522.3883422851562 2223.2304565429686 648.0255981445313 0.7465355282738095 2166.941857910156 675.0598266601562 2326.534948730469 858.4223510742188 0.8130115327380952 
829 1978.6551147460937 524.1816925048828 2227.7025512695313 650.411264038086 0.7667178199404762 2165.5063232421876 689.6448364257812 2319.0288330078124 860.2254028320312 0.8076869419642857 
830 1979.135302734375 525.8150329589844 2227.897412109375 648.4922180175781 0.7694614955357143 2164.9860961914064 687.2876190185547 2325.1479370117186 864.4880767822266 0.8165457589285714 
831 1987.9701904296876 522.7482849121094 2226.3926025390624 655.5836242675781 0.7666713169642857 2164.6909057617186 687.5479797363281 2324.7746704101564 868.0678649902344 0.8135230654761905 
832 1987.5221008300782 526.5571960449219 2229.4333435058593 656.0308166503906 0.7721354166666666 2168.1036743164063 686.171420288086 2321.4278198242187 863.3458526611328 0.8133370535714286 
833 1990.301934814453 532.4958221435547 2230.6618103027345 661.1392486572265 0.7691824776785714 2165.9495483398437 685.097134399414 2328.4466918945313 867.9062225341797 0.8071986607142857 
834 1989.9677368164062 534.0351989746093 2234.879675292969 663.2942687988282 0.78271484375 2163.8394287109377 681.741162109375 2330.5155517578123 868.8265869140625 0.8092447916666666 
835 1995.7362243652344 539.8143493652344 2240.5397766113283 662.2160461425781 0.7791341145833334 2164.3000732421874 681.4393707275391 2330.9025634765626 868.4420379638672 0.8104306175595238 
836 1997.7959899902344 544.1561859130859 2244.665069580078 669.2817413330079 0.7941313244047619 2168.8353637695313 677.2158813476562 2331.1604858398437 866.5950317382812 0.8058268229166666 
837 2002.4676025390625 550.2234039306641 2250.9777099609373 672.7764129638672 0.7688569568452381 2169.0138549804688 675.1331726074219 2335.8223266601562 872.5797180175781 0.7966424851190477 
838 2006.3159057617188 554.4141540527344 2251.5407836914064 673.6207580566406 0.77294921875 2166.52421875 672.965771484375 2340.22529296875 877.3199951171875 0.8040132068452381 
839 2006.8633239746093 559.4745788574219 2252.357501220703 682.2215881347656 0.7705775669642857 2167.247607421875 679.7299194335938 2341.139111328125 874.0792846679688 0.7986188616071429 
840 2017.1978088378905 556.9697021484375 2251.651190185547 682.691064453125 0.7716238839285714 2168.40322265625 677.2021789550781 2338.29697265625 870.8810729980469 0.8075241815476191 
841 2009.7898071289062 557.2846771240235 2255.6259643554686 683.6172393798828 0.7745303199404762 2164.7507080078126 675.0812255859375 2342.2990966796874 873.1160400390625 0.8093610491071429 
842 2009.861279296875 557.4715637207031 2251.538134765625 680.0119567871094 0.7715773809523809 2166.178955078125 677.1317321777344 2346.585693359375 874.5579650878906 0.80126953125 
843 2006.2628967285157 557.8576110839844 2250.991864013672 683.6210266113281 0.7691359747023809 2169.1539916992188 681.1371337890625 2339.1045532226562 871.4817626953125 0.8010602678571429 
844 2005.70048828125 560.2903411865234 2253.65009765625 685.9633819580079 0.7679036458333334 2166.645703125 678.2558227539063 2333.07744140625 868.4636596679687 0.7957821800595238 
845 2004.531317138672 566.070932006836 2259.0474182128905 691.6322540283203 0.7588588169642857 2171.7288818359375 675.7086608886718 2334.6192626953125 869.1409484863282 0.7924107142857143 
846 2008.173681640625 567.6992614746093 2259.326318359375 696.6695129394532 0.7709728422619048 2166.7756958007812 680.744027709961 2333.0795288085938 870.8054718017578 0.8047572544642857 
847 2005.7635070800782 562.6338928222656 2256.8686950683596 684.7931091308594 0.7826683407738095 2170.3392822265623 683.0965057373047 2329.8247802734377 869.728628540039 0.8084542410714286 
848 2008.962225341797 564.1527465820312 2256.7434631347655 682.9519897460938 0.7736700148809523 2167.5786865234377 684.6490997314453 2330.5033447265623 867.939340209961 0.8082217261904762 
849 2011.4032165527344 566.7528900146484 2255.7624328613283 682.1446319580078 0.7650902157738095 2166.999267578125 683.8415832519531 2329.905517578125 870.5047302246094 0.8104073660714286 
850 2008.7465270996095 568.911978149414 2253.153985595703 687.7211395263672 0.7621372767857143 2169.595947265625 680.0181274414062 2332.533935546875 876.9017944335938 0.8050362723214286 
851 2003.7488952636718 566.9391082763672 2257.2912658691407 695.4006744384766 0.7614629836309523 2167.3162353515627 679.1479248046875 2332.9640380859373 871.840234375 0.7952706473214286 
852 2004.0083312988281 568.9519805908203 2257.7439880371094 697.5114593505859 0.7663225446428571 2170.302880859375 677.86318359375 2336.077001953125 877.4687255859375 0.7972935267857143 
853 2006.8371459960938 568.0166076660156 2260.7329223632814 696.6570983886719 0.7632300967261905 2167.6377807617187 676.9964996337891 2336.9015258789063 876.7278045654297 0.7961309523809523 
854 2008.754638671875 561.9215606689453 2258.922119140625 687.0053802490235 0.7600446428571429 2169.725134277344 681.5443328857422 2331.996301269531 874.2410064697266 0.7983165922619048 
855 2012.1149108886718 563.6624877929687 2256.8568908691404 696.2310668945313 0.77978515625 2167.5627563476564 685.5105346679687 2334.1230346679686 872.4661499023438 0.8106631324404762 
856 2014.9878723144532 564.8792114257812 2252.2361267089846 690.2819213867188 0.7820638020833334 2171.806359863281 693.4104736328125 2337.880407714844 879.819873046875 0.8135928199404762 
857 2010.2731628417969 565.1605163574219 2254.6127014160156 694.1174377441406 0.7754836309523809 2169.9032592773438 693.4648254394531 2342.9768676757812 886.9002868652344 0.8106863839285714 
858 2013.8403625488281 562.519400024414 2251.4212341308594 684.7039276123047 0.7832728794642857 2170.487255859375 698.6715667724609 2340.188037109375 885.3424102783204 0.8092680431547619 
859 2009.568670654297 560.9990264892579 2254.9758850097655 693.9279144287109 0.7788783482142857 2172.911413574219 698.5161926269532 2343.332971191406 889.3884704589843 0.8162434895833334 
860 2009.1562561035157 567.5274658203125 2260.630242919922 703.4593505859375 0.7849469866071429 2172.797253417969 706.2041290283203 2342.712268066406 886.3138763427735 0.8171270461309523 
861 2012.4303283691406 572.4584045410156 2256.920623779297 708.2863464355469 0.7928059895833334 2172.5505493164064 702.8010528564453 2342.3354370117186 886.168734741211 0.8132905505952381 
862 2012.9696533203125 580.1949676513672 2260.7066162109377 719.3348785400391 0.7873186383928571 2173.38505859375 702.2360717773438 2343.06806640625 892.2807739257812 0.80712890625 
863 2018.8560302734375 584.5356323242188 2263.1132080078123 727.0189331054687 0.7984328497023809 2173.604382324219 704.7070098876953 2343.227404785156 891.2923187255859 0.8012462797619048 
864 2017.5854553222657 588.97373046875 2268.050164794922 734.5140625 0.8057105654761905 2175.3625244140626 713.4250518798829 2344.5954833984374 886.0426605224609 0.8130347842261905 
865 2015.383642578125 588.7937896728515 2263.743310546875 731.6856414794922 0.8093843005952381 2170.1830810546876 706.30009765625 2347.0967041015624 896.8224609375 0.8213820684523809 
866 2017.970770263672 592.5381225585937 2269.1733947753905 735.1125122070313 0.8014322916666666 2170.99033203125 713.5696380615234 2340.72158203125 893.4849884033204 0.8126860119047619 
867 2016.6916931152343 585.2192352294921 2264.756671142578 731.3396636962891 0.7981305803571429 2171.6997314453124 711.6042633056641 2345.0053466796876 895.1042938232422 0.8128022693452381 
868 2020.5320922851563 588.3405120849609 2261.373913574219 727.4182159423829 0.7975027901785714 2175.265966796875 714.1105682373047 2341.480615234375 893.8938873291015 0.8116164434523809 
869 2018.9951782226562 585.683154296875 2259.5031127929688 727.9553955078125 0.8068498883928571 2179.5073364257814 712.0605163574219 2338.7170288085936 888.2071838378906 0.8245675223214286 
870 2016.8641418457032 589.0268951416016 2263.9042907714843 731.1595672607422 0.8087100074404762 2177.6095458984373 724.2611602783203 2340.0467041015627 890.082650756836 0.8125697544642857 
871 2018.913800048828 584.5617919921875 2263.117816162109 730.405859375 0.7933175223214286 2176.2375366210936 716.3171539306641 2345.8237426757814 896.0784149169922 0.8156854538690477 
872 2021.3724853515625 584.1011444091797 2259.0420654296877 719.9123443603515 0.7877604166666666 2177.2943603515623 714.4276153564454 2353.8487060546877 897.7727630615234 0.8150809151785714 
873 2020.073992919922 581.7179351806641 2258.774273681641 711.2981170654297 0.7675316220238095 2178.50791015625 717.0689025878906 2362.64833984375 901.2091735839844 0.8086635044642857 
874 2017.448223876953 581.7142059326172 2263.448626708984 711.547817993164 0.7579985119047619 2182.6311157226564 708.6568023681641 2363.7148315429686 899.9904754638671 0.8059663318452381 
875 2018.5529479980469 573.4888275146484 2262.6830139160156 707.5883819580079 0.7701125372023809 2187.0370239257813 698.1987945556641 2369.2747436523437 897.6289031982421 0.8072916666666666 
876 2026.80908203125 572.4839385986328 2264.9033203125 707.0590911865235 0.7749720982142857 2195.890588378906 703.7411285400391 2371.873327636719 896.9771942138672 0.8062220982142857 
877 2013.4140197753907 569.9681182861328 2253.585369873047 702.2365325927734 0.7689732142857143 2199.6338134765624 708.1270233154297 2380.6327880859376 896.0873931884765 0.7979678199404762 
878 2013.7917236328126 567.9558410644531 2260.5422607421874 703.4949645996094 0.7734607514880952 2204.000866699219 714.7230865478516 2377.768908691406 898.9172332763671 0.7957356770833334 
879 2016.2306579589845 570.412353515625 2255.763116455078 698.857177734375 0.7828776041666666 2205.4265625 721.5552795410156 2379.00068359375 905.5438415527344 0.8032924107142857 
880 2018.7163635253905 568.0510131835938 2259.688787841797 700.7605102539062 0.7705078125 2209.0498046875 728.9679779052734 2383.66748046875 910.5705352783203 0.8065243675595238 
881 2016.9352172851563 568.8727172851562 2257.3872924804687 701.2956176757813 0.7666480654761905 2207.661669921875 725.1531616210938 2374.932568359375 920.3026489257812 0.8014322916666666 
882 2018.6154235839845 566.0496307373047 2255.323175048828 701.808462524414 0.7860398065476191 2209.53466796875 734.8779357910156 2369.66064453125 915.8897644042969 0.8179408482142857 
883 2019.7800720214843 571.7544464111328 2259.713702392578 707.369027709961 0.7880161830357143 2207.821813964844 734.2512420654297 2371.254602050781 922.0253082275391 0.8258463541666666 
884 2016.1328979492187 572.2915924072265 2259.8356079101563 701.1059295654297 0.7733444940476191 2201.7219482421874 734.5815551757812 2368.8322509765626 919.0993530273438 0.8264741443452381 
885 2020.073046875 567.0107025146484 2257.50458984375 703.1846710205078 0.7826218377976191 2199.6240478515624 739.0411804199218 2370.7143310546876 920.6065246582032 0.8247767857142857 
886 2017.0281188964843 567.5745361328125 2257.996417236328 703.773974609375 0.7913178943452381 2197.0156127929686 736.1448638916015 2368.1379516601564 924.7287322998047 0.8306594122023809 
887 2017.5066040039062 569.4073089599609 2262.6254760742186 698.9701934814453 0.7787388392857143 2195.689245605469 741.5292785644531 2367.272424316406 920.1159851074219 0.8314034598214286 
888 2020.9950927734376 567.1011108398437 2255.6660400390624 707.2030883789063 0.8074776785714286 2192.6199584960937 745.8658325195313 2364.2450317382813 924.4958618164062 0.8391462053571429 
889 2020.99111328125 566.7568542480469 2262.60703125 706.8240783691406 0.7977585565476191 2193.785498046875 741.5715393066406 2361.866357421875 930.6623474121094 0.8351469494047619 
890 2026.4136108398438 568.1966888427735 2266.646691894531 705.9775665283203 0.7810872395833334 2195.3106079101562 735.5990783691407 2361.3541870117188 929.9054382324218 0.8325427827380952 
891 2024.438427734375 573.0962982177734 2263.995166015625 699.9204864501953 0.7826218377976191 2192.4534545898437 739.6208129882813 2361.5521606445313 926.3342651367187 0.8497256324404762 
892 2023.7443115234375 573.6952819824219 2263.7498291015627 700.7571105957031 0.7794828869047619 2192.0740966796875 744.4685302734375 2361.4898681640625 920.943212890625 0.8304966517857143 
893 2027.8311401367187 570.3950988769532 2266.4874633789063 705.7523620605468 0.7877139136904762 2192.6436157226562 734.1116394042969 2356.4972534179688 922.8993469238281 0.8269856770833334 
894 2023.09228515625 566.1433135986329 2263.103515625 705.8514984130859 0.77490234375 2194.351708984375 752.9719268798829 2359.135595703125 921.3381927490234 0.8304268973214286 
895 2024.2609985351562 568.2581085205078 2259.4140502929686 700.086312866211 0.7979910714285714 2190.6220947265624 743.8006805419922 2361.6425537109376 921.9469390869141 0.8376116071428571 
896 2025.56064453125 570.6038543701172 2256.426171875 704.0730865478515 0.7745768229166666 2187.194128417969 752.3550628662109 2363.950646972656 921.8970733642578 0.8306129092261905 
897 2025.9743041992188 572.3481903076172 2250.1401977539062 706.1246490478516 0.7852957589285714 2184.3644287109373 748.5382263183594 2361.5281494140627 922.0861633300781 0.8360072544642857 
898 2035.2545043945313 567.0103149414062 2248.674450683594 697.2324829101562 0.7796456473214286 2194.1369018554688 748.4309661865234 2356.9146118164062 922.0605499267579 0.8447265625 
899 2031.5455200195313 565.6862823486329 2252.144665527344 692.2595794677734 0.7898995535714286 2185.2416259765623 746.6443389892578 2351.5952880859377 920.230599975586 0.8423781622023809 
900 2031.1593383789063 566.5384185791015 2251.2671752929687 696.4382049560547 0.7847609747023809 2187.7051391601562 747.5098663330078 2350.0797729492188 920.7095550537109 0.8307756696428571 
901 2018.54853515625 574.6409362792969 2252.4177734375 704.1685119628906 0.7841796875 2180.1811767578124 746.3756622314453 2356.4828857421876 922.677133178711 0.8308454241071429 
902 2024.8980712890625 573.8876434326172 2247.8245849609375 703.328970336914 0.7805989583333334 2182.8274169921874 747.4441040039062 2355.4157470703126 930.8193237304688 0.8319614955357143 
903 2026.5858154296875 569.4053344726562 2249.4615478515625 695.2222290039062 0.7776925223214286 2184.8939819335938 741.6777374267579 2353.8479614257812 932.2004974365234 0.8364955357142857 
904 2025.2140625 572.6225524902344 2251.07255859375 698.0993713378906 0.7969447544642857 2180.33671875 744.0156311035156 2352.419140625 937.6085144042969 0.8359607514880952 
905 2026.9321655273438 574.6060363769532 2249.455285644531 696.6348083496093 0.7811802455357143 2172.7041748046877 747.0200073242188 2352.1581298828123 930.0632446289062 0.8356352306547619 
906 2024.3587036132812 571.5505126953125 2250.6542358398438 704.454248046875 0.7649507068452381 2176.189562988281 752.1171752929688 2355.789196777344 924.5328491210937 0.8310314360119048 
907 2027.704052734375 575.5484069824219 2247.303759765625 701.5482727050781 0.7952938988095238 2182.6423828125 754.4405242919922 2355.44208984375 938.0403717041015 0.8358212425595238 
908 2026.6002807617188 573.8141876220703 2250.4995727539062 707.4314788818359 0.7782970610119048 2166.4678955078125 751.7390747070312 2357.8656005859375 932.3029174804688 0.8211030505952381 
909 2022.7285522460938 577.716763305664 2254.512902832031 711.7171356201172 0.7565801711309523 2175.39423828125 752.5301544189454 2363.71904296875 940.8550384521484 0.8061058407738095 
910 2024.3644897460938 576.2449340820312 2256.9511840820314 703.4408569335938 0.7946428571428571 2178.397424316406 747.1906768798829 2360.105749511719 943.4358489990234 0.8371233258928571 
911 2025.0296630859375 575.9066619873047 2250.8887939453125 699.7649078369141 0.8077334449404762 2178.5914916992188 763.3753234863282 2360.7359008789062 938.2340515136718 0.8359375 
912 2024.256884765625 576.1601379394531 2254.674267578125 700.5124694824219 0.7963402157738095 2178.4310668945313 758.3279052734375 2364.9598022460937 937.5416015625 0.8388671875 
913 2023.1170043945312 576.008511352539 2254.2875366210938 697.0977508544922 0.8040132068452381 2184.2871337890624 761.1705657958985 2364.0864013671876 940.9697540283203 0.8418433779761905 
914 2025.302978515625 579.3362426757812 2249.692626953125 700.7272338867188 0.7919921875 2176.6883056640627 765.3842468261719 2364.2926513671873 941.9530334472656 0.8380998883928571 
915 2030.09970703125 573.2942352294922 2255.074609375 702.3781890869141 0.7914806547619048 2176.20556640625 756.9906188964844 2364.29931640625 941.3962219238281 0.8426571800595238 
916 2025.2905639648438 577.6672882080078 2253.710656738281 699.2456146240235 0.7831798735119048 2187.1115966796874 767.6865936279297 2363.9528564453126 937.1594146728515 0.8409133184523809 
917 2024.0122314453124 580.135498046875 2256.0146240234376 705.343017578125 0.7692522321428571 2188.595068359375 757.8905395507812 2369.041162109375 938.3366333007813 0.8438430059523809 
918 2021.5869262695312 576.7744262695312 2262.8019897460936 712.0010864257813 0.7338634672619048 2189.425402832031 756.8423675537109 2364.854626464844 939.5811553955078 0.8183361235119048 
919 2027.1753662109375 572.9089508056641 2267.6874267578123 707.7415008544922 0.7388625372023809 2185.2743286132813 755.2553192138672 2367.4803100585937 937.461538696289 0.8189871651785714 
920 2022.4569946289062 573.3044189453125 2261.072058105469 709.13125 0.7516741071428571 2184.122204589844 754.17158203125 2367.671984863281 937.7213623046875 0.8379138764880952 
921 2026.6587280273438 566.2837097167969 2264.632043457031 705.4067199707031 0.7615327380952381 2187.8893188476563 749.4811065673828 2370.9458862304687 936.198764038086 0.8348911830357143 
922 2020.5175415039062 572.9587524414062 2269.485632324219 708.4266235351563 0.7528134300595238 2184.9941650390624 746.8702453613281 2375.3813232421876 937.2575622558594 0.8317522321428571 
923 2027.992041015625 569.4061004638672 2265.700341796875 715.6880767822265 0.7417224702380952 2186.2297607421874 760.1353393554688 2369.0822509765626 935.6737426757812 0.8287295386904762 
924 2016.8092834472657 568.9866149902343 2264.604168701172 700.1721984863282 0.7718563988095238 2190.6022705078126 756.9352233886718 2365.5163818359374 935.4933654785157 0.8211030505952381 
925 2030.0872680664063 565.9157684326171 2256.081921386719 704.4285308837891 0.7730422247023809 2183.320654296875 757.5625183105469 2369.219384765625 936.1711242675781 0.8338448660714286 
926 2026.5447875976563 567.042837524414 2262.936901855469 708.8781219482422 0.7487676711309523 2189.921252441406 761.8915252685547 2368.124401855469 936.4580230712891 0.8270786830357143 
927 2032.9324340820312 564.3257629394532 2254.9179077148438 709.8900573730468 0.7633231026785714 2185.914794921875 762.5171203613281 2367.870361328125 937.1943054199219 0.8312639508928571 
928 2031.4587036132812 564.9818908691407 2253.772985839844 699.8281677246093 0.7591843377976191 2187.0506225585937 754.9161224365234 2372.9198364257813 944.4297637939453 0.8326125372023809 
929 2022.9321655273438 568.0346038818359 2270.871301269531 717.5272247314454 0.7404203869047619 2190.3750854492187 767.0308502197265 2372.6832641601563 942.0466033935547 0.8206147693452381 
930 2024.288671875 566.1007873535157 2264.63125 708.1215026855468 0.7614629836309523 2193.4810180664062 766.3864196777344 2375.5587768554688 944.8226867675781 0.8228469122023809 
931 2029.6852172851563 565.8189514160156 2255.9629760742187 697.2060729980469 0.7697405133928571 2198.410852050781 764.4437805175781 2373.593786621094 950.5756286621094 0.83203125 
932 2031.2008911132812 566.3254547119141 2255.076696777344 694.7786102294922 0.7784365699404762 2194.379016113281 761.5460205078125 2374.213513183594 959.73095703125 0.8483537946428571 
933 2026.4080444335937 570.6517303466796 2257.8788208007813 710.2689849853516 0.7685314360119048 2193.8640747070312 772.3053649902344 2370.2225952148438 952.3380676269531 0.8296828497023809 
934 2024.8388916015624 569.5663391113281 2254.2197021484376 695.3557800292969 0.7679036458333334 2199.151416015625 770.0610168457031 2373.036572265625 958.7452575683594 0.8425641741071429 
935 2028.5754516601562 570.9920867919922 2261.6909057617186 711.6014801025391 0.76708984375 2189.8207153320313 780.19833984375 2382.2337280273437 957.810205078125 0.8206845238095238 
936 2031.1124755859375 572.1127899169921 2260.9617431640627 716.6954986572266 0.7560686383928571 2186.531640625 781.7149505615234 2379.30869140625 963.3701934814453 0.8250790550595238 
937 2034.1648803710937 580.4938507080078 2264.5946411132813 710.5751800537109 0.7601609002976191 2189.547888183594 776.6164398193359 2386.528039550781 966.1634063720703 0.8529575892857143 
938 2030.2086791992188 574.4501129150391 2260.4365844726562 708.1308807373047 0.7785295758928571 2192.02529296875 779.3987060546875 2381.40634765625 968.7797607421875 0.8488885788690477 
939 2024.618994140625 567.3313171386719 2259.089990234375 697.5929992675781 0.7935267857142857 2186.8020141601564 787.4878814697265 2380.3334838867186 969.8542205810547 0.8318684895833334 
940 2020.6559204101563 576.4364166259766 2263.3487182617187 699.6495819091797 0.7857840401785714 2192.407751464844 784.089389038086 2390.295617675781 974.5097930908203 0.8510044642857143 
941 2026.1684814453124 571.8269012451171 2250.4394287109376 698.9138824462891 0.7767624627976191 2194.3717651367188 795.3791534423829 2381.2642211914062 978.5338714599609 0.8400297619047619 
942 2021.6067016601562 572.326220703125 2261.5204956054686 711.026318359375 0.7642996651785714 2194.909777832031 796.6685333251953 2382.342419433594 965.3578948974609 0.8282877604166666 
943 2021.9702880859375 571.6654724121094 2262.1586181640623 714.2771545410156 0.7602074032738095 2195.9047729492186 797.1305206298828 2379.7985961914064 962.259799194336 0.8194289434523809 
944 2022.1826293945312 570.7917327880859 2262.0139038085936 713.1914825439453 0.7606491815476191 2195.4262817382814 795.056997680664 2382.7941772460936 967.4356170654297 0.82763671875 
945 2022.0687255859375 568.5893005371094 2261.7784423828125 710.9169250488281 0.7682989211309523 2195.2243041992188 795.6220520019531 2382.4976196289062 967.9134704589844 0.8198009672619048 
946 2020.51484375 569.5891510009766 2256.89775390625 712.1693328857422 0.7595331101190477 2196.864013671875 794.1384826660156 2380.717529296875 966.7355407714844 0.8142206101190477 
947 2018.7473083496093 569.6042572021485 2262.949102783203 701.0974639892578 0.7831798735119048 2195.7573852539062 782.3054260253906 2383.6051635742188 973.9099060058594 0.8324962797619048 
948 2025.7454345703125 573.6211608886719 2262.5314208984373 705.1688781738281 0.7893182663690477 2191.986962890625 783.9528991699219 2391.187841796875 971.8782775878906 0.8614211309523809 
949 2030.7264038085937 577.3788421630859 2259.7279418945313 701.2650177001954 0.7957124255952381 2193.0200805664062 780.8236358642578 2391.9889526367188 968.5299407958985 0.8703264508928571 
950 2028.4403686523438 587.3462615966797 2264.4382934570312 714.710317993164 0.7978515625 2194.9930908203123 775.9430419921875 2386.0391357421877 966.9890869140625 0.8579334077380952 
951 2027.2933227539063 582.674038696289 2262.930065917969 717.3234588623047 0.7979445684523809 2187.4053344726562 774.7221069335938 2381.8991088867188 965.4755249023438 0.8328915550595238 
952 2016.1150390625 594.0242523193359 2261.6779296875 731.6883331298828 0.7982933407738095 2191.414990234375 770.7551940917969 2381.168017578125 964.2290588378906 0.8332403273809523 
953 2021.2304931640624 612.2208618164062 2266.2138427734376 749.5600219726563 0.7760416666666666 2190.8343994140623 771.4029235839844 2376.4278076171877 964.4200744628906 0.8315197172619048 
954 2022.5648559570313 624.7193603515625 2274.7156616210937 761.919189453125 0.7807152157738095 2193.2800537109374 775.6106353759766 2374.9772705078126 964.7238983154297 0.8292410714285714 
955 2028.5096313476563 632.7471923828125 2276.765515136719 766.138427734375 0.7925967261904762 2192.9684448242188 774.1190734863281 2374.5288696289062 966.7953552246094 0.8108491443452381 
956 2029.6942138671875 640.6108551025391 2281.1534423828125 770.0383758544922 0.7834588913690477 2197.523327636719 779.7098571777344 2375.023791503906 960.9083068847656 0.8175455729166666 
957 2027.9152954101562 645.5707458496094 2282.5619995117186 782.1204162597656 0.7915736607142857 2195.4087036132814 779.5654418945312 2376.2448608398436 960.4015991210938 0.8182896205357143 
958 2035.44267578125 642.7370849609375 2283.27802734375 777.5885986328125 0.7935035342261905 2191.1806396484376 783.4760620117188 2377.0571533203124 962.0632446289062 0.8124302455357143 
959 2032.3890625 645.5158294677734 2287.3794921875 780.2964874267578 0.7627418154761905 2188.465710449219 782.9584289550781 2377.887072753906 965.0944274902344 0.822265625 
960 2033.1622314453125 648.6654510498047 2284.0755615234375 783.2131500244141 0.7798781622023809 2189.388537597656 777.0591705322265 2371.209851074219 962.5168182373047 0.8235444568452381 
961 2029.2519775390624 645.9892303466797 2282.8364013671876 783.6495025634765 0.7926897321428571 2184.886022949219 776.6828735351562 2369.640588378906 965.0600463867188 0.8253813244047619 
962 2036.7456909179687 641.2080871582032 2284.6822875976563 776.1146667480468 0.7748325892857143 2187.3587036132812 781.583871459961 2369.6649780273438 963.8900665283203 0.8342866443452381 
963 2031.6356567382813 637.3406707763672 2287.8680053710937 770.8702056884765 0.7780645461309523 2187.096240234375 787.8043548583985 2371.150341796875 964.6407745361328 0.8401692708333334 
964 2035.1895751953125 637.086050415039 2291.6253662109375 763.4981170654297 0.7600213913690477 2187.578662109375 789.61396484375 2375.390576171875 966.5907470703125 0.8469354538690477 
965 2042.2992797851562 635.1051361083985 2293.032019042969 758.6545684814453 0.7779715401785714 2187.232275390625 790.520230102539 2368.922509765625 972.2105438232422 0.8507021949404762 
966 2044.643603515625 631.4725555419922 2290.606396484375 758.0710845947266 0.7813895089285714 2190.8580688476563 792.1553131103516 2375.3301635742187 973.0102752685547 0.8501906622023809 
967 2040.815869140625 633.1240447998047 2297.536669921875 766.9081207275391 0.7676711309523809 2191.4273071289062 797.7813232421875 2372.2164916992188 974.9548828125 0.8498883928571429 
968 2037.913623046875 638.5799743652344 2294.749951171875 761.5720031738281 0.7676478794642857 2194.1578857421873 796.0765350341796 2375.0286376953127 976.9472076416016 0.8519577752976191 
969 2039.2055053710938 642.7580352783203 2299.2293090820312 758.3241790771484 0.7826683407738095 2198.803356933594 794.7164459228516 2375.764270019531 989.7342987060547 0.8388671875 
970 2035.7900024414062 642.8255859375 2302.944128417969 761.9618896484375 0.7694614955357143 2198.109655761719 808.33896484375 2382.229455566406 985.2383056640625 0.8566545758928571 
971 2041.0468139648438 638.3186950683594 2304.9172973632812 753.9880676269531 0.7468377976190477 2199.9531494140624 808.7641448974609 2387.9155029296876 989.4973907470703 0.8570963541666666 
972 2043.7245849609376 638.0376831054688 2300.9360595703124 757.5865844726562 0.7725074404761905 2193.369738769531 802.8702270507813 2385.372692871094 991.2502563476562 0.8487258184523809 
973 2038.992919921875 638.4942230224609 2299.824462890625 758.0420928955078 0.7802036830357143 2201.4552368164063 810.1527282714844 2382.5884643554687 987.6631896972656 0.8569800967261905 
974 2037.5882446289063 646.0793487548829 2312.834362792969 765.5940521240234 0.7864350818452381 2198.055712890625 801.2534606933593 2386.381787109375 1000.4446594238282 0.8479585193452381 
975 2035.6396484375 649.4656311035156 2303.7900390625 772.6699890136719 0.7837844122023809 2196.892138671875 803.1923004150391 2396.193310546875 995.2461151123047 0.8505626860119048 
976 2039.023193359375 645.7471710205078 2314.555908203125 779.8881439208984 0.7529064360119048 2195.61376953125 803.1746276855469 2395.0126953125 998.9479309082031 0.8488653273809523 
977 2042.1713012695313 649.3318817138672 2302.3201538085937 772.179898071289 0.7663922991071429 2196.5653686523438 805.3932891845703 2395.2898559570312 996.8916839599609 0.8525623139880952 
978 2045.7525146484375 647.362060546875 2309.2113525390623 766.4599609375 0.7614629836309523 2195.2492919921874 805.6040924072265 2390.1369384765626 996.8825408935547 0.8380766369047619 
979 2041.7838256835937 650.9885955810547 2316.257434082031 777.390982055664 0.7484188988095238 2194.9944458007812 803.3659698486329 2393.6268920898438 1005.6096771240234 0.8417038690476191 
980 2039.36435546875 647.1063232421875 2313.92080078125 773.546875 0.7623465401785714 2194.98330078125 805.0874877929688 2397.28818359375 1007.3923706054687 0.8435872395833334 
981 2043.36494140625 649.428744506836 2307.080859375 768.6427276611328 0.7444661458333334 2195.3698974609374 807.408169555664 2394.0597900390626 1002.4856903076172 0.8447033110119048 
982 2038.9130981445312 648.7209289550781 2291.6618530273436 771.4847595214844 0.7716703869047619 2195.9782470703126 801.481332397461 2387.3454833984374 996.4590362548828 0.8401227678571429 
983 2045.1967163085938 649.4727996826172 2298.1873168945312 768.7397857666016 0.7426525297619048 2199.215197753906 809.8855163574219 2394.379284667969 1008.6638000488281 0.8419131324404762 
984 2043.7727783203125 642.2360595703125 2304.0133544921873 772.35634765625 0.7848307291666666 2197.8040161132812 815.4517761230469 2400.2133178710938 1010.6322082519531 0.8632347470238095 
985 2044.2689575195313 638.9575012207031 2300.8948608398437 776.3066589355469 0.77978515625 2198.3001953125 809.8098205566406 2397.09482421875 1008.6046081542969 0.8720005580357143 
986 2038.9210571289063 644.0892028808594 2299.4825073242187 770.7511291503906 0.7906901041666666 2198.709765625 819.8847534179688 2401.36884765625 1015.3059204101562 0.8705589657738095 
987 2039.0099975585938 640.6693939208984 2295.9209106445314 767.3155303955078 0.7758556547619048 2204.7635131835937 822.4275604248047 2400.1605590820313 1014.2060455322265 0.8655133928571429 
988 2045.0108520507813 648.0282562255859 2305.441540527344 774.6264678955079 0.7789248511904762 2198.737255859375 820.5357238769532 2404.911669921875 1019.4758728027343 0.8733956473214286 
989 2039.1403076171875 640.0626037597656 2299.5154541015627 770.2500183105469 0.7805757068452381 2202.013916015625 824.9121063232421 2400.911376953125 1016.5769683837891 0.8726050967261905 
990 2038.5849487304688 644.92890625 2302.7956665039064 771.6052734375 0.7819242931547619 2199.2272216796873 816.7076873779297 2398.2903564453127 1023.0092926025391 0.8589099702380952 
991 2037.5369750976563 642.3144012451172 2309.076062011719 776.2736724853515 0.7775530133928571 2199.0677856445313 821.3909240722656 2398.1966186523437 1020.5195983886719 0.8610258556547619 
992 2038.8999633789062 645.8969818115235 2296.1339721679688 769.0795196533203 0.7751348586309523 2198.451806640625 820.6377807617188 2401.340673828125 1023.5266479492187 0.8741164434523809 
993 2039.38916015625 637.3047698974609 2304.23876953125 778.7996612548828 0.7660202752976191 2200.420031738281 814.8013092041016 2399.964001464844 1014.3453582763672 0.8679780505952381 
994 2039.5524536132812 638.2327087402343 2300.511267089844 765.0876037597657 0.7466285342261905 2203.2092895507812 819.453970336914 2398.9281616210938 1018.7974334716797 0.8635602678571429 
995 2036.3982177734374 641.4988006591797 2296.9333251953126 771.7662750244141 0.7671130952380952 2198.1193359375 813.6578063964844 2407.99443359375 1019.9145812988281 0.8747907366071429 
996 2038.4899291992188 643.2600646972656 2299.0088500976562 777.1380065917969 0.7645554315476191 2201.03583984375 810.6770324707031 2403.6619140625 1013.3029479980469 0.8759068080357143 
997 2037.7033203125 641.5338592529297 2290.9265625 768.1454010009766 0.7926897321428571 2200.211315917969 816.4248077392579 2395.555041503906 1019.0033538818359 0.8698149181547619 
998 2040.30927734375 641.1694885253906 2293.35478515625 767.6920837402344 0.7793201264880952 2203.5374389648437 816.3546752929688 2391.5140747070313 1015.1759643554688 0.8802548363095238 
999 2040.3482421875 635.8875 2299.51162109375 765.469189453125 0.7496977306547619 2200.5255615234373 818.6308502197265 2391.2986572265627 1020.2023406982422 0.8738839285714286 
1000 2038.0553588867188 639.1567169189453 2293.8071899414062 765.2314056396484 0.7596028645833334 2205.1392211914062 826.0520477294922 2381.6437377929688 1013.3630523681641 0.8605840773809523 
1001 2037.5309326171875 641.2357635498047 2293.8499267578127 771.2004547119141 0.7870163690476191 2201.3751586914063 826.1854797363281 2385.4917846679687 1013.9121765136719 0.8637462797619048 
1002 2039.7775024414063 638.8077514648437 2292.7852416992187 758.0827514648438 0.7684616815476191 2199.7840576171875 824.6709533691406 2391.3468017578125 1019.8482116699219 0.8632114955357143 
1003 2041.951904296875 639.8954803466797 2298.593994140625 766.4092681884765 0.7701125372023809 2195.5757446289062 823.4099884033203 2397.9977416992188 1022.2173919677734 0.8663504464285714 
1004 2036.510888671875 636.9570983886719 2297.068212890625 756.3792053222656 0.7826218377976191 2199.916125488281 828.6171142578125 2395.334118652344 1024.035107421875 0.8729771205357143 
1005 2040.3495727539062 633.3107086181641 2286.949987792969 763.8636688232422 0.7448381696428571 2200.05390625 829.8376159667969 2392.25712890625 1022.0406799316406 0.8720238095238095 
1006 2041.8045776367187 639.9074249267578 2299.666369628906 774.2861175537109 0.7650204613095238 2203.0029174804686 825.9702819824219 2395.4914672851564 1018.4586730957031 0.8783947172619048 
1007 2038.4306274414062 638.7111785888671 2303.775671386719 773.2011138916016 0.7604166666666666 2199.7626708984376 827.3046325683594 2399.6802001953124 1023.5873352050781 0.8773716517857143 
1008 2038.8505249023438 640.1538543701172 2296.8049926757812 767.3144683837891 0.7639508928571429 2199.2686279296877 833.8292510986328 2399.0922119140623 1026.386752319336 0.8862072172619048 
1009 2038.9462280273438 640.4945556640625 2293.1174926757812 763.949169921875 0.7704845610119048 2195.638623046875 834.0557403564453 2398.975634765625 1022.8687591552734 0.8942057291666666 
1010 2038.4130249023438 645.6250396728516 2289.1629028320312 769.1828826904297 0.7806919642857143 2198.0319580078126 834.1765167236329 2397.9050537109374 1019.5132415771484 0.8934849330357143 
1011 2038.2739868164062 642.6395599365235 2293.0641479492188 773.6744659423828 0.7813197544642857 2198.14765625 837.9320220947266 2401.97978515625 1023.5648651123047 0.8877418154761905 
1012 2038.3016357421875 639.851953125 2293.0870361328125 774.5241455078125 0.77978515625 2197.752575683594 834.7207183837891 2405.220324707031 1027.6295623779297 0.8859049479166666 
1013 2035.2808227539062 639.1455078125 2293.4098510742188 777.299072265625 0.7948056175595238 2197.7650756835938 839.8037628173828 2404.9954223632812 1032.4917083740233 0.8817661830357143 
1014 2038.484033203125 646.6273559570312 2292.769873046875 777.4030395507813 0.7889694940476191 2197.6224853515623 831.0546051025391 2404.6836669921877 1034.4834197998048 0.8897879464285714 
1015 2038.5859497070312 647.3170227050781 2292.7819702148436 774.4150329589844 0.7850864955357143 2197.668017578125 830.8409820556641 2404.656201171875 1037.8292449951173 0.8932989211309523 
1016 2037.0195556640624 643.6170440673828 2298.9892333984376 778.2404388427734 0.7921781994047619 2197.2522216796874 834.7765960693359 2404.6447509765626 1034.8924102783203 0.8907645089285714 
1017 2030.214697265625 648.3558807373047 2288.832177734375 775.8433990478516 0.7832728794642857 2195.3881713867186 842.5291412353515 2406.6530883789064 1035.5817596435547 0.8835100446428571 
1018 2037.969775390625 646.051171875 2286.001904296875 777.3622802734375 0.7805989583333334 2196.9179443359376 844.1400817871094 2404.8271728515624 1033.811700439453 0.8833472842261905 
1019 2038.1625732421876 642.1582977294922 2293.5713134765624 780.808804321289 0.7980840773809523 2200.81015625 843.5383148193359 2408.78603515625 1036.9192657470703 0.8856956845238095 
1020 2037.6041381835937 644.00927734375 2292.692004394531 778.8414306640625 0.7807849702380952 2199.6271240234373 841.0716613769531 2410.9856689453127 1041.4977966308593 0.8765345982142857 
1021 2034.722705078125 644.3616882324219 2296.808544921875 782.6845764160156 0.7791108630952381 2196.9863403320314 845.2659576416015 2411.7507202148436 1038.1900360107422 0.8763718377976191 
1022 2039.2306274414063 645.5317260742188 2290.7149291992187 784.0302856445312 0.7950381324404762 2198.0552978515625 849.9153137207031 2409.4481201171875 1039.4396667480469 0.8682570684523809 
1023 2032.2280883789062 644.7105255126953 2298.8375854492188 779.8414154052734 0.7759021577380952 2201.9141845703125 849.0925048828125 2410.0887451171875 1039.0061279296874 0.8739769345238095 
1024 2027.5225708007813 645.3897705078125 2294.047009277344 780.4774169921875 0.7826683407738095 2199.963134765625 846.4766387939453 2408.071044921875 1039.9805755615234 0.8749302455357143 
1025 2031.182177734375 647.5656677246094 2298.187451171875 782.8972229003906 0.7864583333333334 2197.4626953125 846.2020141601563 2413.26142578125 1040.0553100585937 0.8693498883928571 
1026 2036.5831298828125 645.2326599121094 2292.8919677734375 780.7102111816406 0.7844819568452381 2198.9590087890624 846.8998046875 2414.9906982421876 1040.962255859375 0.8732793898809523 
1027 2036.64775390625 644.3747497558594 2292.7794921875 779.7586730957031 0.7908063616071429 2198.48935546875 848.2950317382813 2418.0306640625 1045.8823364257812 0.8814639136904762 
1028 2030.622802734375 642.5137512207032 2290.622802734375 781.6684997558593 0.8068963913690477 2198.6508056640623 850.6825347900391 2418.3692138671877 1041.1050018310548 0.8809291294642857 
1029 2033.3661376953125 643.712353515625 2293.6079833984377 782.9967529296875 0.7950148809523809 2198.7309814453124 852.0750549316406 2418.6537841796876 1042.6747009277344 0.8730933779761905 
1030 2036.6960327148438 646.1207641601562 2296.9013793945314 781.7206665039063 0.7851795014880952 2199.6412841796873 850.7892395019531 2415.8684814453127 1045.0270446777345 0.8708147321428571 
1031 2037.3524291992187 644.5786712646484 2293.982775878906 787.5585968017579 0.79150390625 2199.5091186523437 850.1651641845704 2419.4779418945313 1044.471127319336 0.8729073660714286 
1032 2028.9832397460937 645.7996551513672 2299.7713989257813 781.193814086914 0.7754836309523809 2197.7331420898436 856.2095245361328 2420.9506958007814 1046.4932952880858 0.8771391369047619 
1033 2039.7576171875 645.9955352783203 2296.0734375 781.4768157958985 0.7756231398809523 2198.8988525390623 860.2024505615234 2418.5982177734377 1043.2852813720704 0.8780691964285714 
1034 2030.0766479492188 642.7489196777344 2297.2517211914064 778.1664855957031 0.7855980282738095 2198.433544921875 859.248095703125 2421.689501953125 1045.904736328125 0.8769996279761905 
1035 2033.740625 644.5857757568359 2297.071875 776.2513214111328 0.7736932663690477 2198.744775390625 857.6983184814453 2421.844580078125 1044.224594116211 0.8803013392857143 
1036 2035.109765625 647.164599609375 2295.19736328125 775.3767822265625 0.7794596354166666 2200.3766479492188 860.616845703125 2420.1690063476562 1043.777197265625 0.8777669270833334 
1037 2036.4015380859375 646.3880798339844 2292.8538330078127 778.2779357910156 0.7822963169642857 2200.8410766601564 863.5272033691406 2424.3207885742186 1043.0438415527344 0.875 
1038 2030.0150024414063 642.2245880126953 2294.051159667969 785.2443450927734 0.7936430431547619 2201.5256958007812 857.1773071289062 2421.5560913085938 1044.2030639648438 0.8672805059523809 
1039 2032.9744018554688 645.2509124755859 2296.935021972656 784.5634796142579 0.7905040922619048 2201.6159912109374 860.1420196533203 2421.5832275390626 1043.4481292724608 0.8669317336309523 
1040 2033.7862060546875 642.9129852294922 2294.0458251953123 782.2068267822266 0.7897832961309523 2201.5592529296873 863.8375366210937 2425.1624267578127 1043.4533569335938 0.8587704613095238 
1041 2031.0325561523437 643.5372528076172 2295.1048950195313 782.9088531494141 0.7940150669642857 2202.566650390625 861.3405853271485 2422.627197265625 1044.7242950439454 0.8633742559523809 
1042 2029.4496215820313 647.6068145751954 2293.8133178710937 783.4603851318359 0.7869698660714286 2200.7492797851564 865.650341796875 2424.7241088867186 1045.564501953125 0.8688848586309523 
1043 2032.9939331054688 648.2689971923828 2289.756311035156 782.2319183349609 0.7902250744047619 2202.880725097656 870.1092834472656 2426.152233886719 1041.2841491699219 0.8642345610119048 
1044 2038.0214599609376 648.0638366699219 2292.1289306640624 776.9588684082031 0.7626953125 2203.318737792969 870.0182830810547 2424.281604003906 1039.4231842041015 0.8770693824404762 
1045 2027.2442749023437 649.1434478759766 2299.623156738281 785.3328094482422 0.7555803571428571 2202.2236083984376 867.7259185791015 2430.4326416015624 1048.0848114013672 0.8821149553571429 
1046 2030.5456665039062 649.9428955078125 2299.1064331054686 782.38388671875 0.7577427455357143 2202.18134765625 867.9894500732422 2430.27421875 1048.2564605712892 0.8786504836309523 
1047 2035.2326538085938 649.6170104980469 2296.5234497070314 782.1025939941406 0.7890625 2203.6703491210938 864.9061096191406 2428.1599731445312 1045.233660888672 0.8767671130952381 
1048 2034.5486083984374 649.0472351074219 2299.5588134765626 781.5524963378906 0.7834821428571429 2203.436071777344 863.9435302734375 2427.958703613281 1047.9785888671875 0.8764183407738095 
1049 2032.82734375 650.454965209961 2294.264453125 783.0145782470703 0.7876674107142857 2204.616650390625 869.5465789794922 2425.549365234375 1042.6105865478517 0.8702799479166666 
1050 2033.9110473632813 649.7660705566407 2291.8636108398437 778.7423522949218 0.7816685267857143 2202.1469848632814 868.1752868652344 2426.9343139648436 1045.0570129394532 0.8723493303571429 
1051 2037.6620971679688 645.9036102294922 2292.0466430664064 782.3127593994141 0.7750186011904762 2202.7144287109377 868.5256103515625 2427.6049072265623 1041.8020263671874 0.8663504464285714 
1052 2029.2991333007812 648.4106750488281 2294.9945678710938 781.2583923339844 0.7909923735119048 2201.0358276367188 867.5526000976563 2429.8291625976562 1044.6829956054687 0.8698846726190477 
1053 2028.9139282226563 648.3915832519531 2291.293347167969 781.4290954589844 0.7981305803571429 2203.738977050781 864.5776062011719 2429.163610839844 1045.6564025878906 0.8775809151785714 
1054 2032.6103271484376 651.6618438720703 2291.5991455078124 781.1563323974609 0.7863653273809523 2204.3684814453127 868.529574584961 2430.0587646484373 1042.4222686767578 0.8763718377976191 
1055 2033.4682739257812 648.0378448486329 2288.9084350585936 781.3110931396484 0.8017578125 2204.473767089844 867.4545227050781 2433.999621582031 1048.8541931152345 0.8752790178571429 
1056 2028.295068359375 648.509033203125 2293.721044921875 775.614501953125 0.7840401785714286 2208.4569458007813 873.3879119873047 2432.7605834960937 1045.3540924072265 0.8645600818452381 
1057 2021.6742797851562 649.3890014648438 2298.572058105469 776.6122192382812 0.7711588541666666 2205.7450927734376 874.0444732666016 2433.9985595703124 1049.9117645263673 0.8658854166666666 
1058 2031.517138671875 647.5261474609375 2286.423779296875 774.9794677734375 0.78271484375 2207.5582885742188 875.9040893554687 2436.2246704101562 1048.3410278320312 0.8616071428571429 
1059 2027.3571899414062 645.9781860351562 2293.4487182617186 773.4023071289063 0.763671875 2204.2229736328127 880.0694854736328 2436.5846435546873 1052.466830444336 0.8687453497023809 
1060 2034.1643310546874 649.7564331054688 2290.3576416015626 783.4225219726562 0.7837611607142857 2205.2453002929688 873.1045013427735 2439.1611938476562 1051.325979614258 0.8745349702380952 
1061 2029.2021118164062 650.1648223876953 2296.299108886719 776.2941009521485 0.7609979538690477 2203.8424682617188 872.4604644775391 2441.2622680664062 1050.5253143310547 0.8814174107142857 
1062 2027.1188110351563 651.15927734375 2294.1548706054687 780.9685302734375 0.7742978050595238 2205.0003173828127 867.6982269287109 2438.6569091796873 1049.4312286376953 0.8834170386904762 
1063 2026.3435546875 649.1025817871093 2293.2599609375 778.8535949707032 0.7957356770833334 2204.14521484375 861.8371887207031 2437.6970703125 1050.9029235839844 0.8853934151785714 
1064 2023.7112060546874 648.8352905273438 2293.7868408203126 785.7228149414062 0.8025483630952381 2204.852502441406 861.5660003662109 2434.231726074219 1053.9484649658202 0.8857421875 
1065 2027.9994506835938 648.6708679199219 2293.8440551757812 781.5931701660156 0.7962472098214286 2202.672888183594 867.0837463378906 2431.594445800781 1051.6978698730468 0.8778599330357143 
1066 2024.3645263671874 647.7008972167969 2297.7536376953126 777.0066223144531 0.7797386532738095 2199.5665771484373 868.6573699951172 2432.3167236328127 1053.379800415039 0.8745582217261905 
1067 2032.7941650390626 649.0702514648438 2287.8918701171874 782.1647338867188 0.7888067336309523 2200.7262939453126 873.8804718017578 2429.9446044921874 1055.036947631836 0.8661876860119048 
1068 2031.848681640625 648.7459075927734 2289.567333984375 775.7376739501954 0.7878534226190477 2201.5063232421876 875.4348358154297 2433.0796142578124 1054.7173248291015 0.8700939360119048 
1069 2025.4153564453125 645.5235961914062 2298.6241943359373 782.1280151367188 0.7774600074404762 2200.5020263671877 872.86630859375 2433.0985595703123 1057.466943359375 0.8815569196428571 
1070 2030.1535278320312 646.8610656738281 2296.253942871094 776.2153503417969 0.78466796875 2201.7256591796877 876.8558319091796 2434.5634033203123 1057.9518463134766 0.8800920758928571 
1071 2025.1213256835938 649.8012451171875 2291.5664184570314 775.6225830078125 0.7916666666666666 2202.6090454101563 880.0941314697266 2435.7486206054687 1057.7241668701172 0.8762555803571429 
1072 2026.51806640625 648.8780242919922 2296.24267578125 785.5877349853515 0.7937825520833334 2200.8870239257812 873.1273651123047 2437.3578491210938 1061.5650787353516 0.8796270461309523 
1073 2028.5932373046876 644.738525390625 2298.5444580078124 774.167236328125 0.7736932663690477 2203.53515625 877.2835144042969 2436.5068359375 1062.1816955566405 0.8857421875 
1074 2028.3488037109375 648.7023254394531 2294.1385009765627 775.9818786621094 0.7809012276785714 2205.44609375 884.543896484375 2433.80048828125 1064.23271484375 0.8689081101190477 
1075 2027.3658325195313 649.3097198486328 2300.847302246094 776.6847259521485 0.7711821056547619 2205.0280151367188 882.4462677001953 2437.2998657226562 1062.2697357177735 0.8815104166666666 
1076 2030.87763671875 651.7922332763671 2296.61845703125 775.3054840087891 0.7826218377976191 2204.631396484375 881.4001922607422 2436.686474609375 1061.055923461914 0.8793480282738095 
1077 2033.1664306640625 645.3747589111329 2297.4517333984377 783.1008880615234 0.7801571800595238 2202.67568359375 874.5842468261719 2437.1822265625 1060.7005432128906 0.8863234747023809 
1078 2028.7454833984375 644.4527160644532 2292.9127197265625 763.5139587402343 0.7782273065476191 2207.623498535156 879.999462890625 2434.584265136719 1066.032763671875 0.8834867931547619 
1079 2026.2007202148438 643.0053741455079 2302.640832519531 770.0182464599609 0.7615327380952381 2206.6625 884.0999725341796 2438.27451171875 1063.4122955322266 0.8881370907738095 
1080 2032.148388671875 646.343716430664 2294.429736328125 781.2311737060547 0.7818545386904762 2206.089953613281 879.9468627929688 2434.649060058594 1063.5436157226563 0.8921595982142857 
1081 2030.3611572265625 648.8560241699219 2285.4918701171873 783.9251037597656 0.7967819940476191 2202.8052978515625 885.2269256591796 2439.1761474609375 1072.8229400634766 0.8986700148809523 
1082 2030.0336181640625 652.9037384033203 2285.7876708984377 773.2585540771485 0.7869698660714286 2199.571984863281 888.9843658447265 2440.281774902344 1069.516549682617 0.9043201264880952 
1083 2030.801416015625 647.423291015625 2287.055029296875 775.55009765625 0.7980143229166666 2197.7718994140623 890.6323303222656 2438.9517333984377 1071.5172058105468 0.9048781622023809 
1084 2032.2638549804688 642.2267028808594 2289.2407836914062 774.4942443847656 0.8081287202380952 2193.8918334960936 901.5292297363281 2435.7524536132814 1079.1456970214845 0.9069475446428571 
1085 2033.944091796875 646.6566192626954 2285.355712890625 768.5532806396484 0.7860398065476191 2186.314660644531 901.29169921875 2437.726599121094 1076.518115234375 0.9067615327380952 
1086 2024.8196533203125 633.8515075683594 2285.2570068359373 767.9002014160156 0.7890625 2178.901953125 905.4842803955078 2431.67958984375 1085.492465209961 0.9025065104166666 
1087 2020.627197265625 631.6487365722656 2287.051025390625 761.0547546386719 0.7828543526785714 2171.6982543945314 907.4415588378906 2422.8981811523436 1082.5202331542969 0.8888346354166666 
1088 2019.9231689453125 624.0801147460937 2270.7057373046873 749.4713989257813 0.80810546875 2163.5825439453124 900.1455688476562 2410.5654052734376 1090.1325073242188 0.9093191964285714 
1089 2012.5599609375 623.3081024169921 2271.07333984375 744.9614898681641 0.7765531994047619 2150.443395996094 907.848355102539 2405.155480957031 1097.9318572998047 0.9090401785714286 
1090 2006.1658813476563 620.5044830322265 2255.107312011719 741.2033416748047 0.7789713541666666 2141.6619262695312 908.1797332763672 2398.1469116210938 1100.543472290039 0.9074358258928571 
1091 2000.5129089355469 604.6601257324219 2247.4740295410156 739.0360412597656 0.7900158110119048 2137.403186035156 910.4281585693359 2384.364147949219 1106.5443145751954 0.9137834821428571 
1092 1984.976873779297 608.0903045654297 2237.3538146972655 734.278775024414 0.7515811011904762 2127.724084472656 917.280517578125 2380.100866699219 1110.274658203125 0.91748046875 
1093 1987.4689208984375 601.1655822753906 2226.4588134765627 722.4989685058594 0.7822498139880952 2127.610498046875 924.014208984375 2377.630712890625 1115.20625 0.9301292782738095 
1094 1985.3990478515625 601.4236114501953 2220.1575927734375 733.4752532958985 0.7771809895833334 2124.786901855469 923.5111541748047 2374.217736816406 1125.2567291259766 0.9383138020833334 
1095 1983.9961730957032 608.9039184570313 2218.6101501464846 718.8792846679687 0.7948288690476191 2126.11806640625 926.2814025878906 2375.39560546875 1120.5712585449219 0.9312918526785714 
1096 1983.2778869628905 608.3669799804687 2218.366033935547 725.9109741210938 0.7846214657738095 2125.6869384765623 927.2333312988281 2375.4678466796877 1121.9154724121095 0.9336170014880952 
1097 1982.3183837890624 612.9571655273437 2216.6376708984376 730.1168090820313 0.7959449404761905 2123.8394165039062 927.9646636962891 2376.4650268554688 1122.0103729248046 0.9295479910714286 
1098 1982.7362670898438 615.8878143310546 2221.0447387695312 733.2089263916016 0.7819242931547619 2124.8751708984373 928.9321044921875 2377.8489501953127 1119.5788818359374 0.9327334449404762 
1099 1985.8293579101562 617.0888916015625 2221.0458862304686 742.0475830078125 0.8025018601190477 2125.913134765625 928.9202117919922 2372.155224609375 1120.033462524414 0.9329659598214286 
1100 1992.7754760742187 625.8504058837891 2220.2345336914063 745.1730926513671 0.8221726190476191 2125.005749511719 933.622689819336 2374.837756347656 1120.0643829345704 0.9301525297619048 
1101 1989.5997619628906 631.572412109375 2224.816131591797 752.855810546875 0.8073149181547619 2123.6053100585937 934.922216796875 2373.5223754882813 1122.36025390625 0.9293154761904762 
1102 1985.1856750488282 638.8865386962891 2226.8430114746093 759.7152069091796 0.8152436755952381 2122.350378417969 935.0436553955078 2371.330529785156 1125.440414428711 0.9296642485119048 
1103 1994.5704772949218 640.4092346191406 2238.0873596191404 763.9849304199219 0.7955496651785714 2122.3400024414063 935.6489501953125 2373.1260620117187 1117.3779052734376 0.9341517857142857 
1104 1996.1078857421876 647.2783599853516 2243.9756103515624 767.5671600341797 0.7872953869047619 2122.2848510742188 931.316928100586 2370.1528930664062 1117.2178009033203 0.9196661086309523 
1105 2005.316748046875 648.4216888427734 2260.836572265625 776.1815216064454 0.7829473586309523 2124.0912353515623 927.66826171875 2372.3106201171877 1117.482861328125 0.9143415178571429 
1106 2006.6901245117188 657.4103271484375 2270.2178344726562 780.1492431640625 0.7859235491071429 2121.792529296875 927.6024749755859 2374.490185546875 1115.3206817626954 0.9074125744047619 
1107 2016.473406982422 663.008203125 2268.941754150391 785.6357177734375 0.7981305803571429 2121.4836547851564 927.4063537597656 2377.5585815429686 1114.954364013672 0.91748046875 
1108 2019.1046752929688 664.8806915283203 2284.9873657226562 794.2288665771484 0.8032924107142857 2119.847216796875 925.9263061523437 2374.950634765625 1116.3556762695312 0.9159458705357143 
1109 2027.3952514648438 672.2389831542969 2285.7089965820314 804.9835510253906 0.8168480282738095 2122.4689331054688 924.2053588867187 2370.0195922851562 1121.5282836914062 0.91259765625 
1110 2030.4544311523437 678.9670349121094 2291.6957153320313 814.9555725097656 0.8351004464285714 2119.783056640625 925.618310546875 2370.288232421875 1118.865087890625 0.9142485119047619 
1111 2035.1813354492188 692.1785125732422 2294.8496704101562 820.2341461181641 0.8318452380952381 2121.235888671875 925.5790832519531 2370.232861328125 1117.6624938964844 0.9093424479166666 
1112 2049.191943359375 707.7770843505859 2312.483837890625 821.6330108642578 0.7960379464285714 2121.9939819335937 926.3203247070312 2371.0541137695313 1114.8942749023438 0.9080403645833334 
1113 2051.2542358398437 717.6739532470704 2323.2928833007813 837.7948577880859 0.7888764880952381 2121.6417724609373 926.9344055175782 2372.4827392578127 1117.7146423339843 0.9087611607142857 
1114 2062.9614379882814 716.2955535888672 2324.3303100585936 843.4479156494141 0.7969215029761905 2124.364050292969 929.0312469482421 2371.604943847656 1119.759829711914 0.9130859375 
1115 2072.3015625 719.8063354492188 2330.128125 850.4855346679688 0.7894112723214286 2124.73623046875 927.50751953125 2375.49912109375 1118.228564453125 0.9172944568452381 
1116 2082.569787597656 722.2434906005859 2333.499304199219 845.9411407470703 0.7544410342261905 2123.7571411132812 932.393603515625 2371.1522827148438 1119.7072265625 0.9248511904761905 
1117 2082.3642333984376 727.445034790039 2339.1948486328124 843.5466033935547 0.7261672247023809 2123.3651489257813 930.4198669433594 2376.6775756835937 1116.885919189453 0.9115280877976191 
1118 2078.70078125 730.0423553466796 2334.9505859375 852.9017974853516 0.7112165178571429 2122.3091796875 930.6678070068359 2375.04873046875 1116.7121368408202 0.9085984002976191 
1119 2085.2513061523437 724.4260101318359 2331.8802856445313 840.6940460205078 0.6785481770833334 2125.4978515625 933.5187408447266 2375.65009765625 1116.7290008544921 0.9097842261904762 
1120 2073.6379638671874 726.4706634521484 2337.7848876953126 853.2612091064453 0.7469773065476191 2120.9134765625 933.9953308105469 2374.4947265625 1117.1371154785156 0.9063895089285714 
1121 2085.611962890625 727.735726928711 2332.344091796875 861.6759552001953 0.7735537574404762 2122.7573120117186 939.7626037597656 2376.5388305664064 1115.9997253417969 0.9162248883928571 
1122 2083.289514160156 722.6000305175781 2332.498815917969 855.9796813964844 0.7187034970238095 2123.384521484375 939.1395111083984 2376.103759765625 1114.6391143798828 0.9196428571428571 
1123 2078.355517578125 729.0625152587891 2335.287060546875 854.0561981201172 0.7682291666666666 2127.23125 932.8448669433594 2377.21845703125 1120.335430908203 0.9152948288690477 
1124 2084.4060546875 724.3868133544922 2333.19990234375 847.031704711914 0.7314220610119048 2124.0297607421876 926.9530029296875 2379.8320556640624 1116.1766357421875 0.9162946428571429 
1125 2073.7837768554687 715.5095428466797 2328.7535766601563 851.7263580322266 0.7849934895833334 2125.2343627929686 933.2684143066406 2376.7116821289064 1114.890887451172 0.9136672247023809 
1126 2078.8002319335938 720.0533416748046 2334.1140747070312 852.9563629150391 0.7479306175595238 2128.0336303710938 923.039828491211 2376.3523559570312 1115.3994415283203 0.8981584821428571 
1127 2074.1241943359373 724.3655670166015 2335.3308837890627 842.7792694091797 0.7762974330357143 2129.3124145507813 922.2129516601562 2376.5882202148437 1113.7645874023438 0.9025530133928571 
1128 2075.9349853515623 711.2786071777343 2334.8692138671877 844.2447082519532 0.8000372023809523 2127.479638671875 920.9559265136719 2382.914404296875 1102.9094299316407 0.8931594122023809 
1129 2076.1397216796877 715.4724853515625 2337.9926025390623 841.1617919921875 0.7806454613095238 2135.627307128906 914.6148376464844 2393.988659667969 1106.6401672363281 0.9136439732142857 
1130 2072.6621215820314 711.9384338378907 2341.8449584960936 841.2860534667968 0.8036179315476191 2141.1007446289063 909.4557678222657 2399.7959838867187 1098.2333190917968 0.9136439732142857 
1131 2071.938122558594 718.3215301513671 2336.299914550781 843.5454742431641 0.7831566220238095 2148.062634277344 900.2708618164063 2401.988879394531 1095.0636108398437 0.9111328125 
1132 2072.1504516601562 720.0678619384765 2338.2267456054688 842.6030975341797 0.7704613095238095 2154.5587646484373 897.8113006591797 2406.6311767578127 1090.3667388916015 0.9143880208333334 
1133 2074.1181762695314 723.682339477539 2331.1769897460936 843.4084197998047 0.7925734747023809 2167.8403442382814 889.3214569091797 2410.8137084960936 1075.9532623291016 0.9183640252976191 
1134 2076.7768432617186 719.7795532226562 2341.8000610351564 832.8560668945313 0.7154715401785714 2171.2339599609377 885.1810729980468 2418.5887939453123 1072.4640686035157 0.9169921875 
1135 2079.006384277344 727.7386596679687 2336.651086425781 837.1494018554688 0.7408621651785714 2176.064318847656 881.6738739013672 2416.061901855469 1068.730972290039 0.9123418898809523 
1136 2072.48876953125 730.6086242675781 2337.04638671875 850.5414001464844 0.7533714657738095 2178.447473144531 883.7806732177735 2418.313024902344 1063.6798370361328 0.8973214285714286 
1137 2077.371130371094 733.5817291259766 2334.406457519531 856.8177459716796 0.7463495163690477 2183.137658691406 880.6524139404297 2415.525671386719 1067.2670806884767 0.9022972470238095 
1138 2076.3484375 728.5073547363281 2343.88056640625 851.7129821777344 0.7071010044642857 2183.30712890625 880.9573547363282 2415.6376953125 1067.5259216308593 0.8913690476190477 
1139 2071.9149169921875 735.4977874755859 2342.6456298828125 855.0412139892578 0.7703450520833334 2181.856982421875 878.8417358398438 2413.912060546875 1068.7048950195312 0.8955310639880952 
1140 2071.9216430664064 728.450146484375 2342.2470581054686 854.8361083984375 0.7658110119047619 2181.699084472656 884.0020812988281 2413.406628417969 1066.5595642089843 0.8956705729166666 
1141 2068.339794921875 722.6520233154297 2345.068408203125 855.7619781494141 0.7115652901785714 2181.3753662109375 887.1532379150391 2412.5665283203125 1065.8008026123048 0.9011811755952381 
1142 2081.8284912109375 724.7750762939453 2347.6397705078125 850.685678100586 0.7270275297619048 2183.121875 884.7191802978516 2410.46064453125 1070.0876434326171 0.8983444940476191 
1143 2082.6281005859373 715.4397094726562 2341.3909423828127 841.3242065429688 0.7130998883928571 2183.093603515625 886.5135772705078 2410.385400390625 1068.346713256836 0.9087611607142857 
1144 2085.4750122070313 715.2282318115234 2340.4378295898437 837.4706817626953 0.7137276785714286 2185.821484375 882.2033630371094 2409.350390625 1070.8060363769532 0.9114350818452381 
1145 2081.6465576171877 723.8936553955078 2343.6010009765623 846.1391204833984 0.7381882440476191 2185.4880615234374 883.2158142089844 2409.0226806640626 1068.3304504394532 0.8968796502976191 
1146 2078.4667236328123 719.8266540527344 2347.5064208984377 845.6113342285156 0.7323521205357143 2182.34677734375 881.8954071044922 2412.95205078125 1070.572427368164 0.9076915922619048 
1147 2081.932092285156 711.4619171142579 2347.531042480469 837.2719085693359 0.7051013764880952 2182.7413330078125 884.7194366455078 2413.3929443359375 1069.939682006836 0.9085053943452381 
1148 2083.511682128906 713.2554290771484 2345.968542480469 839.2347442626954 0.72216796875 2187.552111816406 886.7462127685546 2411.515515136719 1072.2157623291016 0.9115048363095238 
1149 2079.1839111328127 723.6409698486328 2341.8873779296873 842.7332366943359 0.7710658482142857 2185.612451171875 885.7088256835938 2413.288916015625 1071.3526977539063 0.9118536086309523 
1150 2076.0061767578127 721.2949645996093 2342.2516357421873 843.9080383300782 0.7668108258928571 2182.450476074219 886.4857757568359 2413.663537597656 1072.1568634033204 0.90478515625 
1151 2075.9367919921874 715.4871795654296 2338.5348876953126 834.5316802978516 0.7794363839285714 2181.918701171875 888.6673156738282 2413.005126953125 1070.7353942871093 0.9108305431547619 
1152 2078.5275390625 713.7298065185547 2341.02470703125 836.228384399414 0.7452566964285714 2181.7763671875 883.7470733642579 2412.77392578125 1072.744808959961 0.91064453125 
1153 2082.5520629882812 716.1355743408203 2341.6522827148438 835.1815032958984 0.7464657738095238 2182.7445434570313 888.9138122558594 2413.8338256835937 1074.4854797363282 0.9045293898809523 
1154 2082.8826171875 716.7356658935547 2342.14375 835.8557037353515 0.7591843377976191 2180.038330078125 886.9264312744141 2414.774658203125 1072.6135467529298 0.9077380952380952 
1155 2086.6181396484376 712.7748016357422 2338.8847900390624 835.4044586181641 0.7417922247023809 2182.970080566406 891.8680297851563 2417.718151855469 1074.0606811523437 0.9119466145833334 
1156 2078.356103515625 713.1503631591797 2337.675634765625 835.8016021728515 0.7538132440476191 2183.6203491210936 892.2749755859375 2418.4096801757814 1074.4996826171875 0.9115048363095238 
1157 2088.898645019531 706.750375366211 2337.860388183594 832.9845489501953 0.7070079985119048 2181.82119140625 894.4832489013672 2420.26328125 1076.821499633789 0.9109002976190477 
1158 2086.6668212890627 705.797232055664 2332.0919677734373 821.4976287841797 0.7231910342261905 2178.7688842773437 891.8887908935546 2420.6879028320313 1077.7106353759766 0.9135509672619048 
1159 2073.8052612304687 707.8643096923828 2336.6842407226563 820.0258880615235 0.7225167410714286 2178.2827270507814 893.9015289306641 2423.6364624023436 1076.1640838623048 0.9053896949404762 
1160 2077.416125488281 709.6683288574219 2340.589001464844 832.4823059082031 0.7563941592261905 2179.716271972656 891.7299285888672 2421.835241699219 1074.1964019775392 0.9133417038690477 
1161 2077.9963623046874 708.8377838134766 2337.3254150390626 824.4845428466797 0.7540690104166666 2179.7600830078127 889.45166015625 2421.5670654296873 1075.187255859375 0.9176664806547619 
1162 2075.439343261719 708.031591796875 2335.110217285156 830.8489013671875 0.7913876488095238 2180.0365478515623 886.5890625 2422.1621826171877 1076.078662109375 0.9192475818452381 
1163 2072.4123413085936 708.5482666015625 2335.4296997070314 820.7691162109375 0.7580450148809523 2179.642578125 891.5815246582031 2425.12548828125 1077.4474060058594 0.9170619419642857 
1164 2075.1620361328123 711.2208770751953 2332.0777099609377 827.3608489990235 0.7906901041666666 2179.6608764648436 892.6049865722656 2422.4990356445314 1079.1329284667968 0.9128301711309523 
1165 2073.7422485351562 702.8917419433594 2334.5499877929688 812.1490295410156 0.75732421875 2181.5084716796873 894.9730529785156 2424.6941650390627 1078.2433776855469 0.9329659598214286 
1166 2069.2072998046874 695.5654693603516 2330.3390869140626 804.9585174560547 0.7303524925595238 2182.12919921875 898.743408203125 2429.145703125 1082.241455078125 0.9224562872023809 
1167 2066.722277832031 680.5326965332031 2318.551892089844 804.6739685058594 0.7342819940476191 2184.8611083984374 902.7591674804687 2429.5968994140626 1087.1976196289063 0.921875 
1168 2072.131103515625 675.2920349121093 2310.161865234375 799.6364318847657 0.7537899925595238 2189.2333740234376 902.9379577636719 2430.8169189453124 1091.2308654785156 0.9241768973214286 
1169 2066.8720947265624 668.2407836914062 2309.2211669921876 803.6712036132812 0.7840634300595238 2190.2397705078124 906.4776458740234 2432.5888427734376 1091.8034210205078 0.9162946428571429 
1170 2072.627062988281 654.4611663818359 2313.906872558594 805.7111358642578 0.7938523065476191 2191.743518066406 913.4698669433594 2433.023327636719 1100.731915283203 0.9156668526785714 
1171 2079.134973144531 652.0438873291016 2313.255895996094 788.9146697998046 0.7854585193452381 2191.900915527344 915.3954193115235 2433.225793457031 1099.0904815673828 0.90869140625 
1172 2075.483996582031 647.1973419189453 2324.241345214844 780.5889739990234 0.7660202752976191 2189.1856201171877 912.7326782226562 2437.9432861328123 1100.2021362304688 0.9300595238095238 
1173 2088.0050048828125 654.8103485107422 2333.5291748046875 773.9618072509766 0.7796921502976191 2190.7696533203125 917.1379638671875 2436.2938232421875 1097.6703857421876 0.9197823660714286 
1174 2089.0396118164062 641.3575836181641 2353.8717651367188 773.7735809326172 0.7668805803571429 2190.21005859375 913.6225646972656 2437.1478515625 1096.1419616699218 0.916015625 
1175 2086.160107421875 631.6003021240234 2358.153369140625 764.0180450439453 0.7253534226190477 2190.9105834960938 915.7065399169921 2437.8518676757812 1091.070620727539 0.9172479538690477 
1176 2096.631066894531 638.0292358398438 2347.230505371094 770.4889526367188 0.7502790178571429 2193.8414794921873 919.4716156005859 2437.2810791015627 1094.8912384033204 0.9192475818452381 
1177 2097.139501953125 637.3589965820313 2364.929345703125 753.1599243164062 0.7605096726190477 2191.50615234375 916.5617034912109 2437.583203125 1097.5006134033204 0.9273390997023809 
1178 2101.7292602539064 652.1363006591797 2362.0698120117186 746.1481842041015 0.7619280133928571 2189.621960449219 917.9006317138671 2435.499377441406 1095.076968383789 0.9052269345238095 
1179 2113.9828979492186 670.6880310058593 2371.3698852539064 760.0584289550782 0.7524879092261905 2186.30419921875 916.5253601074219 2436.54150390625 1091.6913146972656 0.8920200892857143 
1180 2116.4178955078123 657.5308685302734 2377.5230224609377 761.2575225830078 0.7366303943452381 2186.4404418945314 916.1598052978516 2436.8151733398436 1091.4221649169922 0.8869280133928571 
1181 2118.435583496094 663.3959014892578 2382.935754394531 767.051303100586 0.7636951264880952 2189.2347778320313 915.9356628417969 2435.8631225585937 1094.6518615722657 0.8822544642857143 
1182 2112.58310546875 665.8729064941406 2370.324609375 766.1057312011719 0.7795293898809523 2187.7578369140624 915.6287719726563 2438.3398193359376 1094.6158569335937 0.8978097098214286 
1183 2115.191259765625 671.3043914794922 2365.264794921875 771.333853149414 0.7882254464285714 2187.0528930664063 917.8056762695312 2433.5542846679687 1096.4296752929688 0.8989722842261905 
1184 2108.50263671875 671.6840393066407 2358.80595703125 771.8054626464843 0.7857840401785714 2189.094873046875 915.2486450195313 2432.246923828125 1097.6126831054687 0.8898809523809523 
1185 2104.1865356445314 668.3552551269531 2350.6511108398436 771.9418640136719 0.7910621279761905 2186.6159790039064 915.2320037841797 2433.0805541992186 1093.8295806884767 0.9045991443452381 
1186 2092.2932983398437 669.1263763427735 2337.2909301757813 773.6106231689453 0.7962472098214286 2186.5233154296875 914.9552734375 2431.5206298828125 1098.70341796875 0.9121326264880952 
1187 2077.238732910156 664.5775939941407 2329.571081542969 776.3247497558593 0.7922479538690477 2188.9859008789062 913.7210662841796 2434.1085815429688 1101.1679107666016 0.9150855654761905 
1188 2077.5490112304688 666.7371032714843 2316.3843383789062 771.6798889160157 0.7856212797619048 2188.0591552734377 914.0624877929688 2434.1317626953123 1094.9983032226562 0.9088541666666666 
1189 2066.8545532226562 674.3712097167969 2298.9010620117188 772.2658752441406 0.7953636532738095 2188.316271972656 915.7610534667969 2431.240124511719 1097.0474182128905 0.9085053943452381 
1190 2040.9817016601562 668.5393890380859 2280.9907104492186 776.0060821533203 0.7950381324404762 2189.368408203125 913.370492553711 2432.959716796875 1096.0638946533204 0.91259765625 
1191 2033.8292846679688 673.4859924316406 2269.0464477539062 771.1914978027344 0.7881324404761905 2182.4752685546873 911.2081481933594 2432.1673095703127 1095.762921142578 0.9119698660714286 
1192 2025.160107421875 673.4022369384766 2262.088916015625 777.5073699951172 0.7917596726190477 2181.317590332031 912.8164459228516 2429.016149902344 1095.8978485107423 0.9065755208333334 
1193 2014.873065185547 673.4527099609375 2247.619244384766 777.2933837890625 0.7629278273809523 2181.651513671875 909.5042694091796 2425.139990234375 1092.1205474853516 0.9193173363095238 
1194 2013.8104370117187 674.0761657714844 2240.232287597656 789.0841125488281 0.7966657366071429 2174.8492919921873 907.5478363037109 2419.2410400390627 1083.6536407470703 0.9197126116071429 
1195 2011.7606262207032 677.6466888427734 2231.0996032714843 789.1139923095703 0.8025018601190477 2166.5149780273437 898.9217468261719 2411.0238403320313 1082.3034729003907 0.9205031622023809 
1196 2000.197216796875 676.7063751220703 2230.867236328125 797.3646087646484 0.8081984747023809 2157.2986328125 886.9027740478516 2398.61494140625 1078.5363739013671 0.9264322916666666 
1197 1992.3394409179687 676.9905700683594 2224.4767211914063 796.5764465332031 0.7961309523809523 2139.522009277344 879.501919555664 2385.728234863281 1072.9496795654297 0.9012276785714286 
1198 1985.5397338867188 688.9554931640625 2219.7539672851562 797.3233154296875 0.8039667038690477 2126.8479736328127 878.6663299560547 2371.5494873046873 1067.4360260009767 0.8996930803571429 
1199 1987.8197875976562 690.9544036865234 2220.556921386719 803.9003936767579 0.8066173735119048 2108.5325317382812 868.7982788085938 2344.6923217773438 1060.4641723632812 0.9013206845238095 
