0 1682.983447265625 753.3779998779297 1808.17255859375 891.298208618164 0.8201497395833334 1473.4100341796875 713.0629119873047 1590.1116943359375 846.7393951416016 0.7830868675595238 
1 1691.7831298828125 759.1733551025391 1805.8067138671875 896.8623504638672 0.8102678571428571 1469.527850341797 719.7035736083984 1587.8543518066406 855.2411895751953 0.8031761532738095 
2 1691.4551147460938 767.6394287109375 1806.5917602539062 902.327490234375 0.8372860863095238 1465.6103454589843 727.0325225830078 1582.9193176269532 866.065316772461 0.7879696800595238 
3 1691.0108520507813 767.3142333984375 1806.4102905273437 911.019140625 0.7999441964285714 1459.6258239746094 734.3190826416015 1577.2026672363281 873.6692596435547 0.8008045014880952 
4 1687.5701232910155 769.9561126708984 1805.436102294922 916.1971466064454 0.7996419270833334 1454.4407592773437 740.489614868164 1570.1239379882813 880.1825653076172 0.8179175967261905 
5 1690.6384521484374 773.3661529541016 1804.9806884765626 927.2883270263671 0.7872488839285714 1447.3230895996094 742.2433807373047 1559.4663391113281 887.370083618164 0.8018740699404762 
6 1692.1368408203125 776.9378692626954 1801.1864013671875 938.3312347412109 0.7515811011904762 1443.1682250976562 749.2560241699218 1543.4938842773438 888.8395568847657 0.8010602678571429 
7 1691.0382934570312 787.3382751464844 1800.7419799804688 943.1175354003906 0.794921875 1435.5128540039063 750.2920989990234 1536.4402709960937 890.7129669189453 0.8120349702380952 
8 1692.0254150390624 793.9778076171875 1797.1286376953126 947.2533935546875 0.7963634672619048 1431.962158203125 753.132357788086 1528.306884765625 895.4597442626953 0.8207542782738095 
9 1685.3147583007812 801.7322265625 1801.0055541992188 952.3484619140625 0.8058965773809523 1431.4332397460937 755.7245544433594 1520.9297973632813 897.6094299316406 0.7870628720238095 
10 1683.9552185058594 807.126904296875 1803.227520751953 961.0966064453125 0.8165457589285714 1421.7228881835938 757.3327453613281 1514.9721801757812 909.1339294433594 0.7935267857142857 
11 1684.5345703125 812.3128234863282 1802.3775390625 965.0721862792968 0.8369373139880952 1416.7861206054688 760.0221466064453 1512.8061645507812 914.963754272461 0.7884347098214286 
12 1684.356982421875 819.0856018066406 1800.224560546875 969.9320983886719 0.8184756324404762 1418.0634033203125 766.7013977050781 1509.8828857421875 919.7340270996094 0.7961774553571429 
13 1685.9988403320312 822.5093292236328 1797.4779663085938 975.519662475586 0.80224609375 1417.8104370117187 770.3849395751953 1507.4307739257813 923.3952728271485 0.8229399181547619 
14 1686.2371765136718 830.4446228027343 1792.8789123535157 978.4372131347657 0.7955031622023809 1418.712060546875 774.9474090576172 1507.94296875 925.1163726806641 0.8245210193452381 
15 1682.4466369628906 833.3515930175781 1793.140399169922 980.9433288574219 0.7977353050595238 1413.4758850097655 777.7542907714844 1511.146795654297 929.6868713378906 0.8392392113095238 
16 1675.7750061035156 835.8109527587891 1792.645037841797 985.1450408935547 0.7973865327380952 1417.145733642578 780.8720581054688 1510.2088806152344 930.2060668945312 0.8285202752976191 
17 1673.222637939453 840.3743621826172 1789.6070739746094 986.9324615478515 0.7996419270833334 1420.6420166015625 785.6637908935547 1513.3184326171875 932.221890258789 0.8338913690476191 
18 1668.2241455078124 846.0857391357422 1786.1559814453126 994.0365142822266 0.8048502604166666 1420.4849243164062 785.0580902099609 1512.6862182617188 933.0088653564453 0.8210797991071429 
19 1664.647216796875 849.6679046630859 1784.675048828125 997.5593292236329 0.7951311383928571 1422.2010009765625 785.1200653076172 1514.3651611328125 935.1547760009765 0.8126860119047619 
20 1663.5014038085938 851.2770172119141 1783.1817016601562 998.7401336669922 0.7689267113095238 1421.5105834960937 785.2719879150391 1515.5450805664063 934.8723602294922 0.8195219494047619 
21 1664.5619506835938 854.3119293212891 1781.8428344726562 999.3137420654297 0.7749488467261905 1423.3569458007812 786.5678283691407 1512.9169799804688 935.8343933105468 0.8310081845238095 
22 1664.2882080078125 858.2594116210937 1781.7071533203125 1001.2968627929688 0.7688569568452381 1423.0459716796875 789.0397430419922 1510.5763427734375 934.2121490478515 0.8196614583333334 
23 1662.7067138671875 856.7618469238281 1782.1956298828125 1001.8554626464844 0.8052222842261905 1425.3702819824218 791.3547821044922 1510.7194396972657 934.3147125244141 0.8233119419642857 
24 1661.6594482421874 857.4821472167969 1783.4316162109376 1000.6178283691406 0.7965029761904762 1425.921044921875 791.5016326904297 1511.37509765625 936.7736968994141 0.8162667410714286 
25 1659.4516540527343 856.2513092041015 1785.6632141113282 1001.7155487060547 0.8146158854166666 1423.6482238769531 790.430386352539 1511.3545837402344 935.8946258544922 0.8220098586309523 
26 1655.8372863769532 859.277294921875 1784.4492126464843 1002.8939697265625 0.8291480654761905 1421.2029357910155 791.4262664794921 1511.231268310547 937.1864654541016 0.8210797991071429 
27 1656.2443298339845 860.9068267822265 1784.238946533203 1001.7007781982422 0.8352864583333334 1424.8695861816407 791.0020751953125 1510.1993835449218 940.3291015625 0.8236607142857143 
28 1655.2596374511718 861.0009979248047 1782.5915588378907 1001.0660797119141 0.8241489955357143 1421.3281860351562 793.3355499267578 1510.4603881835938 939.7671722412109 0.8225911458333334 
29 1652.5319519042969 862.33359375 1784.2323303222656 1002.5307861328125 0.8322405133928571 1424.0170593261719 791.0911682128906 1511.1092834472656 939.7851745605469 0.8244977678571429 
30 1660.9634155273438 861.1763000488281 1782.0890747070312 1001.4269714355469 0.8338913690476191 1422.7171325683594 793.4211883544922 1511.9675598144531 940.0468902587891 0.8255440848214286 
31 1657.8650146484374 860.4792633056641 1781.5065673828126 1003.3066864013672 0.8302176339285714 1424.2740600585937 793.0011199951172 1511.6758911132813 937.9602447509766 0.8272181919642857 
32 1654.6229309082032 859.6583892822266 1778.0805603027343 1004.4018524169921 0.8056408110119048 1420.8885559082032 794.1637084960937 1512.4174743652343 938.9070922851563 0.8223586309523809 
33 1655.8998596191407 861.9148468017578 1776.9447448730468 1006.3193450927735 0.8056175595238095 1420.8341918945312 793.0613555908203 1512.1487182617188 939.5894622802734 0.8168712797619048 
34 1653.437646484375 864.2558380126953 1774.66708984375 1006.7535003662109 0.8365420386904762 1423.6582275390624 791.7800567626953 1508.7314208984376 938.531283569336 0.8163132440476191 
35 1654.8754028320313 865.9017547607422 1771.5672241210937 1008.0536285400391 0.8049897693452381 1415.5347290039062 790.3376770019531 1513.1315307617188 936.7328796386719 0.79443359375 
36 1651.2471801757813 865.9833221435547 1770.4203002929687 1008.5655670166016 0.8211728050595238 1422.2314880371093 792.0729736328125 1511.6114074707032 936.783349609375 0.8028971354166666 
37 1647.6670959472656 866.7560668945313 1769.037615966797 1007.2903198242187 0.8216378348214286 1422.0423645019532 790.674267578125 1511.4733825683593 937.596484375 0.8088030133928571 
38 1649.5715393066407 865.3150177001953 1770.7789245605468 1005.6605072021484 0.8040132068452381 1422.8595886230469 790.971224975586 1510.0438537597656 937.6959503173828 0.8159412202380952 
39 1651.9306274414062 866.5999114990234 1768.6516479492188 1004.5429718017579 0.8060825892857143 1423.7940979003906 792.4044860839844 1508.6820983886719 936.7141662597656 0.8133835565476191 
40 1647.9480773925782 865.8982574462891 1770.8845642089843 1003.6719940185546 0.7967819940476191 1422.2110900878906 791.5493835449219 1509.1144714355469 937.8014465332031 0.8193359375 
41 1645.60869140625 863.8061340332031 1772.873486328125 1003.7975036621094 0.8107096354166666 1425.5872131347655 791.2814422607422 1508.309393310547 937.636099243164 0.8106398809523809 
42 1648.4010681152345 864.3665161132812 1773.529718017578 1002.2201538085938 0.7982468377976191 1421.1465698242187 791.8505828857421 1508.1002563476563 936.0667144775391 0.8042922247023809 
43 1649.0454833984375 862.9398162841796 1774.0746337890625 1002.8030426025391 0.7948753720238095 1423.8461975097657 792.3561828613281 1508.6116882324218 936.4576599121094 0.8086170014880952 
44 1646.3087036132813 864.7871398925781 1773.0990112304687 1002.1432800292969 0.8045014880952381 1421.7436828613281 792.5329559326171 1508.3836364746094 936.2285797119141 0.8087565104166666 
45 1647.1117248535156 864.734423828125 1774.0116882324219 1002.209423828125 0.8127325148809523 1420.7253784179688 794.288705444336 1507.4403930664062 935.9937042236328 0.8074311755952381 
46 1648.0518981933594 863.0234802246093 1773.033917236328 1002.8339416503907 0.8120582217261905 1417.071142578125 792.4663879394532 1510.27822265625 936.5135925292968 0.8096168154761905 
47 1647.2698486328125 863.1395568847656 1772.5021240234375 1003.2299499511719 0.8204520089285714 1416.0717529296876 790.5636322021485 1507.3427978515624 937.0217559814453 0.8118722098214286 
48 1646.7114685058593 862.1631866455078 1771.6731750488282 1004.0689300537109 0.8083844866071429 1417.6421203613281 793.4912536621093 1508.7159118652344 937.5149719238282 0.8149646577380952 
49 1642.38984375 864.2016784667969 1771.640185546875 1006.1652648925781 0.8107096354166666 1418.6055908203125 791.9974426269531 1509.7166748046875 938.1987243652344 0.8182198660714286 
50 1647.7368225097657 862.4463745117188 1772.8575378417968 1004.5326293945312 0.8213588169642857 1416.744580078125 791.8110443115235 1507.934375 938.1387237548828 0.8134533110119048 
51 1648.59365234375 862.7770782470703 1771.378271484375 1004.6145843505859 0.8205450148809523 1416.1331176757812 792.5097442626953 1507.1632690429688 936.4641937255859 0.8122674851190477 
52 1645.2079162597656 863.7497039794922 1772.2983093261719 1005.667349243164 0.8185686383928571 1420.111260986328 793.4426818847656 1506.9562438964845 937.4784606933594 0.8104771205357143 
53 1646.7590393066407 863.082730102539 1771.6956726074218 1007.0774871826172 0.8373093377976191 1417.9799926757812 793.0399963378907 1506.9179565429688 937.0348327636718 0.8120349702380952 
54 1652.5933471679687 864.3345672607422 1771.2757934570313 1004.210171508789 0.8257068452380952 1414.0059326171875 791.8698059082031 1509.3756591796875 938.1034606933594 0.8257533482142857 
55 1651.5390991210938 863.7097320556641 1770.0019165039062 1005.4421844482422 0.822265625 1419.0067016601563 791.8671936035156 1507.8538940429687 935.7150817871094 0.8279157366071429 
56 1646.5151733398438 864.6273956298828 1771.4430786132812 1006.4947357177734 0.8132207961309523 1419.3807312011718 788.9701782226563 1508.3125061035157 937.1898559570312 0.8181733630952381 
57 1648.5013732910156 862.934439086914 1771.2531433105469 1006.8501678466797 0.8168247767857143 1419.8479858398437 789.4299163818359 1506.6207641601563 935.4621124267578 0.8143368675595238 
58 1648.6461547851563 864.580679321289 1771.3174682617187 1006.2874237060547 0.8149181547619048 1420.1419982910156 789.0092041015625 1506.8581237792969 937.060986328125 0.8148251488095238 
59 1643.9691101074218 862.2855926513672 1773.0085510253907 1006.132925415039 0.8210565476190477 1421.2825134277343 788.8161102294922 1505.8985168457032 934.7787994384765 0.8013392857142857 
60 1650.918194580078 864.1064331054688 1771.2699157714844 1005.5725219726562 0.8079892113095238 1423.2891662597656 790.5310363769531 1503.523699951172 936.2200622558594 0.8094540550595238 
61 1646.7769165039062 862.336181640625 1771.4274291992188 1006.0010986328125 0.8144066220238095 1418.7657043457032 790.5849578857421 1505.3872497558593 936.3626129150391 0.8039202008928571 
62 1650.7914001464844 862.7602142333984 1771.390362548828 1004.5169464111328 0.8209402901785714 1420.5791320800781 792.7769989013672 1505.2100524902344 934.5337310791016 0.8107328869047619 
63 1648.2881469726562 863.4648071289063 1772.7926635742188 1004.8512329101562 0.8264508928571429 1420.3005310058593 791.797607421875 1508.9307922363282 935.2943115234375 0.8207775297619048 
64 1649.1942810058595 862.2980651855469 1773.919854736328 1003.9356994628906 0.8119187127976191 1419.1754333496094 790.259619140625 1507.963116455078 936.1252685546875 0.8148018973214286 
65 1647.8322387695312 863.1163482666016 1772.6147827148438 1004.8186492919922 0.8095935639880952 1423.0770263671875 787.7912445068359 1507.6754150390625 933.7234649658203 0.8086170014880952 
66 1645.5687744140625 862.0833557128906 1776.4199951171875 1003.4870788574219 0.8040829613095238 1416.6603698730469 788.7839874267578 1505.3014221191406 932.298226928711 0.7991536458333334 
67 1651.3555114746093 863.3717163085937 1775.7459289550782 1004.6286499023438 0.7880394345238095 1418.7112548828125 786.4182800292969 1507.2604248046875 934.0001770019531 0.8145228794642857 
68 1647.787255859375 864.1423492431641 1778.376318359375 1003.1564178466797 0.7920154389880952 1419.5804931640625 785.4000732421875 1505.9378173828125 932.839306640625 0.8046409970238095 
69 1653.3580383300782 865.0064178466797 1777.5583435058593 1003.942251586914 0.7707635788690477 1422.688787841797 780.7218566894531 1511.1025939941405 934.3933776855469 0.8106166294642857 
70 1655.3113342285155 864.4645599365234 1779.753485107422 1003.6711212158203 0.7829241071428571 1424.6795959472656 781.88173828125 1509.0470886230469 933.7433837890625 0.7968052455357143 
71 1658.4763488769531 862.3190856933594 1780.8282165527344 1005.7661193847656 0.76611328125 1423.5900817871093 779.7235321044922 1514.2992004394532 935.8275543212891 0.8162899925595238 
72 1655.4623657226562 863.5221099853516 1782.4443725585938 1007.4349822998047 0.7716238839285714 1423.313232421875 780.9023742675781 1516.433349609375 935.3971862792969 0.8172898065476191 
73 1657.7094299316407 864.7748077392578 1782.4327819824218 1006.4098236083985 0.7696010044642857 1429.3208801269532 781.517431640625 1518.1069763183593 940.064111328125 0.7951543898809523 
74 1657.489453125 862.4793579101563 1782.53447265625 1002.3601196289062 0.7591843377976191 1433.64765625 793.0280181884766 1520.54326171875 941.3864715576171 0.7820870535714286 
75 1660.9668212890624 861.1003601074219 1783.6435302734376 1002.8132141113281 0.7579985119047619 1436.6016723632813 797.1587646484375 1529.6668823242187 943.10185546875 0.7938290550595238 
76 1659.8577880859375 859.2783935546875 1780.6759033203125 1003.41240234375 0.7829241071428571 1439.6619506835937 800.0921020507812 1532.9252075195313 948.4653930664062 0.7984561011904762 
77 1657.6002563476563 860.6971588134766 1778.9607788085937 1005.4780731201172 0.7367234002976191 1440.8382629394532 804.7665496826172 1538.7783142089843 951.676626586914 0.7929454985119048 
78 1657.8356689453126 859.8499725341796 1783.9077392578124 1000.8795806884766 0.7803664434523809 1444.3188354492188 810.0457641601563 1540.4753540039062 955.3490112304687 0.7962704613095238 
79 1656.5930969238282 858.848779296875 1789.6604431152343 1002.647314453125 0.8145693824404762 1447.5817749023438 812.1266906738281 1546.3090942382812 960.2176696777344 0.7884812127976191 
80 1659.8798706054688 858.5314697265625 1793.5383422851562 1002.968896484375 0.8377743675595238 1449.6911254882812 818.4837188720703 1551.0127319335938 965.0768890380859 0.8004557291666666 
81 1658.5228149414063 861.360400390625 1799.0018432617187 1004.0008056640625 0.8555850074404762 1451.1289672851562 820.7128723144531 1559.1898803710938 969.8369323730469 0.8082217261904762 
82 1662.7366943359375 858.9789215087891 1801.6900634765625 1004.4457000732422 0.8663271949404762 1451.968487548828 823.4054931640625 1564.8680603027344 973.2146240234375 0.8170107886904762 
83 1664.8594909667968 860.596890258789 1801.7002014160157 1003.9537078857422 0.8753487723214286 1453.7506408691406 822.8362091064453 1566.6984558105469 974.881381225586 0.8053850446428571 
84 1663.7426452636719 861.3947875976562 1802.5301818847656 1004.5195190429688 0.8724888392857143 1456.562158203125 827.0315582275391 1569.327001953125 978.8304412841796 0.7957589285714286 
85 1662.2172790527343 861.8803344726563 1804.8121398925782 1006.6357788085937 0.8866257440476191 1457.2161987304687 829.0568359375 1576.0452758789063 984.6150390625 0.8167782738095238 
86 1660.0757263183593 862.2804168701172 1804.5279113769532 1004.5766998291016 0.8827659970238095 1463.1329345703125 832.5939575195313 1575.2452392578125 987.8262084960937 0.8114304315476191 
87 1662.77802734375 862.7640319824219 1802.5623046875 1004.6987365722656 0.8742792038690477 1463.6889404296876 836.2133544921875 1579.8174072265624 993.2016845703125 0.8380998883928571 
88 1665.8134643554688 863.2195129394531 1802.9599731445312 1006.7947692871094 0.8750697544642857 1467.6763305664062 840.5540740966796 1579.1078491210938 994.8439361572266 0.8328915550595238 
89 1667.2718444824218 861.9956146240235 1803.9570373535157 1007.2235626220703 0.8560500372023809 1471.6904907226562 842.9385528564453 1580.6115112304688 996.7093353271484 0.8402157738095238 
90 1666.8991333007812 861.8764221191407 1805.4560913085938 1006.8281677246093 0.8620489211309523 1477.5929077148437 843.1015563964844 1579.9117309570313 994.4482482910156 0.8201032366071429 
91 1668.8411071777343 861.9953430175781 1805.2635070800782 1006.9442321777344 0.8613513764880952 1479.538555908203 845.1065277099609 1579.7237731933594 994.3185821533203 0.8253115699404762 
92 1666.772967529297 863.086215209961 1804.9644592285156 1007.6559112548828 0.8614908854166666 1479.6010681152343 847.6316589355469 1581.6502746582032 998.5794006347656 0.8230329241071429 
93 1662.1265502929687 865.956201171875 1804.2445434570313 1008.0741943359375 0.8814871651785714 1480.767022705078 848.4158020019531 1582.5829528808595 1001.1396179199219 0.8238467261904762 
94 1662.852587890625 864.2448760986329 1804.9328125 1008.4456146240234 0.8897879464285714 1478.931573486328 852.3368682861328 1589.2025817871095 1000.7787933349609 0.8361235119047619 
95 1661.2832824707032 864.2090148925781 1803.2056091308593 1010.3677673339844 0.8936941964285714 1478.7069946289062 854.1881164550781 1593.0920776367188 1002.4650817871094 0.8439127604166666 
96 1660.7717834472655 865.7387786865235 1802.641424560547 1009.7257598876953 0.8855329241071429 1477.7747619628906 853.8483917236329 1596.352313232422 1002.0703704833984 0.8563755580357143 
97 1660.1080810546875 865.8942932128906 1804.0799072265625 1009.8659606933594 0.8817661830357143 1479.247821044922 855.8781433105469 1595.6954162597656 1001.9670715332031 0.8454241071428571 
98 1663.5828979492187 865.2302947998047 1803.2322875976563 1006.9955963134765 0.8640252976190477 1476.9767150878906 856.6038757324219 1597.5829772949219 1002.6010803222656 0.8535853794642857 
99 1666.0931213378906 866.2965393066406 1803.431170654297 1005.7474060058594 0.8692336309523809 1478.37080078125 855.8133209228515 1594.5798828125 1001.6028778076172 0.8512137276785714 
100 1666.0734619140626 866.7700927734375 1803.6570068359374 1006.470263671875 0.8836495535714286 1478.2597595214843 856.5124053955078 1592.5599426269532 1000.4459075927734 0.8321940104166666 
101 1666.2765075683594 864.7323333740235 1801.801983642578 1006.6106231689453 0.8768136160714286 1476.5083374023438 856.0991394042969 1590.8578735351562 1002.2125061035156 0.8304036458333334 
102 1663.9270141601562 865.5704833984375 1801.6086303710938 1005.3703125 0.8700474330357143 1477.8530334472657 855.0610198974609 1590.1165710449218 1001.2154083251953 0.8327520461309523 
103 1664.2232727050782 863.0299499511718 1802.0234313964843 1007.1901428222657 0.8761858258928571 1477.744610595703 856.5068786621093 1592.2247497558594 1000.6670715332032 0.8386579241071429 
104 1662.0977478027344 864.4001892089843 1799.6316223144531 1006.1657287597657 0.88671875 1475.7354736328125 855.7737701416015 1592.1102294921875 1001.7712127685547 0.8273111979166666 
105 1664.139422607422 862.4382995605469 1797.3956115722656 1006.2703186035156 0.8841610863095238 1479.4683410644532 855.686068725586 1591.5725524902343 1001.6332061767578 0.8244977678571429 
106 1662.4956115722657 862.0885772705078 1797.9788757324218 1006.0395355224609 0.8918108258928571 1481.1728393554688 855.3307037353516 1593.3698852539062 1001.3986053466797 0.82275390625 
107 1660.3507751464845 862.0833465576172 1797.844659423828 1005.923062133789 0.8922758556547619 1480.7952026367188 857.2019470214843 1595.0209594726562 1001.0415832519532 0.8292410714285714 
108 1661.1801513671876 864.5303253173828 1796.6054931640624 1006.3037200927735 0.8866024925595238 1481.07421875 857.531216430664 1597.455322265625 1003.5365936279297 0.83642578125 
109 1660.5230895996094 862.1653594970703 1797.927471923828 1008.0253753662109 0.8888811383928571 1482.4666320800782 855.4171112060546 1598.7317321777343 1003.3910552978516 0.8334728422619048 
110 1662.3944458007813 863.8826080322266 1797.7166381835937 1007.6624969482422 0.8863467261904762 1482.1817749023437 859.2471923828125 1600.5887329101563 1000.91259765625 0.837890625 
111 1664.530255126953 864.5394104003906 1797.9168884277344 1008.5123474121094 0.8918108258928571 1482.4467895507812 858.0247619628906 1598.8954956054688 1001.9976989746094 0.8355887276785714 
112 1664.5589721679687 864.0650634765625 1797.9940063476563 1008.0902099609375 0.8878813244047619 1482.165057373047 861.2953521728516 1600.7740295410156 1001.0844696044921 0.8152901785714286 
113 1665.517803955078 864.2878967285156 1798.7965270996094 1008.1443542480469 0.8854399181547619 1481.710272216797 861.5214630126953 1600.1802307128905 1001.1468109130859 0.8215215773809523 
114 1665.4074279785157 863.0505889892578 1798.6778991699218 1009.0134368896485 0.8916480654761905 1481.3674438476562 860.284310913086 1601.9453002929688 1002.0162872314453 0.8410760788690477 
115 1667.4373718261718 863.5231567382813 1798.4287170410157 1009.3037475585937 0.8790457589285714 1482.0018798828125 862.3855377197266 1600.3164794921875 1003.9405731201172 0.8212890625 
116 1667.3713684082031 864.4853881835937 1798.1910095214844 1010.0749145507813 0.8810918898809523 1479.8255126953125 865.2157684326172 1604.3151123046875 1004.4753326416015 0.8425409226190477 
117 1667.1264221191407 865.3731628417969 1799.8097351074218 1008.5869201660156 0.8785109747023809 1481.7911010742187 867.7222442626953 1606.0499633789063 1004.6177825927734 0.8385881696428571 
118 1666.3 865.0165374755859 1801.345751953125 1008.5026885986329 0.8688151041666666 1480.6120178222657 868.749755859375 1607.2174499511718 1008.0157470703125 0.8424479166666666 
119 1666.3710083007813 865.7576721191406 1801.2520385742187 1009.0688659667969 0.8600260416666666 1482.044366455078 869.2432250976562 1612.7103942871095 1010.4468383789062 0.8519810267857143 
120 1665.9421508789062 865.7425903320312 1800.6435424804688 1008.8628784179688 0.8563523065476191 1483.237127685547 872.7042999267578 1615.8337951660155 1011.6152191162109 0.8451915922619048 
121 1666.2661376953124 863.6861114501953 1801.0224365234376 1008.9700775146484 0.8546084449404762 1485.3495788574219 874.3759338378907 1615.8946838378906 1011.2375915527343 0.8408203125 
122 1665.7597961425781 865.7046752929688 1800.5245056152344 1008.8922485351562 0.8614676339285714 1484.1026306152344 874.0465240478516 1620.9731750488281 1015.1283416748047 0.8387044270833334 
123 1666.895770263672 865.9913452148437 1801.5103576660156 1009.0192749023438 0.8468656994047619 1485.683856201172 874.56650390625 1620.2984436035156 1013.387841796875 0.8415643601190477 
124 1665.45546875 865.2670471191407 1799.9419921875 1008.1589782714843 0.8466564360119048 1485.7899230957032 873.8341369628906 1622.3776794433593 1012.5232849121094 0.8440987723214286 
125 1665.8957275390626 867.2787841796875 1798.2392822265624 1008.025048828125 0.8673735119047619 1487.9026184082031 875.8431457519531 1622.3467712402344 1012.3880554199219 0.8415178571428571 
126 1665.9449462890625 867.1766998291016 1798.3031005859375 1007.9385955810546 0.8688383556547619 1487.931884765625 877.6004638671875 1622.39111328125 1012.0596923828125 0.8332635788690477 
127 1665.9957214355468 867.4453186035156 1798.2788146972657 1008.1273132324219 0.8682803199404762 1489.9414184570312 877.8632568359375 1622.2243530273438 1012.24599609375 0.8358677455357143 
128 1667.2572998046876 865.3760803222656 1799.4294677734374 1010.1361267089844 0.8506091889880952 1489.2523986816407 876.0273620605469 1625.6205261230468 1012.3954895019531 0.8304501488095238 
129 1667.378662109375 866.5330474853515 1799.58447265625 1009.2312957763672 0.8454938616071429 1487.7144714355468 876.9448089599609 1624.1171936035157 1013.3476104736328 0.8439127604166666 
130 1665.6389282226562 865.58076171875 1800.0546752929688 1008.3976318359375 0.8480050223214286 1489.7834716796874 877.8591247558594 1622.0990966796876 1012.2750305175781 0.8374953497023809 
131 1666.187921142578 866.6421844482422 1798.4440368652345 1009.3948638916015 0.8542131696428571 1488.3122680664062 877.3001831054687 1622.6677124023438 1011.6556274414063 0.8397042410714286 
132 1665.2862243652344 866.858920288086 1799.6430969238281 1009.6131866455078 0.8449590773809523 1487.6507080078125 877.2748199462891 1622.0077392578125 1013.7311004638672 0.8423316592261905 
133 1665.4709106445312 868.0386993408204 1799.8542846679688 1008.7212493896484 0.8485630580357143 1489.6580200195312 878.6989135742188 1621.9415893554688 1010.9824829101562 0.8280552455357143 
134 1667.9475463867188 865.8196624755859 1800.3307739257812 1008.7094512939453 0.8442150297619048 1488.042218017578 876.2454040527343 1624.6280700683594 1012.8312561035157 0.8115001860119048 
135 1667.4761779785156 865.1987884521484 1799.786883544922 1008.0105010986329 0.8530505952380952 1489.2846069335938 875.6188873291015 1625.7957153320312 1012.1300750732422 0.8093377976190477 
136 1667.5112426757812 866.3308197021485 1799.8068725585938 1009.1260284423828 0.8402390252976191 1489.3403747558593 876.7497375488281 1625.8357727050782 1013.2451354980469 0.8018275669642857 
137 1665.4916015625 865.2269744873047 1799.809912109375 1010.0388336181641 0.8330310639880952 1487.4230590820312 877.7386199951172 1625.9387573242188 1012.056851196289 0.8212425595238095 
138 1666.7597717285157 866.5695648193359 1801.0623718261718 1009.2660675048828 0.8284040178571429 1487.097637939453 876.9811950683594 1625.5973083496094 1013.3823303222656 0.81640625 
139 1665.2205444335937 866.6726440429687 1801.6351684570313 1009.3835083007813 0.8350771949404762 1487.1547912597657 877.0853942871094 1627.7669616699218 1013.5001770019531 0.8220563616071429 
140 1665.4184692382812 865.4902587890625 1801.8464233398438 1010.3139404296875 0.8461681547619048 1487.0931518554687 875.9039886474609 1629.8179809570313 1014.4310333251954 0.806640625 
141 1667.0383728027343 864.6726745605469 1801.4104797363282 1009.5425354003906 0.8367047991071429 1487.2834899902343 876.9469940185547 1625.8545715332032 1013.418667602539 0.8134068080357143 
142 1665.1857116699218 865.4876220703125 1801.7668029785157 1010.4738037109375 0.8469354538690477 1488.76162109375 878.0143341064453 1627.4439453125 1012.494271850586 0.8094773065476191 
143 1667.92529296875 865.489224243164 1800.048583984375 1008.0986053466797 0.8272414434523809 1487.6471313476563 877.5077850341797 1630.2564331054687 1013.8255279541015 0.7918061755952381 
144 1667.4308227539063 867.470101928711 1799.8267456054687 1008.2721466064453 0.8521902901785714 1488.8821960449218 877.8968933105468 1627.5827697753907 1012.3943664550782 0.8102213541666666 
145 1667.3743896484375 866.3122161865234 1799.6722412109375 1009.1099639892578 0.8641648065476191 1490.8156860351562 878.3466217041016 1627.3134643554688 1014.8444793701171 0.8194056919642857 
146 1666.0952209472657 866.0346710205079 1800.2676940917968 1010.6892669677734 0.8436104910714286 1487.9783203125 878.2908386230469 1628.439892578125 1014.5596252441406 0.7937593005952381 
147 1668.5794921875 864.9180297851562 1800.8443359375 1009.7794799804688 0.8385881696428571 1488.5928955078125 879.0489318847656 1627.1558837890625 1013.4131042480469 0.8153599330357143 
148 1666.8837768554688 864.6333984375 1801.2976196289062 1009.548486328125 0.8332403273809523 1488.4459411621094 878.7695098876953 1629.160626220703 1013.1834320068359 0.8078729538690477 
149 1666.6364013671875 864.8801788330078 1801.0169189453125 1009.759164428711 0.8376581101190477 1490.1005981445312 879.012744140625 1628.6804077148438 1013.39326171875 0.8118489583333334 
150 1667.3591735839843 865.7343872070312 1799.7571594238282 1008.6401245117188 0.8530040922619048 1490.666925048828 879.6369506835938 1627.2680114746095 1014.1364868164062 0.8123837425595238 
151 1664.5796325683593 865.774057006836 1800.8116027832032 1010.3894561767578 0.8361235119047619 1488.1230712890624 878.0268463134765 1630.6425537109376 1014.2587371826172 0.7896670386904762 
152 1664.6295471191406 866.6571960449219 1800.8923034667969 1009.2088928222656 0.8382393973214286 1488.3750305175781 878.6708770751953 1628.8304138183594 1014.9335540771484 0.7904808407738095 
153 1665.9586303710937 867.8665710449219 1799.9998657226563 1010.2852844238281 0.8520275297619048 1489.8684936523437 878.2579925537109 1628.0985473632813 1014.3935577392579 0.7981538318452381 
154 1669.3261962890624 866.7103820800781 1799.5343994140626 1009.5194763183594 0.8644670758928571 1491.1377990722656 880.8458892822266 1625.546405029297 1013.1542938232421 0.8180338541666666 
155 1669.403387451172 866.7465515136719 1799.5593811035155 1009.4981994628906 0.8621186755952381 1491.286865234375 879.0193481445312 1625.641357421875 1013.3738403320312 0.8141043526785714 
156 1669.4264099121094 866.0943298339844 1799.784893798828 1009.0681457519531 0.8540736607142857 1488.930126953125 878.1436096191406 1627.698779296875 1014.8097595214844 0.8272879464285714 
157 1667.2158325195312 866.5092163085938 1799.5908081054688 1009.3901977539062 0.8609793526785714 1488.69541015625 878.550634765625 1627.37392578125 1015.128076171875 0.8302641369047619 
158 1667.7055114746095 866.094384765625 1800.210137939453 1009.11533203125 0.8613746279761905 1489.2528503417968 878.3903137207031 1625.9640686035157 1012.9982360839844 0.8348911830357143 
159 1667.3109191894532 866.2041320800781 1799.5822692871093 1008.9732360839844 0.8543294270833334 1489.1724731445313 878.2361328125 1625.6429565429687 1014.7066162109375 0.8261486235119048 
160 1665.7599060058594 867.1078430175781 1800.247540283203 1010.0010437011719 0.8712332589285714 1489.325665283203 877.2914489746094 1625.9146911621094 1015.9818664550781 0.8162667410714286 
161 1667.598388671875 865.9787139892578 1799.832763671875 1008.7077484130859 0.85986328125 1489.7522094726562 878.2495239257812 1624.0854370117188 1012.5827514648438 0.82861328125 
162 1669.3592529296875 865.47392578125 1799.4354248046875 1008.138134765625 0.8600260416666666 1489.4959350585937 879.5950744628906 1625.8661254882813 1011.7693054199219 0.8229166666666666 
163 1667.6472229003907 865.8612762451172 1799.8677917480468 1008.575552368164 0.8608630952380952 1489.8194946289063 877.8886596679688 1624.1387573242187 1014.3067749023437 0.8290550595238095 
164 1666.2465698242188 865.6066253662109 1800.5620239257812 1008.3167755126954 0.8582821800595238 1489.7960693359375 879.4902221679688 1628.3089111328125 1013.8056762695312 0.8225213913690477 
165 1666.6018615722655 864.048779296875 1801.047918701172 1008.9984619140625 0.8409133184523809 1488.3637756347657 879.8041931152344 1627.0113464355468 1014.2502502441406 0.8216610863095238 
166 1664.8007202148438 863.1017852783203 1801.4006958007812 1010.2094329833984 0.8456798735119048 1488.3524230957032 877.2467742919922 1627.0539489746093 1013.8466705322265 0.8234514508928571 
167 1664.7600219726562 865.0041381835938 1801.2228881835938 1009.8646362304687 0.8489815848214286 1488.4889831542969 877.2777313232422 1627.0511779785156 1013.7405181884766 0.8238699776785714 
168 1665.6422241210937 863.5647796630859 1801.8797485351563 1010.2822052001953 0.8503766741071429 1487.807684326172 877.6721832275391 1628.2373596191405 1013.9097869873046 0.7987118675595238 
169 1665.497869873047 863.7878173828125 1801.6460510253905 1010.408837890625 0.8588169642857143 1488.0220764160156 877.8859405517578 1626.264666748047 1014.0340423583984 0.7970377604166666 
170 1665.2207458496093 864.2989135742188 1801.2781555175782 1008.7290405273437 0.8601422991071429 1487.6216064453124 876.5359924316406 1627.8654541015626 1012.5934020996094 0.8060360863095238 
171 1665.20693359375 864.28427734375 1801.201025390625 1008.647119140625 0.8589797247023809 1487.9318359375 878.1250244140625 1626.018115234375 1014.1191162109375 0.8041294642857143 
172 1667.390771484375 864.4710113525391 1801.401220703125 1008.9510467529296 0.8532831101190477 1488.3610778808593 878.5646514892578 1624.4654602050782 1012.5751800537109 0.8133835565476191 
173 1667.4717041015624 865.0035888671875 1801.4758056640626 1009.4768798828125 0.8502604166666666 1486.5982482910156 879.0965728759766 1624.790057373047 1013.1007537841797 0.8196382068452381 
174 1665.3937072753906 863.8187316894531 1801.4438171386719 1010.3342224121094 0.8494931175595238 1486.4353942871094 877.9067687988281 1624.5786437988281 1013.9568786621094 0.8085472470238095 
175 1665.4316711425781 864.0063171386719 1801.4595642089844 1008.4051818847656 0.8464936755952381 1488.3539123535156 877.8506164550781 1624.3818054199219 1013.8785095214844 0.80712890625 
176 1665.4618591308595 863.5742340087891 1801.533868408203 1010.1134490966797 0.8467494419642857 1486.4747009277344 877.6645477294921 1624.6401672363281 1013.7366363525391 0.8104771205357143 
177 1665.6364990234374 863.2475280761719 1801.6147216796876 1009.6855773925781 0.8486328125 1486.7727966308594 879.1786590576172 1624.8430480957031 1013.0649322509765 0.8239629836309523 
178 1664.7066223144532 863.64765625 1800.8779724121093 1010.29375 0.8626302083333334 1487.4420776367188 877.7482482910157 1623.6135864257812 1013.9195983886718 0.8271484375 
179 1664.5971435546876 863.4861236572266 1800.7461181640624 1010.1081756591797 0.8530970982142857 1487.3616516113282 877.5844482421875 1623.5107849121093 1013.7334228515625 0.8219168526785714 
180 1662.9315185546875 862.8352752685547 1801.2882080078125 1011.673452758789 0.8557942708333334 1485.5511474609375 877.1869598388672 1623.9078369140625 1013.4472564697265 0.8232654389880952 
181 1664.3661804199219 862.9912322998047 1800.6114807128906 1011.8129058837891 0.8539574032738095 1485.1513122558595 877.3412780761719 1623.492608642578 1013.5865783691406 0.8231259300595238 
182 1664.6778442382813 864.22841796875 1801.1197631835937 1011.165869140625 0.857421875 1485.4465209960938 878.3570526123046 1621.8884399414062 1014.7988922119141 0.8385416666666666 
183 1664.5006164550782 864.1686950683594 1800.9360290527343 1011.0990051269531 0.8576543898809523 1485.277978515625 878.2965850830078 1621.713232421875 1014.7319183349609 0.8358212425595238 
184 1663.5680297851563 864.9496185302735 1800.0201049804687 1011.8980987548828 0.8633510044642857 1486.1801147460938 879.3214721679688 1620.5330200195312 1013.6743774414062 0.8354259672619048 
185 1664.906719970703 864.7435791015625 1801.3307067871094 1009.5628173828125 0.8669317336309523 1486.1831665039062 878.8702697753906 1618.4096069335938 1013.1954040527344 0.8338681175595238 
186 1664.6409973144532 864.5900238037109 1801.0478454589843 1011.4896270751954 0.8770926339285714 1484.0837158203126 878.7149810791016 1618.3918701171874 1015.1217498779297 0.8339611235119048 
187 1665.179376220703 866.496435546875 1799.5683044433595 1011.3845458984375 0.8744419642857143 1482.4136535644532 878.530062866211 1618.9023864746093 1017.1186798095703 0.8365187872023809 
188 1664.9407531738282 866.3798522949219 1799.3220642089843 1009.1600646972656 0.8723260788690477 1482.4276916503907 878.4128326416015 1616.8090026855468 1014.8938690185547 0.83544921875 
189 1666.3852661132812 864.7135864257813 1798.6745483398438 1011.7018188476562 0.8790225074404762 1482.0038024902344 878.8470184326172 1616.393048095703 1015.336148071289 0.8320545014880952 
190 1666.5038818359376 865.0711456298828 1798.8664794921874 1010.0396331787109 0.8815104166666666 1480.1619812011718 878.9700347900391 1616.7265686035157 1015.5345428466796 0.8441220238095238 
191 1666.3959655761719 866.4795349121093 1798.6358947753906 1009.2146789550782 0.8721400669642857 1480.2267639160157 880.3655639648438 1616.6647155761718 1014.7045043945312 0.8438430059523809 
192 1665.958026123047 866.4911926269531 1798.3287170410156 1009.3675720214844 0.8869745163690477 1479.846923828125 878.2897857666015 1614.31884765625 1016.9639373779297 0.8560500372023809 
193 1665.9524475097655 866.6200927734375 1798.462469482422 1009.6467529296875 0.8774181547619048 1478.2703186035155 880.5344665527343 1610.780340576172 1015.1477844238282 0.8526785714285714 
194 1665.15517578125 865.3256866455079 1797.746923828125 1010.5452239990234 0.8857421875 1478.7334899902344 879.2486602783204 1613.4299621582031 1016.0496185302734 0.8492140997023809 
195 1664.8626281738282 865.4389221191407 1797.7458923339843 1010.9778259277343 0.8804408482142857 1478.030987548828 879.3925415039063 1613.0235778808594 1016.4942993164062 0.8478422619047619 
196 1665.7470642089843 867.0049468994141 1798.7537902832032 1010.5677459716796 0.8884858630952381 1477.6051696777345 879.3474639892578 1608.500665283203 1014.4653411865235 0.8447498139880952 
197 1663.5512939453124 866.9399871826172 1798.7170166015626 1010.5537261962891 0.8904854910714286 1477.2109069824219 879.0431854248047 1608.1527404785156 1016.321011352539 0.8470749627976191 
198 1663.4719543457031 867.176626586914 1798.6143493652344 1010.7654510498047 0.8881370907738095 1475.2959350585938 879.2777526855468 1608.3266235351562 1016.5316955566407 0.8537481398809523 
199 1663.7316955566407 867.1511047363281 1796.8345886230468 1010.8177673339844 0.8886021205357143 1474.0722778320312 877.6336059570312 1602.9496948242188 1014.9619750976562 0.8593284970238095 
200 1666.104425048828 866.7408874511718 1797.1322692871095 1010.4488098144532 0.8827659970238095 1473.1391235351562 877.2263977050782 1599.9402221679688 1014.5942810058593 0.8689778645833334 
201 1666.4002319335937 865.5958984375 1799.3077758789063 1011.1613037109375 0.8760463169642857 1467.9314575195312 877.6857788085938 1605.0582885742188 1016.9222534179687 0.8587239583333334 
202 1664.3163330078125 866.7324371337891 1799.4173095703125 1010.2771453857422 0.8602120535714286 1466.211737060547 878.8298553466797 1601.3125549316405 1016.0416656494141 0.8524693080357143 
203 1664.8378173828125 869.1527374267578 1798.3169677734375 1011.106723022461 0.8906947544642857 1466.7378540039062 877.7906005859375 1593.8607788085938 1015.50712890625 0.8589564732142857 
204 1664.2554260253905 866.6080963134766 1797.781072998047 1010.7310760498046 0.8809523809523809 1464.2114379882812 878.9987854003906 1593.4982788085938 1014.6439147949219 0.8559105282738095 
205 1664.1167846679687 866.6539337158204 1797.9130004882813 1011.0689056396484 0.8850446428571429 1461.788836669922 879.0696716308594 1593.4612854003906 1014.9896545410156 0.8522135416666666 
206 1663.8387512207032 867.30078125 1797.6811462402343 1011.7655029296875 0.8892066592261905 1459.80693359375 878.0866088867188 1591.524609375 1014.0534057617188 0.8620024181547619 
207 1663.892645263672 865.7622772216797 1799.6536193847655 1012.1296295166015 0.8738606770833334 1458.2928955078125 878.1635040283203 1594.0540283203125 1016.045785522461 0.8489583333333334 
208 1663.7484985351562 866.0111480712891 1799.4426635742188 1010.1861785888672 0.8688151041666666 1458.4945922851562 879.7925476074219 1592.0686401367188 1017.6069885253906 0.8527018229166666 
209 1663.7025939941407 866.3786346435547 1799.3470886230468 1010.5008209228515 0.8784877232142857 1456.8938049316407 878.5246368408203 1590.4188171386718 1016.2885345458984 0.8491908482142857 
210 1663.812548828125 866.6419372558594 1799.580029296875 1010.8948059082031 0.8839750744047619 1455.429052734375 876.9223724365235 1586.953759765625 1016.9325469970703 0.8596307663690477 
211 1663.902392578125 867.3713256835938 1799.66669921875 1011.6208618164062 0.8673037574404762 1453.647149658203 877.6515686035157 1587.2902282714845 1017.6584899902343 0.8591889880952381 
212 1663.7971557617188 867.2416381835938 1799.6430297851562 1011.5778198242188 0.8636997767857143 1453.6606384277343 875.4054565429688 1585.2613586425782 1019.7416381835938 0.8543991815476191 
213 1664.1365844726563 866.579052734375 1797.8870971679687 1010.9447509765625 0.8562825520833334 1449.9559387207032 876.6226043701172 1585.8295837402343 1018.8652496337891 0.8549339657738095 
214 1662.8906372070312 868.0036254882813 1797.0493041992188 1010.6802124023437 0.8828822544642857 1450.1862915039062 876.4397033691406 1582.2153198242188 1016.9868103027344 0.8423084077380952 
215 1663.0788940429688 868.2134796142578 1797.4362426757812 1011.1015228271484 0.8892996651785714 1446.2860473632813 874.7754913330078 1582.7762084960937 1017.6635345458984 0.8542131696428571 
216 1662.3927307128906 868.7860229492187 1796.8622741699219 1011.7933227539063 0.8920200892857143 1443.77705078125 873.7116821289062 1580.38115234375 1016.7189819335938 0.8505161830357143 
217 1659.8690673828125 867.8358459472656 1798.6104248046875 1012.9805603027344 0.8832310267857143 1441.4953063964845 873.2541381835938 1580.236505126953 1014.1298950195312 0.8443545386904762 
218 1663.20830078125 866.3170654296875 1795.652783203125 1013.7150390625 0.8892764136904762 1441.1253784179687 873.6294647216797 1575.7061645507813 1014.618765258789 0.8402157738095238 
219 1662.6517578125 868.1645538330079 1797.230322265625 1011.2877777099609 0.8838355654761905 1438.9294494628907 875.2303344726563 1575.6441589355468 1014.0811889648437 0.8500511532738095 
220 1660.5060791015626 868.2502288818359 1799.4131103515624 1013.5683135986328 0.8895321800595238 1439.32333984375 875.5654052734375 1571.81923828125 1014.4724365234375 0.8492606026785714 
221 1660.121112060547 867.0793304443359 1799.0584533691406 1012.4291534423828 0.8929966517857143 1434.8617126464844 874.1495025634765 1573.799053955078 1015.2243377685547 0.8528645833333334 
222 1660.1412170410156 867.094692993164 1799.129656982422 1014.6362030029297 0.8941592261904762 1435.2927673339843 876.3057861328125 1570.0044738769532 1015.2940673828125 0.8477260044642857 
223 1660.4412231445312 867.7395690917969 1799.5993041992188 1013.3203674316406 0.8900669642857143 1434.1651733398437 875.0680541992188 1564.7596313476563 1014.2261352539062 0.8464704241071429 
224 1661.772119140625 866.8942260742188 1798.937353515625 1014.7755737304688 0.8844401041666666 1430.9651123046874 873.9832946777344 1568.1303466796876 1017.5782287597656 0.8292875744047619 
225 1658.4192626953125 865.4468353271484 1800.0824462890625 1013.5493194580079 0.8776274181547619 1429.4134826660156 874.4452545166016 1566.7839050292969 1016.1085174560546 0.8395647321428571 
226 1661.372412109375 865.8796752929687 1798.762353515625 1011.8564086914063 0.8855794270833334 1428.5362487792968 874.6316589355469 1565.9260314941407 1016.3149963378906 0.8315197172619048 
227 1658.9150024414062 866.8230010986329 1798.5574096679688 1012.9105804443359 0.8835565476190477 1428.0504089355468 873.929067993164 1563.3962463378907 1015.7199188232422 0.8376813616071429 
228 1658.1215515136719 865.406396484375 1800.2035217285156 1013.946630859375 0.8860677083333334 1426.7830078125 872.527099609375 1564.559521484375 1016.76171875 0.8397274925595238 
229 1661.1988098144532 868.7600891113282 1798.4429138183593 1012.4375427246093 0.8760230654761905 1427.207470703125 873.9561889648437 1562.307177734375 1015.4892456054688 0.8516090029761905 
230 1663.4169067382813 868.3263732910157 1799.0660034179687 1014.7412536621093 0.8840680803571429 1426.5692504882813 873.7920684814453 1562.2183471679687 1015.9006195068359 0.8471214657738095 
231 1659.3162963867187 866.6208190917969 1799.2354614257813 1015.1504211425781 0.8771856398809523 1424.434307861328 870.180908203125 1562.2008239746094 1016.557861328125 0.8353562127976191 
232 1659.4755920410157 864.6759246826172 1799.4212585449218 1017.5394683837891 0.8850678943452381 1422.8932189941406 870.3896362304688 1560.6857604980469 1016.7942016601562 0.8311011904761905 
233 1659.5174194335937 864.487255859375 1799.5819458007813 1015.3259765625 0.8779994419642857 1420.8274780273437 869.957241821289 1560.8920043945313 1016.4863006591797 0.8338681175595238 
234 1661.71318359375 865.6938903808593 1799.667431640625 1014.4259826660157 0.8815104166666666 1417.2254333496094 869.0101135253906 1561.6465148925781 1017.7422058105469 0.8593982514880952 
235 1657.9408386230468 865.6319396972656 1800.2252990722657 1016.5396911621094 0.8732096354166666 1417.7320678710937 867.2902648925781 1557.8607055664063 1018.1980163574219 0.8373325892857143 
236 1659.4915893554687 865.6571868896484 1799.6202270507813 1014.4090362548828 0.8882533482142857 1413.5618408203125 867.3155120849609 1558.0021240234375 1016.0673614501953 0.8474702380952381 
237 1659.663232421875 865.0414855957031 1799.8912109375 1013.8989440917969 0.8937639508928571 1411.8992553710937 866.7009704589843 1556.4420532226563 1015.5584289550782 0.8567708333333334 
238 1659.8049072265626 866.2763671875 1800.1274658203124 1013.075439453125 0.8850678943452381 1408.303466796875 866.0272705078125 1555.1025390625 1014.9851806640625 0.8554920014880952 
239 1661.4671752929687 865.4739166259766 1799.5486938476563 1014.3430389404297 0.8763253348214286 1408.4560607910157 865.2249755859375 1553.0101257324218 1016.2515869140625 0.8452845982142857 
240 1661.5768676757812 865.0418701171875 1799.6767944335938 1013.930908203125 0.8690243675595238 1405.2121276855469 866.9506988525391 1549.7855529785156 1013.6819305419922 0.8460518973214286 
241 1659.2120849609375 864.6487487792969 1801.7906005859375 1013.7080627441406 0.8676990327380952 1405.2129333496093 866.5597534179688 1545.6311828613282 1013.4588012695312 0.8548642113095238 
242 1659.2973999023438 866.3281433105469 1801.8971801757812 1013.2492492675781 0.8600725446428571 1403.5983337402345 867.990200805664 1544.037530517578 1014.9112274169922 0.8493303571428571 
243 1659.2603942871094 864.8545532226562 1801.777813720703 1013.8499145507812 0.8695591517857143 1402.0483825683593 866.7647857666016 1542.4063293457032 1013.6007537841797 0.8440522693452381 
244 1658.0013793945313 865.9881134033203 1800.7725463867187 1015.2488861083984 0.8873232886904762 1400.3311889648437 866.2377136230468 1540.9390747070313 1013.3352844238282 0.8449590773809523 
245 1660.7681579589844 865.9664276123046 1799.2192687988281 1013.0707427978516 0.8909040178571429 1399.5082702636719 865.9664276123046 1537.9593811035156 1013.0707427978516 0.8506324404761905 
246 1663.7683654785155 864.8605743408203 1800.232977294922 1014.3216156005859 0.8733723958333334 1398.3374755859375 866.7767028808594 1539.1342041015625 1014.0716857910156 0.8369838169642857 
247 1663.737060546875 865.7678039550781 1800.138671875 1015.1600524902344 0.8771158854166666 1396.5131042480468 865.7678039550781 1539.4101135253907 1015.1600524902344 0.8363792782738095 
248 1663.1481628417969 864.3494445800782 1801.6468811035156 1013.6683776855468 0.8750697544642857 1396.3050109863282 866.2637481689453 1539.1318786621093 1013.4186859130859 0.8491675967261905 
249 1659.082745361328 865.2792938232421 1801.9876892089844 1014.6798736572266 0.8709077380952381 1394.508721923828 865.2792938232421 1535.2484802246095 1014.6798736572266 0.8494931175595238 
250 1660.5779113769531 864.5215728759765 1801.3094177246094 1013.9134246826172 0.8750465029761905 1394.353985595703 866.4368591308594 1532.9203063964844 1013.6636047363281 0.8542829241071429 
251 1658.7755065917968 864.8919738769531 1801.5544494628907 1014.1607604980469 0.87109375 1393.2700805664062 865.1415832519531 1529.5590209960938 1012.2470886230469 0.8600027901785714 
252 1660.01552734375 864.3094787597656 1800.487890625 1013.4262390136719 0.8868815104166666 1390.9568969726563 864.5588409423829 1529.2682006835937 1011.5144622802734 0.8444475446428571 
253 1658.1897705078125 864.6087951660156 1800.8717529296875 1013.7763366699219 0.8583984375 1389.0395568847657 864.6087951660156 1529.5596862792968 1013.7763366699219 0.8566080729166666 
254 1659.7311218261718 866.2789611816406 1800.5429260253907 1013.5898132324219 0.8629557291666666 1386.4394958496093 864.8625457763671 1527.2513000488282 1010.0070220947266 0.8503999255952381 
255 1662.403741455078 866.1661682128906 1801.2582458496095 1013.6991882324219 0.8780226934523809 1385.1117553710938 862.5780059814454 1526.1360473632812 1012.2805755615234 0.8455171130952381 
256 1661.5611694335937 864.2642272949219 1800.5726196289063 1014.1360412597656 0.8845796130952381 1385.8771911621093 862.5933898925781 1524.8888000488282 1012.4652038574219 0.8368210565476191 
257 1660.3786926269531 865.5555877685547 1801.4244079589844 1013.1112213134766 0.8737211681547619 1383.5449462890624 863.636019897461 1522.4208740234376 1013.3615997314453 0.8439360119047619 
258 1660.3371948242188 866.8580139160156 1799.3188110351562 1012.3543884277344 0.8678385416666666 1383.0422729492188 863.016000366211 1522.0238891601562 1012.8555206298828 0.8509812127976191 
259 1657.8896362304688 864.93896484375 1801.4123657226562 1012.810791015625 0.8709077380952381 1382.637255859375 863.0153259277344 1519.636181640625 1013.0617004394531 0.8429594494047619 
260 1659.0918212890624 864.8261840820312 1802.7031005859376 1012.7894165039063 0.8811383928571429 1380.0706359863282 861.2275238037109 1519.3301208496093 1011.3666534423828 0.8393089657738095 
261 1663.3971130371094 865.6362335205079 1800.499981689453 1013.6201751708984 0.8896949404761905 1378.5615478515624 860.1119262695313 1517.8405517578126 1012.4483764648437 0.8406343005952381 
262 1659.5048034667968 865.7642150878906 1800.9481994628907 1011.5598815917969 0.8594215029761905 1378.5426025390625 860.240380859375 1517.8101806640625 1010.3881591796875 0.8503069196428571 
263 1659.0418518066406 866.3686065673828 1802.552996826172 1012.0540618896484 0.8662574404761905 1376.619403076172 862.7724304199219 1517.9561584472656 1010.6323547363281 0.8633742559523809 
264 1660.3860961914063 866.1747192382812 1799.7098510742187 1012.0292602539063 0.8552129836309523 1375.45888671875 860.6485992431641 1516.9595703125 1010.8570770263672 0.8580961681547619 
265 1659.8845581054688 864.8852691650391 1801.2148071289062 1012.7384490966797 0.8668852306547619 1373.6279296875 857.4423675537109 1517.132568359375 1011.8185577392578 0.8590959821428571 
266 1659.9804748535157 864.6010925292969 1801.4527526855468 1012.6028869628906 0.8666527157738095 1371.7619384765626 857.1507171630859 1515.4106689453124 1011.6821075439453 0.8552827380952381 
267 1658.3389526367187 863.5977813720704 1801.8788208007813 1013.6621673583984 0.8716982886904762 1372.5139709472655 858.0770385742187 1513.878973388672 1012.4910766601563 0.8511904761904762 
268 1662.6916870117188 866.1757568359375 1799.6960083007812 1014.05361328125 0.8651646205357143 1371.1180358886718 857.0588562011719 1512.4719299316407 1011.4606750488281 0.8409365699404762 
269 1653.2059143066406 866.3326110839844 1800.985858154297 1016.2856750488281 0.8549339657738095 1369.5154235839843 857.4724426269531 1512.9488098144532 1011.7720642089844 0.8581659226190477 
270 1662.9903259277344 866.2348449707031 1800.1496887207031 1012.1025573730469 0.8636067708333334 1371.3386291503907 858.7823059082032 1510.6749206542968 1011.1814392089843 0.8581891741071429 
271 1663.8242553710938 866.4817291259766 1800.9079223632812 1012.2690643310547 0.8785574776785714 1368.7347229003906 859.033334350586 1510.170184326172 1011.3484405517578 0.8509812127976191 
272 1662.6790954589844 865.5786712646484 1801.832257080078 1013.4288360595704 0.8688151041666666 1368.3167907714844 858.3869140625 1507.469952392578 1010.5856201171875 0.8327752976190477 
273 1658.7452087402344 865.9388275146484 1802.3506164550781 1013.8959503173828 0.8619326636904762 1367.7684814453125 858.741830444336 1509.1980712890625 1011.0505889892578 0.8474469866071429 
274 1660.4091674804688 865.306039428711 1799.7900512695312 1013.3983673095703 0.8706752232142857 1367.2399597167969 860.0289978027344 1506.6210021972656 1010.2991271972656 0.8423316592261905 
275 1656.282940673828 864.6270538330078 1802.0221130371094 1014.7165130615234 0.8420293898809523 1365.892352294922 859.6073394775391 1505.1058166503906 1009.6967987060547 0.8483072916666666 
276 1658.8434143066406 864.7132141113282 1802.5107116699219 1012.7340515136718 0.8785342261904762 1364.8947631835938 857.7642944335937 1502.0317504882812 1007.9619018554688 0.8341238839285714 
277 1664.6065246582032 866.2590942382812 1799.7939880371093 1012.3488159179688 0.8814639136904762 1364.3760375976562 859.2983825683593 1499.5636596679688 1007.5686828613282 0.8358212425595238 
278 1661.8548828125 866.0663635253907 1801.22275390625 1011.9670837402343 0.8612583705357143 1364.1907897949218 856.9370849609375 1499.2033752441407 1009.370654296875 0.8256138392857143 
279 1661.6427978515626 865.2858001708985 1801.4004150390624 1013.7783477783203 0.8685360863095238 1363.1458679199218 856.3830108642578 1498.5361389160157 1009.2429046630859 0.8334495907738095 
280 1661.6035705566405 865.9571472167969 1801.149969482422 1012.0448059082031 0.8599330357142857 1361.8805297851563 858.9965667724609 1497.0662475585937 1007.2647247314453 0.8434244791666666 
281 1663.8018737792968 864.6529144287109 1801.2868713378907 1013.0492950439453 0.8676292782738095 1361.8891479492188 857.6863250732422 1497.1916625976562 1008.2650299072266 0.8414481026785714 
282 1664.0872497558594 866.3335784912109 1799.4121398925781 1012.5717559814453 0.8704659598214286 1361.8727722167969 855.5041870117187 1497.1976623535156 1008.2903686523438 0.8390299479166666 
283 1661.8411071777343 864.9459411621094 1799.4632141113282 1013.4904602050781 0.8635370163690477 1359.3749206542968 854.1075561523437 1496.9970275878907 1009.2055541992188 0.8470749627976191 
284 1659.0517028808595 865.1210052490235 1802.845635986328 1013.2723663330078 0.8522600446428571 1357.8888244628906 856.2385864257812 1497.3254089355469 1008.7473754882812 0.8390764508928571 
285 1659.0089721679688 864.9686981201172 1802.9690551757812 1013.291128540039 0.8529808407738095 1357.7498474121094 856.076058959961 1495.1662902832031 1008.7609161376953 0.8526553199404762 
286 1661.2976806640625 865.9509887695312 1801.1962158203125 1012.4072875976562 0.8629557291666666 1357.2033325195312 854.8533081054687 1494.9160522460938 1010.0531860351563 0.8403552827380952 
287 1660.9718017578125 866.0862670898438 1800.9979248046875 1012.6761840820312 0.8563523065476191 1356.5999816894532 855.2308319091796 1494.4382263183593 1008.3844635009766 0.8431687127976191 
288 1656.7242797851563 866.1773742675781 1801.3108764648437 1012.9547058105469 0.8552594866071429 1354.1541015625 853.3702026367188 1492.16865234375 1008.9103149414062 0.8265671502976191 
289 1658.194268798828 865.3016723632812 1800.6098083496095 1014.2903686523438 0.8546781994047619 1354.1494567871093 854.9365020751953 1487.8011047363282 1006.1161712646484 0.8372628348214286 
290 1657.7632873535156 866.0812561035157 1800.096942138672 1012.7944763183593 0.8492606026785714 1353.6406555175781 853.5323089599609 1489.4051208496094 1006.8147979736328 0.8210332961309523 
291 1659.1410217285156 866.8975860595704 1801.3007507324219 1011.2443206787109 0.8520972842261905 1352.278009033203 854.11162109375 1485.6893981933595 1007.2066162109375 0.8328450520833334 
292 1657.8132080078126 865.1465148925781 1800.0781494140624 1013.9776306152344 0.8482375372023809 1350.217578125 854.5397430419922 1488.10517578125 1007.7482818603515 0.8346121651785714 
293 1661.2042419433594 865.7265167236328 1801.169903564453 1012.2530364990234 0.8510974702380952 1350.4871154785155 854.8757965087891 1486.078924560547 1007.9632537841796 0.8178245907738095 
294 1658.4698852539063 867.1281829833985 1798.5623413085937 1013.7875274658203 0.8447265625 1348.9023742675781 854.5837829589843 1486.8059997558594 1007.8100158691407 0.8224516369047619 
295 1661.511181640625 868.4954467773438 1801.49541015625 1012.8541625976562 0.8494698660714286 1347.6403747558593 852.0910491943359 1481.0628723144532 1007.3860626220703 0.8353562127976191 
296 1659.9661804199218 866.2406158447266 1800.0061096191407 1012.8448944091797 0.8527948288690477 1345.7180969238282 851.5128479003906 1481.3816345214843 1009.0577087402344 0.8312872023809523 
297 1660.4744201660155 866.2577941894531 1800.442938232422 1012.7872497558594 0.8499116443452381 1344.7043518066407 853.7245697021484 1480.2986999511718 1006.8150421142578 0.8335658482142857 
298 1660.9023376464843 866.8430328369141 1798.8316711425782 1013.5298309326172 0.8461681547619048 1344.5405700683593 852.3596649169922 1480.2805969238282 1007.8038482666016 0.8348214285714286 
299 1660.4597778320312 866.3969085693359 1800.6620483398438 1013.1711456298829 0.8439360119047619 1344.4151123046875 853.8427764892579 1478.0453369140625 1007.1889007568359 0.8437732514880952 
300 1662.0246704101562 867.3422485351563 1800.0776245117188 1011.9691528320312 0.8205682663690477 1342.261083984375 848.9689300537109 1475.931298828125 1006.7436553955079 0.8261021205357143 
301 1658.794366455078 866.3106628417969 1800.8830017089845 1012.7712463378906 0.8581194196428571 1342.2477661132812 851.8496032714844 1473.4065307617188 1007.0540832519531 0.8322870163690477 
302 1656.5102661132812 865.9877868652344 1802.9262573242188 1014.5891174316406 0.8371000744047619 1340.5643920898438 853.7163970947265 1471.6831665039062 1006.6883270263672 0.8196149553571429 
303 1660.3199523925782 866.7660552978516 1800.4877868652343 1013.5042694091796 0.8525390625 1339.5512268066407 852.2774993896485 1470.9586608886718 1007.7762725830078 0.8194986979166666 
304 1665.9195495605468 867.2506866455078 1799.5737365722657 1011.8602142333984 0.8282180059523809 1337.7670959472657 850.8177947998047 1467.0391784667968 1006.3825836181641 0.8402390252976191 
305 1660.9361572265625 868.1786926269531 1799.4737548828125 1013.3132507324219 0.8380301339285714 1337.4280883789063 851.9398193359375 1464.9705932617187 1005.8704833984375 0.8527018229166666 
306 1661.9046813964844 866.4329833984375 1800.048565673828 1013.347900390625 0.8409598214285714 1335.4365539550781 848.3005645751953 1467.0020446777344 1006.179232788086 0.8269624255952381 
307 1662.786181640625 867.2019287109375 1799.051953125 1012.25888671875 0.83935546875 1333.8720581054688 848.7739166259765 1463.5442016601562 1007.0178924560547 0.8424246651785714 
308 1661.166571044922 866.5107299804688 1799.7839904785155 1013.9293334960937 0.8508184523809523 1334.0869689941405 850.2625610351563 1461.702947998047 1006.4821899414062 0.8349144345238095 
309 1660.445458984375 865.459814453125 1801.43515625 1013.0583740234375 0.8515857514880952 1331.271954345703 848.93759765625 1461.2467224121094 1007.550927734375 0.8350306919642857 
310 1659.96142578125 867.2719146728516 1800.91748046875 1014.8353240966796 0.8561197916666666 1333.0686828613282 851.2619171142578 1458.6077087402343 1005.4326019287109 0.8412853422619048 
311 1660.2059326171875 866.4293273925781 1801.1524658203125 1013.9826599121094 0.8464704241071429 1331.3872131347657 850.1662384033203 1459.1199890136718 1006.5287689208984 0.8504464285714286 
312 1660.2417053222657 864.381137084961 1799.0828796386718 1014.2416046142578 0.8493536086309523 1331.1928283691407 850.3105499267579 1456.8111999511718 1004.5786712646484 0.8611886160714286 
313 1660.2286987304688 865.5957061767579 1801.1387329101562 1015.3125579833984 0.8538178943452381 1329.8015441894531 849.8449401855469 1457.5013122558594 1003.9652404785156 0.8521902901785714 
314 1657.0861572265626 865.8557891845703 1800.2397705078124 1015.6164398193359 0.859375 1330.204833984375 849.8463073730469 1457.94189453125 1006.2139953613281 0.85791015625 
315 1656.6595581054687 866.4330322265625 1801.7647583007813 1015.93525390625 0.86279296875 1328.6510131835937 848.5062591552735 1458.3663208007813 1006.8027618408203 0.8475864955357143 
316 1656.8733764648437 866.169873046875 1801.9525512695313 1015.6454345703125 0.86328125 1327.2322998046875 850.4445281982422 1456.9244384765625 1004.3163970947265 0.8520740327380952 
317 1655.0513244628905 865.2512969970703 1802.389471435547 1016.9876556396484 0.8560267857142857 1327.4732849121094 849.773193359375 1455.019757080078 1003.7086181640625 0.8440522693452381 
318 1656.9090942382813 865.277197265625 1801.9685913085937 1014.7324462890625 0.8504464285714286 1327.5666870117188 847.3561248779297 1455.0431762695312 1005.6027984619141 0.8508184523809523 
319 1657.354296875 866.5772094726562 1800.335888671875 1016.1581420898438 0.8583984375 1325.7889465332032 848.8948760986328 1453.3725524902343 1005.0749114990234 0.8601655505952381 
320 1655.391131591797 865.8895843505859 1800.7396057128906 1015.6424591064454 0.8612583705357143 1325.3927368164063 849.8809326171875 1453.1231323242187 1006.24052734375 0.8560732886904762 
321 1657.309033203125 866.3947937011719 1800.559130859375 1016.2564514160156 0.85595703125 1325.1212829589845 848.6792846679688 1452.944512939453 1005.1525024414062 0.8598865327380952 
322 1657.2032531738282 868.0565551757812 1800.5036560058593 1015.7661987304688 0.8664202008928571 1323.2031555175781 846.6886962890625 1451.0711364746094 1003.2168212890625 0.8493303571428571 
323 1656.533837890625 865.6846588134765 1801.62412109375 1015.1717254638672 0.8507719494047619 1321.7943969726562 848.0133514404297 1451.4963745117188 1004.0954742431641 0.8372163318452381 
324 1655.9350036621095 866.0556457519531 1800.931817626953 1015.4463073730469 0.8719540550595238 1321.4114685058594 848.3957580566406 1451.0298156738281 1004.3771911621094 0.8437732514880952 
325 1655.9306091308595 867.1237030029297 1800.835382080078 1014.2238922119141 0.8688848586309523 1319.9309997558594 849.4751129150391 1449.4668273925781 1003.1617889404297 0.8347284226190477 
326 1655.9248657226562 866.572640991211 1800.8244018554688 1015.8630889892578 0.8752557663690477 1318.2480407714843 846.98251953125 1447.7794250488282 1005.0547119140625 0.8282645089285714 
327 1655.6177307128905 866.0503143310547 1800.616766357422 1015.4432769775391 0.8740699404761905 1317.70908203125 846.7002410888672 1447.3294921875 1002.6839752197266 0.8363095238095238 
328 1657.0717163085938 867.16689453125 1799.9971313476562 1014.4899658203125 0.8621651785714286 1317.433575439453 848.0538208007813 1442.7682067871094 999.7745483398437 0.8531668526785714 
329 1657.328466796875 866.8909057617187 1800.393212890625 1016.5588012695313 0.8609561011904762 1315.4119689941406 845.5581695556641 1443.069842529297 1004.0300262451171 0.8344029017857143 
330 1656.5546020507813 867.2434448242187 1801.7251831054687 1014.6134887695313 0.8581891741071429 1315.370263671875 847.61669921875 1440.7447265625 1003.784912109375 0.8480980282738095 
331 1656.7098266601563 865.8629486083985 1801.7559936523437 1015.3044708251953 0.8723493303571429 1313.62001953125 846.5065765380859 1443.28232421875 1002.5410919189453 0.8507486979166666 
332 1656.9700500488282 863.7512634277343 1802.1074645996093 1015.4857971191407 0.8697684151785714 1313.6644409179687 846.0742858886719 1443.4083129882813 1004.4059387207031 0.8337286086309523 
333 1657.1116760253906 865.5295684814453 1802.368426513672 1015.188021850586 0.8710239955357143 1311.830828857422 845.6371612548828 1441.6815002441406 1006.2999114990234 0.8340308779761905 
334 1656.9992797851562 866.2577331542968 1802.0854370117188 1015.7404357910157 0.8673735119047619 1310.4327758789063 846.6423767089843 1440.1309448242187 1004.9181701660157 0.8334495907738095 
335 1657.1622802734375 865.3498046875 1802.3338134765625 1014.9205810546875 0.8712100074404762 1310.3916015625 845.4691345214844 1440.166259765625 1006.0377014160156 0.8417271205357143 
336 1656.7547729492187 864.6426818847656 1801.6949340820313 1016.1709167480469 0.8726515997023809 1311.0441040039063 845.3004791259766 1436.2195678710937 1003.4168670654296 0.8465169270833334 
337 1655.098779296875 865.6719360351562 1802.439306640625 1015.2116088867188 0.8721400669642857 1308.6537292480468 846.0490447998047 1438.4015686035157 1004.385220336914 0.8354027157738095 
338 1657.9251586914063 862.314453125 1800.8607299804687 1016.2451171875 0.8683500744047619 1307.605859375 844.3840515136719 1437.347509765625 1007.1108215332031 0.8342633928571429 
339 1657.2961303710938 863.7279113769531 1802.4914672851562 1015.5230651855469 0.8698614211309523 1307.0842163085938 843.8439086914062 1436.8801391601562 1006.6387573242188 0.8298456101190477 
340 1657.0074523925782 863.0424621582031 1802.2343688964843 1014.8706237792969 0.8688848586309523 1307.22705078125 845.1006072998047 1432.650390625 1005.7305084228516 0.8397507440476191 
341 1656.498309326172 864.2377624511719 1803.8970764160156 1016.0364074707031 0.8750930059523809 1307.0400695800781 846.2994750976562 1432.4388122558594 1006.8980346679688 0.8230329241071429 
342 1659.2838745117188 863.9017181396484 1800.0637817382812 1015.6801300048828 0.8630952380952381 1307.672381591797 846.2196380615235 1430.8548400878906 1004.5970733642578 0.8461449032738095 
343 1659.1493530273438 864.8841278076172 1799.7166137695312 1014.236782836914 0.8662806919642857 1308.0693481445312 846.7219207763671 1431.0656616210938 1007.0563385009766 0.8326125372023809 
344 1651.0546325683595 866.359732055664 1802.513360595703 1015.6233612060547 0.8601888020833334 1304.5738037109375 846.5197998046875 1429.6918212890625 1006.7587646484375 0.8424711681547619 
345 1652.2227172851562 865.3270263671875 1803.8793334960938 1016.983642578125 0.8492838541666666 1305.2890563964843 845.4611450195313 1430.5706848144532 1008.1074584960937 0.8421921502976191 
346 1652.918994140625 864.1736297607422 1804.28583984375 1017.7341461181641 0.8692336309523809 1305.2142395019532 846.2863922119141 1428.0624938964843 1008.6217498779297 0.8359142485119048 
347 1653.9358947753906 863.760400390625 1803.394793701172 1017.6152099609375 0.8651646205357143 1305.3111938476563 843.8945983886719 1428.3951049804687 1008.7389465332031 0.8331240699404762 
348 1658.5045349121094 864.7872955322266 1799.669903564453 1014.7755096435546 0.8590262276785714 1304.2338134765625 844.8510711669921 1427.7534912109375 1005.8678619384766 0.8464704241071429 
349 1654.541796875 865.510122680664 1799.84345703125 1015.2149139404297 0.8498418898809523 1304.8353149414063 845.6115844726562 1428.1217163085937 1006.3240844726563 0.8445405505952381 
350 1657.762274169922 865.3491638183593 1800.9976135253905 1015.1952697753907 0.8544689360119048 1304.0815551757812 845.4318572998047 1427.4841186523438 1006.2959869384765 0.8386346726190477 
351 1655.9022644042968 866.6133911132813 1801.1352111816407 1016.2473266601562 0.8529343377976191 1302.9760864257812 844.5237426757812 1426.2040893554688 1009.5612182617188 0.8307989211309523 
352 1659.5903564453124 865.3226898193359 1800.4626220703126 1014.9993927001954 0.8392392113095238 1302.6690612792968 844.9199157714844 1425.9321350097657 1010.0045227050781 0.8392159598214286 
353 1655.4388671875 864.8287933349609 1800.71640625 1014.5086700439454 0.8456101190476191 1302.4044677734375 844.4256164550782 1425.6702392578125 1009.5137145996093 0.8412853422619048 
354 1655.5105773925782 864.1112701416016 1800.5972106933593 1015.7927215576171 0.8525390625 1303.4473022460938 844.2421356201172 1422.1545043945312 1006.9150299072265 0.8427734375 
355 1653.1703552246095 863.3032135009765 1802.448663330078 1016.9721160888672 0.8504696800595238 1301.3360473632813 843.4613311767578 1426.4664428710937 1008.1066009521485 0.8350771949404762 
356 1660.0831909179688 865.3488922119141 1800.7297973632812 1014.7858123779297 0.8420293898809523 1302.043017578125 843.2883117675781 1425.108837890625 1008.1085388183594 0.8450753348214286 
357 1656.278076171875 865.2660949707031 1801.347412109375 1014.7313415527344 0.8540271577380952 1304.5105529785155 845.3993743896484 1421.005438232422 1005.8547149658203 0.8392624627976191 
358 1655.1614685058594 864.2576782226563 1802.3088684082031 1015.7974975585937 0.8536086309523809 1303.4268981933594 846.3499298095703 1424.219464111328 1006.6746673583984 0.8319382440476191 
359 1655.5055725097657 865.1127227783203 1802.3441589355468 1016.334603881836 0.8615606398809523 1302.5700744628907 843.6179779052734 1425.3008972167968 1005.7979766845704 0.8368908110119048 
360 1655.8443725585937 865.0250946044922 1802.5333129882813 1016.092886352539 0.8564685639880952 1303.521337890625 843.5522705078125 1423.937646484375 1005.5669921875 0.83837890625 
361 1652.7452819824218 862.6967498779297 1805.9572326660157 1015.9087799072265 0.8482840401785714 1302.4622192382812 845.1026275634765 1427.2206420898438 1004.8808319091797 0.8403552827380952 
362 1655.8860412597655 863.9839385986328 1802.475164794922 1014.9487396240235 0.8584216889880952 1303.8032653808593 844.2087524414062 1424.1375305175782 1006.1130249023438 0.8374720982142857 
363 1654.2236083984376 863.6264770507812 1802.8076416015624 1016.5805541992188 0.8581426711309523 1302.597344970703 843.8769165039063 1424.9606384277345 1007.7562622070312 0.8439825148809523 
364 1652.1934387207032 864.6510650634766 1805.1733825683593 1015.4454315185546 0.86083984375 1304.6266784667969 844.8981719970703 1424.8251037597656 1006.6197113037109 0.833984375 
365 1650.6780212402343 863.2845886230468 1803.6646301269532 1016.2711975097657 0.8629789806547619 1304.7770751953126 843.5307861328125 1424.9807373046874 1007.4450439453125 0.8335658482142857 
366 1651.9660400390626 862.9452362060547 1805.2727294921874 1016.2518463134766 0.8662574404761905 1305.5942626953124 843.402865600586 1423.8593505859376 1005.4698760986328 0.8299386160714286 
367 1657.1068908691407 867.0941131591796 1801.5873229980468 1013.7636138916016 0.8401925223214286 1302.6415649414062 843.1824157714843 1425.2309936523438 1007.3647033691407 0.8428199404761905 
368 1653.4893127441405 865.9100982666016 1802.455633544922 1014.8763397216796 0.8524925595238095 1302.6434143066406 841.7283599853515 1425.321551513672 1010.4107391357422 0.8307291666666666 
369 1655.0802185058594 865.7577209472656 1801.768048095703 1014.6348571777344 0.8507021949404762 1302.7600952148437 844.0324768066406 1423.1754516601563 1006.0457702636719 0.8366117931547619 
370 1657.8885070800782 866.8345977783204 1800.1155212402343 1013.4379241943359 0.8429594494047619 1303.8357666015625 843.4387237548829 1421.9935791015625 1003.1705902099609 0.8548409598214286 
371 1656.4794189453125 865.0163970947266 1800.6321533203125 1015.7215789794922 0.8506789434523809 1303.0699401855468 841.9150115966797 1423.1972717285157 1003.5408599853515 0.8456333705357143 
372 1659.126153564453 865.554818725586 1801.3766540527345 1014.3707794189453 0.83251953125 1305.0150329589844 842.1550170898438 1423.192364501953 1004.1018188476562 0.8453543526785714 
373 1659.7691223144532 865.2870147705078 1799.5173767089843 1013.769564819336 0.8334495907738095 1304.5196960449218 842.1916442871094 1422.4323303222657 1001.5919250488281 0.8368443080357143 
374 1652.7865112304687 864.2963806152344 1803.3887817382813 1014.8988098144531 0.8563755580357143 1303.7313659667968 839.7836456298828 1423.7768127441407 999.1165618896484 0.8519577752976191 
375 1652.5788146972657 865.6153625488281 1803.2006042480468 1014.0541931152344 0.8498418898809523 1305.4099365234374 840.5956878662109 1423.2878173828126 1002.1320343017578 0.8380998883928571 
376 1658.7247497558594 864.3386627197266 1802.606915283203 1012.5809539794922 0.8480515252976191 1305.0562805175782 837.6751708984375 1418.4179626464843 998.9976806640625 0.8552362351190477 
377 1656.3174255371093 863.5472930908203 1804.5750305175782 1013.985238647461 0.8506324404761905 1307.9788696289063 841.4931121826172 1408.2708862304687 994.1113189697265 0.8395879836309523 
378 1654.4521728515624 865.1150756835938 1802.4972900390626 1013.1601928710937 0.8603748139880952 1298.2394775390626 849.6239227294922 1398.3877197265624 986.7833648681641 0.8382626488095238 
379 1653.5788208007812 867.1070190429688 1803.7551635742188 1012.9304565429687 0.8693963913690477 1292.4524536132812 846.5980346679687 1394.7465209960938 981.5390502929688 0.8357282366071429 
380 1657.6924194335938 867.4214691162109 1801.4665161132812 1013.3740020751953 0.8467959449404762 1288.2868347167969 841.6158477783204 1395.0282287597656 978.8547943115234 0.8458658854166666 
381 1655.8086181640624 866.363070678711 1803.6950439453126 1014.2494171142578 0.8691871279761905 1290.107684326172 831.98447265625 1403.1973693847656 973.3464599609375 0.8290085565476191 
382 1659.7977966308595 864.954296875 1803.255303955078 1012.758837890625 0.8503766741071429 1295.3023315429687 832.7683532714843 1395.2877563476563 969.7049133300782 0.8073614211309523 
383 1665.4062072753907 867.5976989746093 1802.1298034667968 1013.0020324707032 0.83349609375 1296.6367980957032 826.6140014648438 1402.9773376464843 965.5077026367187 0.80712890625 
384 1669.523699951172 869.207144165039 1801.7579162597656 1010.1124969482422 0.8311011904761905 1301.8357666015625 817.0138366699218 1412.3922607421875 962.2547180175782 0.8006184895833334 
385 1671.95546875 868.6763458251953 1802.13828125 1007.5380706787109 0.8142671130952381 1309.6967346191407 812.5976104736328 1411.6732604980468 960.1381683349609 0.7890625 
386 1680.2361389160155 870.9081939697265 1799.752508544922 1005.6356903076172 0.8017345610119048 1315.9201110839845 808.9769683837891 1420.225274658203 958.9156707763672 0.8053617931547619 
387 1682.108905029297 871.3843444824219 1799.6959045410156 1006.3915344238281 0.7901785714285714 1323.4855712890626 811.5020904541016 1428.0073486328124 957.3970184326172 0.8117792038690477 
388 1689.4703002929687 868.1643981933594 1802.7794555664063 1005.4427795410156 0.8040364583333334 1332.2782897949219 813.772671508789 1432.5133361816406 957.5881072998047 0.8103608630952381 
389 1691.3443603515625 870.2105377197265 1800.5303955078125 1003.4174530029297 0.7958286830357143 1335.7339233398438 811.8380279541016 1440.5524536132812 955.9635467529297 0.8086867559523809 
390 1693.6196350097657 868.8338256835938 1798.4818054199218 999.9116577148437 0.7769949776785714 1345.0870300292968 809.9328460693359 1441.2106994628907 956.3030548095703 0.7912481398809523 
391 1692.5617797851562 868.4754486083984 1795.2043334960938 997.3245391845703 0.7745303199404762 1353.5560729980468 808.4187042236329 1438.7274963378907 948.1871917724609 0.8075474330357143 
392 1681.1617614746094 864.7374633789062 1796.958721923828 1002.3828979492188 0.8168247767857143 1360.3250305175782 805.1582885742188 1445.5342224121093 949.3583129882812 0.8024553571428571 
393 1675.4580017089843 865.3651000976563 1793.3573059082032 1000.7310913085937 0.8528413318452381 1366.8537658691407 809.6903930664063 1452.0032897949218 947.2396606445312 0.8158947172619048 
394 1667.7324768066405 862.0969024658203 1794.174139404297 999.4386810302734 0.8487490699404762 1375.440899658203 809.8600708007813 1462.6419860839844 949.3818725585937 0.8147321428571429 
395 1663.8377319335937 859.480517578125 1794.5140747070313 1001.04658203125 0.8587239583333334 1380.4544860839844 807.293798828125 1469.749981689453 951.037744140625 0.8101981026785714 
396 1663.9797119140626 858.9858123779297 1792.0132080078124 1002.2098052978515 0.8677687872023809 1388.2984191894532 803.3988464355468 1475.1008728027343 950.9629699707032 0.8007114955357143 
397 1665.0336791992188 858.5376983642578 1790.7734497070312 1001.6209320068359 0.8835797991071429 1396.5442687988282 801.5879821777344 1478.9255798339843 946.8390197753906 0.8058965773809523 
398 1662.5090576171874 859.7576324462891 1792.6283935546876 1002.8887908935546 0.8712797619047619 1400.3521728515625 800.870327758789 1489.2669677734375 948.3388397216797 0.8103608630952381 
399 1667.7449768066406 860.5767639160156 1789.048846435547 1003.5420104980469 0.8841610863095238 1406.5583923339843 803.673861694336 1495.3701965332032 948.8053253173828 0.81640625 
400 1660.0328430175782 862.3921722412109 1792.1518493652343 1005.3406768798828 0.8956705729166666 1412.038751220703 807.6618499755859 1498.6742614746095 948.4445343017578 0.8217308407738095 
401 1661.1043823242187 860.3832244873047 1790.7625610351563 1005.1681060791016 0.8862769717261905 1415.0864807128905 807.6888580322266 1501.525213623047 948.1517791748047 0.8115234375 
402 1664.1141418457032 859.0694366455078 1791.8120056152343 1004.0823577880859 0.8840215773809523 1419.6233459472655 809.8716186523437 1501.869451904297 948.3914428710938 0.8179175967261905 
403 1661.8407775878907 860.7213745117188 1791.7945983886718 1003.6705932617188 0.8826962425595238 1421.0097534179688 809.3230407714843 1501.1479614257812 950.1062805175782 0.81103515625 
404 1664.9828735351562 860.1055450439453 1792.8122924804688 1003.1011810302734 0.8705357142857143 1419.990283203125 812.5236785888671 1504.487744140625 949.0194732666016 0.8071754092261905 
405 1666.6842529296875 859.4306030273438 1791.9685791015625 1004.1555786132812 0.8828357514880952 1418.857177734375 811.9919738769531 1503.10009765625 950.2367858886719 0.8094308035714286 
406 1665.3007690429688 859.4642211914063 1793.2304809570312 1004.7404907226562 0.8815336681547619 1416.780010986328 811.8449768066406 1501.3436462402344 950.6163269042969 0.8112909226190477 
407 1665.2594299316406 859.6037139892578 1793.3400573730469 1005.0511322021484 0.8825334821428571 1416.1952697753907 811.9283416748046 1503.0294616699218 950.8632232666016 0.8154296875 
408 1662.5365905761719 860.2020812988281 1792.7928771972656 1005.6549743652344 0.8872535342261905 1417.3040161132812 810.6045654296875 1501.9706420898438 951.7155029296875 0.8144066220238095 
409 1661.1022888183593 860.3726409912109 1793.7027648925782 1006.0157257080078 0.8949497767857143 1419.3950988769532 810.7102233886719 1501.9985778808593 952.0057189941406 0.8225213913690477 
410 1665.1719604492187 860.2523742675781 1793.5409301757813 1006.0274108886719 0.9085286458333334 1421.069805908203 812.4695556640625 1503.7481872558594 951.7174560546875 0.8152901785714286 
411 1662.8896057128907 860.1807525634765 1793.2115905761718 1005.7068817138672 0.9037853422619048 1423.0470275878906 812.4795379638672 1503.4123229980469 951.4896392822266 0.8166155133928571 
412 1664.6542907714843 858.779263305664 1794.9346984863282 1006.4302703857422 0.8982514880952381 1424.8883728027345 812.763540649414 1505.227960205078 953.9005828857422 0.822265625 
413 1663.7479431152344 859.8259979248047 1792.100567626953 1005.582388305664 0.9087379092261905 1426.3706970214844 809.3718536376953 1509.0386047363281 957.303744506836 0.8327520461309523 
414 1662.837579345703 859.5196014404297 1793.2179626464845 1005.110952758789 0.9137834821428571 1434.8391479492188 810.5433380126954 1513.0673461914062 960.4807708740234 0.8406575520833334 
415 1663.5649963378905 857.4545715332031 1793.669256591797 1004.9060241699219 0.8905087425595238 1449.3934204101563 818.8403625488281 1527.4559448242187 968.4601745605469 0.8364490327380952 
416 1667.5951782226562 857.8209014892578 1792.8664916992188 1002.5307220458984 0.8963913690476191 1460.8311889648437 816.2022644042969 1549.3851196289063 976.0310119628906 0.8669782366071429 
417 1667.3360595703125 855.8144836425781 1796.6917724609375 1002.4175720214844 0.8896716889880952 1471.3125244140624 819.2466217041016 1574.7970947265626 980.9411834716797 0.8833240327380952 
418 1670.26728515625 854.9981140136719 1795.09013671875 1001.3422180175781 0.8780459449404762 1485.433331298828 828.6760314941406 1590.8871032714844 987.9328552246094 0.8871372767857143 
419 1668.5848571777344 856.6071380615234 1794.884014892578 1000.0317169189453 0.8807663690476191 1494.1204711914063 837.0117950439453 1605.4351928710937 993.2803802490234 0.8885091145833334 
420 1671.900323486328 855.1273895263672 1793.8192810058595 1002.713491821289 0.8819289434523809 1503.171856689453 842.3760620117188 1618.6739685058594 1000.6567749023437 0.8900204613095238 
421 1670.4672790527343 851.6201690673828 1796.6883605957032 1003.513314819336 0.8703031994047619 1505.9027038574218 849.4808502197266 1632.1237854003907 1005.6526336669922 0.8874860491071429 
422 1673.0688598632812 856.877651977539 1794.2624389648438 1001.4595672607422 0.8685128348214286 1514.4212768554687 858.0224822998047 1635.6148559570313 1006.8568511962891 0.8841145833333334 
423 1673.9119079589843 854.8397613525391 1794.7476379394532 1003.2343963623047 0.8749302455357143 1516.8744873046876 861.3625793457031 1641.9499755859374 1009.7572937011719 0.8800688244047619 
424 1674.1629516601563 856.9666778564454 1792.8917358398437 1003.2573822021484 0.8746744791666666 1518.2499694824219 863.2455993652344 1645.4593811035156 1011.6565002441406 0.8792085193452381 
425 1673.8938354492188 857.8292297363281 1794.2514282226562 1001.4136901855469 0.8716285342261905 1518.6145874023437 865.7068664550782 1647.4183715820313 1011.4028747558593 0.8653506324404762 
426 1673.6008850097655 856.0002655029297 1793.602850341797 1001.2656646728516 0.8690708705357143 1522.262384033203 867.3364379882812 1648.5802673339845 1012.6019165039063 0.8487025669642857 
427 1673.6612670898437 858.5092224121094 1793.8963500976563 1001.9476867675781 0.8702566964285714 1522.0287536621095 867.7581024169922 1648.591973876953 1015.4152984619141 0.8388206845238095 
428 1673.6403381347657 858.7902557373047 1793.7648132324218 1002.0967681884765 0.8678152901785714 1524.2545776367188 869.8948699951172 1646.4866333007812 1015.308804321289 0.8193359375 
429 1674.7711059570313 858.3193634033203 1792.8492553710937 1001.699984741211 0.8717680431547619 1524.578192138672 872.4303741455078 1651.0906311035155 1020.0280609130859 0.8377511160714286 
430 1672.9504028320312 857.9851684570312 1792.9975952148438 1001.1994018554688 0.8713030133928571 1526.6579711914062 875.5629608154297 1650.9174682617188 1020.883267211914 0.8401227678571429 
431 1674.7622314453124 857.6542388916016 1794.7824462890626 1000.8361785888671 0.8690941220238095 1528.5027648925782 876.8477478027344 1652.7341735839843 1022.1352844238281 0.8343331473214286 
432 1674.8675537109375 857.779541015625 1794.9144287109375 1003.099609375 0.8681640625 1528.818505859375 877.4634246826172 1650.971533203125 1020.6772613525391 0.8424479166666666 
433 1672.9651428222655 857.9255157470703 1794.909490966797 1002.9971527099609 0.8683965773809523 1528.7829711914062 877.575634765625 1652.8298217773438 1020.5448486328125 0.8407040550595238 
434 1675.3211608886718 858.0434417724609 1795.1057189941407 1003.0457305908203 0.8566545758928571 1529.5915100097657 879.7857055664062 1651.4774597167968 1018.4835815429688 0.8301013764880952 
435 1674.465966796875 859.6801849365235 1794.01962890625 1002.3055938720703 0.8743257068452381 1528.7751586914062 879.2830871582031 1652.5236694335938 1019.8111511230469 0.8270321800595238 
436 1674.269677734375 859.739144897461 1793.79794921875 1002.3344024658203 0.8778831845238095 1528.609600830078 877.4829284667969 1652.3319274902344 1020.0781066894531 0.8280552455357143 
437 1673.9269409179688 859.833950805664 1793.4072875976562 1002.3719207763672 0.8845563616071429 1528.32529296875 877.5705841064453 1651.99794921875 1020.1085540771485 0.8372395833333334 
438 1675.160662841797 859.7576385498047 1794.4615295410156 1002.0815338134765 0.8837890625 1528.1677612304688 879.3190826416015 1651.6547485351562 1019.5499969482422 0.8321940104166666 
439 1675.421697998047 859.6734313964844 1794.8628479003905 1002.1648254394531 0.8844401041666666 1528.739306640625 877.6460571289062 1648.180615234375 1018.0419311523438 0.8331008184523809 
440 1675.8280090332032 858.3991638183594 1795.2929626464843 1005.1104797363281 0.8573288690476191 1529.1165832519532 878.7130493164062 1648.5815368652343 1017.0408569335938 0.8181966145833334 
441 1675.7401977539062 858.1433410644531 1795.0796264648438 1004.7004089355469 0.8683965773809523 1527.5726135253906 878.1942352294922 1646.911883544922 1018.4703765869141 0.8165225074404762 
442 1673.8340637207032 860.7218536376953 1793.2349060058593 1003.164926147461 0.8773484002976191 1528.8128234863282 878.688345336914 1648.2136657714843 1019.0366912841797 0.8227074032738095 
443 1675.128759765625 859.1419250488282 1794.4310546875 1001.4673278808593 0.8898344494047619 1530.4687866210938 878.70361328125 1647.6779418945312 1018.93603515625 0.8169177827380952 
444 1675.4618408203125 860.6100860595703 1792.6338623046875 1002.8903411865234 0.8865792410714286 1526.9045288085938 878.5561004638672 1648.2612426757812 1018.744009399414 0.8241024925595238 
445 1675.5281677246094 861.1304748535156 1794.7680969238281 1003.3816101074219 0.8828125 1527.4841186523438 877.222280883789 1646.7238891601562 1019.4733367919922 0.8173363095238095 
446 1675.7020080566406 859.3225982666015 1794.873065185547 1003.5823699951172 0.8797433035714286 1530.0752502441405 877.4958068847657 1642.974188232422 1017.5741394042968 0.8222888764880952 
447 1677.3524230957032 859.9527069091797 1794.2783142089843 1004.0222076416015 0.8824637276785714 1527.7417419433593 877.8609771728516 1646.7556945800782 1019.8425750732422 0.8156854538690477 
448 1676.952813720703 858.2723602294922 1795.9518493652345 1002.3237701416016 0.8797433035714286 1527.842755126953 877.784292602539 1644.7540466308594 1019.7481170654297 0.8173130580357143 
449 1677.3192565917968 858.1895416259765 1794.2321350097657 1002.2430145263672 0.8788132440476191 1528.2071228027344 877.7017974853516 1643.0322570800781 1019.6675262451172 0.8063383556547619 
450 1678.1444519042968 857.9030670166015 1795.1271545410157 1002.0425506591797 0.8729306175595238 1526.8542175292969 877.1859741210938 1645.9259338378906 1021.3253784179688 0.8062220982142857 
451 1677.6560363769531 859.0351409912109 1794.8186950683594 1003.3963165283203 0.8586774553571429 1526.615948486328 876.7383270263672 1641.6864196777344 1021.0995025634766 0.7854352678571429 
452 1679.1728637695312 859.5983978271485 1794.2377807617188 1001.8604034423828 0.865234375 1527.6572875976562 878.9099822998047 1644.8143920898438 1021.171987915039 0.7911086309523809 
453 1680.7714111328125 859.7622497558593 1793.8428466796875 1002.1482727050782 0.8649321056547619 1526.7884155273437 879.0906799316406 1648.2352661132813 1021.4767028808594 0.7930385044642857 
454 1683.0012756347655 860.6736572265625 1793.907049560547 1000.87529296875 0.8529575892857143 1526.7835327148437 879.9896453857422 1652.3373168945313 1020.1912017822266 0.7956426711309523 
455 1682.3804870605468 858.6047515869141 1795.3952697753907 1000.9196014404297 0.8498186383928571 1527.7499084472656 879.7748901367188 1655.4147644042969 1019.9968383789062 0.7995024181547619 
456 1681.8801513671874 858.9983062744141 1794.7084716796876 1001.0782928466797 0.8706519717261905 1526.7815490722655 879.8924102783203 1660.503973388672 1021.9723968505859 0.7850399925595238 
457 1682.7537902832032 859.1153350830078 1793.3098083496093 1000.9607757568359 0.8599097842261905 1529.7564025878905 880.2156372070312 1659.086248779297 1019.9751586914062 0.7596028645833334 
458 1680.9245544433593 861.270376586914 1793.4093078613282 1000.8347869873047 0.8549339657738095 1529.5027099609374 882.3412261962891 1662.8180908203126 1019.8226531982422 0.7532319568452381 
459 1680.9636657714843 859.9301879882812 1793.3411437988282 1001.4426147460938 0.8588634672619048 1531.2871704101562 880.980990600586 1664.4752807617188 1020.4122589111328 0.7703218005952381 
460 1682.2830017089843 862.0535125732422 1792.5022766113282 1001.3873443603516 0.8565615699404762 1530.3914855957032 883.0895446777344 1667.6457458496093 1020.3438049316406 0.7652994791666666 
461 1680.843017578125 861.7962005615234 1793.196533203125 1001.1976348876954 0.8544456845238095 1530.7183898925782 882.8424133300781 1668.0393005371093 1020.1633239746094 0.7691359747023809 
462 1682.0099365234375 862.0547485351562 1792.2407958984375 1001.4032592773438 0.8601422991071429 1531.9422973632813 883.0930053710938 1667.1311889648437 1020.3617065429687 0.7730422247023809 
463 1680.0091247558594 858.5074523925781 1794.4756164550781 1002.1109558105469 0.8632347470238095 1532.1631652832032 881.1606201171875 1665.3606384277343 1022.6828857421875 0.7728329613095238 
464 1676.3199279785156 858.8029602050781 1792.866229248047 1002.4045593261719 0.8724190848214286 1533.9989807128907 881.695947265625 1663.0323913574218 1021.1352294921875 0.7684151785714286 
465 1679.9579223632813 857.1861114501953 1792.4222045898437 1002.9731292724609 0.8564685639880952 1533.6102172851563 881.6975494384766 1664.8184936523437 1023.3192352294922 0.7735537574404762 
466 1679.3256225585938 858.3795989990234 1793.8960571289062 1002.1136260986328 0.8695824032738095 1531.3452392578124 881.0533721923828 1664.6637939453126 1022.7042572021485 0.7864118303571429 
467 1681.040460205078 859.8601928710938 1793.3934997558595 1001.3418334960937 0.8648390997023809 1531.3964782714843 880.6662750244141 1664.5555480957032 1022.1479949951172 0.7888764880952381 
468 1681.2947082519531 858.7805114746094 1791.8335876464844 1000.6041320800781 0.8614443824404762 1531.048291015625 881.2412750244141 1664.529345703125 1023.0648162841796 0.7961774553571429 
469 1681.1063232421875 857.2320983886718 1791.6697998046875 1001.1732971191407 0.8461681547619048 1532.6719299316405 883.3886108398438 1664.096502685547 1023.1576538085938 0.7885509672619048 
470 1680.0817932128907 858.3862609863281 1790.6441589355468 1000.2397155761719 0.8568173363095238 1531.8898559570312 880.8517059326172 1661.2268432617188 1022.7052398681641 0.7930152529761905 
471 1681.6284118652343 859.0616638183594 1792.2120422363282 1000.9427307128906 0.8592122395833334 1531.3210998535155 879.9265319824219 1664.856268310547 1021.8075988769531 0.7875744047619048 
472 1680.3001220703125 857.1916076660157 1793.1259033203125 1001.3578308105468 0.8649321056547619 1531.8747802734374 879.9335479736328 1663.5048583984376 1022.0103607177734 0.7973400297619048 
473 1680.0775268554687 859.1616943359375 1792.8318969726563 1001.1486083984375 0.8632579985119048 1531.7462280273437 880.0421264648437 1663.2928344726563 1022.0290405273438 0.7935035342261905 
474 1680.2117126464843 858.280712890625 1792.9637023925782 1002.35283203125 0.8555617559523809 1533.73037109375 881.0078491210937 1663.186376953125 1022.9919067382813 0.7867838541666666 
475 1680.1770446777343 856.5319183349609 1792.8972961425782 1002.6507598876954 0.8593982514880952 1531.890576171875 881.0991333007812 1663.397509765625 1023.0432006835938 0.8011765252976191 
476 1682.0809143066406 857.4037475585938 1792.822283935547 1001.5764770507812 0.8410993303571429 1532.041571044922 881.7539642333984 1661.5881896972655 1023.8372833251954 0.79443359375 
477 1681.123065185547 857.2601776123047 1791.8165100097656 1001.3706207275391 0.8583751860119048 1532.7550659179688 881.3588623046875 1662.2456665039062 1025.469384765625 0.7938988095238095 
478 1681.6019165039063 856.907992553711 1792.3104370117187 1001.0381134033203 0.8493071056547619 1531.8479370117188 881.2510650634765 1659.2672973632812 1023.2923309326172 0.7984095982142857 
479 1681.5767761230468 856.8584197998047 1792.2207092285157 1002.9918609619141 0.8551432291666666 1531.9104797363282 881.4281311035156 1659.2554138183593 1023.3863220214844 0.8050362723214286 
480 1681.4823791503907 857.6491302490234 1791.9171569824218 1001.4228302001953 0.8586542038690477 1532.0986389160157 881.9319671630859 1659.2029968261718 1023.6220489501953 0.8023623511904762 
481 1680.2401611328125 857.0325012207031 1792.6006591796875 1002.6850280761719 0.8484700520833334 1531.54658203125 879.9207580566406 1656.391650390625 1021.4117614746094 0.8048502604166666 
482 1682.0216674804688 855.5059539794922 1792.2661743164062 1001.1119049072265 0.8462146577380952 1531.5355712890625 879.7469360351563 1656.3406494140625 1023.2728393554687 0.7981305803571429 
483 1681.9550048828125 855.3438537597656 1794.3028076171875 1000.9798767089844 0.8395182291666666 1531.917919921875 879.8298950195312 1654.66826171875 1021.3048706054688 0.7983863467261905 
484 1682.2790588378907 856.8399169921875 1794.5870300292968 1002.424365234375 0.8414481026785714 1532.055029296875 879.4774688720703 1656.84169921875 1022.9821868896485 0.7927594866071429 
485 1684.230291748047 858.1084411621093 1794.5085998535155 1001.6783020019532 0.8457263764880952 1533.9381164550782 879.1557800292969 1656.7006774902343 1020.6448791503906 0.7897832961309523 
486 1682.0018371582032 855.7269927978516 1794.4335876464843 1001.4717987060546 0.8355654761904762 1532.4932556152344 878.3895294189454 1663.6636047363281 1022.0523040771484 0.7801571800595238 
487 1685.8303344726562 856.4801666259766 1794.3000366210938 1000.4111297607421 0.8448893229166666 1531.8708435058593 879.1850311279297 1667.4578918457032 1021.029995727539 0.7936895461309523 
488 1686.1009399414063 857.4739227294922 1794.6449096679687 1001.5034332275391 0.8472377232142857 1532.0359130859374 880.1943237304688 1667.7157958984376 1022.1364868164062 0.7893415178571429 
489 1685.9947692871094 857.7587158203125 1794.457012939453 1001.6797607421875 0.8447265625 1532.0457336425782 878.8575439453125 1667.6235778808593 1020.6927490234375 0.7950148809523809 
490 1686.3376159667969 856.5101989746094 1794.8785705566406 1000.5358215332031 0.84765625 1532.517529296875 879.2299194335938 1666.106494140625 1021.1682739257812 0.7940848214285714 
491 1688.2114196777343 856.8528717041015 1794.6024230957032 1000.7936737060547 0.8430989583333334 1532.63671875 879.5592803955078 1666.14697265625 1021.4139251708984 0.7913876488095238 
492 1686.8520751953124 858.5242645263672 1795.6020263671876 1000.735806274414 0.8423316592261905 1530.8858154296875 879.4377166748047 1666.8234130859375 1021.6492584228515 0.7982700892857143 
493 1682.944158935547 857.501513671875 1795.7456604003905 1001.6367919921875 0.8487258184523809 1532.7029541015625 880.4796081542969 1666.3934814453125 1020.4370178222656 0.7975725446428571 
494 1684.247540283203 856.9013366699219 1795.1444274902344 1001.2763977050781 0.8377976190476191 1530.5372375488282 879.9176422119141 1662.3579040527343 1020.1079315185547 0.8167550223214286 
495 1680.6114013671875 857.1664245605468 1795.8746826171875 1001.7693664550782 0.8475399925595238 1530.6080688476563 878.3652038574219 1660.5411010742187 1020.8724670410156 0.8174525669642857 
496 1682.7232177734375 858.4060791015625 1795.9552490234375 1000.99443359375 0.8514462425595238 1529.4084899902343 879.6168975830078 1657.3186828613282 1020.1083831787109 0.8187779017857143 
497 1682.9861267089843 857.2769622802734 1794.0940734863282 1001.9269561767578 0.8549339657738095 1529.9505493164063 878.4825988769531 1653.6368530273437 1021.0361999511719 0.8256603422619048 
498 1682.6321228027343 857.8319061279296 1795.8570129394532 1002.5082427978516 0.8560035342261905 1528.4397827148437 877.1866516113281 1650.0516723632813 1021.8629089355469 0.8142438616071429 
499 1682.5075134277345 858.3005981445312 1795.804132080078 1000.9705200195312 0.8507021949404762 1526.6034912109376 877.6675415039062 1648.2925048828124 1020.3374633789062 0.8213123139880952 
500 1682.5404296875 856.193228149414 1795.974951171875 1001.1372772216797 0.8463541666666666 1526.9316528320312 877.4419525146484 1644.5673706054688 1020.2854034423829 0.8007579985119048 
501 1682.3564880371093 856.1520294189453 1795.7400695800782 1001.0310150146485 0.8458193824404762 1523.5872863769532 875.5338653564453 1641.1701599121093 1020.4128509521485 0.8078497023809523 
502 1682.5755676269532 855.94521484375 1794.0583435058593 1001.08310546875 0.8480050223214286 1520.7718566894532 875.6043548583984 1632.2546325683593 1018.6388702392578 0.8091285342261905 
503 1681.6431945800782 856.8312866210938 1793.1323181152343 1001.9774291992187 0.8580031622023809 1516.594140625 874.3880096435547 1628.08310546875 1021.6376861572265 0.8548409598214286 
504 1676.9585998535156 857.7556884765625 1789.699481201172 1001.813525390625 0.8584914434523809 1512.906182861328 873.3338287353515 1627.7348083496095 1021.5672332763672 0.8269391741071429 
505 1671.8734313964844 857.1112976074219 1790.098370361328 1002.7812805175781 0.8766276041666666 1512.075 873.107388305664 1621.85517578125 1020.8885223388672 0.8328218005952381 
506 1667.2838928222657 858.2685699462891 1787.3036315917968 1003.5557098388672 0.8490745907738095 1511.3877075195312 872.6029479980468 1620.8793823242188 1019.9956848144532 0.8269159226190477 
507 1663.521173095703 858.2721862792969 1783.4914001464845 1003.4994201660156 0.8394949776785714 1511.170184326172 874.7054260253906 1618.5120666503906 1017.8277770996094 0.8214983258928571 
508 1659.7721801757812 860.0125030517578 1779.8288940429688 1003.237924194336 0.8364490327380952 1510.5520141601562 874.5942901611328 1617.9711791992188 1017.819711303711 0.8192429315476191 
509 1657.4437133789063 861.3811798095703 1777.4991577148437 1004.6053314208984 0.8566313244047619 1509.3590576171875 875.9628448486328 1620.9895751953125 1019.1869964599609 0.826171875 
510 1655.3607849121095 862.3990020751953 1775.357354736328 1003.4474945068359 0.8645600818452381 1510.830712890625 876.9734649658203 1620.301123046875 1018.0219573974609 0.8179175967261905 
511 1655.6789855957031 863.680941772461 1773.4002380371094 1004.5261505126953 0.8714657738095238 1512.7316040039063 876.6174133300781 1622.0442749023437 1017.4625427246094 0.8302873883928571 
512 1655.5885681152345 863.4211853027343 1775.121759033203 1003.9251281738282 0.8682338169642857 1510.8905090332032 874.2291778564453 1626.2294860839843 1018.9272552490235 0.8369838169642857 
513 1656.7752502441406 864.0311828613281 1776.225604248047 1004.4376892089844 0.8623744419642857 1511.9357604980469 874.8317016601562 1629.2904357910156 1019.4294067382813 0.8178013392857143 
514 1658.0823608398437 863.7928924560547 1775.5777954101563 1004.3676910400391 0.8685360863095238 1511.2130981445312 876.4623504638672 1628.7085327148438 1019.135366821289 0.8331240699404762 
515 1658.2708679199218 862.6788116455078 1775.9702209472657 1003.4975189208984 0.8532831101190477 1511.1468444824218 875.3703186035157 1628.8461975097657 1018.2908142089843 0.8386579241071429 
516 1659.1494567871093 862.5430969238281 1776.7224914550782 1003.2108093261719 0.8384254092261905 1512.4253967285156 877.0781829833984 1627.898944091797 1017.7459747314454 0.8248465401785714 
517 1658.1259521484376 862.6940216064453 1777.8440185546874 1003.4152923583985 0.8428664434523809 1511.3460754394532 875.3767303466797 1628.9638610839843 1018.1982818603516 0.8266834077380952 
518 1658.0031799316407 862.0950927734375 1777.5887390136718 1004.7586669921875 0.8435639880952381 1511.3857666015624 875.0057983398438 1628.8732666015626 1017.6693725585938 0.8296363467261905 
519 1659.2378295898438 862.9974700927735 1776.6342407226562 1005.5501983642578 0.8553292410714286 1512.4923461914063 875.8981658935547 1629.8887573242187 1018.450894165039 0.8294735863095238 
520 1657.7331237792969 862.0643127441406 1777.4173889160156 1002.7459899902344 0.8515159970238095 1513.0942016601562 876.6008728027343 1626.4795288085938 1017.2825500488282 0.8261951264880952 
521 1657.1419799804687 860.9444519042969 1778.8211547851563 1003.6027893066406 0.8479817708333334 1513.1119689941406 875.4684997558594 1624.3014831542969 1018.1268371582031 0.8414481026785714 
522 1654.9995666503905 863.0861358642578 1778.664129638672 1003.5189056396484 0.8585611979166666 1514.808575439453 877.8387847900391 1623.8011657714844 1016.1755584716797 0.8330078125 
523 1657.4279724121093 862.7265380859375 1778.8914855957032 1003.03798828125 0.8558407738095238 1514.1362731933593 877.2248291015625 1620.9405090332032 1017.536279296875 0.853515625 
524 1659.1934753417968 862.63046875 1778.5305236816407 1002.9038330078125 0.8581194196428571 1514.088720703125 877.3664245605469 1620.863916015625 1015.5461730957031 0.8542596726190477 
525 1657.4945373535156 862.9873352050781 1779.0085144042969 1003.3570251464844 0.8511904761904762 1514.6269653320312 875.8801055908203 1617.2853881835938 1016.2497161865234 0.8517252604166666 
526 1655.9126708984375 862.4174835205079 1779.4913818359375 1004.8472259521484 0.8562825520833334 1514.6912963867187 875.3070709228516 1619.4190551757813 1017.7368133544921 0.8452845982142857 
527 1657.8266174316407 862.9055786132812 1779.1888854980468 1003.0999145507812 0.8572823660714286 1513.28642578125 873.689730834961 1617.909130859375 1018.0689971923828 0.8407505580357143 
528 1657.631982421875 862.0354705810547 1778.820166015625 1004.1181549072265 0.8452613467261905 1511.2097595214843 874.6525390625 1619.8611633300782 1018.8246337890625 0.8537016369047619 
529 1659.9255859375 863.9179595947265 1777.065869140625 1004.0679412841797 0.8418201264880952 1511.48896484375 874.6987274169921 1618.17021484375 1019.0322906494141 0.8574683779761905 
530 1658.4425415039063 861.3618713378906 1777.4956909179687 1003.3902038574219 0.8337518601190477 1511.1925720214845 875.8217712402344 1611.447930908203 1017.8501037597656 0.8294503348214286 
531 1658.1507873535156 864.4243194580079 1775.1547546386719 1002.3218353271484 0.8328218005952381 1510.8512756347657 876.799771118164 1609.0509460449218 1018.8759490966797 0.8184988839285714 
532 1655.122784423828 863.6780151367187 1774.2779724121094 1001.6471801757813 0.8609793526785714 1507.9878356933593 876.0598724365234 1606.2386047363282 1018.2098419189454 0.8009905133928571 
533 1654.7370544433593 862.9969116210938 1771.8682922363282 1001.0444702148437 0.8489815848214286 1505.6681579589845 875.1444671630859 1603.974786376953 1019.4669219970704 0.8041294642857143 
534 1651.0130493164063 863.6048919677735 1770.1893432617187 1001.5984161376953 0.8371465773809523 1503.3696716308593 875.7476654052734 1605.8194152832032 1020.0136260986328 0.8063151041666666 
535 1647.5657653808594 861.1310455322266 1768.8369445800781 1001.2200897216796 0.8427501860119048 1501.7669738769532 876.9734649658203 1604.2202087402343 1019.1534271240234 0.7958984375 
536 1645.1083923339843 861.7285400390625 1768.2825988769532 1001.6042236328125 0.8561662946428571 1500.0135375976563 875.459115600586 1600.2230346679687 1021.5979522705078 0.8144298735119048 
537 1642.838720703125 862.9335296630859 1765.603662109375 1002.3444854736329 0.8675362723214286 1501.90712890625 876.8586273193359 1597.62216796875 1020.4311065673828 0.8053850446428571 
538 1641.203680419922 862.0881500244141 1766.1260314941405 1003.6666717529297 0.87451171875 1499.9455200195312 876.0217346191406 1599.8833374023438 1021.7643981933594 0.8122209821428571 
539 1639.778094482422 864.2226593017579 1764.4649475097656 1003.4563568115234 0.8716750372023809 1500.1448364257812 876.2917022705078 1601.9723510742188 1021.7597503662109 0.8078729538690477 
540 1641.1378356933594 862.843392944336 1765.834210205078 1004.1659454345703 0.8596307663690477 1501.4937744140625 875.1531524658203 1603.3292236328125 1020.6323089599609 0.7980840773809523 
541 1641.5778015136718 863.283822631836 1766.3078186035157 1004.6444610595703 0.8619791666666666 1500.0572570800782 877.4358612060547 1603.9990173339843 1020.875357055664 0.7903878348214286 
542 1643.4884704589845 864.9513275146485 1766.116143798828 1004.2064483642578 0.8575381324404762 1501.7552429199218 877.5018493652344 1605.6770080566407 1018.8354309082031 0.7940615699404762 
543 1643.5412292480469 865.5775939941407 1766.1993713378906 1002.7883728027343 0.8510277157738095 1501.7727661132812 877.8913482666015 1605.7203979492188 1019.2600799560547 0.8053617931547619 
544 1643.1880676269532 864.2899871826172 1766.1912048339843 1003.9716705322265 0.8523763020833334 1501.020654296875 876.8789611816406 1605.260595703125 1018.6454528808594 0.814453125 
545 1643.7846618652343 865.4601043701172 1766.5684875488282 1002.8115631103516 0.8564220610119048 1501.63056640625 877.7864868164063 1607.76591796875 1019.3001831054687 0.8144298735119048 
546 1643.6190307617187 865.5742370605469 1766.5169555664063 1003.0532043457031 0.8550037202380952 1501.5734252929688 877.9120819091797 1605.7241821289062 1019.557095336914 0.8118257068452381 
547 1643.7728210449218 863.7721405029297 1766.7375549316407 1005.4942779541016 0.8634207589285714 1500.0466064453126 878.2008422851562 1604.2541748046874 1019.9230590820313 0.8287295386904762 
548 1644.605157470703 866.1857788085938 1767.4413513183595 1003.5957153320312 0.8599330357142857 1497.586181640625 878.5173919677734 1603.7666015625 1020.0913116455079 0.8315197172619048 
549 1644.4313842773438 863.7048767089843 1767.2671020507812 1003.1963684082032 0.8593982514880952 1499.4947692871094 877.8782257080078 1601.510968017578 1019.4516693115235 0.8322870163690477 
550 1644.6111877441406 865.5176208496093 1767.663836669922 1003.1698791503907 0.8581426711309523 1497.5735412597655 877.871044921875 1601.855535888672 1019.6945068359375 0.8274274553571429 
551 1646.4558959960937 864.9949310302734 1769.4737915039063 1004.6931182861329 0.8578636532738095 1497.8561218261718 877.3448211669922 1602.1085998535157 1021.213101196289 0.8333100818452381 
552 1643.9648742675781 865.363427734375 1769.0462341308594 1005.0375732421875 0.8600260416666666 1495.3907348632813 875.86708984375 1601.7098510742187 1021.795263671875 0.83251953125 
553 1645.9686279296875 863.819937133789 1768.9385986328125 1003.4636932373047 0.8513997395833334 1495.8235961914063 877.768276977539 1600.0352905273437 1021.5805389404297 0.8424479166666666 
554 1647.079815673828 865.0945922851563 1767.6346618652344 1002.2776000976562 0.8571893601190477 1497.3455810546875 876.926220703125 1599.1937255859375 1022.423388671875 0.8402157738095238 
555 1644.0094909667969 864.3057830810546 1768.6988830566406 1003.5421783447266 0.8566545758928571 1498.2189697265626 876.3750518798828 1597.9704833984374 1021.8459564208985 0.8299153645833334 
556 1644.0026611328126 863.2109466552735 1768.5195556640624 1002.2546905517578 0.8402157738095238 1494.9817810058594 875.024057006836 1596.6704406738281 1022.3689483642578 0.8309616815476191 
557 1648.3500610351562 865.0431579589844 1768.6479858398438 1001.9340148925781 0.8477492559523809 1495.9831176757812 875.2541564941406 1595.5400756835938 1020.4414001464844 0.8294503348214286 
558 1643.849627685547 863.7535400390625 1768.2413146972656 1002.65771484375 0.8376116071428571 1494.101092529297 875.7940124511719 1589.4681213378906 1020.9177795410156 0.8213355654761905 
559 1641.0783081054688 863.0298217773437 1767.9187622070312 1002.3462768554688 0.8505394345238095 1490.8852661132812 873.0266693115234 1588.6147338867188 1022.7398712158204 0.8449823288690477 
560 1640.2188415527344 864.0121246337891 1765.3303527832031 999.5495819091797 0.8507952008928571 1487.759210205078 871.9518920898438 1585.7633728027345 1022.0857055664062 0.8308221726190477 
561 1636.2742309570312 863.3371276855469 1761.6483764648438 1001.2486877441406 0.82861328125 1486.9503479003906 873.1420288085938 1583.0705261230469 1023.5910034179688 0.8215448288690477 
562 1634.740185546875 862.7448211669922 1758.8806640625 1001.6140045166015 0.8370070684523809 1484.379541015625 870.9993438720703 1579.0630859375 1022.4929046630859 0.8159412202380952 
563 1629.1673828125 865.844189453125 1755.240087890625 1000.321826171875 0.8294968377976191 1482.4864501953125 870.3698791503906 1577.0411376953125 1021.6572204589844 0.8221726190476191 
564 1628.9922302246093 865.5288146972656 1752.4336730957032 999.4315124511719 0.8096633184523809 1480.8462646484375 871.6445953369141 1577.0887939453125 1022.2850311279296 0.8257300967261905 
565 1624.3612365722656 866.3682800292969 1751.5881042480469 1001.9378723144531 0.8309384300595238 1481.9730407714844 870.8605072021485 1577.914532470703 1023.1156280517578 0.8301711309523809 
566 1623.2879638671875 868.0555694580078 1750.1585693359375 1001.1656829833985 0.8225678943452381 1480.5786437988281 872.53525390625 1582.4910583496094 1022.28408203125 0.8325427827380952 
567 1624.8754943847657 866.9807678222656 1749.5963073730468 1002.0949157714844 0.8478190104166666 1482.0062561035156 873.5365509033203 1583.8615417480469 1021.1228118896485 0.8469122023809523 
568 1624.7552734375 867.4775970458984 1749.3013671875 1000.3266632080079 0.8452845982142857 1483.6831359863281 873.5452728271484 1585.3955993652344 1023.0004425048828 0.8375651041666666 
569 1626.8696228027343 867.236685180664 1749.2662414550782 1000.0059295654297 0.8420991443452381 1482.2116577148438 873.5400573730469 1585.9377563476562 1020.8309143066406 0.8577706473214286 
570 1625.2155212402345 868.992431640625 1749.712579345703 999.7144775390625 0.8497256324404762 1484.1984741210938 875.0576751708984 1585.8711059570312 1022.3793975830079 0.8416806175595238 
571 1626.7564453125 868.2122497558594 1751.2923828125 1001.0504455566406 0.8398670014880952 1483.8596252441407 874.518832397461 1587.6395202636718 1021.8862579345703 0.8408900669642857 
572 1626.7386169433594 868.0036895751953 1751.3835754394531 1000.958285522461 0.8438197544642857 1483.9562866210938 872.4781005859375 1585.7495239257812 1022.05205078125 0.8546549479166666 
573 1626.5099182128906 866.5321350097656 1751.3945007324219 1001.8236999511719 0.8420526413690477 1483.4529602050782 873.0965209960938 1585.4421813964843 1020.8766235351562 0.8532598586309523 
574 1627.949609375 866.8307312011718 1750.78818359375 1000.0793029785157 0.8356584821428571 1482.7695373535157 873.1568603515625 1586.8699890136718 1020.9794921875 0.8537016369047619 
575 1627.0760192871094 864.9462738037109 1752.6128234863281 1000.9444122314453 0.8142671130952381 1483.5135498046875 873.3958740234375 1583.9429931640625 1019.8553466796875 0.8589332217261905 
576 1625.9607727050782 865.4352416992188 1751.7410095214843 1001.6972045898438 0.8172433035714286 1480.0234130859376 870.1923034667968 1584.8403564453124 1021.1286193847657 0.8551664806547619 
577 1627.3591735839843 865.8668426513672 1750.9243957519532 1001.9979644775391 0.8313337053571429 1479.7092346191407 872.4719757080078 1584.4254089355468 1021.169076538086 0.8463774181547619 
578 1628.3854919433593 865.5775115966796 1752.0611633300782 999.7341949462891 0.8188011532738095 1479.2328979492188 870.0923828125 1581.9465454101562 1021.018701171875 0.8388671875 
579 1628.3896728515624 864.7360870361329 1751.9391845703126 1000.8499114990234 0.8065011160714286 1479.3894104003907 871.3404266357422 1581.9981628417968 1020.0186431884765 0.8546549479166666 
580 1628.8331176757813 865.1676086425781 1752.2179077148437 1001.0999694824219 0.8221726190476191 1476.8139892578124 868.0631896972657 1579.2861083984376 1020.7257507324218 0.8583751860119048 
581 1630.4504821777343 865.3459594726562 1753.7522766113282 1001.1867553710938 0.8354259672619048 1473.4699829101562 868.239614868164 1577.9628784179688 1020.7992645263672 0.8584449404761905 
582 1629.120623779297 864.8754821777344 1754.5723693847656 1000.7815002441406 0.8322870163690477 1470.9389770507812 865.9209442138672 1573.3911010742188 1020.6446685791016 0.8575148809523809 
583 1629.6000183105468 866.3234436035157 1755.3234436035157 1000.4286315917968 0.8161272321428571 1466.2398803710937 865.5175689697265 1568.9141723632813 1020.5766082763672 0.8373093377976191 
584 1630.0950744628906 862.8457550048828 1757.870379638672 998.999887084961 0.8111746651785714 1465.6627502441406 865.7461303710937 1566.2072448730469 1018.6576782226563 0.8185918898809523 
585 1631.9594665527343 862.2925018310547 1756.1080383300782 1001.1705718994141 0.8284272693452381 1463.0559875488282 862.2115356445313 1564.0581481933593 1015.8191040039062 0.8259858630952381 
586 1629.822265625 862.2106658935547 1757.7783203125 1000.6548736572265 0.8201032366071429 1463.5440490722656 863.985629272461 1564.230731201172 1015.0156524658203 0.8175223214285714 
587 1629.6204162597655 863.1052032470703 1757.645819091797 1001.6244720458984 0.8284737723214286 1466.7230224609375 863.0244812011719 1565.3656005859375 1016.2351623535156 0.8346586681547619 
588 1627.6901489257812 866.3306091308593 1755.6909545898438 1000.6265441894532 0.8404715401785714 1466.1959899902345 862.5373901367187 1566.917901611328 1015.7187133789063 0.8420061383928571 
589 1627.1307312011718 864.422573852539 1755.3735412597657 1001.0746795654297 0.8233584449404762 1468.565740966797 864.3417144775391 1569.4780822753905 1015.7102264404297 0.8243815104166666 
590 1625.5076965332032 865.1475524902344 1755.6494079589843 1001.5864562988281 0.8280784970238095 1466.9480285644531 863.2099670410156 1571.9009704589844 1016.4412780761719 0.8368675595238095 
591 1622.4581420898437 866.4421417236329 1754.8331176757813 1000.9182708740234 0.8282877604166666 1469.3138122558594 864.5025787353516 1570.1709289550781 1015.7882537841797 0.8254975818452381 
592 1625.1359069824218 865.9014495849609 1753.6078674316407 1000.6916290283203 0.8282877604166666 1469.2847106933593 861.8512115478516 1572.4834777832032 1017.7024383544922 0.8394949776785714 
593 1622.6195007324218 867.2994079589844 1753.2522033691407 1000.0392150878906 0.8180106026785714 1466.702862548828 863.2475524902344 1572.0518981933594 1017.0571350097656 0.8324032738095238 
594 1621.6832702636718 865.9072845458984 1754.1732971191407 1000.5003692626954 0.8214518229166666 1466.30263671875 863.7233856201171 1571.453466796875 1017.2435943603516 0.8301013764880952 
595 1623.0306335449218 867.9085083007812 1750.9655822753907 1000.0381469726562 0.8375186011904762 1464.3621398925782 862.0199340820312 1569.2268493652343 1017.2198120117188 0.8456566220238095 
596 1622.1044921875 866.6507080078125 1752.25048828125 1000.9950439453125 0.8263346354166666 1461.6824645996094 862.8560913085937 1568.7380676269531 1016.0926391601563 0.8384021577380952 
597 1622.9064514160157 865.4316528320312 1753.0126159667968 999.7347290039063 0.8206845238095238 1462.7757873535156 863.2524505615235 1567.7001647949219 1016.4419464111328 0.8546084449404762 
598 1624.4455139160157 864.9505340576172 1754.2945983886718 1001.0826080322265 0.8139415922619048 1459.5564697265625 862.7756439208985 1566.3678466796875 1017.7567657470703 0.8458426339285714 
599 1627.768865966797 864.6923736572265 1753.8528381347655 999.1818328857422 0.8183826264880952 1458.6063720703125 862.5101501464844 1565.7776611328125 1015.9122131347656 0.8464471726190477 
600 1625.6916931152343 864.5509948730469 1755.1856262207032 1000.3106994628906 0.8215448288690477 1456.192822265625 862.382046508789 1564.8005859375 1016.9393035888672 0.8363560267857143 
601 1625.9742858886718 865.4326446533203 1755.4809143066407 1001.205599975586 0.8260091145833334 1454.6110961914062 861.6567443847656 1565.3183471679688 1016.2289978027344 0.8483770461309523 
602 1626.3994506835938 865.0181640625 1755.8817993164062 1000.7656494140625 0.81494140625 1453.7029724121094 862.8494171142578 1562.3010559082031 1017.392709350586 0.8329845610119048 
603 1626.043963623047 865.4450958251953 1755.5169494628906 999.094760131836 0.8135695684523809 1453.3595092773437 861.4291625976563 1561.9498168945313 1015.9615844726562 0.8275437127976191 
604 1624.7712280273438 864.9887817382812 1756.5571411132812 998.8665649414063 0.8151041666666666 1455.7344177246093 862.8164825439453 1560.3264953613282 1015.5208587646484 0.8357514880952381 
605 1626.1175415039063 863.9311065673828 1755.7230346679687 999.8078460693359 0.8152436755952381 1455.8293151855469 861.7602905273437 1556.1690979003906 1016.4507690429688 0.8271949404761905 
606 1626.2966064453126 863.8204650878906 1755.9328857421874 999.7293395996094 0.8160342261904762 1456.2094482421876 859.7994781494141 1554.4819580078124 1016.6174530029297 0.8362862723214286 
607 1624.2775512695312 864.0021514892578 1756.4011596679688 1000.3200531005859 0.7919456845238095 1452.065283203125 860.2110656738281 1552.730859375 1015.4038024902344 0.8166387648809523 
608 1624.6083862304688 864.2386932373047 1756.4419067382812 1000.2574615478516 0.7998046875 1451.4057006835938 858.3633514404297 1549.7578735351562 1017.4006256103515 0.8209867931547619 
609 1624.8856262207032 863.1303466796875 1756.7665954589843 1001.2915283203125 0.8097098214285714 1447.9169616699219 859.1047180175781 1550.4911193847656 1018.1993591308594 0.8249395461309523 
610 1624.3905944824219 862.8311950683594 1758.3697814941406 1000.9972961425781 0.8184523809523809 1449.5090454101562 858.8053436279297 1549.9933959960938 1017.9057769775391 0.8426804315476191 
611 1623.2191467285156 863.6430236816407 1757.2507019042969 1001.8630798339843 0.8164760044642857 1444.3224182128906 858.0046661376953 1551.1288757324219 1017.1671478271485 0.8236142113095238 
612 1625.48046875 865.3291259765625 1757.610107421875 1001.6532958984375 0.8131277901785714 1446.5650695800782 857.8272003173828 1549.3325134277343 1017.2216888427735 0.8350074404761905 
613 1624.0478088378907 864.0061096191406 1758.2513854980468 1000.3066345214844 0.8165690104166666 1446.5346435546876 858.1186126708984 1553.4780517578124 1017.4853302001953 0.8289388020833334 
614 1625.1183715820312 864.0358184814453 1757.4673217773438 998.4856048583985 0.8259858630952381 1447.0368957519531 859.9958740234375 1554.1766052246094 1015.453466796875 0.8438430059523809 
615 1627.9099670410155 863.3302124023437 1757.979315185547 999.6931030273438 0.8441452752976191 1446.845880126953 859.2957977294922 1551.7404235839845 1016.6376129150391 0.8479585193452381 
616 1628.0915100097657 862.9964904785156 1755.8617370605468 999.1449890136719 0.8368675595238095 1445.4591430664063 858.9683776855469 1550.1888061523437 1016.0628723144531 0.8349376860119048 
617 1626.25498046875 864.5284210205078 1758.10341796875 1000.5625823974609 0.8346354166666666 1442.6491149902345 858.8938903808594 1547.290704345703 1015.8563537597656 0.8286597842261905 
618 1625.0937561035157 864.4963470458985 1757.0445495605468 1000.6360382080078 0.8350539434523809 1441.1037658691407 858.8574371337891 1547.9210144042968 1015.9416961669922 0.8231956845238095 
619 1625.2933776855468 862.9167205810547 1757.3612854003907 1001.273648071289 0.8174060639880952 1441.1399353027343 857.2727996826172 1548.0520812988282 1016.5928619384765 0.83740234375 
620 1628.2220397949218 862.7909210205078 1758.1945861816407 1001.148959350586 0.8313569568452381 1440.6001708984375 857.1469116210938 1547.5131103515625 1016.4683227539062 0.8395647321428571 
621 1626.9828247070313 865.3904510498047 1758.5567260742187 1001.1413482666015 0.8423084077380952 1438.6986511230468 856.0726257324219 1545.2108947753907 1016.8852600097656 0.8582356770833334 
622 1628.2326110839845 864.2865264892578 1757.566583251953 999.8785736083985 0.8430524553571429 1438.3234985351562 856.8249725341797 1544.7111694335938 1015.3633209228516 0.8543061755952381 
623 1626.3727722167969 865.9224243164062 1757.8128967285156 1001.5353393554688 0.85302734375 1436.4343994140625 856.8548065185547 1544.9247314453125 1015.417593383789 0.8536783854166666 
624 1626.939697265625 866.4213470458984 1758.85986328125 1000.4355255126953 0.8376348586309523 1434.6970458984374 857.0790161132812 1543.5834716796876 1016.2207885742188 0.8487955729166666 
625 1626.3408264160157 864.788540649414 1758.0853210449218 1000.7154266357422 0.8342866443452381 1434.595440673828 857.3085388183594 1541.2457458496094 1016.2384582519531 0.8479585193452381 
626 1626.34296875 864.2053070068359 1758.221240234375 1000.2700958251953 0.8420293898809523 1431.1825622558595 858.5694244384765 1537.941094970703 1015.5673553466797 0.8340076264880952 
627 1625.5615844726562 864.4389709472656 1757.5436401367188 1000.6109558105469 0.8423781622023809 1430.7308959960938 859.040478515625 1533.3836059570312 1014.0670654296875 0.8304734002976191 
628 1626.5587158203125 866.1395874023438 1758.7296142578125 1000.4083862304688 0.8328683035714286 1430.3196716308594 857.0215423583984 1528.9233703613281 1014.3678009033204 0.8203590029761905 
629 1625.8404296875 867.5354888916015 1758.1078125 999.8029510498047 0.8384254092261905 1425.9858764648438 854.6963958740234 1526.7609497070312 1014.2570343017578 0.8344959077380952 
630 1626.2420532226563 865.097802734375 1758.9864624023437 999.94931640625 0.8297293526785714 1424.0458557128907 854.3194000244141 1525.1844909667968 1012.3485076904296 0.8323800223214286 
631 1623.5518615722656 864.016226196289 1758.373065185547 1003.0506072998047 0.8464239211309523 1421.6440551757812 855.5898803710937 1522.7599975585938 1011.4768920898438 0.8359607514880952 
632 1623.3338928222656 867.7253845214843 1757.8510437011719 1000.1408264160157 0.8357979910714286 1420.0219604492188 855.1144165039062 1523.0117309570312 1012.7517944335938 0.8312406994047619 
633 1624.1815795898438 864.5823760986328 1757.0173950195312 1001.6353363037109 0.8453543526785714 1421.8459228515626 855.9050323486329 1523.0542236328124 1011.9346282958984 0.8391462053571429 
634 1624.281182861328 864.8986236572266 1757.0927185058595 1001.9265106201171 0.8410295758928571 1423.3611755371094 856.2229125976562 1526.6589660644531 1012.2238647460938 0.8470052083333334 
635 1624.5546447753907 865.1530303955078 1757.3553894042968 1000.0617523193359 0.8258928571428571 1425.0291870117187 856.2348327636719 1530.4266235351563 1012.2229309082031 0.8463774181547619 
636 1622.4720275878906 865.7825744628906 1757.661395263672 1000.9719421386719 0.8221493675595238 1422.043927001953 856.8457458496093 1533.9976989746094 1013.1585266113282 0.8566778273809523 
637 1625.3815795898438 861.7198089599609 1756.4882934570312 1001.2850128173828 0.8227074032738095 1422.8656005859375 856.5145446777344 1532.8260498046875 1012.9968078613281 0.8600492931547619 
638 1627.2246032714843 861.6395721435547 1756.1656555175782 1001.1495513916016 0.8194986979166666 1423.1628540039062 856.4364379882812 1530.9660522460938 1012.8566528320313 0.8576078869047619 
639 1621.4483703613282 863.7140716552734 1756.5380798339843 1003.0253692626953 0.7859700520833334 1423.2788452148438 856.8946319580078 1530.9284301757812 1013.0921234130859 0.8548874627976191 
640 1624.8752807617188 863.3483612060547 1755.7414184570312 1000.546841430664 0.8257998511904762 1423.4612976074218 856.2854522705078 1526.8879455566407 1012.4807220458985 0.8498651413690477 
641 1620.5916259765625 862.6672485351562 1757.6844970703125 1001.8691284179688 0.8272181919642857 1423.30791015625 855.8531829833985 1526.654736328125 1011.9280059814453 0.8540736607142857 
642 1624.419415283203 862.6008422851562 1757.3014099121094 1001.8106567382813 0.8392159598214286 1420.147686767578 857.4088500976562 1523.5003845214844 1013.4926391601563 0.8464936755952381 
643 1622.859930419922 865.2713165283203 1757.8306213378905 1000.2419281005859 0.82763671875 1420.7285583496093 856.3490020751954 1521.9563781738282 1012.4087493896484 0.8420293898809523 
644 1624.9688781738282 863.2525451660156 1757.6306091308593 1002.2314636230469 0.8005719866071429 1414.0709411621094 854.5866302490234 1521.463604736328 1012.5171905517578 0.8321940104166666 
645 1622.0295166015626 863.457763671875 1756.8137451171874 1002.4539794921875 0.8097563244047619 1414.8310607910157 856.6537048339844 1520.1312194824218 1012.4980285644531 0.8451450892857143 
646 1623.8484741210937 862.472705078125 1758.5301879882813 1001.363232421875 0.7951543898809523 1413.3273315429688 853.8122619628906 1520.6519165039062 1011.6424499511719 0.8547014508928571 
647 1627.310968017578 864.7401428222656 1755.5680603027345 999.3049011230469 0.8192196800595238 1411.6353820800782 854.2273040771485 1516.7641540527343 1009.8178009033203 0.8331008184523809 
648 1624.240625 864.9493103027344 1756.476904296875 1001.3834533691406 0.8436569940476191 1412.888623046875 852.5975158691406 1515.7390625 1012.1206237792969 0.8255440848214286 
649 1624.3062683105468 865.7899108886719 1756.7797912597657 1000.3660949707031 0.8391229538690477 1407.4801818847657 853.6586456298828 1512.6178405761718 1009.2623138427734 0.8273344494047619 
650 1624.4626159667969 864.7778015136719 1756.8263244628906 1001.3436584472656 0.8417736235119048 1406.6846740722656 854.757601928711 1507.533221435547 1008.1314971923828 0.8093377976190477 
651 1625.801531982422 865.5016174316406 1756.4393127441406 1000.3536071777344 0.8440057663690477 1403.9117858886718 855.4525787353516 1505.0507385253907 1007.1610076904296 0.8296363467261905 
652 1625.25859375 866.449951171875 1755.951123046875 1001.3582763671875 0.8366350446428571 1405.3839538574218 856.3966705322266 1502.3493225097657 1008.1685760498046 0.8105236235119048 
653 1625.0509399414063 865.6983459472656 1757.8467651367187 1000.6020690917969 0.8325660342261905 1403.8056030273438 859.1315216064453 1500.7676391601562 1008.7902923583985 0.8307291666666666 
654 1625.426806640625 867.0916259765625 1756.109814453125 999.882373046875 0.8337286086309523 1400.4608947753907 857.0391021728516 1499.5270202636718 1006.6921600341797 0.8347981770833334 
655 1627.271923828125 866.1960845947266 1755.95732421875 999.1008514404297 0.8431222098214286 1399.7596496582032 855.8915161132812 1503.1301208496093 1007.7826782226563 0.8439127604166666 
656 1621.415545654297 867.7103668212891 1758.3692443847656 1000.4500946044922 0.8322172619047619 1400.020574951172 855.7977996826172 1503.2625061035155 1007.500357055664 0.8446800595238095 
657 1625.3681579589843 868.1430847167969 1758.2161926269532 998.8824279785156 0.8157552083333334 1396.0878051757813 855.9775573730469 1505.7400756835937 1007.8038146972656 0.8404715401785714 
658 1626.8972717285155 868.4401092529297 1757.439520263672 998.9824371337891 0.8249627976190477 1395.8567016601562 856.2928924560547 1507.4494506835938 1007.8903961181641 0.8457961309523809 
659 1625.4529602050782 866.7063171386719 1758.0093200683593 999.2626770019531 0.8230096726190477 1394.814697265625 856.6715698242188 1506.330322265625 1006.0604858398438 0.8385649181547619 
660 1621.4790283203124 867.8899322509766 1756.2289794921876 1000.5344451904297 0.8293108258928571 1396.0318603515625 855.985888671875 1505.5162353515625 1007.5796630859375 0.8511904761904762 
661 1622.5771606445312 866.6162841796875 1757.1008178710938 1001.13994140625 0.8312406994047619 1394.0324829101562 856.5916931152344 1505.4348022460938 1007.9307678222656 0.8471214657738095 
662 1624.5410949707032 864.7254119873047 1757.3577087402343 1001.7585357666015 0.8385184151785714 1393.6929626464844 856.5358154296875 1503.3193664550781 1008.3263671875 0.8570265997023809 
663 1625.5786193847657 864.3919738769531 1756.1392761230468 1001.2701354980469 0.8109421502976191 1389.8890258789063 856.2116851806641 1499.3914916992187 1007.8306121826172 0.8420991443452381 
664 1621.6155090332031 866.4078857421875 1758.4971618652344 1001.183544921875 0.8245210193452381 1389.888818359375 854.5015899658204 1499.394140625 1008.2301605224609 0.84326171875 
665 1624.6179565429688 866.6874572753907 1755.5285278320312 1001.8209655761718 0.8263578869047619 1390.6518493652343 856.8610076904297 1494.1134094238282 1006.7747955322266 0.8514462425595238 
666 1623.175439453125 865.738412475586 1756.316259765625 1000.9926055908203 0.8188709077380952 1389.4880432128907 855.9032409667968 1490.9288269042968 1005.9508850097657 0.8500279017857143 
667 1622.8885131835937 865.8612640380859 1756.0626586914063 1001.1494171142579 0.8167317708333334 1385.4025756835938 856.0235961914062 1491.0964477539062 1006.1088500976563 0.8440987723214286 
668 1625.1939086914062 865.6255157470703 1756.3380737304688 1001.0001556396485 0.8184988839285714 1384.3019409179688 855.7815612792969 1487.9480590820312 1005.9628234863281 0.8477260044642857 
669 1623.3165344238282 867.3748931884766 1756.6765075683593 1002.8517303466797 0.8094075520833334 1382.7309875488281 854.0225769042969 1484.3387145996094 1006.4340881347656 0.83349609375 
670 1623.448797607422 868.0565185546875 1756.8801818847655 1003.60595703125 0.8307524181547619 1386.9704223632812 856.5706481933594 1480.1606811523438 1006.9458312988281 0.8308686755952381 
671 1622.964208984375 867.4548248291015 1756.653466796875 1003.2661834716797 0.8246605282738095 1386.028741455078 857.8239624023438 1479.3991149902345 1006.3676879882812 0.8353794642857143 
672 1624.7253479003907 867.8311645507813 1756.1746765136718 1001.4007690429687 0.8178013392857143 1384.4956665039062 857.9643157958984 1477.7824096679688 1006.3749786376953 0.8309849330357143 
673 1620.0661560058593 868.3746215820313 1757.8907531738282 1001.9585083007812 0.8183826264880952 1382.6652221679688 858.7513305664063 1471.7212524414062 1005.0575073242187 0.8427269345238095 
674 1617.9559509277344 867.348031616211 1756.283917236328 1005.6760772705078 0.7978283110119048 1380.5881774902343 856.0525665283203 1476.3538391113282 1007.1493988037109 0.8354027157738095 
675 1619.0802429199218 867.3893249511718 1757.2450744628907 1005.5541564941407 0.8052687872023809 1378.7224487304688 856.1071960449219 1474.3749633789062 1007.0257385253906 0.8277064732142857 
676 1621.0299865722657 867.8191589355469 1757.0553405761718 1005.9700256347656 0.8089657738095238 1375.05595703125 853.0231536865234 1474.949658203125 1006.0517364501953 0.8476329985119048 
677 1621.133447265625 868.4324584960938 1757.073583984375 1004.3725952148437 0.8048502604166666 1371.31083984375 851.2765411376953 1477.514111328125 1008.4572845458985 0.8507021949404762 
678 1622.7452453613282 866.546029663086 1756.6447692871093 1004.6963409423828 0.8101050967261905 1370.8864379882812 851.2595397949219 1477.1560424804688 1008.5384338378906 0.8469587053571429 
679 1619.6422180175782 867.8446197509766 1755.8967224121093 1004.0990447998047 0.8095703125 1371.1251953125 850.6490295410156 1475.4451171875 1008.1932556152344 0.8542829241071429 
680 1623.4778137207031 867.0170745849609 1755.7732849121094 1003.5801544189453 0.8215448288690477 1370.6228515625 851.6701721191406 1475.17890625 1007.4373718261719 0.8523530505952381 
681 1616.6336730957032 867.6979187011718 1757.7250915527343 1004.5138732910157 0.7946661086309523 1372.7658752441407 852.3225524902343 1475.3778015136718 1008.3782531738282 0.8539109002976191 
682 1622.2518737792968 866.7206207275391 1756.8556701660157 1003.4609588623047 0.8050130208333334 1371.2051696777344 851.6002685546875 1473.7602844238281 1005.4331787109375 0.8476795014880952 
683 1625.6301696777343 868.9784423828125 1755.8921691894532 1003.5113037109375 0.8250558035714286 1369.2949951171875 852.2234619140625 1471.7963134765625 1003.8397705078125 0.8483305431547619 
684 1618.0625549316405 869.4043823242188 1756.875799560547 1003.9464477539062 0.8326125372023809 1365.4881286621094 850.7590423583985 1472.2676086425781 1004.5214141845703 0.8566545758928571 
685 1618.717108154297 866.2302459716797 1759.3118225097655 1002.5644927978516 0.8163597470238095 1365.3844482421875 851.1548156738281 1471.8955810546875 1004.5308532714844 0.8625604538690477 
686 1617.821630859375 866.9666046142578 1756.747705078125 1003.755502319336 0.8231491815476191 1365.0415893554687 849.9501983642579 1471.9078735351563 1005.9750335693359 0.8600725446428571 
687 1619.4131896972656 868.237939453125 1758.354022216797 1002.9037841796875 0.8315197172619048 1363.5643798828125 849.3287780761718 1468.3045166015625 1005.3701965332032 0.8597237723214286 
688 1619.2178039550781 868.0298736572265 1758.0894470214844 1002.6285125732422 0.8248232886904762 1363.7433288574218 849.3767028808594 1466.2946350097657 1003.2037414550781 0.8376813616071429 
689 1618.9691528320313 868.1798797607422 1757.8492065429687 1002.7866119384765 0.8297758556547619 1360.1921997070312 849.5255340576172 1462.7496948242188 1003.3618560791016 0.8324497767857143 
690 1615.7349792480468 868.4463623046875 1758.9804748535157 1003.1398193359375 0.8305896577380952 1359.422589111328 851.9179992675781 1457.7701599121094 1001.5774841308594 0.8185686383928571 
691 1619.3613159179688 870.5799163818359 1758.4533813476562 1001.1124053955078 0.8237537202380952 1361.4239379882813 850.0042022705078 1453.4386108398437 1001.935433959961 0.8068033854166666 
692 1618.0622436523438 868.1642120361328 1759.4045532226562 1003.081820678711 0.8282412574404762 1356.381524658203 845.9250671386719 1452.7511657714845 1002.2581604003906 0.8205217633928571 
693 1619.9115112304687 867.4549682617187 1759.2657348632813 1002.5213500976563 0.8183128720238095 1354.149102783203 845.1913146972656 1452.7689880371095 1001.6967468261719 0.8318219866071429 
694 1617.276837158203 867.7140747070313 1758.8741638183594 1005.0205444335937 0.8059663318452381 1351.0806091308593 843.7844360351562 1454.0603820800782 1002.5450317382813 0.8228236607142857 
695 1617.2338317871095 866.3624389648437 1758.771173095703 1003.6108276367188 0.8036179315476191 1352.7998779296875 844.0926055908203 1455.7360107421875 1002.7859954833984 0.8381928943452381 
696 1617.2845092773437 865.8919525146484 1758.7074340820313 1003.0294952392578 0.8036179315476191 1349.5200927734375 847.4311614990235 1454.5160400390625 1001.7108673095703 0.8504231770833334 
697 1616.856707763672 867.0835388183593 1758.1744201660156 1001.9777404785157 0.8131975446428571 1349.0448913574219 844.8482421875 1456.1036682128906 1001.15419921875 0.8578636532738095 
698 1616.8151733398438 865.6529144287109 1760.2902954101562 1004.8451934814453 0.7976190476190477 1348.9728942871093 845.556527709961 1458.1854309082032 1001.8801788330078 0.8523065476190477 
699 1616.9667175292968 867.7192474365235 1760.5080139160157 1002.6909698486328 0.7975260416666666 1349.248114013672 843.5759674072266 1456.3684631347655 1002.1141571044922 0.8510277157738095 
700 1619.2757934570313 866.4665496826171 1758.5779663085937 1003.6256744384766 0.7865978422619048 1349.3262023925781 842.3153625488281 1456.4817810058594 1003.0486511230469 0.8500744047619048 
701 1622.5156311035157 866.5215423583984 1761.2711120605468 1005.2771026611329 0.8313802083333334 1348.6991882324219 842.7114410400391 1455.4342346191406 1002.8140106201172 0.8575148809523809 
702 1622.862744140625 867.7359741210937 1759.549365234375 1004.4225952148438 0.8304734002976191 1350.5574951171875 841.7786987304687 1455.2081298828125 1004.0939819335938 0.8662109375 
703 1624.276123046875 866.9589019775391 1760.833251953125 1001.3823455810547 0.8164527529761905 1348.94599609375 840.7799438476562 1453.497607421875 1002.9416137695313 0.8567243303571429 
704 1624.7104553222657 866.7162628173828 1759.4859558105468 1001.4916839599609 0.7881324404761905 1347.0140380859375 842.6081359863281 1449.7000732421875 1000.9156677246094 0.8511439732142857 
705 1623.3629760742188 866.077880859375 1760.1375122070312 1002.8524169921875 0.7902483258928571 1349.4851440429688 840.3505187988281 1452.0661254882812 1000.6331237792969 0.8345656622023809 
706 1620.962451171875 866.0991912841797 1759.633984375 1002.6371978759765 0.7928989955357143 1351.825048828125 840.6624084472656 1447.828271484375 998.5344909667969 0.8214518229166666 
707 1622.8726928710937 867.338818359375 1759.4212524414063 1003.8873779296875 0.7925967261904762 1351.8269775390625 840.0126525878907 1447.8378173828125 1000.0305603027343 0.8149181547619048 
708 1623.814599609375 866.9526611328125 1760.783056640625 1003.9211181640625 0.8046177455357143 1346.502783203125 837.8962493896485 1447.089013671875 998.4061798095703 0.8234514508928571 
709 1625.1139221191406 866.1687408447266 1759.6691589355469 1000.7238983154297 0.7858305431547619 1346.4747802734375 836.9248046875 1446.8572509765625 997.1094970703125 0.8176850818452381 
710 1625.366192626953 866.4302703857422 1759.9874450683594 1001.0516021728515 0.7936197916666666 1346.343243408203 835.5282012939454 1448.9120056152344 995.7916839599609 0.8217308407738095 
711 1621.5418334960937 866.2152648925781 1760.4415649414063 1002.9782165527344 0.8019438244047619 1344.3996337890626 835.5586883544922 1449.1086669921874 995.8277252197265 0.8315662202380952 
712 1623.1864074707032 867.1705993652344 1759.8312927246093 1003.8154846191406 0.8267299107142857 1344.6411437988281 833.0093872070313 1447.1248474121094 995.2751586914062 0.8402622767857143 
713 1623.5507568359376 867.0241455078125 1760.2900634765624 1003.7634521484375 0.8126860119047619 1341.0328735351563 831.1957824707031 1447.8604370117187 993.5737487792969 0.8392857142857143 
714 1622.3350769042968 866.8417388916016 1759.1250061035157 1003.6315887451171 0.8042689732142857 1341.8500366210938 831.000131225586 1444.4424438476562 993.4381622314453 0.8349841889880952 
715 1622.1583862304688 864.2370025634766 1758.9265747070312 1003.1422088623046 0.8013392857142857 1340.0739685058593 832.181997680664 1442.6500305175782 992.4572235107422 0.8365187872023809 
716 1625.8271911621093 864.9058868408204 1758.3330871582032 1001.6862152099609 0.8016183035714286 1340.1831604003905 830.710791015625 1440.631170654297 993.1374755859375 0.8452613467261905 
717 1621.9851318359374 866.1666473388672 1759.3598388671876 1001.3948150634766 0.8124534970238095 1335.3477661132813 830.1719024658203 1438.3787963867187 991.157748413086 0.8436569940476191 
718 1625.1236083984375 865.2032073974609 1760.1249267578125 1000.2044464111328 0.8071056547619048 1337.07158203125 832.8128112792969 1439.929638671875 991.3856750488281 0.8364490327380952 
719 1623.7031677246093 866.2336944580078 1758.7322570800782 1001.2627044677735 0.8227074032738095 1337.4876953125 834.3311706542969 1438.22373046875 988.6501525878906 0.8353562127976191 
720 1623.6747985839843 866.9019897460937 1758.0716613769532 1001.2986938476563 0.8076404389880952 1340.9331115722657 833.2617309570312 1436.9307800292968 988.9913208007813 0.8339611235119048 
721 1624.6259155273438 864.2116668701171 1759.4263305664062 1001.1517974853516 0.8113141741071429 1338.2367614746095 834.5029327392579 1430.243341064453 986.4208343505859 0.8333798363095238 
722 1624.07490234375 866.6920989990234 1758.822314453125 1001.4394317626953 0.7985491071428571 1345.119854736328 834.6093872070312 1430.6737243652344 990.7452270507813 0.8192894345238095 
723 1622.4638366699219 864.6178985595703 1759.5311584472656 1001.6851409912109 0.8008975074404762 1345.0345336914063 832.7399230957031 1430.7015502929687 989.0822204589844 0.8260323660714286 
724 1620.10087890625 865.1289581298828 1759.185009765625 1002.073373413086 0.7950613839285714 1342.9200317382813 833.5263488769531 1430.6500366210937 987.5888854980469 0.8303571428571429 
725 1621.7953247070313 865.9063598632813 1759.1424194335937 1001.1073120117187 0.8132440476190477 1336.2058715820312 834.2108489990235 1430.6320190429688 986.5802276611328 0.8463076636904762 
726 1623.8019470214845 867.110238647461 1759.001153564453 1000.1633819580078 0.8291713169642857 1332.5212158203126 833.2691284179688 1431.2380615234374 987.7825073242187 0.8548874627976191 
727 1621.6796997070312 866.608447265625 1759.0153686523438 1001.798291015625 0.8037806919642857 1334.215399169922 832.7696380615234 1430.7795959472655 989.4182891845703 0.8504464285714286 
728 1623.8040893554687 866.7496826171875 1759.0926391601563 999.8908203125 0.8235677083333334 1333.982684326172 832.3906951904297 1432.7647521972656 991.3010162353515 0.8559105282738095 
729 1622.3974731445312 866.2005828857422 1757.7336303710938 1001.5366607666016 0.8313802083333334 1330.32607421875 833.9777008056641 1433.439306640625 990.7956756591797 0.85986328125 
730 1619.3948608398437 867.8826873779296 1758.7135375976563 1000.7714263916016 0.8226609002976191 1331.771630859375 832.1874084472656 1434.653173828125 988.6531677246094 0.8434709821428571 
731 1620.3377868652344 867.4002624511719 1757.656475830078 1000.4276184082031 0.8260788690476191 1328.3707885742188 835.2162536621094 1435.6509399414062 989.6996398925781 0.8530738467261905 
732 1624.5845336914062 863.8351043701172 1759.4008178710938 1000.7914215087891 0.8063616071428571 1330.34248046875 831.4890838623047 1433.059619140625 991.984732055664 0.8661876860119048 
733 1625.481951904297 863.6285675048828 1758.2557189941406 1000.685336303711 0.8099190848214286 1330.777001953125 831.258822631836 1433.569677734375 991.8722198486328 0.8636067708333334 
734 1623.5424926757812 866.7871917724609 1758.6183959960938 999.7190948486328 0.8080357142857143 1330.1357482910157 830.5855041503906 1435.1946960449218 991.3902038574219 0.8600725446428571 
735 1621.1366088867187 866.6396331787109 1760.4844848632813 999.5559844970703 0.8054082961309523 1332.051934814453 832.3387023925782 1432.8109802246095 990.9807556152343 0.8652808779761905 
736 1623.4262084960938 866.7517517089843 1758.4837036132812 999.6654846191407 0.8067103794642857 1334.5942749023438 832.451416015625 1428.9201293945312 991.0904541015625 0.85400390625 
737 1625.6577453613281 866.8098358154297 1758.6514587402344 999.8036285400391 0.8129650297619048 1335.001971435547 834.6339660644531 1427.2396057128906 989.0783142089844 0.8555385044642857 
738 1623.3403625488281 866.7787536621094 1758.3272399902344 999.6229797363281 0.81396484375 1335.4012268066406 832.7436309814453 1423.249774169922 989.1569427490234 0.8457263764880952 
739 1626.3631286621094 865.0400604248047 1759.0886535644531 997.7656646728516 0.8132905505952381 1335.6347595214843 834.8227935791016 1419.1234191894532 986.8149627685547 0.8576311383928571 
740 1625.112353515625 862.9191772460938 1760.24189453125 998.0487182617187 0.7986188616071429 1332.4141723632813 830.2505065917969 1416.0658081054687 991.1190002441406 0.8625139508928571 
741 1625.4944458007812 860.1260437011719 1762.9799194335938 995.4633117675781 0.7963634672619048 1332.5941467285156 830.9599609375 1416.3744812011719 989.927490234375 0.8467726934523809 
742 1625.8153442382813 858.5700439453125 1765.4063354492187 998.16103515625 0.7955961681547619 1330.6094848632813 827.0175537109375 1422.9542358398437 996.67421875 0.8265671502976191 
743 1633.5414794921876 855.3698913574219 1767.1894775390624 995.4847229003906 0.8030598958333334 1331.7558471679688 821.5433807373047 1422.2915161132812 996.1479644775391 0.833984375 
744 1638.5561279296876 853.5872680664063 1768.3003173828124 991.9810913085937 0.8482840401785714 1333.9067687988281 821.3175506591797 1422.5652770996094 994.3098297119141 0.8232886904761905 
745 1645.5690307617188 847.8415710449219 1775.1961059570312 992.5917785644531 0.8544456845238095 1338.36953125 819.6726135253906 1422.62705078125 992.5086608886719 0.8201729910714286 
746 1653.9746398925781 845.4173278808594 1781.8711853027344 990.6556701660156 0.8775344122023809 1345.4892211914062 817.403515625 1430.0307983398438 988.6547119140625 0.8134998139880952 
747 1663.6102416992187 842.8313751220703 1789.6946899414063 990.6544036865234 0.8873465401785714 1355.8407836914062 812.5644317626953 1453.6648315429688 990.8216156005859 0.8076171875 
748 1668.9168029785155 839.9967803955078 1795.218817138672 990.2525482177734 0.8883696056547619 1365.892626953125 814.0329193115234 1461.707958984375 986.0647979736328 0.822265625 
749 1679.0743835449218 836.8590789794922 1802.8712951660157 984.546743774414 0.8574916294642857 1380.8589477539062 812.3837219238281 1482.9371948242188 983.9619812011719 0.8315197172619048 
750 1686.1052612304688 833.4805328369141 1804.3490844726562 982.3801239013671 0.8592587425595238 1398.1598876953126 818.2368988037109 1501.0757080078124 982.4643341064453 0.8597005208333334 
751 1690.8353393554687 833.5821105957032 1804.3165161132813 981.9806335449218 0.8480282738095238 1418.7153198242188 820.3202239990235 1519.1025512695312 981.8127716064453 0.8310081845238095 
752 1689.9542724609375 833.1284484863281 1805.8535888671875 984.0162048339844 0.8692568824404762 1434.605780029297 819.5872406005859 1533.0107971191405 985.7824493408203 0.8486793154761905 
753 1685.8078063964845 836.1211517333984 1805.899591064453 984.5981475830079 0.8790457589285714 1447.8919250488282 818.9892425537109 1548.3323181152343 984.9340362548828 0.8272414434523809 
754 1681.8310241699219 840.3658569335937 1803.9115295410156 986.4263793945313 0.9007393973214286 1456.5355895996095 821.5842498779297 1554.635919189453 985.0848785400391 0.7263532366071429 
755 1676.193994140625 841.2044860839844 1804.253515625 988.7984436035156 0.9161551339285714 1471.2487365722657 830.1850158691407 1566.7506530761718 986.4609802246093 0.7299572172619048 
756 1675.672607421875 840.0264678955078 1803.33349609375 991.4886077880859 0.90234375 1484.6804748535155 839.5271484375 1579.885321044922 995.3167236328125 0.7772042410714286 
757 1674.8796936035155 840.78935546875 1803.961981201172 993.53681640625 0.8788364955357143 1493.0059814453125 847.1607482910156 1591.9691162109375 1002.0595886230469 0.8181966145833334 
758 1679.2013244628906 841.5956665039063 1803.5114440917969 993.7683471679687 0.8906947544642857 1500.8146850585938 856.6810424804687 1599.4055297851562 1006.7104370117188 0.8216843377976191 
759 1681.0253051757813 841.6929016113281 1805.1470581054687 995.7751159667969 0.8783249627976191 1506.6129150390625 863.5870941162109 1615.7545166015625 1013.3891632080079 0.8221028645833334 
760 1683.2954895019532 842.0710601806641 1806.6699645996093 997.3525848388672 0.8916480654761905 1511.978515625 869.4784881591797 1631.0986328125 1014.1243560791015 0.8201729910714286 
761 1687.8727600097657 842.7409301757813 1804.8710144042968 995.9022583007812 0.8916015625 1518.3479797363282 876.694921875 1643.8552673339843 1019.2201171875 0.8203125 
762 1690.0169189453125 842.9242340087891 1804.6644775390625 995.7876190185547 0.8888578869047619 1523.1084106445312 880.0785522460938 1654.7407104492188 1022.3263549804688 0.8089657738095238 
763 1687.0403076171874 845.3180511474609 1805.6545166015626 995.7041046142579 0.8769066220238095 1529.159356689453 883.5256164550781 1660.4823669433595 1027.5572692871094 0.8027111235119048 
764 1690.3092041015625 845.0576202392579 1804.8367919921875 993.5192230224609 0.8668154761904762 1531.487860107422 884.7017761230469 1665.1033264160155 1028.9216369628907 0.8148484002976191 
765 1691.6033813476563 844.5709777832031 1805.6952026367187 992.4677185058594 0.8492373511904762 1535.2555236816406 887.3147766113282 1666.2497253417969 1030.9858825683593 0.7856677827380952 
766 1691.4382202148438 842.3570739746094 1805.6919067382812 990.4636047363281 0.8616768973214286 1538.3676025390625 888.416552734375 1667.4319580078125 1032.2915771484375 0.7876906622023809 
767 1688.3119873046876 844.5659942626953 1806.7478271484374 990.4958343505859 0.8660714285714286 1539.0470275878906 888.9794677734375 1668.0575866699219 1030.6794677734374 0.7984095982142857 
768 1692.4242797851562 843.6819519042969 1806.5459350585938 989.5039611816406 0.8567708333333334 1539.286846923828 887.8187469482422 1670.3153259277344 1031.5273834228515 0.7912016369047619 
769 1692.7931884765626 843.1389862060547 1804.7004638671874 986.718130493164 0.8439825148809523 1539.3064819335937 889.1037780761719 1672.3282836914063 1028.4600646972656 0.7825753348214286 
770 1691.3913452148438 843.4736785888672 1805.4387329101562 987.0890045166016 0.8556315104166666 1539.9779357910156 889.2063873291015 1670.9213562011719 1030.7096893310547 0.7856212797619048 
771 1693.2463012695312 843.6707885742187 1805.1938842773438 989.4139282226563 0.8528180803571429 1539.9478454589844 886.15888671875 1670.9055480957031 1029.78984375 0.7723679315476191 
772 1691.2358825683593 842.694204711914 1805.1399719238282 988.2381072998047 0.8404250372023809 1541.8790161132813 886.746792602539 1670.5482299804687 1030.1813690185547 0.7838309151785714 
773 1689.7232788085937 842.5654937744141 1805.8355590820313 990.3447235107421 0.8470052083333334 1540.2389709472657 885.2752685546875 1671.1290710449218 1028.832275390625 0.7854817708333334 
774 1689.8483825683593 842.5756286621094 1805.9227355957032 990.3066955566406 0.8466564360119048 1540.412579345703 885.0279937744141 1671.2601501464844 1030.6487030029298 0.7810174851190477 
775 1691.499853515625 843.8200622558594 1805.3685546875 989.3189758300781 0.8418433779761905 1540.3236328125 884.3715667724609 1671.061865234375 1029.8705596923828 0.7725306919642857 
776 1691.4626220703126 843.7068054199219 1805.3154541015624 989.1854064941406 0.84130859375 1540.5507019042968 886.1178039550781 1669.1623107910157 1029.4880310058593 0.7650437127976191 
777 1690.6853515625 843.2936798095703 1806.7814453125 988.9413665771484 0.8355654761904762 1539.8418212890624 887.3776306152344 1668.6027587890626 1030.914483642578 0.7712286086309523 
778 1690.7273742675782 843.8070129394531 1804.8279235839843 989.6020446777344 0.8296363467261905 1537.8620666503907 886.3102783203125 1666.7532897949218 1029.992333984375 0.7779482886904762 
779 1690.9095703125 843.655062866211 1805.093115234375 989.5561798095703 0.8494233630952381 1538.177020263672 885.9452239990235 1665.0474670410156 1031.8463409423828 0.7611142113095238 
780 1691.8067260742187 844.9202606201172 1805.9252075195313 988.6250885009765 0.8380533854166666 1537.5353088378906 887.1863647460938 1664.3337097167969 1030.8912719726563 0.7593005952380952 
781 1692.0500427246093 844.8752380371094 1806.0899719238282 988.4809631347656 0.8385416666666666 1536.2604675292969 887.1121673583984 1662.9715881347656 1030.7179718017578 0.7623930431547619 
782 1692.6607849121094 844.7988800048828 1804.579327392578 988.392465209961 0.8437965029761905 1534.7728332519532 885.1643005371094 1663.5847106933593 1030.8695129394532 0.7708100818452381 
783 1692.0614624023438 843.9555480957031 1806.0003051757812 989.5439636230469 0.8322405133928571 1535.9232543945313 886.3985290527344 1666.7417846679687 1029.8769836425781 0.7599981398809523 
784 1691.0608520507812 841.5673950195312 1807.2531127929688 987.3359252929688 0.8443080357142857 1536.5981811523438 885.9316833496093 1667.5785766601562 1027.4750549316407 0.7795991443452381 
785 1691.2404846191407 841.7261138916016 1805.4813171386718 989.8160614013672 0.8418201264880952 1536.3156005859375 886.3972076416015 1667.4810302734375 1028.1404510498046 0.7877604166666666 
786 1692.4973510742188 840.652700805664 1806.6151977539062 988.5833221435547 0.8412155877976191 1535.625830078125 886.9013061523438 1670.876611328125 1028.4921264648438 0.7914574032738095 
787 1689.5666259765626 841.6114105224609 1807.9009033203124 991.6423126220703 0.8558872767857143 1536.4473754882813 886.4743896484375 1671.6864135742187 1028.05283203125 0.7751581101190477 
788 1691.3853454589844 840.5070556640625 1807.4863586425781 990.3828369140625 0.8467261904761905 1536.5569946289063 887.1909637451172 1671.6563842773437 1026.5121002197266 0.7881789434523809 
789 1692.396221923828 843.9223571777344 1807.9840270996094 988.9325012207031 0.8513067336309523 1536.6355590820312 886.6817474365234 1671.1376342773438 1025.3871612548828 0.8145926339285714 
790 1691.4430908203126 842.4670104980469 1809.0949951171874 989.5318908691406 0.8420758928571429 1535.974609375 887.0713073730469 1670.433837890625 1025.7325256347656 0.8039667038690477 
791 1692.1767028808595 840.5588531494141 1807.863214111328 987.7963104248047 0.8366582961309523 1538.143536376953 886.8334838867188 1670.6573669433594 1025.6573608398437 0.7903645833333334 
792 1693.8733825683594 842.8703674316406 1807.4702453613281 985.9184509277344 0.8537481398809523 1540.0642700195312 885.1860992431641 1668.3869018554688 1026.1304901123046 0.7750651041666666 
793 1693.5324340820312 841.9414916992188 1807.0764526367188 987.0254272460937 0.8431222098214286 1539.7951904296874 886.3401123046875 1668.0578369140626 1025.116064453125 0.7985723586309523 
794 1694.3321472167968 842.9893402099609 1805.7251037597657 988.0103546142578 0.8547247023809523 1538.5598266601562 885.9944732666015 1668.8686401367188 1022.6084930419922 0.7991071428571429 
795 1693.6845947265624 844.2081420898437 1807.1635498046876 987.1075317382813 0.8587239583333334 1540.2778259277343 885.1058166503906 1666.3656066894532 1023.8022644042969 0.8071986607142857 
796 1692.0790222167968 842.722543334961 1807.4018127441407 985.3035186767578 0.8582356770833334 1538.7721801757812 885.1420257568359 1668.7724975585938 1023.5294219970704 0.8017113095238095 
797 1694.5946350097656 843.0322418212891 1805.7651062011719 985.6660614013672 0.8537713913690477 1539.1335754394531 885.4674102783204 1669.1819763183594 1023.9060638427734 0.7975725446428571 
798 1692.2419311523438 843.1069854736328 1807.5905883789062 985.719857788086 0.8624674479166666 1539.1427612304688 883.6806335449219 1667.0750122070312 1024.1963195800781 0.7955961681547619 
799 1692.0887268066406 842.7017639160156 1807.352801513672 985.2099792480469 0.8525855654761905 1539.1019653320313 883.0038177490235 1666.9402709960937 1025.5121124267578 0.7918294270833334 
800 1693.9267883300781 841.4192474365234 1809.2930603027344 988.2490264892579 0.8735816592261905 1539.4328491210938 883.8546508789062 1665.2868774414062 1026.4893432617187 0.7980608258928571 
801 1694.3169494628905 841.3986022949218 1807.530096435547 988.1565734863282 0.8440755208333334 1539.8985290527344 884.0551788330079 1663.5945129394531 1024.5234954833984 0.7814592633928571 
802 1692.5537658691405 841.7302978515625 1807.791815185547 988.397021484375 0.8489583333333334 1538.2314514160157 884.3603637695312 1663.9456726074218 1024.7413208007813 0.7809709821428571 
803 1694.4071044921875 841.7466552734375 1807.6270751953125 988.5133544921875 0.8686988467261905 1540.2215148925782 882.5510681152343 1661.8281677246093 1025.1243469238282 0.7870396205357143 
804 1694.1867370605469 841.7530303955078 1807.2726135253906 986.2517913818359 0.8512137276785714 1539.458642578125 882.509066772461 1667.203955078125 1022.8194854736328 0.7719494047619048 
805 1693.9991577148437 840.798617553711 1807.0423461914063 987.3360870361328 0.8522367931547619 1539.571240234375 881.7808258056641 1665.174853515625 1022.0380828857421 0.7710890997023809 
806 1692.391015625 839.0614044189454 1807.32041015625 989.5145843505859 0.8471447172619048 1539.36591796875 883.4258209228516 1671.0125 1025.5204071044923 0.7714611235119048 
807 1694.805615234375 840.8736358642578 1807.593310546875 987.0799163818359 0.8605608258928571 1540.0036865234374 883.3698913574219 1671.5893310546876 1023.3101623535156 0.7693684895833334 
808 1695.4865600585938 840.2922119140625 1806.1030395507812 988.4763427734375 0.85302734375 1540.3187744140625 886.6900756835937 1673.8931396484375 1022.3515502929688 0.7849469866071429 
809 1694.5424560546876 843.3119537353516 1807.3384033203124 985.3513153076171 0.8583519345238095 1544.5495666503907 885.8113159179687 1676.1448913574218 1021.5841918945313 0.7842261904761905 
810 1693.566143798828 842.8115783691406 1806.2848083496094 986.8410095214844 0.8525390625 1545.2816467285156 886.8874633789062 1676.7868347167969 1024.6547729492188 0.7879929315476191 
811 1695.5948364257813 843.2294952392579 1806.1859252929687 989.2932708740234 0.8470284598214286 1545.518377685547 887.5302032470703 1676.9756408691405 1025.2474456787108 0.7793898809523809 
812 1693.7403259277344 844.3112243652344 1806.3691711425781 988.2257629394531 0.8550269717261905 1545.3334899902343 888.3519958496094 1678.8194641113282 1026.0093322753905 0.79248046875 
813 1695.632177734375 843.4845458984375 1806.304833984375 989.6558349609375 0.8527715773809523 1545.6861267089844 887.8178192138672 1675.1521301269531 1025.6364654541017 0.80078125 
814 1695.5495727539062 844.1652374267578 1806.1743041992188 988.1860198974609 0.8538411458333334 1545.6684204101562 888.4793518066406 1675.0784057617188 1024.151141357422 0.8090355282738095 
815 1695.3853393554687 843.4389343261719 1806.0506958007813 989.6008605957031 0.8552827380952381 1543.601806640625 887.7694061279296 1675.1474609375 1025.579165649414 0.8004789806547619 
816 1694.420587158203 844.8567932128906 1807.1100524902345 986.7619812011719 0.861328125 1544.8101989746094 888.9212646484375 1674.194317626953 1024.56591796875 0.7791341145833334 
817 1694.1877746582031 840.6836090087891 1806.7674255371094 988.7050018310547 0.8508417038690477 1541.0345458984375 886.5493927001953 1674.4622802734375 1026.2315521240234 0.7779250372023809 
818 1692.9858154296876 841.7198486328125 1805.8547607421874 990.1217041015625 0.8450055803571429 1541.2877807617188 887.9446899414063 1672.9683227539062 1025.8957641601562 0.7863885788690477 
819 1692.4390014648438 840.89765625 1807.3153930664062 989.1925537109375 0.8591192336309523 1539.2437622070313 885.0005401611328 1672.9181030273437 1027.0294281005858 0.7918991815476191 
820 1691.6213989257812 839.6372436523437 1808.5309448242188 989.9494262695313 0.8437732514880952 1538.7397338867188 887.1718872070312 1672.3505981445312 1029.1334106445313 0.78759765625 
821 1691.0063781738281 842.8003662109375 1806.0362243652344 987.1105224609375 0.8450288318452381 1538.3302856445312 886.962124633789 1665.9089721679688 1024.9980194091797 0.7952008928571429 
822 1692.3159057617188 839.4345581054688 1807.2741821289062 989.9254272460937 0.8487723214285714 1536.2781005859374 883.8100769042969 1665.8674072265626 1025.9402893066406 0.7832961309523809 
823 1690.8991333007812 839.4831787109375 1805.9729370117188 988.0329345703125 0.8351934523809523 1534.9460205078126 885.2712585449219 1662.5732666015624 1027.5442932128906 0.7844819568452381 
824 1691.1805297851563 841.7636474609375 1806.2879760742187 988.2640625 0.8538876488095238 1531.720361328125 884.1038452148438 1661.477880859375 1026.4186157226563 0.7949451264880952 
825 1690.1522277832032 841.2202117919921 1805.4785095214843 987.9992095947266 0.86376953125 1528.2921203613282 881.5441345214844 1662.4899841308593 1028.3230529785155 0.7977353050595238 
826 1685.0740539550782 838.8027862548828 1806.7537048339843 989.8532806396485 0.8671177455357143 1529.1822082519532 884.9570922851562 1659.2534606933593 1027.6159057617188 0.8092912946428571 
827 1687.5928649902344 841.4708190917969 1805.2236633300781 990.6101135253906 0.8650948660714286 1527.7892578125 886.0672088623047 1658.023486328125 1026.8041900634767 0.8128487723214286 
828 1684.6832580566406 840.33056640625 1804.6547546386719 989.7686767578125 0.8877185639880952 1526.6642211914063 884.7734375 1655.0547729492187 1027.897216796875 0.8095470610119048 
829 1682.6698974609376 843.0427825927734 1802.7148681640624 988.3602325439454 0.8831612723214286 1526.1742004394532 885.4067535400391 1654.6433044433593 1028.6182098388672 0.8046177455357143 
830 1677.7496765136718 841.7038391113281 1802.1623107910157 987.2033874511719 0.8905319940476191 1524.7886901855468 885.9862976074219 1653.4187072753907 1027.2684631347656 0.8160807291666666 
831 1674.8018798828125 842.1512725830078 1800.9075927734375 987.1727630615235 0.8919038318452381 1522.3434814453126 884.42900390625 1652.6526123046874 1027.3487060546875 0.8134533110119048 
832 1671.0103088378905 841.1267791748047 1799.038885498047 988.044790649414 0.9033203125 1521.9936279296876 885.2021942138672 1654.2197509765624 1027.9225006103516 0.8079427083333334 
833 1665.3954650878907 842.7129608154297 1795.7364929199218 989.872183227539 0.9121791294642857 1523.3301635742187 885.4861389160156 1651.5690063476563 1026.3385681152345 0.8033389136904762 
834 1663.8023803710937 842.2482452392578 1791.7276489257813 989.0477142333984 0.8975771949404762 1523.4555786132812 886.5300231933594 1651.3808471679688 1027.0380920410157 0.8098958333333334 
835 1657.9953369140626 842.444384765625 1789.5835205078124 990.742138671875 0.8877883184523809 1523.515185546875 886.7890747070312 1650.9259765625 1026.7320434570313 0.8077799479166666 
836 1654.6501708984374 844.7743408203125 1786.2707275390626 993.10859375 0.8871837797619048 1523.3510375976562 885.6747100830078 1650.7932495117188 1027.7413665771485 0.8021530877976191 
837 1653.4366760253906 847.4976501464844 1784.6371765136719 997.4411926269531 0.89599609375 1522.556414794922 887.146206665039 1649.5919006347656 1026.6769744873047 0.8071754092261905 
838 1652.9492126464843 850.2638549804688 1784.1087707519532 998.0785522460938 0.8843703497023809 1522.3501586914062 885.9764129638672 1647.2640991210938 1029.6272857666015 0.8115234375 
839 1652.6481872558593 854.9817016601562 1781.3258117675782 998.1873657226563 0.8676525297619048 1520.8574645996093 886.9116333007812 1643.3086730957032 1030.1172973632813 0.8160807291666666 
840 1651.9802185058593 854.5673278808594 1784.0570129394532 1001.3192687988281 0.875 1520.9516662597657 885.6916320800781 1642.5462585449218 1028.2506286621094 0.8024553571428571 
841 1655.4375 856.8080383300781 1783.6220703125 1001.5325378417969 0.8601655505952381 1519.3806030273438 887.2637603759765 1641.3625610351562 1029.9207489013672 0.8067336309523809 
842 1656.9633422851562 854.8849334716797 1785.7385620117188 1002.3532867431641 0.8871140252976191 1518.921484375 883.8833190917969 1639.38857421875 1029.274639892578 0.8086867559523809 
843 1657.6846069335938 854.8342193603515 1785.7895141601562 1001.5349822998047 0.8551897321428571 1518.771923828125 883.681640625 1638.611865234375 1028.316162109375 0.7977818080357143 
844 1658.5381408691405 855.5081207275391 1787.537908935547 999.0725067138671 0.8723028273809523 1516.8142578125 884.5570983886719 1639.572216796875 1026.0408020019531 0.7990838913690477 
845 1657.9618347167968 857.6812713623046 1784.8722717285157 1001.2356597900391 0.8604445684523809 1517.6082153320312 885.1278747558594 1640.3576049804688 1026.601739501953 0.8136625744047619 
846 1657.1715026855468 855.8118438720703 1785.9443420410157 1001.2005462646484 0.8489118303571429 1517.0552368164062 885.0493286132812 1641.6740112304688 1026.2840454101563 0.8040597098214286 
847 1655.4356384277344 858.2734802246093 1784.1780090332031 1001.5513488769532 0.8779761904761905 1516.7101440429688 885.6671966552734 1643.3760375976562 1026.8685089111327 0.8326125372023809 
848 1655.5074829101563 857.4987884521485 1784.4978881835937 1001.0525421142578 0.8600957961309523 1516.5148864746093 886.7856536865235 1643.4246887207032 1026.178518676758 0.8181501116071429 
849 1654.8685363769532 855.8381439208985 1786.0036560058593 1001.5437530517578 0.8583751860119048 1515.8078125 886.9807220458985 1644.861376953125 1026.4418243408204 0.8273809523809523 
850 1656.7345825195312 855.7606536865235 1785.9065307617188 1001.5998809814453 0.8571893601190477 1515.4628112792968 886.9317932128906 1646.7182189941407 1026.5207214355469 0.8284040178571429 
851 1656.3832397460938 856.1300689697266 1785.6738891601562 1000.0181854248046 0.8556315104166666 1516.5854736328124 887.0892639160156 1647.9616455078126 1026.8067321777344 0.818359375 
852 1653.7778564453124 858.0537506103516 1785.1159423828126 1001.9002899169922 0.8668852306547619 1517.468408203125 887.4003204345703 1648.806494140625 1027.0774017333983 0.8328218005952381 
853 1656.518621826172 857.0756713867188 1784.4783264160155 1001.8171508789062 0.8582589285714286 1515.8917907714845 886.3628143310547 1645.949395751953 1029.0066314697265 0.8357514880952381 
854 1655.6445739746093 857.2454223632812 1785.0718566894532 999.1980590820312 0.84716796875 1516.1809631347655 886.3906463623047 1643.520819091797 1026.255776977539 0.8450753348214286 
855 1655.9614013671876 856.0826690673828 1786.2165771484374 1003.1449310302735 0.8572823660714286 1516.0906005859374 885.6567199707031 1640.0431884765626 1028.5172302246094 0.8489583333333334 
856 1656.1009155273437 857.536328125 1784.4889282226563 1002.7621337890625 0.8439592633928571 1514.3560852050782 885.5452880859375 1636.4299255371093 1026.5616455078125 0.8318452380952381 
857 1655.3492309570313 856.8773162841796 1783.9390991210937 1002.3312408447266 0.8624906994047619 1512.0033325195313 884.9303100585937 1632.1609741210937 1026.1682006835938 0.8502371651785714 
858 1651.5681701660155 855.9770202636719 1782.211981201172 1001.3708801269531 0.873046875 1508.7678344726562 883.7752716064454 1626.7685424804688 1027.061947631836 0.8381928943452381 
859 1648.6202453613282 855.1800659179687 1779.4538513183593 1000.7851440429688 0.8726050967261905 1507.2355895996093 884.8854888916015 1625.4078430175782 1026.2700897216796 0.8478655133928571 
860 1645.2919128417968 856.66376953125 1776.3537170410157 998.29521484375 0.8494233630952381 1507.1565063476562 884.3071502685547 1623.4211303710938 1025.9385162353515 0.8447498139880952 
861 1638.6580139160155 855.0080444335938 1772.713690185547 997.4421508789062 0.8599562872023809 1503.394024658203 884.0104248046875 1622.7872497558594 1026.44453125 0.8470982142857143 
862 1633.3098754882812 853.7254211425782 1766.9899291992188 995.7604187011718 0.8433314732142857 1503.7270080566407 882.405551147461 1618.6083190917968 1026.5293243408203 0.8321242559523809 
863 1628.006201171875 857.5124603271485 1762.4857421875 996.1943878173828 0.8527250744047619 1502.2550231933594 886.364126586914 1619.924542236328 1027.1472869873046 0.8558407738095238 
864 1626.5823364257812 857.8651947021484 1758.7802124023438 994.2597442626953 0.8610723586309523 1501.0025939941406 884.5791412353516 1616.4132995605469 1027.2688201904298 0.8582589285714286 
865 1624.4205932617188 857.2580078125 1755.8027954101562 996.981982421875 0.8595842633928571 1499.3748779296875 882.4436309814453 1616.1590576171875 1026.338412475586 0.83447265625 
866 1625.4551574707032 859.1302978515625 1755.5073669433593 995.4754150390625 0.8524925595238095 1499.6787963867187 884.2209655761719 1615.0477661132813 1026.8589904785156 0.85693359375 
867 1626.4634582519532 858.6148834228516 1755.6555603027343 998.2256317138672 0.8372628348214286 1496.47001953125 884.0205047607421 1613.159619140625 1025.7150299072266 0.8546084449404762 
868 1627.4018676757812 860.3237945556641 1756.5903198242188 997.8467987060546 0.8274507068452381 1496.0498291015624 882.0421508789062 1610.6523193359376 1025.8162475585937 0.8521205357142857 
869 1630.64375 861.0724792480469 1757.983447265625 996.7623596191406 0.81787109375 1493.99033203125 882.8310028076172 1608.804833984375 1024.7835601806642 0.8583286830357143 
870 1630.7245544433595 861.6389038085938 1760.077569580078 997.2508666992187 0.8493536086309523 1491.1806701660157 881.5393218994141 1605.9293151855468 1025.4966278076172 0.8583751860119048 
871 1630.2095703125 859.60712890625 1763.92421875 999.5897705078125 0.8499581473214286 1491.4322814941406 881.86611328125 1602.1647644042969 1023.9380859375 0.8643740699404762 
872 1634.2538696289062 860.2227264404297 1766.1807006835938 998.431753540039 0.8338681175595238 1486.863104248047 882.7743621826172 1597.8491760253905 1020.9833892822265 0.8483072916666666 
873 1634.4823303222656 858.6332550048828 1766.5841979980469 1001.2194671630859 0.8530970982142857 1483.4278869628906 881.4567443847657 1596.6581726074219 1021.9460876464843 0.8473074776785714 
874 1638.283868408203 860.4588500976563 1768.1120056152345 1000.7569702148437 0.8101515997023809 1484.6968933105468 883.2512390136719 1591.4909729003907 1021.4554260253906 0.7720424107142857 
875 1640.5802673339845 861.8395355224609 1766.026300048828 995.6486846923829 0.7853190104166666 1485.8634887695312 883.3905609130859 1586.2202514648438 1025.5627471923829 0.7773670014880952 
876 1641.7048095703126 862.1169830322266 1767.1357666015624 998.0003875732422 0.8058733258928571 1480.333270263672 885.2734649658203 1582.7684143066406 1029.5189544677735 0.7260974702380952 
877 1641.8028686523437 861.4354400634766 1767.0621215820313 997.1328582763672 0.7918991815476191 1473.5059448242187 884.3192749023438 1582.0638793945313 1030.4550170898438 0.7627650669642857 
878 1645.1248718261718 861.0283111572265 1768.4577697753907 994.8131805419922 0.7932012648809523 1471.7833374023437 887.3993255615235 1578.3931762695313 1029.5458038330078 0.74560546875 
879 1645.5461853027343 860.0646545410157 1767.2864562988282 996.4978454589843 0.7829706101190477 1465.9226623535155 884.92939453125 1577.168035888672 1029.7584716796875 0.7460007440476191 
880 1646.2154907226563 861.8762237548829 1768.3059936523437 996.5967376708984 0.7937825520833334 1460.7318603515625 890.5367553710937 1576.5073974609375 1029.4672729492188 0.7622535342261905 
881 1644.2875610351562 860.994418334961 1768.5622924804688 997.9072540283203 0.8003627232142857 1457.0653930664062 887.8099182128906 1575.0210327148438 1031.041766357422 0.7743443080357143 
882 1644.4653259277343 861.3439758300781 1766.6619934082032 998.2884704589844 0.8033389136904762 1451.3654052734375 884.6812072753906 1575.6690185546875 1030.0531677246095 0.7947358630952381 
883 1643.555517578125 862.2975646972657 1767.932763671875 997.2152526855468 0.8051525297619048 1450.0978515625 883.7838745117188 1578.6912109375 1029.2420043945312 0.8051990327380952 
884 1641.5488891601562 861.39287109375 1770.0111694335938 1000.3849609375 0.8161504836309523 1450.151348876953 881.4802886962891 1580.7196228027344 1028.8961151123046 0.8146856398809523 
885 1642.6955688476562 861.37001953125 1768.9767944335938 1000.2792724609375 0.8193359375 1449.79306640625 879.5836303710937 1578.178857421875 1029.0163452148438 0.8183128720238095 
886 1642.3707946777345 861.3098327636719 1768.762628173828 1000.3408020019531 0.8264043898809523 1453.2691345214844 879.5394104003906 1575.4480285644531 1029.103045654297 0.8250558035714286 
887 1645.3819458007813 861.8713958740234 1767.9796264648437 999.2653839111329 0.8225911458333334 1455.1441528320313 878.2936553955078 1577.7418334960937 1028.370101928711 0.8107561383928571 
888 1643.120428466797 860.8337280273438 1769.8994689941405 1000.2907836914062 0.8188011532738095 1455.552313232422 877.493783569336 1573.8794494628905 1027.5157989501954 0.8225911458333334 
889 1642.5661987304688 861.8685760498047 1771.1186157226562 1000.9580230712891 0.8247535342261905 1455.492449951172 878.7278900146484 1575.6153381347656 1026.2470245361328 0.8259161086309523 
890 1641.704656982422 861.9551361083984 1772.1494689941405 1002.9196807861329 0.8175455729166666 1454.6960021972657 879.272216796875 1578.8290222167968 1024.4447021484375 0.82861328125 
891 1643.0222961425782 860.8698638916015 1771.6589782714843 1002.1592498779297 0.8181501116071429 1455.3393981933593 878.2268341064453 1579.7583801269532 1023.733920288086 0.8225911458333334 
892 1644.7269287109375 860.1967987060547 1771.4102783203125 1001.6599517822266 0.8197079613095238 1454.701904296875 879.4429229736328 1581.38525390625 1023.017465209961 0.8193591889880952 
893 1641.2693725585937 861.2532928466796 1771.8124145507813 1002.3241607666016 0.8149879092261905 1455.739276123047 878.5834442138672 1579.9659240722656 1023.865347290039 0.8334030877976191 
894 1642.2344909667968 860.2149627685546 1770.2487854003907 1000.8208648681641 0.8074544270833334 1457.0737670898438 880.9587768554687 1580.8908325195312 1023.6632934570313 0.8395414806547619 
895 1643.4842163085937 858.6466339111328 1771.4501098632813 1001.2972747802735 0.8309151785714286 1456.7797119140625 879.6246612548828 1580.5501220703125 1022.2753021240235 0.8315197172619048 
896 1642.3812927246095 860.9594635009765 1771.083673095703 1000.2112518310547 0.8209170386904762 1458.091748046875 879.9483367919922 1580.464404296875 1023.419888305664 0.8455636160714286 
897 1639.9345642089843 861.2245666503907 1769.9896301269532 1001.7678649902343 0.8093145461309523 1458.5675109863282 876.3922790527344 1580.2319274902343 1025.3262268066405 0.8416341145833334 
898 1639.964581298828 860.677587890625 1769.9298278808594 999.0276123046875 0.7879464285714286 1460.0935302734374 875.5929260253906 1583.7699951171876 1024.4240417480469 0.8318917410714286 
899 1641.722637939453 861.4152465820313 1769.4249450683594 999.5849975585937 0.7912481398809523 1460.2339599609375 876.5527160644531 1583.7491943359375 1023.0964538574219 0.8557245163690477 
900 1643.2329223632812 861.123013305664 1770.7582885742188 1001.1917449951172 0.8026181175595238 1462.7195556640625 874.6313262939453 1579.7919189453125 1023.0624603271484 0.82275390625 
901 1641.679913330078 861.8711883544922 1768.0079528808594 998.553921508789 0.81982421875 1461.2683898925782 871.5886993408203 1577.2414978027343 1020.6971282958984 0.8210332961309523 
902 1644.5139587402343 860.3269683837891 1770.3643371582032 1000.6191375732421 0.8049897693452381 1459.5473388671876 873.8959533691407 1579.2082763671874 1020.3774841308593 0.8440057663690477 
903 1646.1369018554688 860.1246765136718 1771.6094360351562 997.9388000488282 0.8094308035714286 1460.617901611328 873.4156341552734 1575.8058044433594 1019.4573516845703 0.8659086681547619 
904 1643.8386352539062 861.7214111328125 1771.3036987304688 1001.521875 0.8006184895833334 1460.2319213867188 870.4984619140625 1575.3615844726562 1016.4666259765625 0.8407738095238095 
905 1645.4273315429687 863.0316009521484 1770.0734008789063 1001.9813995361328 0.8146158854166666 1459.5584716796875 868.6116363525391 1573.9876708984375 1013.6915252685546 0.8475632440476191 
906 1642.0435974121094 863.5361572265625 1770.316876220703 1001.9899658203125 0.7949916294642857 1458.8741577148437 869.0961883544921 1572.8948852539063 1013.6582672119141 0.8681873139880952 
907 1639.9634887695313 862.5955200195312 1772.1112182617187 1004.9083862304688 0.8063383556547619 1459.3355529785156 870.1803314208985 1571.152850341797 1014.5262725830078 0.8379371279761905 
908 1642.5234497070312 864.4445831298829 1773.2353393554688 1003.3259857177734 0.7676711309523809 1459.4953918457031 871.8285552978516 1569.7835388183594 1014.7946746826171 0.8273809523809523 
909 1642.3861999511719 864.3900329589844 1770.9825744628906 1003.1924865722656 0.7727399553571429 1459.4621520996093 871.7698150634766 1567.6463684082032 1014.6546844482422 0.8283807663690477 
910 1641.940203857422 863.8974243164063 1771.2418029785156 1001.4086059570312 0.7778552827380952 1458.0130737304687 872.8963806152344 1566.7906372070313 1014.5124328613281 0.8294038318452381 
911 1638.1898132324218 864.8293701171875 1772.7961486816407 1005.554052734375 0.7980375744047619 1459.2639587402343 874.2423950195313 1567.3567687988282 1014.9670776367187 0.8351236979166666 
912 1637.964404296875 867.3018493652344 1772.874951171875 1004.2565002441406 0.7699265252976191 1457.0615661621093 871.3113677978515 1565.3987609863282 1014.3984100341797 0.8366350446428571 
913 1639.609552001953 865.0670227050781 1771.3261169433595 1005.0158630371094 0.7866675967261905 1456.9954162597655 870.924673461914 1566.073065185547 1014.9895721435547 0.8484235491071429 
914 1637.49736328125 865.6594421386719 1771.954052734375 1002.1846740722656 0.7859235491071429 1455.7820678710937 872.6607849121094 1565.4159301757813 1017.4601867675781 0.8607933407738095 
915 1642.49482421875 864.9554260253906 1771.027880859375 1001.7809020996094 0.78564453125 1454.8780151367187 871.493701171875 1564.7530883789063 1020.7578857421875 0.8397507440476191 
916 1639.09541015625 861.6959625244141 1771.767138671875 1000.5865692138672 0.7998279389880952 1455.1570678710937 870.3068878173829 1565.0257934570313 1017.4894378662109 0.8373093377976191 
917 1641.3841979980468 862.5148742675781 1771.5033752441407 1001.0288269042969 0.7936197916666666 1454.6810424804687 871.2325256347656 1565.9119750976563 1018.1412536621094 0.8289853050595238 
918 1644.344482421875 860.1602416992188 1769.780517578125 1002.3210815429687 0.7957356770833334 1456.0296142578125 874.1511840820312 1568.9220458984375 1020.4932250976562 0.8367047991071429 
919 1644.0496154785155 862.8818634033203 1769.878729248047 1005.488070678711 0.7779017857142857 1457.2419128417969 870.2219024658203 1566.2938537597656 1019.1195892333984 0.8493768601190477 
920 1642.8208557128905 862.9339111328125 1769.614813232422 1008.746875 0.7877371651785714 1456.20634765625 872.443505859375 1566.09443359375 1020.3696044921875 0.8371000744047619 
921 1648.4995666503905 863.4404418945312 1770.894598388672 1006.9380981445313 0.7896670386904762 1453.3006530761718 874.8034271240234 1565.1442932128907 1018.3010040283203 0.8177548363095238 
922 1648.331231689453 863.1322479248047 1769.1710876464845 1009.4120025634766 0.7991768973214286 1451.9869384765625 874.7922119140625 1564.3468017578125 1018.9519287109375 0.806640625 
923 1644.3690551757813 863.2724975585937 1769.3731323242187 1007.3449340820313 0.77734375 1454.0108215332032 872.8067199707032 1562.0652282714843 1018.9978454589843 0.8211960565476191 
924 1649.091290283203 861.5615203857421 1770.4522888183594 1008.4722320556641 0.7831798735119048 1454.029296875 875.1552825927735 1562.615478515625 1017.8076690673828 0.830078125 
925 1650.6558349609375 863.7503356933594 1770.0355712890625 1006.5797424316406 0.7865280877976191 1453.4660400390626 871.7035186767578 1562.1867919921874 1016.6647064208985 0.8047572544642857 
926 1646.8416381835937 862.8499786376954 1770.8910278320313 1010.4260833740234 0.7983165922619048 1452.5413330078125 872.9680358886719 1563.7579833984375 1018.4053771972656 0.8049665178571429 
927 1647.9051452636718 861.4102355957032 1770.5398010253907 1009.8627136230468 0.7986188616071429 1454.1060607910156 871.3401672363282 1563.831805419922 1019.7926452636718 0.8210797991071429 
928 1651.2448791503907 864.5690948486329 1769.1895690917968 1010.3916595458984 0.7948753720238095 1450.4914489746093 870.4251129150391 1564.1473449707032 1022.6810272216796 0.8423549107142857 
929 1648.2840759277344 864.3170135498046 1770.482647705078 1007.9539215087891 0.7954334077380952 1446.4336791992187 874.2115966796875 1560.0570434570313 1017.848583984375 0.8271251860119048 
930 1648.2989868164063 864.4930297851563 1770.5354858398437 1008.1744506835937 0.78466796875 1446.6336242675782 876.04033203125 1558.1475036621093 1019.7217529296875 0.8113374255952381 
931 1650.126446533203 864.9329620361328 1771.9539978027344 1010.2712005615234 0.7772042410714286 1445.8473083496094 878.3323486328125 1556.988262939453 1021.533251953125 0.8125 
932 1645.8255187988282 866.3358032226563 1771.6819274902343 1007.1242797851562 0.7698335193452381 1440.3038696289063 877.3297393798828 1555.4944702148437 1022.384555053711 0.8094540550595238 
933 1644.9439208984375 866.3193817138672 1770.2745849609375 1006.5196685791016 0.7861095610119048 1438.6468627929687 873.7542938232422 1553.3563110351563 1020.3273101806641 0.8650716145833334 
934 1645.2140563964845 867.1140228271485 1770.555352783203 1009.4506134033203 0.7950613839285714 1435.3859741210938 871.2811004638672 1552.2295043945312 1019.9910552978515 0.8414248511904762 
935 1642.4298217773437 865.0735748291015 1772.0340454101563 1007.4258758544922 0.7851329985119048 1434.7033569335938 870.6303771972656 1551.5595825195312 1021.4813171386719 0.8546781994047619 
936 1642.7806518554687 866.1619415283203 1771.9564086914063 1008.0435638427734 0.7654854910714286 1432.238818359375 870.0714111328125 1550.8263671875 1020.423583984375 0.8475864955357143 
937 1639.9629516601562 865.1957305908203 1773.1320190429688 1008.933724975586 0.7819940476190477 1430.5348876953126 867.2282531738281 1546.7934814453124 1021.5351745605469 0.8481212797619048 
938 1643.5189208984375 864.9963195800781 1772.1414794921875 1008.3789245605469 0.7848074776785714 1427.633966064453 865.4017883300781 1543.6051696777345 1019.3272155761719 0.8630022321428571 
939 1642.3139099121095 867.496615600586 1770.245050048828 1005.9138458251953 0.7936197916666666 1423.8792724609375 865.5607055664062 1543.4215087890625 1020.7558227539063 0.8625139508928571 
940 1639.5303833007813 861.5899871826172 1773.7982299804687 1010.5433746337891 0.8090355282738095 1423.8464599609374 865.7051513671875 1539.2328857421876 1020.9523193359375 0.8805106026785714 
941 1639.8774475097657 863.1543121337891 1773.7960144042968 1007.5353240966797 0.7806454613095238 1421.7769470214844 865.166293334961 1534.7707824707031 1020.0096710205078 0.8742559523809523 
942 1638.0252807617187 862.4153594970703 1774.0184204101563 1006.7773284912109 0.7944800967261905 1421.8040405273437 866.0364349365234 1534.7831176757813 1020.8595001220704 0.8769298735119048 
943 1638.7071594238282 864.8760864257813 1774.5934997558593 1007.0340698242187 0.7855747767857143 1422.8970703125 866.8861663818359 1533.6966796875 1019.4970733642579 0.8816731770833334 
944 1637.7762268066406 865.0370178222656 1773.911395263672 1007.4554138183594 0.8042224702380952 1423.4237854003907 865.4398071289063 1532.3319519042968 1018.3300903320312 0.8731863839285714 
945 1636.6636779785156 862.8353424072266 1772.967059326172 1005.4294891357422 0.7676013764880952 1423.659619140625 864.8516815185546 1532.702197265625 1017.9307281494141 0.8514694940476191 
946 1637.0824462890625 862.2568511962891 1769.2952392578125 1002.8641815185547 0.7746233258928571 1423.4269714355469 867.5033782958984 1532.5550842285156 1018.6038604736328 0.8583984375 
947 1630.8652221679688 861.2053497314453 1767.1452758789062 1001.678744506836 0.7911318824404762 1424.590185546875 866.4468658447265 1531.517724609375 1017.4034149169922 0.8600027901785714 
948 1631.1855529785157 858.8664794921875 1761.5970397949218 1001.89853515625 0.7599748883928571 1423.5140808105468 865.7430023193359 1530.7880432128907 1019.2920928955078 0.8603980654761905 
949 1629.91015625 856.2511596679688 1754.0703125 1001.4553833007812 0.7705078125 1423.5162963867188 864.9925415039063 1526.6323852539062 1018.6143920898437 0.8370768229166666 
950 1620.5266479492188 858.4976257324219 1748.8378540039062 997.3261047363281 0.7646949404761905 1424.1765197753907 863.2708404541015 1529.3497253417968 1016.8235809326172 0.8240792410714286 
951 1608.8210815429688 856.6828369140625 1745.7492309570312 997.8242431640625 0.7447916666666666 1424.4945434570313 863.5697967529297 1529.8240600585937 1015.244107055664 0.8193359375 
952 1595.156494140625 854.28193359375 1738.715087890625 995.729296875 0.7865978422619048 1427.6445373535157 861.1837738037109 1531.0911804199218 1013.1868927001954 0.7939685639880952 
953 1587.232489013672 854.7835479736328 1732.3594299316405 995.7038177490234 0.7629743303571429 1426.3310852050781 858.181118774414 1535.7019958496094 1011.7211639404297 0.8073614211309523 
954 1581.4605834960937 856.9066864013672 1727.1910278320313 994.1889556884765 0.7569289434523809 1424.5201232910156 858.2063842773438 1536.458026123047 1012.3849243164062 0.8025948660714286 
955 1577.4149597167968 857.1490234375 1722.7653381347657 996.179833984375 0.7480933779761905 1427.365460205078 860.5519378662109 1539.0113708496094 1012.2218048095704 0.7928524925595238 
956 1573.3638244628905 859.8850891113282 1719.181707763672 997.2497985839843 0.771484375 1423.9695190429688 862.8111785888672 1540.2011352539062 1017.0823150634766 0.7995489211309523 
957 1572.5392456054688 862.8896911621093 1717.4927368164062 995.2384826660157 0.7561151413690477 1423.7881958007813 862.0816802978516 1541.4315307617187 1015.4382781982422 0.8092680431547619 
958 1569.8450927734375 860.6261016845704 1716.4251708984375 996.5844085693359 0.7674153645833334 1424.3272766113282 863.5675048828125 1543.2907653808593 1016.5206298828125 0.82470703125 
959 1574.9478637695313 862.2123718261719 1714.2906616210937 997.3325500488281 0.7525111607142857 1422.8565185546875 861.8875396728515 1543.1979248046875 1013.8977996826172 0.8470749627976191 
960 1572.5256591796874 862.7442962646485 1715.4355224609376 999.3492706298828 0.7634626116071429 1426.7059753417968 862.1784912109375 1544.3964416503907 1017.6979736328125 0.8389601934523809 
961 1578.8807312011718 864.0812927246094 1715.7563537597657 1000.9569152832031 0.7370256696428571 1425.5638427734375 862.1375 1543.4874267578125 1015.859326171875 0.8349376860119048 
962 1582.3052307128905 862.6428863525391 1714.840643310547 1001.4893768310546 0.7420247395833334 1427.033465576172 860.7009796142578 1544.8426330566406 1016.377328491211 0.8326822916666666 
963 1583.3453308105468 864.3486999511719 1718.4912170410157 1001.6061340332031 0.7692754836309523 1424.4839965820313 860.7750885009766 1542.7367065429687 1014.9257781982421 0.8537481398809523 
964 1584.7628601074218 865.2931701660157 1720.5917541503907 1005.3667419433593 0.7848772321428571 1423.7108276367187 860.3138458251954 1540.4388305664063 1015.2437103271484 0.8465401785714286 
965 1589.1056396484375 863.7637481689453 1723.1433837890625 1006.3118743896484 0.7713913690476191 1422.744854736328 859.0175384521484 1537.6344177246094 1014.3312774658203 0.8564220610119048 
966 1591.081103515625 865.4001190185547 1722.75751953125 1007.695767211914 0.7837146577380952 1421.5026000976563 858.7836090087891 1536.1885620117187 1015.9459442138672 0.8614676339285714 
967 1593.733203125 867.8373565673828 1719.04609375 1008.0178070068359 0.7796921502976191 1418.2625671386718 861.2204315185547 1535.0795959472657 1016.268521118164 0.8529808407738095 
968 1592.5857543945312 868.4459350585937 1717.8202514648438 1010.6613647460938 0.7663457961309523 1416.979803466797 860.2003814697266 1535.8464904785155 1017.2741668701171 0.8606770833333334 
969 1590.0477478027344 865.6070495605469 1719.469952392578 1009.8808654785156 0.7567894345238095 1415.2545349121094 861.1188385009766 1531.946514892578 1016.0010955810546 0.8694661458333334 
970 1589.7120727539063 866.7645599365235 1719.0293823242187 1008.8015411376953 0.7639276413690477 1413.4296142578125 862.0354217529297 1530.0271728515625 1016.7921539306641 0.8586077008928571 
971 1589.7170776367188 867.2432250976562 1720.2087036132812 1010.5701293945312 0.7553943452380952 1411.8338134765625 862.7179992675781 1529.4901611328125 1016.7408630371094 0.8483072916666666 
972 1584.1033508300782 864.8439300537109 1724.9973571777343 1010.0074493408204 0.7903645833333334 1411.3521362304687 860.0817810058594 1526.6290649414063 1018.0538391113281 0.8550269717261905 
973 1586.5130310058594 866.2810729980469 1726.1575012207031 1008.0739074707031 0.7940383184523809 1409.106884765625 861.2406799316407 1525.119189453125 1018.0720642089843 0.8529575892857143 
974 1585.4180908203125 868.4929626464843 1727.1961669921875 1010.2711975097657 0.7445824032738095 1408.2779541015625 861.8006439208984 1524.2781982421875 1018.6159210205078 0.8545619419642857 
975 1582.944354248047 868.7445190429687 1728.3118713378906 1007.6988403320313 0.7292364211309523 1407.1547302246095 861.8379119873047 1522.593682861328 1017.8943267822266 0.8495163690476191 
976 1579.2424743652343 864.335482788086 1729.0933410644532 1007.7641876220703 0.7310500372023809 1406.9963439941407 861.2067779541015 1522.5955749511718 1017.4798065185547 0.8459123883928571 
977 1579.4329162597655 865.6049163818359 1727.231268310547 1006.9772979736329 0.7386067708333334 1403.5412170410157 862.4742858886718 1519.2096374511718 1016.6986877441407 0.8412620907738095 
978 1577.8508911132812 866.5254119873047 1727.3810424804688 1007.5109039306641 0.7521391369047619 1402.9334777832032 861.7601654052735 1516.1491638183593 1015.5625274658203 0.8373093377976191 
979 1581.6605041503906 867.0183654785156 1724.397235107422 1007.6248229980469 0.7414202008928571 1401.313720703125 860.3813293457031 1516.35546875 1015.9006530761719 0.8424944196428571 
980 1581.3810302734375 862.6885864257813 1726.4129150390625 1007.7204711914062 0.7317243303571429 1401.321600341797 859.8174835205078 1514.3611389160155 1015.5135101318359 0.82958984375 
981 1586.9537353515625 866.4104827880859 1725.2279052734375 1006.8119903564453 0.7572544642857143 1399.8334411621095 859.7830963134766 1514.707452392578 1015.0757293701172 0.8394484747023809 
982 1587.481103515625 865.3844116210937 1723.49423828125 1005.6479370117188 0.7795293898809523 1398.9100524902344 858.763540649414 1511.545880126953 1013.9035125732422 0.8426804315476191 
983 1587.4176635742188 865.2954467773437 1723.5003051757812 1005.6307006835938 0.7701125372023809 1396.869122314453 860.5521484375 1511.6888610839844 1013.6452392578125 0.8392857142857143 
984 1587.05078125 864.5895965576171 1725.337646484375 1007.1315338134766 0.7640206473214286 1395.0037414550782 859.8437133789063 1509.8882263183593 1015.1505493164062 0.8440755208333334 
985 1586.12109375 862.6661926269531 1726.75341796875 1005.4292663574219 0.7559523809523809 1396.1528686523438 859.5519927978515 1506.9540649414062 1015.0998016357422 0.8344494047619048 
986 1589.9258972167968 865.0408447265625 1724.0561584472657 1005.5582763671875 0.7756928943452381 1394.2169677734375 860.2914398193359 1507.0567138671875 1013.5831329345704 0.8482375372023809 
987 1586.4649230957032 860.5667236328125 1727.1621520996093 1005.5275146484375 0.7584635416666666 1395.0148864746093 859.3368499755859 1503.7354797363282 1014.9565460205079 0.8339378720238095 
988 1587.2632385253905 862.7259490966796 1725.673406982422 1005.3948394775391 0.7395135788690477 1392.260675048828 856.0921173095703 1502.9887145996095 1013.6667327880859 0.8329845610119048 
989 1587.7020202636718 860.9155029296875 1728.1577209472657 1005.6274658203125 0.7249813988095238 1391.4241577148437 855.9226593017578 1502.0863403320313 1015.531381225586 0.8417038690476191 
990 1590.3179626464844 864.4569763183594 1724.0146789550781 1004.5200744628906 0.7443963913690477 1388.7119262695312 854.090951538086 1501.1869995117188 1013.2535919189453 0.8313802083333334 
991 1586.9833374023438 864.4476837158203 1726.5571899414062 1004.021615600586 0.7440941220238095 1390.555108642578 856.2326538085938 1498.4076599121095 1010.6098754882812 0.8222888764880952 
992 1586.2872314453125 867.201040649414 1726.0054931640625 1004.8024383544922 0.7512555803571429 1385.6661376953125 855.2321685791015 1499.9810791015625 1011.8860565185547 0.8221493675595238 
993 1586.6659118652344 865.0103759765625 1727.736065673828 1003.974853515625 0.7584867931547619 1385.7504760742188 854.9685974121094 1499.4487426757812 1010.7773742675781 0.8276134672619048 
994 1586.9485961914063 864.4985748291016 1726.6690795898437 1004.2191375732422 0.7463727678571429 1386.5685241699218 856.2749847412109 1498.7682678222657 1010.8143096923828 0.8120582217261905 
995 1589.7660095214844 866.7886169433593 1727.551251220703 1002.4540588378907 0.7533482142857143 1387.9800231933593 856.6789520263671 1493.9685852050782 1009.3025543212891 0.7986421130952381 
996 1589.1320190429688 865.5251647949219 1726.7412719726562 1001.0173156738281 0.7428385416666666 1387.6036560058594 857.3011871337891 1493.457012939453 1007.6128143310547 0.7810407366071429 
997 1588.8690063476563 864.4077728271484 1726.8724487304687 1002.4111358642579 0.7179827008928571 1388.3966857910157 856.4051971435547 1494.5531433105468 1007.1473541259766 0.7945033482142857 
998 1586.4215087890625 864.7708404541015 1726.2603759765625 1002.4909393310547 0.7635091145833334 1385.627423095703 854.9104187011719 1500.0409118652344 1007.4618957519531 0.8052455357142857 
999 1587.7013427734375 865.7099853515625 1729.7688720703125 1005.657080078125 0.7424665178571429 1386.9964782714844 852.5798126220703 1501.498516845703 1007.3697113037109 0.8252883184523809 
1000 1585.824932861328 863.6844055175782 1730.1231872558594 1005.8606384277343 0.7497674851190477 1386.5985595703125 852.4212982177735 1503.3103759765625 1007.3297393798828 0.8515857514880952 
1001 1588.881658935547 865.1454528808594 1726.5723205566405 1002.8361145019531 0.7690197172619048 1387.3971252441406 851.7837768554688 1506.0229187011719 1006.4209350585937 0.8450055803571429 
1002 1589.245623779297 864.8218658447265 1727.3482482910156 1002.9244110107422 0.7737397693452381 1385.5240295410156 849.5406616210937 1504.504656982422 1006.7651245117188 0.8534458705357143 
1003 1586.2338317871095 864.3048400878906 1728.161553955078 1004.1143493652344 0.7644856770833334 1388.49619140625 850.9430847167969 1507.1224609375 1007.6992492675781 0.8494931175595238 
1004 1585.9747985839845 865.3299957275391 1728.807061767578 1001.8608612060547 0.7540457589285714 1388.7724670410157 851.838491821289 1504.2986999511718 1007.2736297607422 0.8553292410714286 
1005 1587.824462890625 863.633755493164 1729.135986328125 1002.8360321044922 0.7590215773809523 1386.078594970703 850.3299957275391 1504.1895935058594 1006.4052947998047 0.8565848214285714 
1006 1590.8823791503905 867.0776916503906 1727.743719482422 1003.9390319824219 0.7214471726190477 1384.1328979492187 853.7965240478516 1502.0441040039063 1007.5022430419922 0.8362630208333334 
1007 1590.649591064453 864.2267364501953 1727.4633239746095 1003.1452728271485 0.7078915550595238 1384.2147033691406 854.4311553955079 1499.980242919922 1008.0835540771484 0.8491908482142857 
1008 1587.6400329589844 865.1283874511719 1728.910137939453 1002.1814270019531 0.7388160342261905 1381.0873474121095 851.5852691650391 1499.163751220703 1007.6148651123046 0.8484002976190477 
1009 1586.2151428222655 863.7491851806641 1727.646795654297 1003.0698455810547 0.7287946428571429 1381.0500366210938 850.4341857910156 1499.2614868164062 1006.6422302246094 0.8567243303571429 
1010 1587.451220703125 863.0978210449218 1728.61103515625 1000.0439025878907 0.7450474330357143 1379.439031982422 851.1859313964844 1497.4233947753905 1007.0937316894531 0.8541666666666666 
1011 1587.4522033691405 863.7811950683594 1730.734197998047 1000.7418762207031 0.7532319568452381 1379.9039794921875 850.0040435791016 1495.7937744140625 1008.0356903076172 0.8570033482142857 
1012 1587.497003173828 863.8477630615234 1728.6937927246095 1000.8297882080078 0.7553478422619048 1378.2954467773438 850.0685363769531 1492.0959106445312 1008.1247009277344 0.8646065848214286 
1013 1587.224786376953 862.4710540771484 1728.3104919433595 1001.4510040283203 0.7464425223214286 1376.3251403808595 852.67119140625 1492.141778564453 1006.3914306640625 0.8617699032738095 
1014 1586.6305603027345 858.873257446289 1731.979669189453 1002.1158172607422 0.7251209077380952 1374.5212890625 850.9333374023438 1490.379345703125 1006.8149536132812 0.8518415178571429 
1015 1587.1779479980469 864.0114440917969 1730.2660217285156 1000.7867736816406 0.7575799851190477 1372.0603759765625 850.2530395507813 1485.6891357421875 1008.0706909179687 0.8479817708333334 
1016 1585.69443359375 863.8552886962891 1731.003076171875 1002.8461883544921 0.7609979538690477 1372.2674133300782 850.3288391113281 1485.9871032714843 1008.2729675292969 0.8408203125 
1017 1588.4005310058594 865.2111968994141 1729.448468017578 1004.1538543701172 0.7590913318452381 1369.460546875 850.0699493408204 1485.246240234375 1007.9594085693359 0.8312406994047619 
1018 1586.8296813964844 864.6051300048828 1727.9912414550781 1003.6598236083985 0.7279808407738095 1367.7132263183594 849.6947875976563 1483.5920715332031 1005.6046508789062 0.8489815848214286 
1019 1583.2788208007812 865.2585845947266 1728.6252319335938 1004.2856658935547 0.7159365699404762 1364.2059692382813 850.3512603759766 1484.2747436523437 1006.2300994873046 0.8415876116071429 
1020 1587.2833190917968 864.3414733886718 1730.7922424316407 999.4086486816407 0.7257254464285714 1362.9290954589844 850.7861236572265 1481.112774658203 1004.8469940185547 0.8321242559523809 
1021 1589.4346496582032 863.5238677978516 1728.7607849121093 1000.7390106201171 0.7244931175595238 1361.0404174804687 850.4518829345703 1481.3675415039063 1002.4440521240234 0.8312639508928571 
1022 1587.945458984375 863.641567993164 1727.275244140625 1000.8602020263672 0.7204706101190477 1361.4127868652345 850.5692321777344 1479.632012939453 1002.5652893066406 0.81982421875 
1023 1588.1765502929688 865.1186340332031 1727.5136352539062 1000.2334167480469 0.7226097470238095 1360.0078979492187 848.3104827880859 1478.2333129882813 1002.4257843017579 0.8178013392857143 
1024 1586.3273132324218 864.5362854003906 1728.0404846191407 999.9040222167969 0.7169828869047619 1359.3586730957031 849.5677551269531 1479.9205017089844 1001.8564392089844 0.8317754836309523 
1025 1588.670166015625 864.8077392578125 1727.956787109375 1004.0943603515625 0.7113095238095238 1360.5842529296874 850.1160614013672 1478.7668212890626 1004.175503540039 0.8204287574404762 
1026 1588.6228637695312 864.8048797607422 1727.9364624023438 1004.1183990478515 0.7134254092261905 1360.7365600585938 850.1103607177735 1476.8310668945312 1004.1996368408203 0.8220098586309523 
1027 1590.093359375 866.9257507324219 1727.4515625 1000.0575256347656 0.7278180803571429 1356.58447265625 851.7270050048828 1474.923828125 1003.8775482177734 0.7971540178571429 
1028 1583.8928527832031 867.1001159667969 1727.5061950683594 1004.3775451660156 0.7321428571428571 1357.9941284179688 850.5293334960937 1474.1521118164062 1004.7024780273438 0.8180338541666666 
1029 1589.1158142089844 866.9261779785156 1728.4714660644531 1002.0590515136719 0.7350027901785714 1359.7797058105468 851.9836181640625 1473.7980529785157 1004.0080810546875 0.8107793898809523 
1030 1589.247088623047 866.3055450439454 1728.6668518066406 1001.5005462646484 0.7268415178571429 1357.9370361328124 851.3561065673828 1474.1200927734376 1003.450473022461 0.8152436755952381 
1031 1587.4936584472657 866.1931793212891 1728.8897644042968 1001.2580535888671 0.7320731026785714 1360.3832214355468 851.0146179199219 1472.2338439941407 1005.0730285644531 0.8195452008928571 
1032 1587.814990234375 866.8519592285156 1727.321240234375 1002.1308288574219 0.7235165550595238 1360.100927734375 851.4054718017578 1472.12880859375 1007.8216400146484 0.8174990699404762 
1033 1586.1071533203126 866.0728698730469 1727.7341552734374 1001.3584045410156 0.7146112351190477 1360.4959533691406 852.4955352783203 1470.415301513672 1006.805551147461 0.8240559895833334 
1034 1587.732666015625 866.2099975585937 1727.254150390625 1001.5036254882813 0.7405831473214286 1359.9938049316406 850.5179260253906 1472.0339050292969 1009.0650817871094 0.8182663690476191 
1035 1582.4458618164062 867.04345703125 1728.4276733398438 1002.4468994140625 0.7498372395833334 1359.8927795410157 851.582763671875 1474.1393249511718 1008.1429443359375 0.8170805431547619 
1036 1587.9244995117188 866.9799682617188 1727.5173950195312 1002.3427856445312 0.7380952380952381 1360.3132873535155 851.7679565429687 1470.295477294922 1006.1661254882813 0.8228004092261905 
1037 1589.4994995117188 867.733364868164 1727.0776489257812 1001.0783416748047 0.7304920014880952 1357.977520751953 852.2660034179687 1470.1566345214844 1006.7768432617188 0.8076869419642857 
1038 1589.9556884765625 866.8407165527344 1727.4617919921875 1002.2313049316406 0.7330264136904762 1356.6834350585937 851.6254913330079 1470.9193481445313 1006.0554779052734 0.8213355654761905 
1039 1584.1031555175782 867.7765106201172 1727.8764587402343 1000.9781890869141 0.7466052827380952 1358.684832763672 852.3257446289062 1468.6292541503906 1006.6705932617188 0.8174990699404762 
1040 1586.5146362304688 866.7813873291016 1728.3584106445312 1002.2740936279297 0.7430245535714286 1357.3007446289062 853.1832977294922 1467.3884643554688 1007.729605102539 0.8195684523809523 
1041 1586.4114135742188 866.6058715820312 1728.2082153320312 1002.0534301757813 0.7455124627976191 1357.518017578125 853.0122894287109 1465.4529296875 1007.5071807861328 0.8178943452380952 
1042 1582.9576354980468 867.7012390136719 1728.9834045410157 1005.2617736816406 0.75 1357.8142456054688 852.7242156982422 1465.7463012695312 1007.215298461914 0.8195219494047619 
1043 1582.9276184082032 867.7158477783203 1728.9257751464843 1005.250277709961 0.7542085193452381 1355.9552856445312 852.7417022705079 1465.9827026367188 1007.2034271240234 0.8256138392857143 
1044 1583.9568237304688 866.5802429199218 1727.8388305664062 999.8827697753907 0.7532784598214286 1357.2286071777344 854.3730590820312 1463.0242004394531 1008.8347045898438 0.8296130952380952 
1045 1585.7493408203125 867.3361206054688 1727.5743896484375 1000.6940307617188 0.7349330357142857 1357.0544677734374 853.4955352783203 1462.8940185546876 1008.021371459961 0.8322172619047619 
1046 1584.2460388183595 868.0401824951172 1728.192315673828 1001.4021392822266 0.7267020089285714 1355.7883361816407 853.9549041748047 1461.6312194824218 1010.6022857666015 0.8219866071428571 
1047 1585.2122619628906 869.1622985839844 1727.212664794922 1000.5656066894531 0.7369094122023809 1354.604443359375 853.429736328125 1460.574755859375 1008.1465576171875 0.8078962053571429 
1048 1585.319024658203 869.841943359375 1727.2711853027345 1001.2006591796875 0.7406063988095238 1356.908056640625 854.1147521972656 1458.605126953125 1008.7790466308594 0.8133138020833334 
1049 1582.6529235839844 869.0021667480469 1728.7846984863281 1000.3089904785156 0.7320033482142857 1354.3322875976562 853.2811645507812 1460.2248413085938 1007.8843627929688 0.8162434895833334 
1050 1584.413262939453 868.1697631835938 1728.4284118652345 999.4776977539062 0.7438151041666666 1356.3350830078125 854.322134399414 1457.9927978515625 1006.8087860107422 0.8099888392857143 
1051 1583.102392578125 869.1086029052734 1727.10341796875 1002.5213409423828 0.7443498883928571 1354.8020874023437 853.633413696289 1458.5675415039063 1008.2227264404297 0.8299386160714286 
1052 1582.2653015136718 869.142333984375 1728.3678771972657 1000.4229736328125 0.7302594866071429 1354.2342956542968 853.4244964599609 1457.9884826660157 1007.9968292236329 0.8033854166666666 
1053 1584.074639892578 869.6788696289062 1728.0263122558595 1000.9290405273438 0.7264462425595238 1352.8398803710938 853.9647064208984 1454.4528442382812 1008.5011749267578 0.7996419270833334 
1054 1582.3207763671876 869.4281127929687 1728.3943115234374 1000.6827270507813 0.7328171502976191 1351.322509765625 851.840689086914 1452.93896484375 1008.4993377685547 0.8193591889880952 
1055 1584.3930114746095 869.6982360839844 1726.368341064453 1001.0783752441406 0.7314220610119048 1351.2992126464844 852.0938934326172 1450.893780517578 1008.9025054931641 0.8264043898809523 
1056 1583.1410827636719 869.6106170654297 1729.4759826660156 1001.1000152587891 0.74951171875 1348.7115295410156 853.8677520751953 1448.388934326172 1008.6858978271484 0.8186848958333334 
1057 1585.7617126464843 869.7572570800781 1727.5440734863282 998.8427185058594 0.7313523065476191 1348.1011901855468 853.8047424316406 1447.5605529785157 1008.2840026855469 0.8102213541666666 
1058 1584.3420471191407 869.8736450195313 1726.1761413574218 1001.1231811523437 0.7524879092261905 1346.5948181152344 852.2868804931641 1446.0903625488281 1008.9394989013672 0.8194986979166666 
1059 1586.0494873046875 870.3734405517578 1728.4439208984375 1000.016146850586 0.7418852306547619 1346.2187438964843 854.8425170898438 1441.8568176269532 1005.7380493164062 0.8139183407738095 
1060 1584.0332092285157 868.8300689697265 1728.5460144042968 1000.5916229248047 0.7458844866071429 1347.9741516113281 853.5450805664062 1441.4822692871094 1004.4333129882813 0.8061058407738095 
1061 1581.82861328125 868.6876098632813 1730.405029296875 1002.4063842773437 0.7439313616071429 1346.3103881835937 853.4218048095703 1441.8238891601563 1006.243295288086 0.7953171502976191 
1062 1586.130548095703 869.8547058105469 1728.3239196777345 999.3143615722656 0.7484654017857143 1345.2506958007812 854.590542602539 1438.6313842773438 1003.1508514404297 0.791015625 
1063 1585.967431640625 867.9274780273438 1728.30283203125 1001.7652709960937 0.7553245907738095 1350.2398193359375 854.2822814941406 1439.4650146484375 1007.2396911621094 0.8066871279761905 
1064 1586.1284484863281 868.2094116210938 1728.4024353027344 1001.9894409179688 0.7517438616071429 1348.378857421875 854.815054321289 1441.812548828125 1005.5830780029297 0.8074776785714286 
1065 1585.871630859375 869.2217193603516 1728.259716796875 1000.9839080810547 0.7473493303571429 1349.0756896972657 853.6914459228516 1446.8348327636718 1006.7055877685547 0.8212425595238095 
1066 1586.1642944335938 868.9970184326172 1728.6047485351562 1000.8076080322265 0.7468145461309523 1347.155419921875 851.8257110595703 1449.20224609375 1004.896029663086 0.8397739955357143 
1067 1586.172869873047 868.4996307373046 1728.6585510253906 1000.3521148681641 0.7312593005952381 1347.088067626953 851.5682250976563 1449.1674255371095 1002.5605590820312 0.8411458333333334 
1068 1585.0450012207032 868.1339050292969 1727.5513122558593 1002.1324523925781 0.7444196428571429 1345.9254760742188 847.6823486328125 1448.0195922851562 1002.9504638671875 0.84423828125 
1069 1585.2128479003907 868.8141143798828 1727.7731140136718 1000.735629272461 0.7411411830357143 1346.2481811523437 848.1092712402344 1446.2532836914063 1003.4362609863281 0.8418201264880952 
1070 1586.3686645507812 867.1822204589844 1728.7634155273438 1001.0757141113281 0.7346540178571429 1342.2867614746094 846.7466766357422 1446.426251220703 1001.8931549072265 0.8301711309523809 
1071 1584.8563415527344 868.4795288085937 1727.332501220703 1000.3232055664063 0.7333751860119048 1338.5082702636719 847.7869689941406 1446.9603576660156 1003.0222351074219 0.8294038318452381 
1072 1586.6722534179687 867.0283325195312 1726.9500610351563 1000.9299194335938 0.7328404017857143 1335.0550903320313 846.8368560791016 1445.5769897460937 999.8671844482421 0.8354027157738095 
1073 1584.9315673828125 867.1884399414063 1727.3037841796875 1001.0608276367187 0.7284923735119048 1333.6143737792968 846.7561584472656 1444.1123107910157 1001.8781188964844 0.8351934523809523 
1074 1584.8888549804688 866.9540832519531 1727.1731567382812 1000.7437927246094 0.7305152529761905 1333.7267578125 844.6557739257812 1444.156298828125 1001.8056518554688 0.8275669642857143 
1075 1585.1239440917968 868.4480194091797 1727.4814025878907 1000.1818023681641 0.7283063616071429 1332.1984741210938 846.1382659912109 1442.6848266601562 1001.2441192626953 0.8239629836309523 
1076 1586.9508117675782 867.8230255126953 1727.0742126464843 999.454135131836 0.7215866815476191 1332.5892395019532 847.4087829589844 1440.8664489746093 1000.2706604003906 0.8338216145833334 
1077 1583.427099609375 867.4860260009766 1729.78310546875 1003.2364471435546 0.7369094122023809 1333.30048828125 847.3355255126953 1441.476611328125 1002.1758880615234 0.8244512648809523 
1078 1585.3286865234375 868.1859405517578 1727.2616455078125 1001.6451751708985 0.7304222470238095 1333.646502685547 849.9351440429688 1439.5665100097656 1000.3415893554687 0.8245907738095238 
1079 1584.8363830566407 869.244873046875 1728.9137390136718 1000.609619140625 0.7243768601190477 1334.0861938476562 846.9976654052734 1433.6691772460938 1001.6690216064453 0.81689453125 
1080 1585.5768615722657 867.6995422363282 1727.5975769042968 1001.2413757324218 0.7362816220238095 1334.9617004394531 845.6871307373046 1430.3487243652344 1000.4260894775391 0.8022228422619048 
1081 1586.2231018066407 868.4674468994141 1728.7897155761718 1000.3946746826172 0.7265159970238095 1335.3813049316407 842.8513000488281 1424.7513854980468 998.1849548339844 0.8002464657738095 
1082 1579.3179138183593 867.6915924072266 1728.9942199707032 1004.5385711669921 0.7438151041666666 1335.3123840332032 841.0459075927735 1418.7036071777343 994.9987091064453 0.7911551339285714 
1083 1582.3237609863281 867.5092498779297 1728.0318298339844 1002.5035064697265 0.7464657738095238 1328.8179504394532 837.5104949951171 1414.5286071777343 989.6469146728516 0.7782738095238095 
1084 1581.453564453125 867.7152313232422 1729.0359375 1004.6033111572266 0.7573474702380952 1331.2873046875 836.6193023681641 1408.2869140625 986.3405975341797 0.7478841145833334 
1085 1584.2579528808594 865.5648834228516 1730.187237548828 1002.9101531982421 0.7481166294642857 1325.8275268554687 830.3205688476562 1422.3985473632813 986.9800903320313 0.7722051711309523 
1086 1590.3410522460938 863.3684051513671 1730.2138793945312 1001.0892974853516 0.7353283110119048 1319.0375183105468 828.4415924072266 1428.7838928222657 996.2889373779296 0.7843424479166666 
1087 1589.4710510253906 863.7390106201171 1729.424334716797 1001.5392486572266 0.7473958333333334 1319.7502502441407 823.0780029296875 1414.4879089355468 997.4814453125 0.7803199404761905 
1088 1592.4011779785155 858.4822631835938 1732.937811279297 1001.1810668945312 0.7462797619047619 1319.6436889648437 814.3255096435547 1416.9383422851563 993.7800201416015 0.7895972842261905 
1089 1596.8512145996094 854.6802459716797 1734.030255126953 994.0366119384765 0.7339332217261905 1322.493212890625 807.111459350586 1398.70380859375 981.3069366455078 0.8061290922619048 
1090 1604.0108154296875 851.1800506591796 1736.9078857421875 988.4343902587891 0.7163783482142857 1326.6533447265624 803.0824401855468 1394.1911376953126 979.5522033691407 0.8042224702380952 
1091 1603.4073852539063 843.7068542480469 1739.1993041992187 986.0693908691406 0.6854073660714286 1328.2012512207032 803.3568084716796 1396.0972106933593 974.1918365478516 0.7975492931547619 
1092 1606.3590209960937 842.0067932128907 1742.7393676757813 982.7865417480468 0.662109375 1329.283624267578 799.7898590087891 1388.6749938964845 969.1654022216796 0.8161504836309523 
1093 1607.7287963867188 839.6684814453125 1744.2062622070312 982.7497314453125 0.6703404017857143 1328.0007690429688 793.780892944336 1394.0382934570312 967.6796173095703 0.8294038318452381 
1094 1614.3750549316405 835.4936309814453 1747.567449951172 977.4200042724609 0.6942429315476191 1326.071466064453 793.0837371826171 1395.9428161621095 967.7622711181641 0.8351469494047619 
1095 1614.6045166015624 832.1755981445312 1749.1037353515626 975.4945678710938 0.7025902157738095 1325.1680053710938 793.7593933105469 1395.7250610351562 961.3322814941406 0.8314732142857143 
1096 0.0 0.0 0.0 0.0 0.19895426432291666 0.0 0.0 0.0 0.0 0.19895426432291666 
1097 0.0 0.0 0.0 0.0 0.19895426432291666 0.0 0.0 0.0 0.0 0.19895426432291666 
1098 0.0 0.0 0.0 0.0 0.19895426432291666 0.0 0.0 0.0 0.0 0.19895426432291666 
1099 0.0 0.0 0.0 0.0 0.19895426432291666 0.0 0.0 0.0 0.0 0.19895426432291666 
1100 0.0 0.0 0.0 0.0 0.19895426432291666 0.0 0.0 0.0 0.0 0.19895426432291666 
1101 1582.6360656738282 830.8010528564453 1735.8857849121093 968.941683959961 0.7183547247023809 1326.4449890136718 792.1980926513672 1397.6737854003907 962.7154205322265 0.8472144717261905 
1102 1573.6312744140625 827.0802276611328 1731.6853759765625 969.9784271240235 0.7187732514880952 1326.890203857422 790.273080444336 1400.5044494628905 963.4830841064453 0.8333565848214286 
1103 0.0 0.0 0.0 0.0 0.19895426432291666 0.0 0.0 0.0 0.0 0.19895426432291666 
1104 0.0 0.0 0.0 0.0 0.19889904203869047 0.0 0.0 0.0 0.0 0.19889904203869047 
1105 0.0 0.0 0.0 0.0 0.19889904203869047 0.0 0.0 0.0 0.0 0.19889904203869047 
1106 0.0 0.0 0.0 0.0 0.19889904203869047 0.0 0.0 0.0 0.0 0.19889904203869047 
1107 0.0 0.0 0.0 0.0 0.19889904203869047 0.0 0.0 0.0 0.0 0.19889904203869047 
1108 0.0 0.0 0.0 0.0 0.19889904203869047 0.0 0.0 0.0 0.0 0.19889904203869047 
1109 0.0 0.0 0.0 0.0 0.19889904203869047 0.0 0.0 0.0 0.0 0.19889904203869047 
1110 1527.7148193359376 842.2696929931641 1678.3205810546874 980.4969696044922 0.8014555431547619 1328.864324951172 791.0890899658203 1401.0725646972655 960.2627777099609 0.8358444940476191 
1111 1515.9273254394532 847.6982208251953 1670.8972595214843 986.1381439208984 0.8154064360119048 1328.373846435547 789.3659881591797 1400.6931701660155 964.9985748291016 0.8206147693452381 
1112 0.0 0.0 0.0 0.0 0.19913736979166666 0.0 0.0 0.0 0.0 0.19913736979166666 
1113 1498.3249389648438 854.0903991699219 1656.1648071289062 989.0848937988281 0.8003859747023809 1327.6247253417969 792.5040832519531 1400.3141174316406 962.8048767089844 0.8197312127976191 
1114 1490.5690612792969 856.4388610839844 1652.5541076660156 991.4263732910156 0.76513671875 1329.7021850585938 791.6608001708985 1404.4645629882812 961.9527862548828 0.8111281622023809 
1115 1488.2033569335938 859.5518249511719 1646.1067016601562 992.5230041503906 0.7775297619047619 1327.2635620117187 792.6666595458985 1397.9044067382813 965.1136749267578 0.8026413690476191 
1116 1483.1706787109374 864.6103668212891 1643.4001220703126 995.7073211669922 0.7720889136904762 1327.903253173828 794.6600128173828 1404.8966735839845 963.2132171630859 0.8065941220238095 
1117 1476.9001586914062 867.1406280517579 1641.0292846679688 1000.1060150146484 0.7855282738095238 1329.471533203125 794.58505859375 1400.109521484375 960.7917724609375 0.8190336681547619 
1118 1480.7270263671876 867.3123809814454 1640.9050537109374 998.3671234130859 0.7788783482142857 1328.9499755859374 796.2643646240234 1403.8383544921876 960.6028839111328 0.8120582217261905 
1119 1480.0060302734375 869.8796356201171 1641.1704833984375 999.6485015869141 0.7911783854166666 1329.6287231445312 796.7840454101563 1398.6991577148438 960.0416381835937 0.8061058407738095 
1120 1482.7249389648437 869.9159881591797 1642.0101684570313 999.859097290039 0.8002697172619048 1330.533544921875 800.9138641357422 1397.6009765625 956.0073394775391 0.8146856398809523 
1121 1483.2784545898437 871.5289245605469 1640.2728149414063 1001.3110412597656 0.7978283110119048 1328.699151611328 800.7606842041016 1401.9633239746095 957.7551239013671 0.8136625744047619 
1122 1481.3925537109376 869.4468627929688 1642.5132080078124 1003.3652709960937 0.7997581845238095 1327.354052734375 800.3146728515625 1400.590771484375 961.4353271484375 0.8177780877976191 
1123 1484.6459106445313 870.9840545654297 1641.6231323242187 1000.7519683837891 0.7884579613095238 1329.1980346679688 799.7405334472656 1396.1750122070312 960.9038757324219 0.8236607142857143 
1124 1483.295098876953 869.4789611816407 1642.9286560058595 1001.8068054199218 0.7999674479166666 1331.0129943847655 801.6993347167969 1396.126776123047 961.3328918457031 0.8220098586309523 
1125 1483.8198791503905 869.2907409667969 1643.485174560547 1001.6449279785156 0.8003394717261905 1331.5074829101563 801.4976043701172 1396.6341186523437 961.1629791259766 0.82861328125 
1126 1484.172216796875 870.468374633789 1642.76650390625 1001.9347625732422 0.7956426711309523 1329.4302673339844 801.5248168945312 1396.2068176269531 960.1191040039063 0.8261951264880952 
1127 1485.1590759277344 868.5097259521484 1643.859844970703 1002.1525665283203 0.8071754092261905 1329.18896484375 801.1261352539062 1391.833984375 961.9151245117188 0.82763671875 
1128 1485.1556396484375 869.202279663086 1644.6563720703125 1003.5186065673828 0.8138718377976191 1324.6056823730469 801.963427734375 1406.4547424316406 959.3653076171875 0.8058268229166666 
1129 1488.3800842285157 869.7984161376953 1645.2098815917968 1003.6264495849609 0.8045247395833334 1323.9904724121093 802.3214263916016 1413.9061340332032 963.3332977294922 0.7991071428571429 
1130 1487.208184814453 869.9712554931641 1646.9813903808595 1004.5172088623046 0.8094308035714286 1321.4514953613282 803.5068420410156 1418.1562927246093 967.4847351074219 0.7850864955357143 
1131 1486.8889099121093 870.3782775878906 1648.5076965332032 1004.7107116699219 0.8091052827380952 1324.866522216797 808.8630340576171 1421.4180236816405 972.5807525634766 0.8068963913690477 
1132 1485.5186584472656 869.748828125 1646.761981201172 1003.7691162109375 0.80126953125 1333.1350708007812 813.4506225585938 1418.9918823242188 974.6937866210938 0.8173363095238095 
1133 1484.083807373047 869.347866821289 1645.4004455566405 1003.4291717529297 0.7971772693452381 1334.6122192382813 821.0818634033203 1422.6031127929687 982.3984222412109 0.8250790550595238 
1134 1485.0682067871094 869.1886627197266 1644.2475891113281 1001.1400115966796 0.7884812127976191 1341.5974914550782 824.5604888916016 1431.6594665527343 994.2121551513671 0.8272414434523809 
1135 1485.9039123535156 869.7421234130859 1642.668963623047 1001.4248077392579 0.7705310639880952 1345.4584045410156 828.6615783691407 1437.4272155761719 995.8777282714843 0.8308686755952381 
1136 1487.5227111816407 869.3069305419922 1641.9505554199218 1000.7791900634766 0.7748790922619048 1347.0609313964844 829.6565063476562 1438.882794189453 998.6923706054688 0.8305896577380952 
1137 1487.0734802246093 871.42734375 1641.8653625488282 999.026025390625 0.7618582589285714 1347.6482238769531 831.4421691894531 1441.7784118652344 998.7846374511719 0.8280552455357143 
1138 1487.1087524414063 870.4177185058594 1642.2921264648437 1000.4362854003906 0.7596028645833334 1347.0887451171875 832.1864685058594 1443.5540771484375 999.9523254394531 0.8266369047619048 
1139 1488.620263671875 871.6678344726563 1641.51181640625 1001.5208862304687 0.7598586309523809 1346.9257934570312 833.2435516357422 1443.2682983398438 1002.8902984619141 0.8360770089285714 
1140 1488.9126770019532 870.6907958984375 1639.5662048339843 1002.5125732421875 0.7585332961309523 1348.7212707519532 834.395541381836 1444.9722106933593 1001.7882354736328 0.8359142485119048 
1141 1487.3106567382813 871.0610046386719 1640.0184448242187 1004.9418029785156 0.7527901785714286 1347.1541931152344 833.1657012939453 1445.472882080078 1002.608529663086 0.8305199032738095 
1142 1490.3367736816406 870.6620574951172 1641.208026123047 1006.8652252197265 0.7734840029761905 1349.9426391601562 835.0396270751953 1446.3327514648438 1000.5789642333984 0.8373790922619048 
1143 1491.8401428222655 872.2348876953125 1640.381170654297 1006.1310791015625 0.7512788318452381 1347.7245971679688 834.3351318359375 1448.1467407226562 1003.79755859375 0.8286830357142857 
1144 1494.8773803710938 873.2326568603515 1639.4595336914062 1003.1470428466797 0.7341192336309523 1347.3133422851563 837.1274261474609 1443.7015502929687 1000.5680694580078 0.8438197544642857 
1145 1497.7565124511718 875.8720703125 1640.2155334472657 1003.666259765625 0.7487909226190477 1346.2728454589844 836.3090576171875 1446.832257080078 999.7180419921875 0.8397274925595238 
1146 1495.799542236328 875.5900238037109 1644.3856384277344 1005.3414337158204 0.7632533482142857 1348.9036071777343 836.3105163574219 1445.1707336425782 999.5460510253906 0.8380068824404762 
1147 1493.5166015625 875.8880645751954 1644.31787109375 1005.7446868896484 0.7788318452380952 1346.2599060058594 834.4821807861329 1446.793927001953 1002.0391204833984 0.8441452752976191 
1148 1492.1070190429687 874.5045501708985 1645.0223754882813 1006.4725616455078 0.7735537574404762 1347.1678283691406 835.1880737304688 1443.525408935547 1000.6717895507812 0.8366117931547619 
1149 1493.6232177734375 875.897006225586 1646.4881103515625 1005.7274444580078 0.7803664434523809 1348.7317932128906 834.4994476318359 1445.057635498047 1002.0225860595704 0.8420991443452381 
1150 1495.471630859375 875.3840270996094 1644.6091796875 1005.6168273925781 0.7527204241071429 1346.4148803710937 833.8581848144531 1443.0392211914063 1001.9004821777344 0.8424014136904762 
1151 1493.3726989746094 874.734765625 1646.040020751953 1006.488623046875 0.7828543526785714 1348.9099487304688 835.4820556640625 1443.0199829101562 1000.697265625 0.8336821056547619 
1152 1493.643243408203 874.4409454345703 1646.1452087402345 1008.141390991211 0.7659505208333334 1347.7296875 833.3827056884766 1441.737841796875 1002.5973358154297 0.8347749255952381 
1153 1493.3543090820312 874.9887481689453 1647.5372924804688 1006.2526458740234 0.7664155505952381 1348.0664306640624 833.7984466552734 1441.8263916015626 1002.5663604736328 0.8330543154761905 
1154 1495.7380004882812 875.5188446044922 1646.5300659179688 1005.3676910400391 0.7596028645833334 1344.3819152832032 835.9680999755859 1438.6269958496093 1001.4206329345703 0.8389601934523809 
1155 1494.2557189941406 876.8337615966797 1647.272479248047 1004.6970611572266 0.7752046130952381 1343.0126647949219 835.1532836914063 1437.3380432128906 1002.8428100585937 0.8343796502976191 
1156 1496.4117919921875 876.1377258300781 1647.3343017578125 1004.0025329589844 0.7570684523809523 1341.4582763671874 834.4566955566406 1437.8810791015626 1002.1482849121094 0.8352632068452381 
1157 1495.9997802734374 875.743994140625 1646.9838623046876 1005.757958984375 0.7736002604166666 1340.983172607422 834.2879150390625 1437.4451721191406 1002.047900390625 0.8351934523809523 
1158 1495.755926513672 876.2338348388672 1648.8333068847655 1006.2448638916015 0.7684151785714286 1344.4528015136718 834.7787109375 1438.8156311035157 1002.5348876953125 0.8367513020833334 
1159 1497.4908142089844 876.9940063476563 1648.2912902832031 1004.7555053710937 0.7702985491071429 1341.051513671875 835.5883239746094 1437.396240234375 1001.0499816894531 0.8375186011904762 
1160 1494.8030517578125 876.1623687744141 1647.5714599609375 1008.0035858154297 0.77734375 1343.8054809570312 837.1252075195313 1437.9777221679688 1000.3570922851562 0.8255440848214286 
1161 1500.9449096679687 876.0847229003906 1647.5253051757813 1003.8190856933594 0.7620210193452381 1341.075634765625 838.3926391601562 1435.30595703125 999.6310424804688 0.8334030877976191 
1162 1498.899676513672 877.0446044921875 1649.3516662597656 1004.5109375 0.7646949404761905 1341.6966186523437 835.7346160888671 1433.6395629882813 1000.8139068603516 0.8422386532738095 
1163 1498.2795349121093 875.7415130615234 1648.9517883300782 1007.5797149658204 0.7674851190476191 1344.307196044922 834.6124145507813 1434.2920471191405 1002.0261352539062 0.8470517113095238 
1164 1502.6822265625 875.847705078125 1648.790673828125 1005.2580078125 0.7399088541666666 1339.8755432128905 832.7376525878906 1435.889715576172 1001.8060485839844 0.8560732886904762 
1165 1501.79794921875 876.7896301269532 1649.874169921875 1008.1811950683593 0.7878301711309523 1341.449041748047 832.1101043701171 1433.2144104003905 1003.1276275634766 0.8590262276785714 
1166 1502.611865234375 875.7535614013672 1653.493115234375 1007.7745758056641 0.7901088169642857 1340.3662902832032 834.8093170166015 1430.4758728027343 1000.3594451904297 0.8528645833333334 
1167 0.0 0.0 0.0 0.0 0.19895426432291666 0.0 0.0 0.0 0.0 0.19895426432291666 
1168 1517.218731689453 872.8468597412109 1660.1300231933594 1005.2500030517579 0.7595331101190477 1337.8520812988281 837.8465118408203 1424.0191345214844 993.3676605224609 0.8297758556547619 
1169 1519.7521911621093 873.8897705078125 1664.4100402832032 1005.9686279296875 0.7822033110119048 1338.5671020507812 841.3134857177735 1418.2336791992188 990.1643585205078 0.8101283482142857 
1170 1530.6417846679688 876.718960571289 1663.4141235351562 1005.2762176513672 0.7628115699404762 1334.0771850585938 841.3778564453125 1414.1620727539062 995.225048828125 0.8093843005952381 
1171 1535.0853210449218 879.779183959961 1663.8010314941407 1006.3846954345703 0.7559988839285714 1331.2992126464844 841.6351684570312 1411.482647705078 989.3416381835938 0.8059198288690477 
1172 1542.0118469238282 879.6006652832032 1664.7521911621093 1008.6896179199218 0.7993861607142857 1328.7627258300781 841.3460754394531 1409.1788024902344 991.5971618652344 0.8092447916666666 
1173 1549.4120361328125 876.1375579833984 1663.6958740234375 1011.5850372314453 0.7698567708333334 1328.6586547851562 839.9964874267578 1409.0806030273438 992.3749114990235 0.8249627976190477 
1174 1548.2897399902345 877.2969573974609 1662.221124267578 1016.5463653564453 0.7612769717261905 1327.7305480957032 841.7543365478516 1412.1240661621093 993.6627166748046 0.8190569196428571 
1175 1541.61845703125 882.8974151611328 1657.622509765625 1017.8838958740234 0.8141741071428571 1327.13271484375 841.7687194824218 1417.8267578125 995.7376281738282 0.8078962053571429 
1176 1538.629833984375 883.9190856933594 1655.0896484375 1015.2011535644531 0.7931315104166666 1327.943341064453 842.3844421386718 1421.1112243652344 994.8410217285157 0.8060128348214286 
1177 1531.6445434570312 882.3388641357421 1649.8261596679688 1021.6244537353516 0.7697870163690477 1328.64140625 843.2966705322266 1419.388134765625 997.3550018310547 0.8134533110119048 
1178 1517.5589111328125 883.100717163086 1648.9357177734375 1025.072317504883 0.7691127232142857 1327.5027282714843 842.5140930175781 1424.9759094238282 997.1996520996094 0.8187313988095238 
1179 1502.3515991210938 887.3189727783204 1647.9189086914062 1022.3378265380859 0.7766694568452381 1326.4375366210938 840.8250885009766 1421.3727661132812 999.0503387451172 0.8114769345238095 
1180 1491.4209228515624 892.7344268798828 1645.7851318359376 1021.7236419677735 0.7835751488095238 1328.1917602539063 838.4060913085938 1417.0040405273437 1001.2285522460937 0.8158947172619048 
1181 1484.4708740234375 891.156283569336 1647.3047607421875 1028.6134307861328 0.8158017113095238 1328.2252502441406 836.4173950195312 1421.2731628417969 997.1365600585938 0.8180803571428571 
1182 1488.5594299316406 893.0038208007812 1648.917254638672 1028.0419555664062 0.8065941220238095 1329.4189880371093 834.4115661621094 1420.1477844238282 998.9893127441406 0.8179408482142857 
1183 1495.2025756835938 896.1273742675781 1651.1152954101562 1026.756903076172 0.7994559151785714 1327.4586853027345 837.8626647949219 1420.163507080078 995.8823303222656 0.8228701636904762 
1184 1500.3980529785156 892.7356323242187 1656.093524169922 1025.2870727539062 0.7931780133928571 1328.5180908203124 834.3093383789062 1416.8857177734376 996.3167602539063 0.8120582217261905 
1185 1507.5979370117188 891.7129028320312 1658.5067993164062 1025.8541137695313 0.8003394717261905 1329.1996948242188 835.6057922363282 1419.3259399414062 994.8984802246093 0.8124302455357143 
1186 1519.7227783203125 889.5497436523438 1662.5101318359375 1021.8380737304688 0.8313569568452381 1328.9626403808593 834.7122833251954 1417.1549133300782 994.2981536865234 0.8256603422619048 
1187 1525.6973876953125 887.0940460205078 1666.4915771484375 1017.3813568115235 0.8267996651785714 1327.3567993164063 837.0643768310547 1421.9200561523437 994.6699371337891 0.83154296875 
1188 1533.7949951171875 879.9991973876953 1674.4774658203125 1014.3823333740235 0.8277762276785714 1329.3937561035157 837.1968414306641 1421.7821472167968 992.5773895263671 0.83056640625 
1189 1539.9377807617188 873.6571502685547 1676.5295043945312 1010.2487945556641 0.8186151413690477 1330.2817810058593 835.670132446289 1420.6424133300782 993.2758514404297 0.8286597842261905 
1190 1545.0798034667969 867.57578125 1682.4422912597656 1002.8249755859375 0.8222888764880952 1331.7210754394532 837.7461639404297 1416.2517028808593 992.014761352539 0.8338681175595238 
1191 1552.0425354003905 859.4835784912109 1688.945135498047 1002.7047149658204 0.8154529389880952 1331.9454528808594 834.8573333740235 1424.617901611328 994.9280059814453 0.8296828497023809 
1192 1562.3088317871093 848.1988922119141 1696.0899719238282 992.5976776123047 0.7855980282738095 1331.0911376953125 835.2945098876953 1416.0316650390625 992.4343109130859 0.8074311755952381 
1193 1566.4396118164063 840.4206512451171 1702.2378784179687 986.9965240478516 0.7645786830357143 1328.4195678710937 837.7677124023437 1414.6407348632813 992.9656860351563 0.8129417782738095 
1194 1567.4230590820312 839.2359191894532 1701.7080444335938 977.9971130371093 0.7966192336309523 1330.4445068359375 837.1699951171875 1399.8250244140625 993.8358642578125 0.7880161830357143 
1195 1563.0824645996095 834.0970794677735 1704.784844970703 973.5140655517578 0.7888764880952381 1330.1347534179688 836.2947448730469 1403.2714965820312 987.1393371582031 0.8080124627976191 
1196 1557.3045654296875 830.389535522461 1701.5677490234375 965.4929718017578 0.8171968005952381 1334.48076171875 825.9858764648437 1410.0470703125 983.9882446289063 0.7961774553571429 
1197 1556.5021423339845 817.4287933349609 1697.455499267578 963.9097686767578 0.7876674107142857 1340.6074462890624 822.5311889648438 1417.9936279296876 980.0673217773438 0.7656017485119048 
1198 1552.6808166503906 819.3329071044922 1691.7238464355469 951.4237457275391 0.8411225818452381 1347.3249450683593 810.508984375 1412.2117980957032 972.72587890625 0.8309849330357143 
1199 1543.9173583984375 816.231494140625 1682.9849853515625 948.3458984375 0.8064778645833334 1354.5711853027344 802.5921752929687 1419.469464111328 960.2022583007813 0.8350306919642857 
