0 1663.9083068847656 469.4574920654297 1893.661883544922 574.4876373291015 0.6734793526785714 1872.7063415527343 749.7062042236328 1977.7364074707032 920.380160522461 0.7967819940476191 
1 1680.2259643554687 462.43626098632814 1896.5486938476563 577.1528503417969 0.6791527157738095 1887.5982360839844 757.1696624755859 1989.2043762207031 917.7729034423828 0.7941080729166666 
2 1691.1846740722656 454.08013916015625 1910.055194091797 581.4823608398438 0.6744326636904762 1898.2447448730468 758.6392700195313 1999.5131896972657 925.2420776367187 0.7968284970238095 
3 1713.0100463867188 458.0306167602539 1906.9052368164062 586.1987228393555 0.6957542782738095 1907.0316589355468 753.5502807617188 2018.7680236816407 927.7274291992187 0.8180338541666666 
4 1714.738104248047 455.59639739990234 1908.9736877441405 583.9894485473633 0.6589936755952381 1918.8501220703124 753.7873046875 2034.0746826171876 931.5623046875 0.8218703497023809 
5 1709.511083984375 449.83717193603513 1913.487939453125 591.3048873901367 0.7047526041666666 1929.0518676757813 763.1414459228515 2050.779919433594 930.9288055419922 0.8282877604166666 
6 1708.40771484375 455.3785110473633 1925.748291015625 600.2722152709961 0.6781761532738095 1941.9600769042968 767.2039093017578 2067.0957092285157 931.855844116211 0.8172665550595238 
7 1713.2266723632813 455.14551696777346 1923.9710815429687 600.0322784423828 0.7002883184523809 1953.2271057128905 768.3491027832031 2081.649237060547 942.8717224121094 0.8190801711309523 
8 1728.0615173339843 463.7618469238281 1935.9642395019532 589.1634460449219 0.6589006696428571 1968.203143310547 768.1273559570312 2096.904888916016 939.7295776367188 0.8282180059523809 
9 1720.720721435547 464.7313934326172 1933.3543518066406 597.6274322509765 0.6987072172619048 1975.6511291503907 775.248080444336 2105.224725341797 941.3680694580078 0.8160109747023809 
10 1724.3559265136719 460.5207046508789 1938.4203186035156 594.3109298706055 0.6716889880952381 1979.8438903808594 778.6584838867187 2120.3237121582033 942.5514770507813 0.8059663318452381 
11 1739.0769775390625 466.5115219116211 1941.3094970703125 584.480451965332 0.6689220610119048 1986.8117126464845 779.971923828125 2131.745050048828 945.12841796875 0.8206147693452381 
12 1742.122540283203 453.89060668945314 1945.5206481933594 589.4893981933594 0.6960100446428571 1994.6752563476562 779.3276306152344 2133.663854980469 942.0461486816406 0.8215680803571429 
13 1743.128173828125 459.72533416748047 1957.006103515625 581.9413223266602 0.6485770089285714 1999.8339904785157 775.4498718261718 2139.024285888672 945.1942932128907 0.81982421875 
14 1748.1019165039063 463.580859375 1971.8621948242187 589.0222900390625 0.6656668526785714 2002.6358337402344 774.0548461914062 2145.028839111328 943.5702758789063 0.8212658110119048 
15 1759.7384521484375 464.5672119140625 1984.3413818359375 587.0779296875 0.6085611979166666 2001.7494079589844 775.817739868164 2148.0817687988283 945.9715057373047 0.826171875 
16 1773.3631713867187 471.80811004638673 2000.7593872070313 577.0212661743165 0.5558500744047619 2002.4564514160156 766.0395294189453 2145.003387451172 945.9201263427734 0.8384719122023809 
17 1782.0179931640625 469.35485687255857 2008.4839599609375 594.418244934082 0.5990513392857143 1998.9938354492188 767.3228515625 2147.7178344726562 946.46767578125 0.8365885416666666 
18 1791.5819946289062 468.3310150146484 2020.4502319335938 602.9593292236328 0.5992373511904762 1997.6669555664062 771.7626556396484 2145.758093261719 946.7795196533203 0.8290318080357143 
19 1802.9072998046875 473.983415222168 2027.5153076171875 601.3730606079101 0.6844540550595238 1994.1206481933593 772.4722412109375 2148.329180908203 950.147265625 0.8121977306547619 
20 1806.4719543457031 472.072819519043 2029.6849060058594 598.6712295532227 0.6663178943452381 1996.8820434570312 770.8860687255859 2146.801306152344 950.7890411376953 0.8218470982142857 
21 1812.3711486816405 474.30680694580076 2024.655340576172 600.3505111694336 0.6759672619047619 1998.630126953125 775.1277770996094 2144.575439453125 947.6086730957031 0.8201497395833334 
22 1807.6132690429688 483.8142883300781 2032.3955200195312 606.1223571777343 0.6868257068452381 1996.9237121582032 771.911962890625 2145.6767517089843 953.7212158203125 0.8216145833333334 
23 1806.7635314941406 489.15101013183596 2034.295428466797 614.4584259033203 0.6999395461309523 1998.529638671875 774.7708343505859 2146.920068359375 952.8393341064453 0.8121977306547619 
24 1808.110369873047 493.96922760009767 2041.9578674316406 622.4207565307618 0.6728283110119048 2000.0274780273437 774.9410217285156 2151.534289550781 949.5033142089844 0.8244280133928571 
25 1811.988348388672 494.5465713500977 2042.0342346191405 622.7149948120117 0.6618303571428571 2000.9545959472657 774.5199798583984 2148.841180419922 951.9838653564453 0.8161039806547619 
26 1817.10595703125 499.944482421875 2039.835693359375 630.96201171875 0.6446242559523809 2002.1682373046874 777.6007995605469 2149.5627197265626 947.9234924316406 0.8110816592261905 
27 1811.6695983886718 497.04895935058596 2044.3319885253907 624.8494171142578 0.6307431175595238 2003.3703369140626 776.9747528076172 2147.5554443359374 947.3752838134766 0.8162434895833334 
28 1812.1273803710938 497.89076843261716 2044.3325805664062 631.9811187744141 0.6806640625 2000.180889892578 774.3734710693359 2150.623675537109 954.2507354736329 0.8115001860119048 
29 1816.0352478027344 499.4544342041016 2041.2619934082031 626.7564422607422 0.6777576264880952 2000.4601501464845 774.2712005615234 2150.611260986328 957.0639434814453 0.8095703125 
30 1815.079248046875 500.3694549560547 2043.479345703125 624.3581451416015 0.6851981026785714 2002.317236328125 778.3400482177734 2152.408837890625 951.2717071533203 0.8065011160714286 
31 1827.05703125 499.48937072753904 2042.269873046875 633.1821990966797 0.6769205729166666 1999.7540466308594 777.2845703125 2153.0117004394533 959.889501953125 0.8137788318452381 
32 1815.4300476074218 503.8691467285156 2043.7055725097657 631.0512634277344 0.6854771205357143 2000.0572937011718 775.9184661865235 2150.0668518066404 958.5388702392578 0.8152204241071429 
33 1827.6597961425782 508.35790100097654 2045.8688903808593 632.1182342529297 0.7052873883928571 2000.5235168457032 777.9250213623047 2153.5955017089846 953.7950103759765 0.8046875 
34 1834.8722778320312 504.6101898193359 2053.025671386719 638.1070343017578 0.6733165922619048 2000.5537231445312 774.4842834472656 2150.3307983398436 956.8215026855469 0.8145461309523809 
35 1823.1121643066406 508.84331970214845 2057.3535339355467 635.7240020751954 0.7025204613095238 2000.9203491210938 778.1207000732422 2147.3211059570312 957.0550201416015 0.8066173735119048 
36 1831.0072631835938 509.42323913574216 2052.6563110351562 636.5454498291016 0.6696196056547619 1999.7513549804687 776.7058471679687 2149.690295410156 955.9807983398438 0.8031994047619048 
37 1824.6239624023438 512.3484466552734 2055.7278442382812 636.0378448486329 0.6900111607142857 1999.6419738769532 781.7609466552734 2146.1162048339843 957.5300079345703 0.7980608258928571 
38 1824.0333435058594 513.7761688232422 2054.2023742675783 643.4488677978516 0.7168898809523809 2000.8370544433594 777.4855316162109 2146.7187316894533 955.7854034423829 0.8007347470238095 
39 1830.3952209472657 517.2999725341797 2054.091229248047 640.4948883056641 0.6923130580357143 2001.0974182128907 780.6477416992187 2150.228143310547 955.7141967773438 0.8067568824404762 
40 1825.4666931152344 514.6120300292969 2052.8014953613283 644.5176086425781 0.7090773809523809 2002.5880432128906 781.2932983398438 2145.484100341797 959.9134887695312 0.7915504092261905 
41 1811.4451538085937 519.2007995605469 2047.8163208007813 642.2432922363281 0.7073800223214286 2000.8659057617188 782.2227844238281 2149.8120727539062 957.0726257324219 0.8017345610119048 
42 1809.2236389160157 521.7681060791016 2039.7757507324218 648.4093231201172 0.6922665550595238 1998.0615112304688 780.5458251953125 2150.6804321289064 959.142529296875 0.7982003348214286 
43 1812.7369079589844 519.2163360595703 2037.2717590332031 642.8732025146485 0.6926850818452381 1998.7228454589845 783.5517364501953 2151.666925048828 959.2746185302734 0.7955264136904762 
44 1810.6427001953125 522.13369140625 2037.7872314453125 648.68564453125 0.6984281994047619 1999.3474060058593 780.7289520263672 2148.613653564453 959.199575805664 0.7921781994047619 
45 1822.52099609375 519.897412109375 2039.2998046875 649.3175537109375 0.68359375 2001.7181335449218 786.3287628173828 2153.7868713378907 957.8104583740235 0.8013160342261905 
46 1809.7123229980468 525.1200378417968 2033.5038635253907 645.1242248535157 0.6961030505952381 2003.3157470703125 780.3472229003906 2149.2667724609373 958.7317565917969 0.7986653645833334 
47 1807.0142944335937 523.793911743164 2037.4383422851563 640.6286346435547 0.7285388764880952 2000.740234375 781.3045928955078 2153.2744140625 959.802035522461 0.7928989955357143 
48 1813.0583068847657 525.7975646972657 2043.2289245605468 642.5038269042968 0.671875 2002.3319213867187 780.5315185546875 2148.214709472656 958.8327392578125 0.7982003348214286 
49 1810.4066284179687 521.77470703125 2037.4695922851563 641.79365234375 0.6962890625 2001.9130249023438 782.3979705810547 2147.8821411132812 957.5608306884766 0.7962704613095238 
50 1813.181817626953 526.6042694091797 2036.9711364746095 643.3639312744141 0.6988002232142857 2004.6626770019532 781.8288848876953 2147.3689392089846 956.9684173583985 0.8028738839285714 
51 1815.8248168945313 524.4773345947266 2042.9810913085937 647.7907928466797 0.6905459449404762 2002.0430236816405 783.0861389160157 2151.317205810547 958.3209655761718 0.7919456845238095 
52 1819.9729064941407 521.4645965576171 2033.8592468261718 644.6112701416016 0.6935686383928571 2004.8175537109375 782.5903106689453 2150.6492431640627 954.3474945068359 0.8010602678571429 
53 1820.7640441894532 523.540771484375 2047.5234313964843 649.878173828125 0.6610398065476191 2004.1650268554688 779.5795806884765 2153.1784790039064 954.5083709716797 0.8108026413690477 
54 1822.89453125 528.722280883789 2046.589111328125 661.6422821044922 0.6288364955357143 2006.4387573242188 780.7216613769531 2152.326623535156 955.7870056152344 0.8029668898809523 
55 1829.3893432617188 522.1374725341797 2056.1355590820312 651.7067047119141 0.6693870907738095 2005.6782348632812 778.1612396240234 2151.4435913085936 956.3189239501953 0.8049665178571429 
56 1829.2945434570313 521.0331298828125 2056.196911621094 653.933056640625 0.6666899181547619 2005.7049926757813 777.6072814941406 2151.5706420898437 955.8877136230469 0.8055478050595238 
57 1826.3560913085937 523.6867034912109 2056.256457519531 653.2080108642579 0.6646670386904762 2002.20625 777.1250762939453 2154.39384765625 955.2169036865234 0.80517578125 
58 1826.3305297851562 521.5451019287109 2056.109655761719 650.9981719970704 0.6665504092261905 2002.0879333496093 780.2023254394531 2154.195391845703 954.9639343261719 0.8013392857142857 
59 1829.6014892578125 523.7195465087891 2056.1563232421877 653.1794403076171 0.6613188244047619 2002.505126953125 777.0376586914062 2154.620361328125 955.0449829101562 0.8095703125 
60 1821.9308044433594 526.2514251708984 2048.4880187988283 655.7127471923828 0.6779436383928571 2002.3052001953124 779.9458557128906 2154.4223388671876 954.7185729980469 0.8088960193452381 
61 1819.74677734375 523.2423370361328 2043.358203125 656.112826538086 0.6413225446428571 2002.8489501953125 777.2668090820313 2151.9230224609373 955.5077270507812 0.8107328869047619 
62 1823.2596252441406 521.5063537597656 2043.383807373047 650.9910827636719 0.6616908482142857 2000.429736328125 774.1261657714844 2152.574169921875 958.6419006347656 0.8162899925595238 
63 1824.4031982421875 521.8091400146484 2050.9891357421875 657.7606231689454 0.6425083705357143 2002.6839294433594 775.9089935302734 2151.583282470703 953.9406768798829 0.8125697544642857 
64 1827.3805847167969 525.0447143554687 2047.7894592285156 654.6968627929688 0.6291620163690477 2005.5278198242188 776.2458526611329 2151.3864868164064 954.5176361083984 0.8085472470238095 
65 1805.61826171875 522.7349029541016 2042.82509765625 649.4618133544922 0.6640159970238095 2003.2072509765626 774.5640014648437 2152.6799560546874 950.0319458007813 0.8101748511904762 
66 1812.5741088867187 514.0663970947265 2040.5098754882813 641.0592742919922 0.6854306175595238 2004.8166809082031 771.0578460693359 2151.3467712402344 950.1502227783203 0.7997581845238095 
67 1811.3095581054688 509.85772094726565 2032.7592895507812 640.1222595214844 0.6661318824404762 2004.952813720703 773.0171173095703 2154.7570251464845 945.6175872802735 0.8079892113095238 
68 1811.7851440429688 506.71677551269534 2036.7165649414062 630.5920013427734 0.66845703125 2005.9986206054687 769.3874877929687 2155.9527954101563 942.1608520507813 0.8295200892857143 
69 1802.8273315429688 507.38108215332034 2044.3286743164062 621.6046966552734 0.6084681919642857 2004.162176513672 758.4220581054688 2154.2847229003905 937.9163208007812 0.8357282366071429 
70 1809.504461669922 504.5299072265625 2041.6926818847655 615.7186279296875 0.5958193824404762 2005.845654296875 750.6796691894531 2149.736865234375 930.5438415527344 0.8354724702380952 
71 1803.881573486328 501.2108917236328 2039.7320739746094 622.4118499755859 0.4747721354166667 2006.3451416015625 746.7624725341797 2147.2002685546877 923.6503082275391 0.8467726934523809 
72 1810.6993469238282 502.13706970214844 2036.5732360839843 623.2578887939453 0.4497767857142857 2006.4819641113281 740.3497314453125 2150.5174255371094 913.8470458984375 0.8335658482142857 
73 1808.4607849121094 503.259423828125 2051.629180908203 631.4157470703125 0.43126860119047616 2009.4160522460938 733.0308807373046 2154.002648925781 907.1920806884766 0.8272414434523809 
74 1812.4581176757813 495.3423797607422 2036.4500854492187 613.9263580322265 0.6024228050595238 2011.9984985351562 729.9764770507812 2153.640417480469 901.2644897460938 0.8133603050595238 
75 1819.6790832519532 493.7215972900391 2023.0283142089843 598.6760467529297 0.5960635230654762 2013.567205810547 729.1122283935547 2154.5999084472655 893.1035308837891 0.8095470610119048 
76 1806.0197265625 488.96216278076173 2027.8728515625 614.7893325805665 0.5944940476190477 2014.6278747558595 720.8764282226563 2150.388848876953 889.7497924804687 0.7986653645833334 
77 1816.2204895019531 479.27904357910154 2032.6446228027344 603.8867889404297 0.5761021205357143 2021.0413452148437 719.7922088623047 2145.6493286132813 880.470669555664 0.8011067708333334 
78 1833.6628479003907 476.41752471923826 2040.5731140136718 594.6520248413086 0.5571405319940477 2022.8885375976563 719.4550415039063 2144.407116699219 877.1009887695312 0.7909458705357143 
79 1811.985888671875 457.762712097168 2028.75263671875 585.8521865844726 0.6290690104166666 2025.8473999023438 714.5733306884765 2140.7993286132814 872.2218963623047 0.7908063616071429 
80 1811.403564453125 462.39088287353513 2027.884033203125 590.3111129760742 0.6281389508928571 2027.8840087890626 714.5729125976562 2139.4040771484374 865.4532104492188 0.7802734375 
81 1821.56025390625 450.3956069946289 2021.4314453125 584.735221862793 0.5741024925595238 2034.1597045898438 716.0503662109375 2139.009973144531 863.4962646484375 0.7923177083333334 
82 1816.13583984375 447.8988754272461 2016.408837890625 585.791828918457 0.6233026413690477 2033.834912109375 703.228060913086 2142.179248046875 860.8199737548828 0.7908993675595238 
83 1810.7301147460937 458.4956558227539 2007.8162719726563 596.455973815918 0.6427873883928571 2035.7367553710938 695.8833740234375 2144.1340942382812 856.8370849609375 0.7956659226190477 
84 1815.9565063476562 466.9994354248047 2006.8276733398438 595.3438873291016 0.6249534970238095 2038.4706298828125 696.8548950195312 2143.7788818359377 851.5263305664063 0.7946661086309523 
85 1807.8151733398438 463.9014373779297 2005.1882446289062 595.483511352539 0.6250697544642857 2035.3001586914063 684.933950805664 2147.144909667969 852.7009979248047 0.7828311011904762 
86 1804.572003173828 471.04553680419923 2011.6930114746094 592.6880142211915 0.6286969866071429 2036.3502807617188 680.6955261230469 2141.5547485351562 848.3648986816406 0.7851097470238095 
87 1814.1397521972656 465.6888259887695 2018.702655029297 591.0660263061524 0.5583147321428571 2031.7733337402344 676.0890960693359 2153.8513000488283 847.6579132080078 0.8042457217261905 
88 1812.3981323242188 463.0962600708008 2017.6321411132812 592.1950912475586 0.5553617931547619 2030.7457092285156 668.3302581787109 2153.2238952636717 850.3927032470704 0.7956659226190477 
89 1811.9826416015626 471.6279830932617 2023.9004150390624 597.4542007446289 0.5338076636904762 2030.777606201172 664.1879699707031 2156.603863525391 842.9936706542969 0.7903413318452381 
90 1849.455615234375 521.0696563720703 2031.205517578125 630.1196136474609 0.4145624069940476 2031.3326416015625 657.1914520263672 2156.9051513671875 842.2458648681641 0.7880626860119048 
91 1852.12490234375 541.4578002929687 2037.32919921875 647.2887817382813 0.379638671875 2029.0611206054687 648.1791961669921 2158.0426391601563 843.3051177978516 0.7873186383928571 
92 1851.3736083984375 524.1296447753906 2039.5048095703125 629.7471862792969 0.4055059523809524 2031.2533264160156 651.3276763916016 2156.674285888672 842.7594207763672 0.7954799107142857 
93 1848.5127258300781 517.1863006591797 2023.3851013183594 619.4701324462891 0.49704706101190477 2031.887548828125 651.5766571044921 2157.267724609375 842.9463531494141 0.7925269717261905 
94 1825.6422546386718 522.8167144775391 2046.7741271972657 615.2300994873046 0.45121837797619047 2035.8572021484374 654.32802734375 2151.3737548828126 839.154638671875 0.7832728794642857 
95 1857.3265991210938 553.9487457275391 2058.3775024414062 639.6425018310547 0.3938685825892857 2037.0806640625 659.92509765625 2152.437890625 837.9044921875 0.7992466517857143 
96 1840.787841796875 550.1331146240234 2055.408447265625 678.9053985595704 0.40579659598214285 2035.4701538085938 659.0942657470703 2147.7332153320312 834.092562866211 0.7896437872023809 
97 1822.649951171875 530.8162506103515 2047.04658203125 626.5148651123047 0.4445103236607143 2035.75068359375 661.2912658691406 2151.248828125 836.1887145996094 0.8013160342261905 
98 1826.2056213378905 547.329052734375 2047.411444091797 636.471728515625 0.4171781994047619 2039.4114013671874 661.8684722900391 2151.6652587890626 836.8521697998046 0.8043387276785714 
99 1825.334521484375 525.5038848876953 2029.95185546875 624.5121673583984 0.4662504650297619 2039.0910888671874 661.0691192626953 2151.3005126953126 839.2840911865235 0.7917829241071429 
100 1823.7530029296875 505.41493835449216 2015.4611083984375 607.8796783447266 0.5090913318452381 2039.2339721679687 667.7566741943359 2148.3092407226563 839.6330352783203 0.7869698660714286 
101 1818.7115600585937 512.4127410888672 2026.5506469726563 624.5798736572266 0.4695638020833333 2037.8435546875 667.9747863769531 2150.01044921875 839.5244812011719 0.8003859747023809 
102 1854.1124755859375 601.227182006836 2059.0091064453127 733.4186309814453 0.41702706473214285 2038.0365234375 670.3734985351563 2147.0943359375 842.2223266601562 0.7859700520833334 
103 1830.4101623535157 507.5699768066406 2022.1812683105468 633.2131042480469 0.4284551711309524 2035.788427734375 672.6355499267578 2144.899560546875 844.568246459961 0.7794828869047619 
104 1815.1342895507812 532.2410400390625 2040.7785522460938 671.6095458984375 0.4614141555059524 2032.3550903320313 674.6725646972657 2145.177380371094 840.5874450683593 0.7787620907738095 
105 1822.0009704589843 555.3038604736328 2038.9713195800782 683.5135833740235 0.3912992931547619 2036.821826171875 672.1340515136719 2145.307080078125 839.7929504394531 0.77587890625 
106 1850.5184753417968 562.6042694091797 2047.4181701660157 661.0541168212891 0.46888950892857145 2026.2135681152345 667.8698425292969 2144.353448486328 838.5162658691406 0.7742280505952381 
107 1849.966973876953 553.5851654052734 2046.5534118652345 645.3255401611328 0.4629022507440476 2025.3826049804688 662.2117767333984 2143.334436035156 839.1396026611328 0.7825753348214286 
108 1810.0792053222656 527.6810729980468 2032.986834716797 648.9690734863282 0.42224702380952384 2030.0870239257813 657.4163238525391 2138.262829589844 834.4312713623046 0.7688569568452381 
109 1818.4019287109375 539.4050872802734 2038.1571533203125 647.6427032470704 0.44176664806547616 2024.7851196289062 660.5101440429687 2139.582800292969 834.3464233398438 0.7709728422619048 
110 1822.2609252929688 532.5450714111328 2038.7144165039062 637.492221069336 0.4886997767857143 2019.541357421875 660.8278411865234 2144.166162109375 834.6465850830078 0.7693684895833334 
111 1819.8935119628907 524.471630859375 2033.2333190917968 632.7826416015625 0.5077078683035714 2019.094952392578 661.1858642578125 2147.098773193359 831.8578369140625 0.7819010416666666 
112 1820.6513610839843 516.5666412353515 2033.9940246582032 631.4434295654297 0.5404808407738095 2016.9518737792969 667.4213745117188 2148.2396545410156 831.5311401367187 0.7795526413690477 
113 1822.0777160644532 508.24126892089845 2025.6421325683593 629.7232696533204 0.5127418154761905 2017.6864685058595 667.4811737060547 2145.735040283203 831.6460845947265 0.7798316592261905 
114 1826.2048645019531 528.8642120361328 2043.2605895996094 637.3920745849609 0.43958100818452384 2024.4136901855468 663.7018310546875 2146.0961975097657 831.4265869140625 0.7927362351190477 
115 1822.9684814453126 547.5059417724609 2049.8825927734374 672.4731231689453 0.38391694568452384 2018.6407531738282 667.666714477539 2150.1852966308593 825.5199920654297 0.7877371651785714 
116 1821.3587707519532 521.277587890625 2041.5419860839843 636.2987060546875 0.41896856398809523 2021.5713195800781 662.5892211914063 2149.7376403808594 823.6187866210937 0.7906436011904762 
117 1822.04228515625 514.1711547851562 2039.2501953125 635.9391967773438 0.4393833705357143 2022.541796875 661.1281677246094 2147.60078125 825.6795715332031 0.7865280877976191 
118 1818.9149353027344 501.74782409667966 2035.760235595703 623.3126617431641 0.4414643787202381 2020.8489501953125 661.4753570556641 2152.2701904296873 822.4665985107422 0.7978748139880952 
119 1825.7185974121094 539.7198059082032 2038.6943664550781 638.0162780761718 0.4045991443452381 2022.0596008300781 661.0781707763672 2149.8450622558594 821.6290435791016 0.7966889880952381 
120 1820.669140625 534.8912139892578 2023.431689453125 642.8131927490234 0.380859375 2020.5386047363281 656.3978149414063 2148.0828552246094 823.1862915039062 0.7914574032738095 
121 1819.532403564453 556.7833099365234 2048.1681579589845 684.1660919189453 0.31839425223214285 2021.7871704101562 661.8050140380859 2152.4362182617188 815.3176055908203 0.8062686011904762 
122 1815.9644348144532 533.0363616943359 2034.8425720214843 644.1088409423828 0.3539922805059524 2013.859326171875 652.6528625488281 2151.066455078125 815.9947204589844 0.7827380952380952 
123 1816.5601135253905 557.5517211914063 2075.118719482422 704.8319458007812 0.2654215494791667 2014.318377685547 660.0184844970703 2151.779888916016 813.8444915771485 0.7933407738095238 
124 1818.2028869628907 535.9855590820313 2033.7967468261718 640.5159057617187 0.3715704055059524 2009.9256103515625 654.8385955810547 2153.6549560546873 818.167202758789 0.7938755580357143 
125 1815.751287841797 547.9411682128906 2070.4292541503905 701.4009948730469 0.28286597842261907 2009.0201904296875 658.0755981445312 2155.9500244140627 814.8005004882813 0.8016648065476191 
126 1842.104962158203 534.3924285888672 2031.3446228027344 638.800503540039 0.4080287388392857 2013.775830078125 658.5024871826172 2150.811572265625 818.3773345947266 0.7885974702380952 
127 1842.3465881347656 548.3767639160156 2054.416229248047 685.4063171386719 0.33932059151785715 2013.7590881347655 661.9406524658203 2154.051336669922 815.2832855224609 0.7957589285714286 
128 1842.8779296875 551.9849914550781 2051.36669921875 685.5480895996094 0.33906482514880953 2014.029278564453 662.4941131591797 2150.849993896484 815.602993774414 0.8027808779761905 
129 1843.833251953125 557.8196807861328 2065.277587890625 707.6203216552734 0.2897367931547619 2013.9244812011718 662.6551116943359 2150.6991760253904 815.7122589111328 0.8028506324404762 
130 1846.9011779785155 559.1882049560547 2061.841864013672 718.765347290039 0.3069545200892857 2013.7432983398437 659.769418334961 2150.523547363281 816.0898956298828 0.8016415550595238 
131 1822.1384704589843 536.6227172851562 2033.9265930175782 653.9207397460938 0.35396902901785715 2010.867987060547 657.0537231445312 2150.9739318847655 816.7093383789063 0.7980143229166666 
132 1819.7669250488282 537.3011077880859 2038.1816833496093 648.1384063720703 0.39133417038690477 2011.8515563964843 657.0405334472656 2152.027960205078 816.7766052246094 0.7881324404761905 
133 1820.3514709472656 529.1604187011719 2035.4394226074219 639.9633605957031 0.3842657180059524 2006.2346496582031 656.3832214355468 2152.8853454589844 816.0697814941407 0.7782738095238095 
134 1816.6094482421875 530.61357421875 2041.5570556640625 647.9776123046875 0.3687104724702381 2009.081365966797 656.1278930664063 2152.5261779785155 815.8733276367187 0.7790643601190477 
135 1841.6760803222655 528.2104888916016 2043.896063232422 645.6285614013672 0.3611653645833333 2009.021990966797 656.6678619384766 2152.532818603516 813.2252655029297 0.7829938616071429 
136 1839.355450439453 540.0832458496094 2060.930072021484 676.9382385253906 0.31802222842261907 2005.9124267578125 655.2570281982422 2152.5426513671873 814.9211334228515 0.7715308779761905 
137 1820.362322998047 525.9627563476563 2035.4620178222656 640.0307739257812 0.39255487351190477 2009.1385681152344 656.4515747070312 2152.5383117675783 812.8876586914063 0.7851097470238095 
138 1848.331805419922 560.4102813720704 2053.567242431641 703.7493255615234 0.33182198660714285 2011.5929138183594 653.3801727294922 2148.4164855957033 816.2653961181641 0.7860863095238095 
139 1819.5960021972655 552.8482116699219 2034.225653076172 679.6748596191406 0.33971586681547616 2011.5868896484376 656.6609527587891 2144.9175048828124 816.0071990966796 0.7796456473214286 
140 1850.0078430175781 560.7623962402344 2038.7847595214844 697.4628234863281 0.35801478794642855 2008.3651184082032 652.5219696044921 2148.3203063964843 818.5153228759766 0.7845052083333334 
141 1844.9956604003905 560.067495727539 2030.438787841797 706.4699188232422 0.34077380952380953 2008.29072265625 656.1675628662109 2144.93291015625 815.5834747314453 0.7747628348214286 
142 1853.2324829101562 562.4941223144531 2035.3070678710938 702.3014099121094 0.3464471726190476 2008.1708618164062 654.9069915771485 2147.978308105469 817.4735626220703 0.7822033110119048 
143 1853.1788635253906 565.7549346923828 2032.2121276855469 699.2160736083985 0.36367652529761907 2004.668438720703 655.3967193603515 2151.150286865234 814.8991180419922 0.7782505580357143 
144 1861.5090209960938 585.1155059814453 2056.4287231445314 728.0565521240235 0.336669921875 2007.8237670898438 655.7113586425781 2147.516320800781 814.8958190917969 0.7746465773809523 
145 1854.1872192382812 569.6850799560547 2049.174841308594 706.1764312744141 0.30659412202380953 2004.802716064453 651.3049377441406 2151.043353271484 817.0443054199219 0.7771344866071429 
146 1841.6919982910156 570.8598419189453 2063.2697937011717 694.6826995849609 0.3436686197916667 2008.6272705078125 660.2178375244141 2152.0011474609373 813.3671844482421 0.7895042782738095 
147 1848.0038146972656 570.9769287109375 2053.287811279297 694.799072265625 0.3523763020833333 2008.0452087402343 659.9584136962891 2151.418292236328 816.3653778076172 0.7913178943452381 
148 1871.8242431640624 599.1530822753906 2063.8205322265626 719.5574890136719 0.3063848586309524 2007.6233276367188 657.2275665283203 2150.807092285156 816.6820404052735 0.7885277157738095 
149 1857.8943725585937 566.4069610595703 2062.9144653320313 703.0869964599609 0.30033947172619047 2010.9708984375 656.4005096435546 2147.651171875 815.8605377197266 0.7874581473214286 
150 1857.6763916015625 577.1611236572265 2062.7786865234375 720.4071746826172 0.31309291294642855 2005.0546264648438 655.4205963134766 2148.3005981445312 814.9445770263671 0.7834123883928571 
151 1817.4687194824219 550.3718719482422 2052.0773010253906 677.4515533447266 0.3310546875 2008.46416015625 657.2741638183594 2151.8361328125 813.6799377441406 0.7995024181547619 
152 1841.7609802246093 561.9802062988281 2063.466680908203 695.6556579589844 0.3338216145833333 2008.792657470703 660.4185638427734 2152.2492126464845 810.3958282470703 0.7997349330357143 
153 1874.349835205078 588.9318206787109 2079.845843505859 732.4528839111329 0.2994384765625 2007.3326171875 655.1723358154297 2147.59169921875 811.740689086914 0.7787853422619048 
154 1858.7967163085937 567.8268493652344 2067.5809692382813 704.8414855957031 0.30886114211309523 2003.9670104980469 655.9077270507812 2150.7684631347656 812.4958374023438 0.7688337053571429 
155 1875.9041137695312 574.0326446533203 2068.5729370117188 730.780160522461 0.32175990513392855 2007.1550659179688 656.927978515625 2150.840295410156 813.6754150390625 0.7912016369047619 
156 1863.3013916015625 598.3231811523438 2062.9066162109375 729.2118530273438 0.39393833705357145 2011.43212890625 658.2299194335938 2148.865234375 815.2963256835938 0.7776227678571429 
157 1859.880792236328 573.6354614257813 2066.0014099121095 717.5926879882812 0.3407621837797619 2005.4740234375 658.0718963623046 2149.43125 811.8444244384766 0.7837146577380952 
158 1855.5396545410156 566.6584075927734 2051.7903015136717 700.7630401611328 0.3505859375 2004.6146850585938 654.5937896728516 2151.8025512695312 811.5942596435547 0.7918294270833334 
159 1860.196600341797 594.9307067871093 2059.6753479003905 732.2766906738282 0.3678501674107143 2004.963427734375 653.0386413574219 2148.849560546875 810.0055480957031 0.7687406994047619 
160 1870.6920837402345 574.3238311767578 2066.825616455078 731.2306732177734 0.31747581845238093 2004.590997314453 654.7889282226563 2151.6911071777345 811.6956909179687 0.7802269345238095 
161 1859.8946533203125 592.2094970703125 2062.8070068359375 732.9389404296875 0.3546781994047619 2011.3236206054687 653.2593994140625 2145.507678222656 810.352783203125 0.7592308407738095 
162 1859.5208679199218 593.9692016601563 2069.0771545410157 738.0390991210937 0.32263764880952384 2008.5022766113282 655.803369140625 2149.2978942871096 809.6962646484375 0.7743908110119048 
163 1865.0346252441407 575.7237579345704 2064.828533935547 723.1126068115234 0.3475864955357143 2007.8884826660155 654.8350708007813 2148.726629638672 815.3250854492187 0.7706473214285714 
164 1861.8745666503905 565.5760498046875 2064.992742919922 719.552734375 0.34901646205357145 2008.0390380859376 650.8806457519531 2145.6352783203124 808.1335144042969 0.7536969866071429 
165 1867.817041015625 574.2248413085938 2064.529638671875 718.4807250976562 0.3692103794642857 2011.5685729980469 650.5139739990234 2142.7103576660156 811.1626007080079 0.7580682663690477 
166 1862.225146484375 581.1355773925782 2068.68330078125 731.8827331542968 0.30488513764880953 2008.812939453125 653.4841125488281 2146.451708984375 810.7855407714844 0.7646019345238095 
167 1856.6093017578125 566.7014038085938 2066.3650634765627 707.6311157226562 0.3336704799107143 2008.2536682128907 655.9485168457031 2149.183221435547 809.9878845214844 0.7789248511904762 
168 1853.2969543457032 570.9884429931641 2069.6296813964846 725.0436004638672 0.31309291294642855 2008.9910949707032 654.1933380126953 2143.3793884277343 808.2484954833984 0.7602306547619048 
169 1856.5523742675782 573.7850341796875 2069.6262145996093 727.853759765625 0.30571056547619047 2011.88193359375 654.0974761962891 2146.28212890625 811.4442108154296 0.7712518601190477 
170 1856.8778259277344 579.7661651611328 2066.6391418457033 723.9770599365235 0.33816964285714285 2011.8036499023438 656.7878936767578 2146.1819458007812 810.8313079833985 0.7693452380952381 
171 1854.118670654297 567.9813690185547 2047.7252014160156 725.4917144775391 0.38925316220238093 2009.48349609375 656.328466796875 2147.305078125 813.8388916015625 0.7775065104166666 
172 1821.1663330078125 542.8646545410156 2037.6969482421875 674.0953063964844 0.39124116443452384 2009.4318298339845 659.2056640625 2147.224053955078 810.1208740234375 0.7777390252976191 
173 1848.851416015625 559.3824188232422 2049.114892578125 703.834683227539 0.34819103422619047 2015.5272338867187 662.544564819336 2150.130236816406 810.2798370361328 0.7944568452380952 
174 1838.6260131835938 533.2891845703125 2022.5617309570312 638.395263671875 0.40025111607142855 2007.0231567382812 656.0813812255859 2154.828649902344 813.7405792236328 0.7953171502976191 
175 1849.2245483398438 570.9975189208984 2049.5835571289062 702.3805938720703 0.35648018973214285 2013.0742614746093 659.6810455322266 2151.026446533203 810.7715301513672 0.7923177083333334 
176 1844.671075439453 566.0304565429688 2061.3065856933595 700.6071166992188 0.32326543898809523 2012.8287841796875 660.082650756836 2150.6878173828127 811.0710968017578 0.7962472098214286 
177 1841.6272277832031 573.8052154541016 2067.8077087402344 711.4802459716797 0.32163783482142855 2016.1165344238282 660.5455322265625 2150.5137145996096 811.33251953125 0.7973400297619048 
178 1852.301287841797 576.7873016357422 2071.996685791016 730.901968383789 0.29789806547619047 2016.0008178710937 660.4027130126954 2150.4413208007813 811.2383392333984 0.7941080729166666 
179 1849.4373901367187 572.6157806396484 2072.425158691406 723.4604522705079 0.29487537202380953 2013.1466796875 657.623568725586 2150.87431640625 815.0266387939453 0.7949916294642857 
180 1844.8331298828125 559.2155456542969 2061.1961669921875 690.3446350097656 0.3473423549107143 2018.5792114257813 660.3362060546875 2149.708142089844 811.134619140625 0.7993629092261905 
181 1819.4253784179687 550.2674560546875 2042.1014770507813 648.5069580078125 0.38113839285714285 2015.652410888672 662.9909759521485 2153.1875549316405 810.3501495361328 0.8064081101190477 
182 1814.5412292480469 544.3287231445313 2037.3399963378906 649.1751831054687 0.40059988839285715 2015.9170959472656 662.9111145019531 2153.5280944824217 810.3514587402344 0.8016648065476191 
183 1816.85947265625 520.8453125 2026.368310546875 638.693994140625 0.39301990327380953 2016.5475036621094 657.7058959960938 2154.0375793457033 811.5638793945312 0.7944568452380952 
184 1823.6998107910156 559.8212677001953 2043.325701904297 684.3852142333984 0.37366303943452384 2014.3279968261718 656.9004791259765 2155.2819885253907 814.2443572998047 0.7900158110119048 
185 1821.0943908691406 517.486685180664 2031.2470397949219 635.6975799560547 0.4130859375 2008.0090270996093 651.4842651367187 2152.489141845703 812.3824340820313 0.7638113839285714 
186 1846.500665283203 567.2317260742187 2047.3368591308595 685.7580200195313 0.4081217447916667 2012.5135375976563 658.9123504638671 2157.378796386719 816.9473297119141 0.7877604166666666 
187 1819.850537109375 520.1202880859375 2020.85478515625 632.15546875 0.5106840587797619 2016.7992858886719 658.8969360351563 2158.4908752441406 820.3594116210937 0.7897135416666666 
188 1825.3345581054687 502.467822265625 2013.1493286132813 627.6775634765625 0.4650181361607143 2017.8383483886719 663.7957885742187 2162.8180236816406 818.6605102539063 0.8118722098214286 
189 1834.0359008789062 510.54095153808595 2018.6393920898438 635.8077423095704 0.39384533110119047 2021.9359436035156 664.7153869628906 2160.388641357422 816.3540710449219 0.8078497023809523 
190 1827.3832885742188 505.14093322753905 2021.6364868164062 633.5455291748046 0.3967401413690476 2017.5842712402343 664.1904510498047 2165.743487548828 818.9344879150391 0.810546875 
191 1829.1590942382813 519.7440643310547 2030.1604858398437 635.0726470947266 0.3740350632440476 2018.1206176757812 661.8137359619141 2163.1052124023436 819.9786834716797 0.8044084821428571 
192 1827.8469665527343 504.1537322998047 2015.3426086425782 622.5720367431641 0.47837611607142855 2017.1139343261718 661.5387420654297 2165.1366760253904 819.4299468994141 0.7919456845238095 
193 1832.8137634277343 521.7859375 2027.1648742675782 637.079052734375 0.4519159226190476 2015.5088745117187 657.9838165283203 2163.7428344726563 822.688119506836 0.7895275297619048 
194 1834.6970092773438 519.530728149414 2019.2636840820312 634.8848602294922 0.45822870163690477 2019.6439208984375 661.6317718505859 2161.3648681640625 819.8317901611329 0.7889694940476191 
195 1831.7201171875 530.4266082763672 2026.13486328125 639.166958618164 0.4502069382440476 2017.3899963378906 661.5994079589843 2162.3769714355467 819.7672912597657 0.7829008556547619 
196 1831.5175170898438 547.8965911865234 2032.6953735351562 679.8163604736328 0.39919317336309523 2023.5623901367187 669.9223785400391 2165.376330566406 821.6301727294922 0.79833984375 
197 1837.9855224609375 529.7811553955078 2029.2569091796875 645.2035247802735 0.41415550595238093 2026.7201049804687 669.810092163086 2165.226916503906 824.8058135986328 0.7980143229166666 
198 1832.4281677246095 551.164517211914 2033.741387939453 673.2725555419922 0.4346400669642857 2031.2027221679687 665.9105438232422 2159.9112915039063 827.6211334228516 0.7877604166666666 
199 1837.3116821289063 547.1752380371094 2039.3191772460937 649.8347717285156 0.37902250744047616 2027.6010986328124 670.9780944824219 2169.9999755859376 826.6231018066406 0.8063151041666666 
200 1834.0639587402343 547.5929534912109 2042.6204895019532 650.2160675048829 0.38318452380952384 2036.3817749023438 673.8982757568359 2168.7986450195312 829.4881378173828 0.8061290922619048 
201 1817.8381896972655 520.50341796875 2026.554998779297 633.1441650390625 0.5261695498511905 2033.053369140625 673.536831665039 2165.572119140625 829.2461883544922 0.8005719866071429 
202 1818.9150756835938 520.1606384277344 2024.7057739257812 633.0135559082031 0.5405738467261905 2040.0252075195312 681.9079467773438 2166.1547241210938 831.2721069335937 0.8013160342261905 
203 1836.964697265625 543.5101196289063 2033.05458984375 669.8053100585937 0.47732979910714285 2045.19833984375 675.5576293945312 2164.84658203125 831.7648803710938 0.7798781622023809 
204 1843.9727111816405 563.6410247802735 2049.712469482422 676.4660919189453 0.41328357514880953 2044.9900390625 681.5712432861328 2167.77021484375 834.2169036865234 0.8092447916666666 
205 1838.6463317871094 555.1295501708985 2054.856231689453 678.2029083251953 0.3512486049107143 2046.4125 682.5526489257812 2169.4859375 832.2364135742188 0.8050130208333334 
206 1833.6999755859374 554.9951416015625 2053.0864013671876 677.98447265625 0.35609654017857145 2055.6433959960937 690.7692596435547 2168.6605590820313 833.702847290039 0.8165457589285714 
207 1838.5448486328125 567.7417266845703 2048.1419189453127 690.838412475586 0.369384765625 2054.028173828125 690.8384246826172 2170.470849609375 833.8967437744141 0.8078031994047619 
208 1823.9409423828124 530.5600860595703 2033.6218017578126 643.7211029052735 0.43557012648809523 2055.2554321289062 688.3967041015625 2168.4166870117188 831.5122314453125 0.8070126488095238 
209 1806.9845642089845 519.1849548339844 2016.749688720703 619.0731018066406 0.5418410528273809 2058.88203125 690.9157104492188 2172.088671875 834.0886840820312 0.8090587797619048 
210 1799.5938903808594 513.7146881103515 2006.263897705078 610.3829071044922 0.6005859375 2055.367150878906 689.6149505615234 2178.702429199219 839.6172882080078 0.8204055059523809 
211 1807.2583312988281 512.7585540771485 2017.1221618652344 622.6871856689453 0.5689871651785714 2058.1212646484373 692.6417694091797 2181.3743408203127 842.5444488525391 0.8198939732142857 
212 1834.436700439453 522.4321960449219 2037.7326110839845 635.7446838378906 0.47056361607142855 2059.010876464844 695.8618560791016 2182.321398925781 839.1688446044922 0.8170107886904762 
213 1826.1966918945313 532.4891326904296 2036.5640502929687 646.0206939697266 0.42307245163690477 2059.6813354492188 698.5483306884765 2183.2305297851562 842.1323944091797 0.8150111607142857 
214 1828.7442138671875 558.7772155761719 2072.7823974609373 685.8107971191406 0.31505766369047616 2061.596142578125 694.9397155761719 2181.943896484375 845.3742492675781 0.8092447916666666 
215 1824.5590515136719 538.1614685058594 2044.8251037597656 666.9324035644531 0.40304129464285715 2052.514794921875 694.4331024169921 2194.840673828125 846.9249908447266 0.8312639508928571 
216 1835.9750244140625 591.6103790283203 2079.8906982421877 703.405062866211 0.29087611607142855 2053.179724121094 696.7599365234375 2198.851770019531 845.8194091796875 0.8365885416666666 
217 1816.6046264648437 541.9881744384766 2047.9871704101563 669.4161834716797 0.35549200148809523 2057.0153564453126 699.5964782714843 2194.5036865234374 847.1447326660157 0.8307059151785714 
218 1810.1447326660157 535.7450469970703 2055.225994873047 670.0361419677735 0.33932059151785715 2056.7753295898438 702.4468048095703 2201.1384887695312 846.8097259521485 0.8385881696428571 
219 1815.8807983398438 516.2790985107422 2020.6577758789062 640.4880523681641 0.3927408854166667 2054.4859252929687 705.0456604003906 2205.5509399414063 849.3966003417969 0.8420061383928571 
220 1813.6079650878905 514.2566589355469 2015.167791748047 631.8331848144531 0.4169805617559524 2054.575402832031 704.5756805419921 2205.745153808594 852.3861724853516 0.8376813616071429 
221 1813.2525634765625 511.4434295654297 2001.3939208984375 635.751089477539 0.39501953125 2058.249890136719 705.5288208007812 2206.075061035156 849.9944946289063 0.8397739955357143 
222 1813.6636169433593 508.64300231933595 1998.4392883300782 629.5870391845704 0.42673456101190477 2054.9058349609377 704.9187042236329 2209.4452392578123 849.3796966552734 0.8394019717261905 
223 1815.914288330078 508.8171356201172 2004.7921325683594 640.3569976806641 0.3895670572916667 2058.8869750976564 707.4241546630859 2210.6635620117186 849.0824981689453 0.8396577380952381 
224 1814.8670959472656 511.29884033203126 2010.3820495605469 646.1367065429688 0.384521484375 2061.4648315429686 707.591665649414 2209.7863891601564 849.1714569091797 0.8289155505952381 
225 1812.7338134765625 517.0499420166016 2005.5445068359375 645.5903778076172 0.35158575148809523 2062.3988403320313 707.2585906982422 2211.2351928710937 856.0948638916016 0.8325427827380952 
226 1825.8422729492188 545.7658782958985 2067.5600708007814 680.0536407470703 0.32859002976190477 2066.527062988281 713.2381988525391 2214.243688964844 850.8830780029297 0.83154296875 
227 1833.4959106445312 565.351904296875 2118.6976928710938 719.696435546875 0.2948404947916667 2069.14228515625 711.824349975586 2213.420703125 849.3922637939453 0.8265438988095238 
228 1823.696954345703 519.16796875 2020.0136169433595 633.68603515625 0.4871419270833333 2069.2187622070314 706.2980682373047 2209.9123413085936 856.807583618164 0.8116396949404762 
229 1812.591534423828 516.7386291503906 2022.7403747558594 633.4880554199219 0.4694010416666667 2068.4139404296875 707.8997528076172 2218.5201416015625 858.0061920166015 0.8487955729166666 
230 1810.3432373046876 526.4986328125 2037.5525146484374 655.363671875 0.3966471354166667 2067.55146484375 712.3615844726562 2213.37236328125 858.1824829101563 0.8265904017857143 
231 1821.7470397949219 515.6077239990234 2015.6004943847656 644.8433868408204 0.42524646577380953 2070.9311279296876 712.4697448730469 2213.7705322265624 858.7100646972656 0.8184756324404762 
232 1813.2822143554688 510.0859649658203 2011.8169067382812 629.891390991211 0.54296875 2065.9268798828125 714.9400634765625 2219.9622802734375 862.1295166015625 0.8415178571428571 
233 1847.615985107422 553.2415802001954 2076.699566650391 683.1696136474609 0.34543573288690477 2067.0996948242187 711.3119049072266 2217.5426391601563 861.7549285888672 0.8186383928571429 
234 1827.5564575195312 505.21995544433594 2005.9144897460938 638.9884796142578 0.5561290922619048 2067.785791015625 713.9200073242188 2222.134130859375 868.2683471679687 0.8350074404761905 
235 1812.9253234863281 506.6785522460938 2011.8140563964844 633.5558227539062 0.5700102306547619 2075.120739746094 717.9648834228516 2219.143664550781 865.4168914794922 0.8298223586309523 
236 1842.9705688476563 535.0341583251953 2059.697644042969 682.9590667724609 0.3866489955357143 2073.193469238281 720.6679809570312 2221.118298339844 865.1526977539063 0.8240559895833334 
237 1817.2860595703125 505.7995880126953 2013.6228759765625 626.357211303711 0.5684523809523809 2071.1194580078127 722.5383880615234 2226.1222412109373 870.6519805908204 0.8434942336309523 
238 1840.3271728515624 525.7697265625 2026.6613525390626 667.245654296875 0.4471842447916667 2075.2355712890626 724.446533203125 2227.0632568359374 869.373046875 0.8357514880952381 
239 1851.8159973144532 551.5801544189453 2098.9602478027346 718.6635589599609 0.34329659598214285 2076.4683349609377 725.357568359375 2233.1088134765623 871.555517578125 0.8414713541666666 
240 1833.8171508789062 512.3900512695312 2023.7177612304688 643.5942016601563 0.5000697544642857 2077.2353393554686 725.92880859375 2229.1560180664064 870.9438720703125 0.8277064732142857 
241 1845.783026123047 532.1873596191406 2073.9880920410155 694.6970397949219 0.36129324776785715 2083.6960205078126 728.3426879882812 2232.3752685546874 873.5640502929688 0.8343331473214286 
242 1842.1084838867187 512.0542205810547 2056.7674926757813 681.7041412353516 0.3758951822916667 2083.6666015625 730.1755279541015 2236.0052734375 879.0519500732422 0.8275437127976191 
243 1850.5338500976563 675.9518280029297 2155.7256713867187 762.6540679931641 0.28706287202380953 2081.5619506835938 730.5074890136718 2234.1580200195312 876.1673156738282 0.8273577008928571 
244 1831.4303649902345 597.7500518798828 2147.591729736328 729.7734466552735 0.292236328125 2083.1835083007813 729.3726043701172 2232.5784545898437 878.7674713134766 0.8329613095238095 
245 1825.8178283691407 531.3586242675781 2030.7216003417968 673.7494079589844 0.37227957589285715 2082.9494140625 733.991650390625 2235.75908203125 879.8553955078125 0.8306826636904762 
246 1821.0883056640625 589.8683288574218 2154.3599365234377 728.7314025878907 0.27991303943452384 2087.999267578125 735.9416381835938 2237.277099609375 881.7479370117187 0.8283807663690477 
247 1844.9747131347656 551.2437072753906 2095.2312194824217 697.2266296386719 0.31496465773809523 2089.616491699219 735.7276458740234 2235.599572753906 881.7106475830078 0.8273344494047619 
248 1848.2007202148438 544.2891632080078 2095.346398925781 721.8163665771484 0.3422967819940476 2090.125036621094 738.0160888671875 2236.323937988281 884.214990234375 0.8230794270833334 
249 1848.8159240722657 589.4502532958984 2148.735223388672 732.4349395751954 0.32237025669642855 2092.2654296875 739.6780975341796 2235.2501953125 882.6627838134766 0.8229864211309523 
250 1853.041796875 643.0784973144531 2170.56806640625 740.7789245605469 0.2969563802083333 2093.2665771484376 739.4368682861328 2236.3281494140624 885.9875091552734 0.8226143973214286 
251 1856.128155517578 659.584750366211 2177.462542724609 799.2953155517578 0.30025809151785715 2096.994592285156 742.470736694336 2240.198034667969 885.6740997314453 0.8290318080357143 
252 1836.4757446289063 492.06956634521487 2005.0596557617187 639.5804885864258 0.4377325148809524 2095.9707275390624 744.1348602294922 2239.9692138671876 884.6214263916015 0.8278692336309523 
253 1858.275128173828 642.1831665039062 2153.285784912109 729.9839477539062 0.287353515625 2093.716271972656 737.5483032226563 2244.733679199219 888.5657104492187 0.8296363467261905 
254 1850.935986328125 503.6148284912109 2009.744189453125 662.4229522705078 0.43264043898809523 2093.7633422851563 737.8907745361328 2241.9839721679687 889.6407806396485 0.8235909598214286 
255 1845.2720336914062 607.6108184814453 2161.3742065429688 737.5639251708984 0.268310546875 2100.1800048828127 746.884912109375 2244.1822998046873 887.3747314453125 0.8226841517857143 
256 1847.1980346679688 485.0608825683594 2023.0880981445312 738.3426818847656 0.35085332961309523 2099.397497558594 747.0019073486328 2247.145227050781 887.7139739990234 0.8213355654761905 
257 1844.2135620117188 491.58499603271486 2003.3032836914062 632.9980422973633 0.4794224330357143 2101.884521484375 744.0889038085937 2243.297607421875 889.0373168945313 0.8185221354166666 
258 1836.937567138672 490.7859375 1999.7839904785155 628.85126953125 0.5317964099702381 2104.3540771484377 745.948110961914 2238.8793212890623 891.0936981201172 0.8193824404761905 
259 1858.3893310546875 516.2502838134766 2007.2520263671875 643.8468231201172 0.377197265625 2105.4032470703123 745.9513732910157 2240.0884521484377 891.2696960449218 0.8131277901785714 
260 1855.11630859375 495.4350982666016 2010.6224609375 640.3385223388672 0.45947265625 2103.735949707031 748.2685241699219 2248.639294433594 893.1720275878906 0.8163132440476191 
261 1850.2044677734375 493.2747543334961 2002.7830810546875 635.2083084106446 0.4759928385416667 2102.5458984375 749.4375091552735 2244.4794921875 894.9193634033203 0.8141973586309523 
262 1849.9800903320313 490.66178741455076 2002.5164916992187 629.0088363647461 0.4928501674107143 2104.980578613281 746.3446594238281 2246.875134277344 891.7864440917969 0.8146391369047619 
263 1847.8119689941407 489.8325500488281 2000.4047058105468 635.3279724121094 0.47556268601190477 2109.185095214844 746.4286193847656 2244.034387207031 891.9240417480469 0.8069893973214286 
264 1857.1163208007813 507.43129577636716 2006.2218139648437 660.0869537353516 0.43225678943452384 2113.545056152344 748.15751953125 2241.349719238281 897.2630126953125 0.8146158854166666 
265 1865.9856567382812 528.7368957519532 2000.7352905273438 688.3088806152343 0.3527948288690476 2104.79794921875 747.773291015625 2250.1859375 900.2531982421875 0.8219168526785714 
266 1855.2952941894532 500.5282012939453 2018.5336853027343 653.1205413818359 0.39687965029761907 2112.8460205078127 752.4829864501953 2244.1466552734373 897.9780120849609 0.8028041294642857 
267 1836.9114929199218 491.68248596191404 1997.5114807128907 630.8692108154297 0.49460565476190477 2121.4618408203123 754.8195190429688 2242.8042724609377 897.5751342773438 0.8252185639880952 
268 1843.0722351074219 490.2409271240234 2002.9593811035156 639.4688507080078 0.47594633556547616 2113.786962890625 752.6197113037109 2248.802880859375 901.8476348876953 0.8191499255952381 
269 1823.4993103027343 493.2194305419922 1997.7664367675782 635.4782623291015 0.5411086309523809 2115.6772338867186 755.4407165527343 2247.2663696289064 901.2560607910157 0.8172433035714286 
270 1833.5388305664062 496.9192352294922 1997.2172729492188 632.1318511962891 0.5145786830357143 2122.7132568359375 755.3012115478516 2247.2510986328125 904.7467010498046 0.8227771577380952 
271 1857.8963012695312 536.9856414794922 1993.4330444335938 683.2225494384766 0.35146949404761907 2118.5437622070312 756.4781951904297 2254.0805053710938 902.7151031494141 0.8234979538690477 
272 1840.69814453125 501.93616943359376 1994.20859375 641.1666137695313 0.48985072544642855 2116.962048339844 759.6634674072266 2256.192492675781 902.4639129638672 0.8198939732142857 
273 1835.4431274414062 494.4436859130859 1992.5961791992188 640.8818145751953 0.4638788132440476 2131.2041625976562 760.9445495605469 2249.0690307617188 907.3825988769531 0.8122907366071429 
274 1842.1910888671875 485.6107116699219 1995.7637451171875 628.4690002441406 0.48080589657738093 2125.7098388671875 766.244906616211 2250.7110595703125 905.5317657470703 0.8207310267857143 
275 1851.8782836914063 492.0964950561523 1995.0233276367187 628.0841995239258 0.4636346726190476 2129.634619140625 766.9623565673828 2251.307763671875 906.5286712646484 0.8195684523809523 
276 1845.0777282714844 492.4655960083008 1995.6242980957031 639.4276840209961 0.41592261904761907 2138.3127563476564 762.2637115478516 2256.5991088867186 912.8102020263672 0.8098028273809523 
277 1865.1194763183594 511.4590209960937 1994.9917297363281 655.7615600585938 0.2653169177827381 2132.7727783203127 769.9548126220703 2251.8224365234373 910.6497406005859 0.8123604910714286 
278 1858.7516235351563 495.8420181274414 1991.4173217773437 635.6787033081055 0.38155691964285715 2139.3904296875 768.0684417724609 2254.128125 915.0762725830078 0.8100818452380952 
279 1891.031756591797 521.8487823486328 1992.1180236816406 648.206576538086 0.22871326264880953 2136.1105712890626 766.5108306884765 2255.2478271484374 914.5300018310547 0.8137090773809523 
280 1865.1228820800782 495.5815673828125 1998.7615173339843 661.7270263671875 0.2960786365327381 2136.2898559570312 766.7486999511718 2255.4813842773438 918.4467346191407 0.8148949032738095 
281 1859.8200134277345 524.0458129882812 1993.464044189453 672.1379028320313 0.2585332961309524 2139.333251953125 767.7170318603515 2258.529541015625 923.0331512451172 0.8164760044642857 
282 1853.6845581054688 501.09266357421876 1994.5952270507812 638.3902465820313 0.3421223958333333 2136.478625488281 765.4044067382813 2259.323864746094 924.3805053710937 0.8274507068452381 
283 1847.7062561035157 492.72403411865236 1995.9413269042968 630.1126663208008 0.3792201450892857 2140.7000732421875 768.7528289794922 2256.3956298828125 924.2189117431641 0.8228004092261905 
284 1851.2751159667969 495.1149139404297 1992.3065490722656 632.5301666259766 0.37193080357142855 2134.3114379882813 775.2305450439453 2257.2620483398437 919.8781585693359 0.8162899925595238 
285 1854.4248657226562 493.70308990478514 1995.2809448242188 630.9473922729492 0.4104585193452381 2134.3310424804686 776.2485626220703 2257.1286743164064 920.7162200927735 0.8182198660714286 
286 1858.3948608398437 496.2535736083984 1992.1498168945313 633.6234405517578 0.38292875744047616 2138.1399780273437 775.859652709961 2257.4349731445313 924.0744903564453 0.8211960565476191 
287 1878.4794067382813 517.9836486816406 2211.8611694335937 797.0096374511719 0.22990490141369047 2136.8781127929688 771.9223510742188 2260.0845336914062 927.7420776367187 0.8048967633928571 
288 1843.1326293945312 513.8858276367188 2216.4017944335938 734.9480346679687 0.24590192522321427 2140.01962890625 772.3028533935546 2259.6107421875 928.1336090087891 0.8086867559523809 
289 1881.8404174804687 574.1994750976562 2215.3751586914063 784.4713012695313 0.21037946428571427 2140.7760009765625 776.1050598144532 2260.4134521484375 928.3708923339843 0.8123139880952381 
290 1863.0642517089843 516.4850524902344 1975.4163391113282 672.3284240722656 0.2662353515625 2137.3930786132814 779.3836791992187 2264.2424194335936 927.9785034179688 0.8115001860119048 
291 1834.1064758300781 495.3867553710937 1986.5494079589844 636.9407592773438 0.41343470982142855 2131.7328247070313 779.3324127197266 2269.6575561523437 928.1456756591797 0.8175688244047619 
292 1845.753485107422 500.51747436523436 1994.4192443847655 667.3130920410156 0.32726469494047616 2141.132458496094 781.113427734375 2268.042102050781 933.405126953125 0.810546875 
293 1853.3660949707032 484.5694274902344 2012.2119079589843 628.9746398925781 0.46592494419642855 2139.9547485351563 780.4611968994141 2269.9195190429687 935.6967010498047 0.8012230282738095 
294 1852.5793579101562 504.65960693359375 1990.2546264648438 667.6959838867188 0.32491629464285715 2140.889025878906 784.6084350585937 2267.695202636719 936.7757202148438 0.8148018973214286 
295 1869.60576171875 485.6289337158203 2000.279248046875 663.490023803711 0.30221121651785715 2129.9754028320312 788.1602630615234 2278.7977905273438 933.3529815673828 0.8182198660714286 
296 1858.5320190429688 487.73780364990233 1996.6789184570312 625.8846633911132 0.4057035900297619 2131.330126953125 788.9203186035156 2280.383251953125 934.3379821777344 0.8099190848214286 
297 1857.8103637695312 486.99769592285156 2003.1574096679688 628.7111053466797 0.39856538318452384 2131.31455078125 788.0338592529297 2280.2953125 937.0145416259766 0.8173595610119048 
298 1867.065850830078 488.4421127319336 2004.8126892089845 658.8131668090821 0.35355050223214285 2133.49736328125 789.3102203369141 2282.11884765625 937.9317840576172 0.8055245535714286 
299 1847.5399597167968 502.9891784667969 2003.9765197753907 659.4257385253907 0.32474190848214285 2130.189111328125 789.2764892578125 2286.625830078125 938.4368896484375 0.8178478422619048 
300 1858.9861145019531 497.7884033203125 2004.4053649902344 639.5721923828125 0.37851097470238093 2135.002978515625 791.0039886474609 2287.693310546875 936.4233184814453 0.78857421875 
301 1834.9924194335938 498.0774749755859 2017.3215454101562 633.0009552001953 0.45017206101190477 2135.695031738281 794.1518615722656 2288.851599121094 940.0151306152344 0.8077334449404762 
302 1848.180438232422 496.4343658447266 2015.7901428222656 642.1820281982422 0.38261486235119047 2138.974963378906 796.7585510253906 2288.366101074219 938.8624206542969 0.8069428943452381 
303 1864.1641174316405 497.0568603515625 2140.848455810547 693.6482177734375 0.2877894810267857 2139.3080078125 797.4047332763672 2288.571875 939.3874420166015 0.7977818080357143 
304 1855.706787109375 466.00547943115237 2212.673583984375 819.3296340942383 0.23211379278273808 2143.0454345703124 794.9527923583985 2292.3886474609376 944.2959259033203 0.7992699032738095 
305 1852.4337097167968 487.39776916503905 2005.9719299316407 640.9359100341796 0.37096586681547616 2138.41943359375 797.5672485351563 2299.26904296875 943.7940795898437 0.8287295386904762 
306 1837.8416870117187 488.7575744628906 2039.1776000976563 646.1656433105469 0.3798014322916667 2149.1379272460936 799.7722778320312 2288.2426879882814 946.1984252929688 0.7978050595238095 
307 1835.6363159179687 489.5161666870117 2033.3407348632813 643.2863540649414 0.374755859375 2152.61123046875 803.3931579589844 2288.07529296875 946.1797180175781 0.7949683779761905 
308 1834.5136291503907 486.83147888183595 2021.2218444824218 636.9303009033204 0.40922619047619047 2149.354846191406 803.0809204101563 2292.131726074219 945.8578002929687 0.8102911086309523 
309 1850.9203552246095 484.7482849121094 2023.097833251953 675.2425598144531 0.29000418526785715 2146.9472045898438 802.6144409179688 2293.4812622070312 949.1484985351562 0.8120582217261905 
310 1840.395440673828 482.1546798706055 2023.8739685058595 669.3027481079101 0.28553989955357145 2156.8252807617187 809.452035522461 2288.9298461914063 948.8956817626953 0.8028506324404762 
311 1837.7330444335937 484.17880096435545 2024.6534301757813 671.0993057250977 0.26264880952380953 2167.5928344726562 804.5938171386719 2281.2111206054688 951.1981750488281 0.7945498511904762 
312 1838.3230224609374 482.1250335693359 2029.1100830078126 669.2430694580078 0.2795817057291667 2161.616796875 808.9466125488282 2290.03115234375 952.0369079589843 0.7825753348214286 
313 1831.634454345703 493.64831085205077 2019.1754821777345 633.384861755371 0.3613397507440476 2157.2149291992187 813.2885437011719 2293.2740844726563 953.0250549316406 0.8012230282738095 
314 1823.7414855957031 492.26788330078125 2007.7290954589844 628.4187622070312 0.39560081845238093 2158.0327392578124 814.9538665771485 2290.5038818359376 951.1046661376953 0.7998976934523809 
315 1839.6476623535157 486.3113128662109 2020.3033874511718 644.8458526611328 0.3516438802083333 2156.291357421875 815.0081573486328 2296.391748046875 951.4215911865234 0.8260323660714286 
316 1837.3118103027343 505.9569122314453 2025.3216125488282 657.1019866943359 0.3754069010416667 2167.817736816406 813.0678924560547 2293.157604980469 956.8400054931641 0.8233351934523809 
317 1835.7843139648437 507.03208312988284 2016.5982543945313 639.8749603271484 0.4059361049107143 2169.0269287109377 811.8895111083984 2290.7997314453123 959.4927520751953 0.8108026413690477 
318 1829.846209716797 499.1223480224609 2025.1824768066406 628.1180694580078 0.47691127232142855 2166.36904296875 814.5239471435547 2295.36484375 961.9475494384766 0.8133138020833334 
319 1832.751641845703 499.38478088378906 2031.9755310058595 635.8899383544922 0.3889276413690476 2167.629248046875 813.5454193115235 2293.066552734375 957.4292510986328 0.7996884300595238 
320 1830.9355590820312 497.2696868896484 2034.2265502929688 648.8138702392578 0.3471795944940476 2169.706298828125 813.7212371826172 2295.377197265625 957.8729400634766 0.8088262648809523 
321 1833.1882934570312 486.1969299316406 2036.7306518554688 652.7316589355469 0.3307989211309524 2168.6773681640625 816.1349822998047 2301.9051513671875 960.465054321289 0.8136393229166666 
322 1826.0613098144531 490.7235763549805 2029.7679138183594 638.8738662719727 0.3614908854166667 2170.795446777344 819.6456329345704 2300.426965332031 956.6846282958984 0.7898065476190477 
323 1823.5220947265625 490.5839782714844 2027.1485595703125 642.3781799316406 0.3527715773809524 2170.9685791015627 819.3765289306641 2300.5489990234373 960.0638397216796 0.7911783854166666 
324 1844.1777587890624 489.71580505371094 2030.0771240234376 694.2051544189453 0.25844610305059523 2170.5028564453123 826.7656982421875 2304.3501708984377 960.613330078125 0.7705310639880952 
325 1844.7269348144532 490.0135559082031 2031.0834899902343 687.5515075683594 0.29959542410714285 2171.424206542969 827.0321746826172 2309.327990722656 961.208853149414 0.7679036458333334 
326 1847.9391967773438 503.13604736328125 2011.9648559570312 685.8009643554688 0.3137090773809524 2168.8215087890626 829.8969512939453 2310.4802490234374 964.0998138427734 0.7697870163690477 
327 1824.1032470703126 498.1402160644531 2004.3779541015624 629.5904968261718 0.385009765625 2179.741357421875 827.0548919677734 2307.435888671875 962.2608428955078 0.7668573288690477 
328 1838.6749572753906 499.77821655273436 2027.4042663574219 631.8886535644531 0.3697102864583333 2175.7745849609373 827.005728149414 2311.6594970703127 966.6653533935547 0.7741582961309523 
329 1837.4869201660156 507.9165863037109 2014.386737060547 634.8229766845703 0.3013276599702381 2183.0035400390625 829.4719390869141 2313.7557373046875 964.0696258544922 0.7227027529761905 
330 1841.9477111816407 510.55601806640624 2004.4142272949218 630.4718139648437 0.35813104538690477 2185.6268920898438 830.1330413818359 2309.4109497070312 965.5218048095703 0.7374906994047619 
331 1843.2195068359374 488.52738494873046 2047.0351318359376 642.3505752563476 0.29159691220238093 2185.476110839844 830.9319305419922 2320.071496582031 965.5272369384766 0.7333751860119048 
332 1843.908514404297 498.77353515625 2016.7271057128905 633.1880126953125 0.33842540922619047 2182.1603149414063 829.1968139648437 2316.5747924804687 967.4516235351563 0.7276320684523809 
333 1824.5110717773437 500.4838928222656 2017.1691040039063 638.0967956542969 0.4398716517857143 2187.7485229492186 836.6525207519531 2325.3615844726564 970.3336853027344 0.7381649925595238 
334 1834.621240234375 509.89723815917966 2026.655615234375 647.0646148681641 0.40930757068452384 2187.638806152344 832.014437866211 2324.806262207031 973.1008575439453 0.7214471726190477 
335 1835.9902282714843 512.2361999511719 2015.1031555175782 644.6240295410156 0.38247535342261907 2189.2738647460938 835.2683776855469 2317.7678833007812 971.5498596191406 0.7310267857142857 
336 1843.21865234375 507.5468383789063 2009.973486328125 643.2775024414062 0.3273809523809524 2187.318469238281 835.2394409179688 2319.171032714844 974.8482055664062 0.7205868675595238 
337 1829.1348876953125 513.0081665039063 2015.8734130859375 645.2812622070312 0.34215727306547616 2188.09765625 834.862661743164 2324.26123046875 978.8069549560547 0.7346307663690477 
338 1847.9361145019532 506.9025634765625 2023.5010192871093 666.8615966796875 0.30700102306547616 2192.0132080078124 836.2741851806641 2324.6620849609376 976.7259979248047 0.7203543526785714 
339 1828.8011474609375 502.5021575927734 2011.9532470703125 638.8919464111328 0.41857328869047616 2190.908740234375 844.6757293701172 2327.298291015625 977.1686920166015 0.7272832961309523 
340 1836.5458984375 508.95106811523436 2011.953857421875 645.3794982910156 0.38669549851190477 2188.411279296875 841.7764465332032 2328.737646484375 978.2048767089843 0.7282598586309523 
341 1824.717950439453 509.11220397949216 2008.5106872558595 634.2475982666016 0.40351795014880953 2191.5512084960938 838.1942626953125 2324.5076293945312 978.971630859375 0.7358863467261905 
342 1838.7736267089845 514.0280578613281 2017.882745361328 685.1768981933594 0.3029668898809524 2187.5009643554686 839.1802368164062 2342.7287719726564 978.4874877929688 0.7313290550595238 
343 1837.3424560546875 510.7491790771484 2012.2686279296875 681.6997344970703 0.3305082775297619 2185.6657470703126 842.0996704101562 2336.7380615234374 977.2698364257812 0.7276088169642857 
344 1833.9414855957032 509.8912841796875 2032.5198181152343 688.611767578125 0.26046316964285715 2187.2580810546874 841.3643676757813 2342.1491455078126 980.3691528320312 0.7372581845238095 
345 1852.4325927734376 486.1123565673828 2047.8877197265624 951.2956634521485 0.21494838169642858 2192.97568359375 842.2918518066406 2329.7943359375 983.0195495605469 0.7267485119047619 
346 1841.4599609375 510.0559844970703 2029.25537109375 690.0267181396484 0.2689092726934524 2192.97451171875 846.5229736328125 2333.82138671875 979.544775390625 0.7295619419642857 
347 1840.7804870605469 514.9575500488281 2032.5519104003906 691.0740661621094 0.23286365327380953 2191.959814453125 844.1599609375 2340.680322265625 985.053173828125 0.7268182663690477 
348 1862.6772155761719 507.12372131347655 2049.4308166503906 685.9302947998046 0.24093191964285715 2189.419677734375 847.9260894775391 2352.332275390625 986.9979217529296 0.7305850074404762 
349 1847.0995300292968 501.3557434082031 2023.1630432128907 681.3316345214844 0.2953520275297619 2189.8966064453125 842.0459106445312 2342.4847412109375 990.7216674804688 0.7445126488095238 
350 1836.4160400390624 504.6808807373047 2000.9174560546876 637.848599243164 0.38049897693452384 2194.191540527344 844.2285552978516 2339.109484863281 985.2297576904297 0.7401646205357143 
351 1849.5523986816406 511.7376403808594 2010.0822448730469 644.8598937988281 0.3340541294642857 2190.791296386719 848.1575225830078 2343.490197753906 989.110482788086 0.7418852306547619 
352 1844.0531188964844 499.4549133300781 2000.633770751953 640.3774841308593 0.34336635044642855 2193.799951171875 845.2873046875 2346.466162109375 990.12431640625 0.7480701264880952 
353 1860.4573669433594 509.86293029785156 2024.8354797363281 685.9822235107422 0.27138555617559523 2192.5250854492188 844.6401184082031 2349.0757446289062 989.4493591308594 0.7481863839285714 
354 1857.6156372070313 503.9892547607422 2018.1221557617187 684.0696441650391 0.27600678943452384 2192.7821411132813 845.3289611816406 2345.4588256835937 990.1762878417969 0.7462100074404762 
355 1831.4454711914063 515.9254791259766 1992.1424194335937 653.1057098388671 0.3934965587797619 2194.144006347656 843.6506927490234 2347.002233886719 988.6698028564454 0.7427455357142857 
356 1828.1935485839845 509.38843994140626 1992.912530517578 646.6542846679688 0.42246791294642855 2194.587854003906 843.3518035888671 2347.541296386719 988.4613677978516 0.7471400669642857 
357 1824.7332641601563 509.1232452392578 1993.4244506835937 642.5069427490234 0.4003324962797619 2195.159765625 842.733349609375 2344.2357421875 987.8861572265625 0.7436058407738095 
358 1832.4577941894531 505.3678039550781 2008.8123474121094 638.6135192871094 0.3958333333333333 2193.9092041015624 848.5809600830078 2346.7499755859376 985.745639038086 0.7478608630952381 
359 1849.3683471679688 498.18662109375 2002.0881958007812 674.402001953125 0.29918852306547616 2192.310400390625 845.1953399658203 2348.946435546875 990.083529663086 0.7519996279761905 
360 1846.9266662597656 632.7974426269532 2033.8278503417969 942.9739196777343 0.20454915364583334 2188.7631225585938 840.8053192138672 2355.7810668945312 991.9169097900391 0.7500465029761905 
361 1827.2564392089844 504.4257751464844 2009.9919738769531 675.2439025878906 0.30016508556547616 2190.588659667969 840.2559997558594 2349.489221191406 987.2389953613281 0.7548828125 
362 1828.7459899902344 509.74855346679686 1999.688214111328 680.6907775878906 0.3023274739583333 2194.024304199219 843.2236145019531 2353.040393066406 986.3380310058594 0.7528599330357143 
363 1833.4597595214843 492.02240600585935 1997.0501281738282 683.5427795410156 0.2960728236607143 2185.5012939453127 844.3707580566406 2357.0714599609373 988.0110778808594 0.7486979166666666 
364 1842.700732421875 502.45481262207034 2029.865185546875 689.6193450927734 0.26437523251488093 2187.62265625 841.4033477783203 2358.85830078125 984.7633392333985 0.7432338169642857 
365 1839.6550537109374 506.20848693847654 2031.5275634765626 682.4179168701172 0.28822544642857145 2186.2003662109373 844.1691741943359 2350.6624267578127 989.0524444580078 0.7402576264880952 
366 1839.6099182128905 499.0889617919922 2016.061590576172 652.0137603759765 0.30104864211309523 2191.306884765625 843.8484558105469 2352.073974609375 988.9309631347656 0.7477911086309523 
367 1832.5736083984375 499.9709075927734 2017.0555419921875 645.2013946533203 0.3276250930059524 2192.0264892578125 844.176220703125 2349.0325927734375 989.406787109375 0.7470935639880952 
368 1834.301934814453 499.93174743652344 2009.7348083496095 635.4934844970703 0.41679454985119047 2188.388146972656 842.0564117431641 2351.859655761719 989.5795135498047 0.7463727678571429 
369 1846.582666015625 512.7397247314453 2034.986181640625 693.2931732177734 0.2371884300595238 2191.385498046875 846.3711334228516 2348.388427734375 987.6738494873047 0.7411644345238095 
370 1837.1232788085938 507.4012023925781 2029.3737915039062 683.9579284667968 0.2688104538690476 2191.293005371094 843.4625305175781 2348.232141113281 984.7078796386719 0.7376999627976191 
371 1833.0731201171875 505.5292053222656 2008.4937744140625 649.0552673339844 0.3452845982142857 2190.661474609375 842.416845703125 2350.134912109375 989.9297119140625 0.7453729538690477 
372 1831.5520812988282 505.4831298828125 2018.8855407714843 668.9016357421875 0.32312593005952384 2189.5090454101564 837.5323272705078 2356.9135620117186 992.9792083740234 0.7485119047619048 
373 1826.584735107422 505.3958801269531 2029.8904846191406 640.9330993652344 0.3478887648809524 2193.025830078125 841.325732421875 2356.467822265625 988.8220947265625 0.7526739211309523 
374 1837.1949096679687 507.38243713378904 2020.4996704101563 686.7022186279297 0.30845424107142855 2192.4627197265627 838.5876251220703 2351.8580810546873 990.0132659912109 0.7480933779761905 
375 1829.0594848632813 509.2920440673828 2008.6184936523437 636.978402709961 0.35574776785714285 2188.637805175781 834.0329193115234 2364.206677246094 993.6408477783203 0.7574637276785714 
376 1838.8622924804688 515.1318634033203 2006.2172973632812 650.609652709961 0.35549200148809523 2193.4953857421874 838.1943481445312 2368.8195556640626 989.6107055664063 0.7735537574404762 
377 1829.86513671875 512.9932342529297 1997.35947265625 640.608023071289 0.36367652529761907 2189.5485107421873 834.944369506836 2376.9827392578127 990.4748809814453 0.7751348586309523 
378 1824.1705017089844 511.3214599609375 1989.0754699707031 629.110791015625 0.45674060639880953 2182.9746704101562 840.376416015625 2379.2902221679688 985.6498291015625 0.7982003348214286 
379 1832.1359008789063 513.2172271728516 2001.1482788085937 638.9938934326171 0.38185918898809523 2176.661083984375 841.4156311035156 2373.187060546875 978.9837829589844 0.7875744047619048 
380 1834.224462890625 497.5839538574219 1984.2875 628.8891906738281 0.3324614025297619 2159.6015625 850.5208709716796 2365.9384765625 974.3229400634766 0.7940383184523809 
381 1837.3763488769532 508.4536102294922 1995.7587829589843 639.1190826416016 0.494873046875 2152.161413574219 850.4987518310547 2354.099084472656 973.2452056884765 0.7708565848214286 
382 1831.0004455566407 500.5083862304688 1987.6652038574218 618.0069946289062 0.44882347470238093 2145.384313964844 852.5521392822266 2345.132043457031 973.9673309326172 0.7749953497023809 
383 1838.7358459472657 481.4057357788086 2005.9034362792968 617.4724685668946 0.41342308407738093 2139.278674316406 847.1411010742188 2345.322644042969 975.4326293945312 0.7715308779761905 
384 1828.1894653320312 478.3572738647461 1998.0029174804688 602.8871414184571 0.45585704985119047 2130.805712890625 843.6738372802735 2319.487255859375 971.9773468017578 0.7928989955357143 
385 1846.821063232422 472.8259582519531 2009.4319885253906 620.6541442871094 0.2819707961309524 2129.826550292969 841.6856414794922 2303.524768066406 971.0352447509765 0.8165457589285714 
386 1838.2509643554688 458.15465850830077 1995.0529907226562 578.4911849975585 0.33987862723214285 2125.0668334960938 825.4755096435547 2300.1018676757812 971.3379058837891 0.8424246651785714 
387 1834.6971008300782 438.5558120727539 1996.8779724121093 568.3003585815429 0.24862816220238096 2118.582666015625 815.8685516357422 2295.179541015625 967.2372222900391 0.8439127604166666 
388 1825.6819458007812 445.06529846191404 1994.5692749023438 574.4258514404297 0.2542085193452381 2113.978967285156 806.1967224121094 2275.679479980469 967.8973937988281 0.853515625 
389 1830.5747802734375 422.4586349487305 1995.1403076171875 572.7141250610351 0.24479166666666666 2105.355224609375 800.9868927001953 2273.498291015625 961.9749603271484 0.8392857142857143 
390 1834.3361938476562 419.56497955322266 1985.4113647460938 570.6401901245117 0.2963285900297619 2094.46123046875 793.1991973876953 2263.10322265625 961.8412689208984 0.8551432291666666 
391 1828.6130432128907 439.81991424560545 1989.3790222167968 572.6266494750977 0.45078822544642855 2088.580810546875 787.9671630859375 2256.336669921875 955.7230224609375 0.8578869047619048 
392 1829.7464904785156 457.5342132568359 1990.3778991699219 579.7538116455078 0.5329706101190477 2084.9301879882814 785.3782043457031 2245.5617553710936 952.9936218261719 0.8562127976190477 
393 1817.656231689453 475.8678726196289 1997.4061462402344 595.701188659668 0.5649181547619048 2077.2497436523436 773.0111419677735 2239.3774536132814 949.2365997314453 0.8601422991071429 
394 1819.3730773925781 469.93519592285156 1997.2066345214844 598.9517059326172 0.4045991443452381 2070.4321166992186 780.1380615234375 2234.3181274414064 940.5369873046875 0.8526553199404762 
395 1821.9292602539062 482.6862503051758 1992.1495971679688 621.6417221069336 0.4736444382440476 2062.829833984375 764.6054412841797 2229.576416015625 938.299771118164 0.8419363839285714 
396 1817.3827087402344 491.2083679199219 2083.4826477050783 639.8096984863281 0.3227422805059524 2057.56376953125 765.6821350097656 2223.44453125 931.5627380371094 0.833984375 
397 1821.2075744628905 478.49815826416017 2022.310369873047 631.8816940307618 0.39779808407738093 2050.2341430664064 750.6556365966796 2220.6601440429686 931.3073150634766 0.8357514880952381 
398 1812.350537109375 505.3403778076172 2020.965625 619.7422027587891 0.4872349330357143 2049.566162109375 744.6265594482422 2221.168701171875 916.2293365478515 0.7958286830357143 
399 1814.6484741210938 500.32558288574216 2008.4738403320312 627.3144927978516 0.5034528459821429 2040.9921630859376 744.6636199951172 2211.4248291015624 915.0962066650391 0.8114536830357143 
400 1803.8295776367188 499.2443603515625 2026.9931762695312 629.145654296875 0.47958519345238093 2038.7792724609376 740.2150817871094 2201.9883056640624 913.4167541503906 0.8089890252976191 
401 1809.092791748047 501.5794982910156 2025.4398010253906 618.0740661621094 0.5409574962797619 2037.6013305664062 739.0490661621094 2204.0219604492186 905.4698547363281 0.8038271949404762 
402 1814.2957824707032 504.69597778320315 2054.0107360839843 634.5415710449219 0.466796875 2037.8760375976562 738.6485168457032 2204.3449096679688 905.1172302246093 0.7964564732142857 
403 1815.378973388672 510.7380035400391 2051.5852600097655 633.8315155029297 0.4748418898809524 2038.7896118164062 735.6842407226562 2201.8053588867188 905.3536010742188 0.8019438244047619 
404 1815.2931335449218 499.80291137695315 2044.9530822753907 636.2675231933594 0.4131556919642857 2039.8323120117188 737.0158050537109 2209.581018066406 903.4360382080079 0.7947358630952381 
405 1809.3158630371095 505.59324951171874 2042.262628173828 642.0335815429687 0.42093331473214285 2040.0866821289062 743.1478302001954 2203.1494018554686 906.2106292724609 0.8098958333333334 
406 1810.6158874511718 506.6045623779297 2040.5075256347657 639.875112915039 0.5041736421130952 2040.8918090820312 744.0567657470704 2207.480017089844 907.3131683349609 0.7999209449404762 
407 1817.7381958007813 510.0773895263672 2047.2723022460937 643.1406890869141 0.42011951264880953 2043.3060791015625 744.6014434814454 2202.9820068359377 907.6039398193359 0.8015485491071429 
408 1817.4172058105469 541.1775146484375 2106.7552795410156 665.6601318359375 0.41240001860119047 2041.7963500976562 743.9469940185547 2203.287390136719 905.437954711914 0.79833984375 
409 1826.0386657714844 522.5126281738281 2065.569854736328 625.6441101074219 0.5023251488095238 2044.71337890625 738.6281585693359 2207.7275390625 898.3157501220703 0.7986653645833334 
410 1806.114306640625 510.7254119873047 2045.069287109375 636.8405670166015 0.48595610119047616 2042.5162719726563 738.44755859375 2201.8199096679687 904.388623046875 0.8124534970238095 
411 1802.8837524414062 516.419644165039 2028.1719116210938 620.6574432373047 0.5193684895833334 2040.45791015625 734.4653930664062 2201.85849609375 899.2283325195312 0.8091750372023809 
412 1826.3331787109375 545.805029296875 2088.8474853515627 646.772119140625 0.4201543898809524 2039.5289428710937 721.4618865966797 2204.442004394531 893.105923461914 0.7969912574404762 
413 1814.5234375 523.9845306396485 2075.694580078125 631.1316192626953 0.4605189732142857 2037.3173583984376 714.9691192626954 2198.0381103515624 885.7347991943359 0.7853887648809523 
414 1818.2207397460938 518.2348724365235 2036.8083129882812 634.1525177001953 0.45556640625 2031.8404174804687 703.1936004638671 2187.5011352539063 872.1021148681641 0.7727864583333334 
415 1806.2285522460938 516.2003967285157 2022.9816528320312 624.5769470214843 0.5230073474702381 2021.5922058105468 679.2704498291016 2189.0832092285154 863.1821258544921 0.7771112351190477 
416 1838.1082763671875 557.6233459472656 2051.3609619140625 665.8900817871094 0.39637974330357145 2012.8744873046876 659.5808746337891 2176.9150634765624 846.5870330810546 0.7808779761904762 
417 1877.43720703125 614.6275604248046 2061.451953125 721.1624176025391 0.4691569010416667 2004.5837158203126 641.0750183105469 2162.7717529296874 841.2313781738281 0.7779482886904762 
418 1859.6307983398438 589.6656555175781 2056.5176391601562 696.1782165527344 0.40132068452380953 2002.5165283203125 628.1491973876953 2144.5332763671877 831.4913665771485 0.7752511160714286 
419 1882.667626953125 593.0320068359375 2075.996923828125 721.918310546875 0.36582728794642855 2002.0112670898438 613.4803070068359 2127.675500488281 822.9205108642578 0.7731352306547619 
420 1906.1980041503907 597.4552062988281 2070.556756591797 710.2503601074219 0.42018926711309523 2001.0202880859374 611.0898040771484 2117.0383056640626 820.5665069580078 0.7895042782738095 
421 1888.4804382324219 597.683950805664 2043.2259826660156 707.2953582763672 0.5192987351190477 1997.0998962402343 606.3635955810547 2113.159014892578 812.6909088134765 0.78173828125 
422 1890.9510986328125 599.2599334716797 2042.3941162109375 692.7033843994141 0.5155901227678571 1988.1125793457031 612.148681640625 2113.7779235839844 808.7022705078125 0.7966889880952381 
423 1885.96748046875 607.37861328125 2040.43388671875 713.574267578125 0.5157645089285714 1983.0041625976562 612.205679321289 2111.7260620117186 805.2887664794922 0.7980375744047619 
424 1884.5981994628905 603.8910614013672 2045.513983154297 697.2221588134765 0.4916294642857143 1990.9264343261718 609.7088104248047 2110.0038635253904 802.8076080322265 0.7942940848214286 
425 1893.4690551757812 602.4871520996094 2044.6083374023438 702.1747131347656 0.5364932105654762 1987.962109375 606.5686981201172 2113.37529296875 799.5122955322265 0.8001069568452381 
426 1893.6048278808594 608.0114593505859 2051.419464111328 707.8533477783203 0.5487816220238095 1988.9872680664062 610.3650390625 2114.595007324219 797.1660888671875 0.7980608258928571 
427 1892.4507080078124 609.7981323242187 2040.5212158203126 716.0226684570313 0.5864722842261905 1989.1422973632812 613.2646850585937 2114.680212402344 796.7433715820313 0.7948521205357143 
428 1905.8424743652345 607.0945648193359 2047.506768798828 716.5623565673828 0.5782180059523809 1986.209649658203 610.5618682861328 2118.2150329589845 797.3011077880859 0.7997349330357143 
429 1909.9868103027343 603.7385467529297 2051.537481689453 716.3357330322266 0.5892740885416666 1990.6608032226563 605.0995727539063 2119.3433471679687 791.6892456054687 0.8048967633928571 
430 1900.2182067871095 599.9475952148438 2048.185723876953 699.6648315429687 0.4503696986607143 1994.7393432617187 607.9893157958984 2116.9733032226563 788.1236602783204 0.8116861979166666 
431 1892.1354614257812 603.5618682861328 2043.3052124023438 716.1350921630859 0.46493675595238093 1991.5956176757813 613.829556274414 2117.0345092773437 787.5138885498047 0.8126627604166666 
432 1897.7852905273437 599.4159576416016 2045.7183715820313 705.5418670654296 0.41006324404761907 1991.5422241210938 614.2587860107421 2120.1796997070314 784.7034332275391 0.8058035714285714 
433 1907.0700744628907 602.4347900390625 2045.3653503417968 705.352197265625 0.4885370163690476 1989.4535278320313 614.0624847412109 2121.3162475585937 787.7355499267578 0.8116164434523809 
434 1906.8309936523438 599.6309143066406 2048.1567993164062 699.2013610839844 0.4868745349702381 1992.3183166503907 610.1315460205078 2120.796307373047 790.0007171630859 0.8075009300595238 
435 1895.9398498535156 602.2087982177734 2043.7616882324219 701.8278839111329 0.46594819568452384 1994.9408874511719 613.0852691650391 2120.2682189941406 789.8288543701171 0.8027808779761905 
436 1876.0636413574218 597.8125610351562 2046.2682678222657 687.7318725585938 0.48629324776785715 1992.04482421875 615.3517303466797 2120.50107421875 788.7677154541016 0.8116861979166666 
437 1901.134228515625 594.4346557617188 2055.321337890625 694.0138305664062 0.5069173177083334 1995.8950561523438 615.5612548828125 2121.172082519531 789.0217529296875 0.80224609375 
438 1908.0290222167969 597.7351104736329 2052.7992248535156 719.9856536865234 0.5770321800595238 1991.1791076660156 616.1716888427734 2123.081024169922 793.1131622314454 0.7956891741071429 
439 1906.4238220214843 596.6065368652344 2060.672979736328 702.6528625488281 0.5030226934523809 1993.065380859375 618.8540496826172 2124.819873046875 789.1707916259766 0.8036411830357143 
440 1900.8772766113282 586.2513488769531 2058.5100524902346 702.0632263183594 0.49611700148809523 1996.1498596191407 619.5348968505859 2121.612713623047 790.0357208251953 0.7997814360119048 
441 1900.2284545898438 599.1641265869141 2044.7280883789062 701.9194305419921 0.4946870349702381 1996.3145568847656 621.3948150634766 2121.5476257324217 788.3722137451172 0.7995256696428571 
442 1888.8654846191407 598.7005584716796 2046.0799499511718 701.3712799072266 0.48036411830357145 1996.2255249023438 623.751220703125 2121.3552856445312 787.3826904296875 0.8085704985119048 
443 1894.9448608398438 601.0191467285156 2045.7140747070312 703.6704284667969 0.48915318080357145 1996.2390686035155 623.2273651123047 2124.553289794922 790.035757446289 0.8035249255952381 
444 1902.6350402832031 599.326937866211 2063.5711364746094 711.9822052001953 0.4961635044642857 1995.8541137695313 619.5058624267579 2121.384411621094 793.3168304443359 0.7938988095238095 
445 1899.087890625 600.8991851806641 2050.52392578125 704.0045623779297 0.4567754836309524 1993.3945373535157 620.3553527832031 2122.276239013672 791.1236511230469 0.7937825520833334 
446 1881.2342834472656 601.2914093017578 2045.5663757324219 701.179476928711 0.49374534970238093 1997.6051696777345 620.7485534667969 2120.048760986328 788.3027160644531 0.7996651785714286 
447 1901.189404296875 597.8860015869141 2052.545458984375 704.1572723388672 0.4610072544642857 1992.5975708007813 623.0294525146485 2124.6316772460937 790.4872100830078 0.7988978794642857 
448 1901.1473571777344 610.18583984375 2049.2411926269533 716.427197265625 0.5204729352678571 2003.5500549316407 619.3488891601562 2122.669061279297 796.4177124023438 0.7926432291666666 
449 1899.5133056640625 609.8291534423828 2060.4168701171875 716.025521850586 0.5502464657738095 2000.1398986816407 618.9882690429688 2125.644647216797 795.9821899414062 0.7973865327380952 
450 1893.3157165527343 604.3708984375 2047.7146789550782 710.52021484375 0.49961635044642855 2000.578436279297 618.4746704101562 2126.0276428222655 795.3901977539062 0.7998976934523809 
451 1894.743798828125 593.9925567626954 2045.89609375 703.3367279052734 0.5134393601190477 2001.6141479492187 619.1021148681641 2127.038439941406 789.5504119873046 0.8041294642857143 
452 1868.1489501953124 599.4871978759766 2032.1012939453126 702.3592987060547 0.4911993117559524 1998.7173400878905 619.2703247070312 2124.092596435547 786.4374389648438 0.7985026041666666 
453 1880.06484375 591.2659973144531 2031.509130859375 691.1547790527344 0.5240071614583334 1997.4279541015626 612.4583160400391 2119.8723388671874 786.4581268310546 0.7864350818452381 
454 1885.6386596679688 605.5296844482422 2040.1999633789062 708.5704742431641 0.4762369791666667 1992.6426086425781 615.0658752441407 2121.4436950683594 785.7272155761718 0.7982700892857143 
455 1868.801416015625 609.3470703125 2036.3052734375 702.7626708984375 0.4764927455357143 1986.1284484863281 612.8160827636718 2124.6414489746094 783.5412170410157 0.8055245535714286 
456 1865.37412109375 608.18798828125 2019.83291015625 704.7247314453125 0.48783947172619047 1980.7231994628905 609.1780883789063 2122.310369873047 782.9442260742187 0.7923409598214286 
457 1891.853094482422 608.776577758789 2026.8904357910155 718.0925018310547 0.5742885044642857 1985.464178466797 608.4055786132812 2123.7166076660155 785.2401733398438 0.7970377604166666 
458 1888.4543823242188 604.1679107666016 2030.0099731445312 713.5517547607421 0.5763346354166666 1988.9290893554687 609.4886596679687 2117.616076660156 779.9987670898438 0.7877604166666666 
459 1893.9102355957032 598.2970581054688 2038.6287048339843 691.5599975585938 0.5400274367559523 1987.296856689453 608.8108367919922 2115.935443115234 782.4727935791016 0.7947126116071429 
460 1870.06064453125 599.3409454345704 2034.12978515625 705.5033538818359 0.4782133556547619 1981.9147338867188 614.5600494384765 2120.2476196289062 781.8462615966797 0.8056408110119048 
461 1892.0582763671875 595.6350158691406 2036.9314697265625 695.4365173339844 0.4770624069940476 1981.9539367675782 612.5988037109375 2120.3882263183596 780.007763671875 0.8074311755952381 
462 1894.7021606445312 586.0316650390625 2039.6169311523438 685.8618896484375 0.48647925967261907 1978.9260375976562 610.060302734375 2123.8408081054686 780.7376708984375 0.8089425223214286 
463 1897.0396545410156 584.1254699707031 2041.940936279297 700.0465270996094 0.48896716889880953 1979.1504516601562 609.637973022461 2120.8317260742188 783.5195587158203 0.8042922247023809 
464 1891.7611511230468 602.4970153808594 2033.3632385253907 705.4802795410156 0.5555943080357143 1978.0345031738282 614.5034454345703 2122.8545349121096 785.0694915771485 0.8176618303571429 
465 1900.3146667480469 600.0537994384765 2035.5824279785156 706.3355438232422 0.5413178943452381 1978.4776428222656 614.5467651367187 2123.4074890136717 788.4623901367188 0.8152204241071429 
466 1894.9456726074218 604.1938751220703 2033.1860412597657 710.285189819336 0.5699172247023809 1983.9735229492187 616.5588348388671 2122.213732910156 786.9479400634766 0.8210332961309523 
467 1902.5862731933594 597.2324951171875 2041.0469055175781 706.7130615234375 0.5305059523809523 1981.4765563964843 614.942578125 2123.157354736328 785.6034423828125 0.8196614583333334 
468 1889.550390625 606.888818359375 2031.361474609375 700.3552001953125 0.5422712053571429 1981.2813659667968 615.3181365966797 2123.0922912597657 786.1360260009766 0.8096633184523809 
469 1889.8758178710937 602.9234588623046 2031.6066040039063 706.0004302978516 0.5298316592261905 1981.9264587402345 617.7903289794922 2120.435968017578 785.2902984619141 0.8107328869047619 
470 1868.962158203125 608.1181060791016 2017.072021484375 707.9312713623046 0.5709170386904762 1981.1590209960937 620.1303558349609 2122.8295043945313 787.5589141845703 0.8070824032738095 
471 1889.3318237304688 609.9325439453125 2027.8088012695312 716.2056396484375 0.6001441592261905 1980.2461242675781 614.5154541015625 2125.1639099121094 788.416796875 0.80322265625 
472 1892.5611511230468 600.3316680908204 2031.1442932128907 706.6860931396484 0.5143229166666666 1984.6606994628905 620.908413696289 2120.020819091797 785.2743865966797 0.8095935639880952 
473 1890.1353881835937 599.440805053711 2028.6009399414063 708.9251007080078 0.5148344494047619 1984.6337768554688 620.37158203125 2119.8791625976564 784.59814453125 0.8076171875 
474 1892.2781188964843 597.6664916992188 2034.0515930175782 703.9967163085937 0.49509393601190477 1987.9504272460938 620.7171173095703 2116.8354614257814 785.0456390380859 0.8014787946428571 
475 1882.1019897460938 606.934033203125 2023.7642211914062 716.4003173828125 0.523681640625 1987.2342834472656 620.431527709961 2119.237762451172 784.6310333251953 0.8041527157738095 
476 1890.0252624511718 594.1711212158203 2034.9274963378907 706.8728851318359 0.4558686755952381 1988.8560974121094 614.7298950195312 2114.4379699707033 785.3926635742188 0.8004557291666666 
477 1881.6634582519532 599.6095031738281 2032.9269958496093 705.8157897949219 0.45962379092261907 1985.3941223144532 617.3105590820312 2117.3474548339846 784.6658813476563 0.8089657738095238 
478 1876.7302856445312 594.1866088867188 2027.9933471679688 703.6109985351562 0.46936616443452384 1988.2589416503906 617.2102630615234 2116.993377685547 784.5651885986329 0.8086635044642857 
479 1881.9853149414062 594.3321899414062 2030.1208862304688 707.0440307617188 0.497314453125 1988.256414794922 617.741567993164 2117.0698791503905 785.1991668701172 0.8055478050595238 
480 1901.0709228515625 594.7069549560547 2033.1148681640625 704.2068023681641 0.48459588913690477 1988.1505432128906 620.9671356201172 2116.973846435547 781.996304321289 0.7985956101190477 
481 1892.6419067382812 591.6446563720704 2031.2064819335938 707.6522796630859 0.5202171688988095 1984.7291931152345 617.9199066162109 2120.071221923828 785.4865264892578 0.7985491071428571 
482 1890.1611755371093 585.7158477783203 2035.0481750488282 704.845248413086 0.5316685267857143 1988.2384765625 614.0740844726563 2120.246875 787.9386108398437 0.8049200148809523 
483 1867.7725708007813 583.1930114746094 2035.0418823242187 695.7780578613281 0.4879673549107143 1985.3064392089843 613.6281097412109 2120.408526611328 784.1140167236329 0.8000604538690477 
484 1873.7678955078125 592.0515899658203 2021.6168701171875 710.9737396240234 0.49441964285714285 1987.2507385253907 610.1000701904297 2115.815057373047 786.876187133789 0.7920154389880952 
485 1891.1752868652343 574.8931030273437 2032.5577453613282 693.7828002929688 0.5342494419642857 1989.4261962890625 607.0254913330078 2114.7422607421877 790.1798919677734 0.7864815848214286 
486 1872.6370178222655 595.1821380615235 2036.590155029297 691.6251739501953 0.5120210193452381 1982.3100280761719 605.3210388183594 2117.3302307128906 785.3480285644531 0.796875 
487 1871.4473205566405 580.6277252197266 2035.444891357422 696.3906463623047 0.4692964099702381 1981.1500549316406 602.5187835693359 2116.206756591797 785.8101348876953 0.7990373883928571 
488 1870.7354919433594 579.9359649658203 2037.875469970703 698.8625579833985 0.46608770461309523 1980.7611145019532 602.5592498779297 2115.7587829589843 782.5561676025391 0.7980840773809523 
489 1896.3367858886718 577.7628295898437 2040.9375061035157 693.4434692382813 0.44982328869047616 1984.7039611816406 605.323452758789 2113.2378112792967 782.0578338623047 0.7936662946428571 
490 1888.3838134765624 577.8035888671875 2039.4059814453126 693.4801025390625 0.43990652901785715 1984.9045654296874 607.8349884033203 2113.4338134765626 784.563021850586 0.7893647693452381 
491 1885.6474731445312 573.0963562011718 2039.8456909179688 685.5325500488282 0.47228422619047616 1987.8284606933594 608.0627471923829 2113.114532470703 781.5357025146484 0.7897832961309523 
492 1872.1803771972657 604.6641967773437 2026.5726745605468 707.5923950195313 0.5691266741071429 1983.6446472167968 605.2827239990235 2115.5214904785157 788.6235870361328 0.7852492559523809 
493 1866.5462890625 599.7012512207032 2030.74619140625 705.9481628417968 0.5690104166666666 1984.1856628417968 605.2736022949218 2116.1894592285157 792.0106994628907 0.7886207217261905 
494 1862.0692504882813 593.5514068603516 2026.1875854492187 709.3997039794922 0.5603841145833334 1982.1255798339844 605.557095336914 2114.063995361328 788.9834930419922 0.7755533854166666 
495 1882.3253784179688 583.0529205322266 2033.6455688476562 702.1772430419921 0.5548502604166666 1983.2468017578126 608.1903472900391 2118.4690185546874 788.4867156982422 0.7841796875 
496 1879.7414794921874 586.5218048095703 2037.4826416015626 695.9748382568359 0.5260649181547619 1986.3467407226562 614.1326416015625 2121.5534057617188 784.7506591796875 0.7957124255952381 
497 1866.276544189453 579.5845001220703 2039.7765563964845 675.973422241211 0.5148111979166666 1992.5707092285156 613.0734771728515 2121.089324951172 783.3605438232422 0.8074311755952381 
498 1869.6568298339844 588.0042663574219 2039.7192687988281 693.8922180175781 0.5024530319940477 1995.7844787597655 614.7847595214844 2120.924871826172 788.0559387207031 0.7940383184523809 
499 1879.455908203125 594.6344421386718 2039.94814453125 710.1889221191407 0.4790620349702381 1994.26953125 617.9675384521485 2122.66357421875 788.0894073486328 0.8079659598214286 
500 1860.7001953125 598.5489288330078 2018.353759765625 711.1586517333984 0.44984654017857145 1991.6243957519532 621.565805053711 2129.9736267089843 792.0891632080078 0.7981770833333334 
501 1865.4470581054688 604.9174072265625 2039.0741821289062 723.884228515625 0.41732933407738093 1995.6674438476562 620.8703186035157 2133.926062011719 794.4976013183593 0.8129185267857143 
502 1866.8258239746094 605.41005859375 2040.443585205078 721.155126953125 0.47251674107142855 2005.5716613769532 620.9911254882812 2134.1772399902343 794.6087280273438 0.8088727678571429 
503 1869.1204040527343 581.4545806884765 2042.9241516113282 706.9795623779297 0.4488002232142857 2005.1676513671875 626.1434783935547 2137.1297119140627 793.5101470947266 0.8121512276785714 
504 1867.225830078125 615.8206573486328 2044.306396484375 731.7279876708984 0.45031156994047616 2014.7104736328124 623.9936248779297 2137.0571044921876 797.8545806884765 0.7982700892857143 
505 1883.8158264160156 610.4041442871094 2035.2558288574219 732.8448791503906 0.47607421875 2013.1966125488282 623.912319946289 2138.8594177246096 801.1291229248047 0.7908296130952381 
506 1873.571795654297 606.6229766845703 2037.9251525878906 719.4145599365235 0.4480561755952381 2017.5978515625 621.1247589111329 2136.834765625 801.5912445068359 0.7895740327380952 
507 1896.8230895996094 609.2946075439453 2042.0376281738281 731.920297241211 0.5655691964285714 2018.2075317382812 622.0784515380859 2144.0602905273436 806.0169464111328 0.7959914434523809 
508 1897.3101989746094 607.6219055175782 2039.307110595703 723.8013122558593 0.5642438616071429 2018.3303588867188 624.9991577148437 2144.191369628906 805.7226440429688 0.7901553199404762 
509 1900.321954345703 603.4334228515625 2035.5932067871095 732.263232421875 0.5676618303571429 2009.3317016601563 627.5889709472656 2144.6031127929687 804.7299987792969 0.7837146577380952 
510 1912.4907653808593 611.3409545898437 2037.8111145019532 752.7280151367188 0.6109561011904762 2010.6212951660157 626.6661254882813 2142.368328857422 806.6132934570312 0.7851097470238095 
511 1896.57763671875 614.6970306396485 2034.81689453125 752.9362091064453 0.5519438244047619 2008.603338623047 630.4003692626953 2140.4128967285155 804.0031341552734 0.7887602306547619 
512 1898.9525146484375 611.549185180664 2037.1346435546875 752.9448944091797 0.5859375 2005.988055419922 627.2460998535156 2137.743023681641 803.9907165527344 0.7756463913690477 
513 1888.0219299316407 616.778955078125 2036.0475280761718 742.2787841796875 0.5800548735119048 2011.9129455566406 628.5368286132813 2137.4126159667967 802.3058227539062 0.7850167410714286 
514 1884.0109985351562 614.6576873779297 2035.2321655273438 736.9217193603515 0.5635928199404762 2008.2548767089843 625.6713806152344 2133.736456298828 802.6324523925781 0.7838309151785714 
515 1887.0420776367187 615.5795227050781 2034.9459594726563 728.1150573730469 0.5858444940476191 2005.1425476074219 631.5323486328125 2136.9698791503906 798.72802734375 0.7803664434523809 
516 1899.1782775878905 618.1122253417968 2030.498114013672 743.0263244628907 0.5715913318452381 2005.4907104492188 632.6486053466797 2133.6076782226564 802.4035797119141 0.7661830357142857 
517 1904.5490966796874 620.1729797363281 2032.5895751953126 748.2136169433594 0.5726841517857143 2008.3357971191406 632.607666015625 2133.1753112792967 802.261474609375 0.7785063244047619 
518 1883.9357788085938 607.3353210449219 2031.9209106445312 732.8010314941406 0.5698009672619048 2004.5758117675782 631.4633575439453 2136.4758239746093 805.1851409912109 0.7902483258928571 
519 1891.9673583984375 610.6182006835937 2030.1393310546875 742.3634887695313 0.5264253162202381 2006.410333251953 633.3584747314453 2138.1554626464845 803.6633148193359 0.7958054315476191 
520 1891.5496643066406 615.5702758789063 2029.728778076172 747.3225463867187 0.5374581473214286 2005.9986389160156 636.5814208984375 2137.7507507324217 800.4683837890625 0.7973865327380952 
521 1886.6813232421875 616.5546875 2034.5379150390625 741.911376953125 0.5513160342261905 2004.7440979003907 636.4584320068359 2136.529217529297 803.6007110595704 0.7932710193452381 
522 1889.296124267578 619.9069915771485 2033.9498474121094 738.8445343017578 0.5398530505952381 2004.1537292480468 634.1250549316406 2139.1637756347654 801.2805847167969 0.7928292410714286 
523 1897.1872863769531 614.9818695068359 2028.9336853027344 753.1550323486329 0.5636858258928571 2008.4178588867187 633.5203491210938 2140.164416503906 803.8266967773437 0.8044782366071429 
524 1899.1555786132812 615.557666015625 2030.9376831054688 750.55390625 0.5679873511904762 2007.9437866210938 627.6726806640625 2139.7258911132812 807.6677734375 0.7926432291666666 
525 1893.4010009765625 615.7957427978515 2031.7259521484375 750.9037811279297 0.5656622023809523 2005.1249755859376 627.9208160400391 2140.2329345703124 808.0648406982422 0.7892485119047619 
526 1896.4612976074218 617.3374481201172 2031.4897521972657 752.3659820556641 0.5894949776785714 2004.9045532226562 630.1973022460937 2143.1479370117186 803.8053833007813 0.7837379092261905 
527 1888.97607421875 608.5392547607422 2030.417724609375 740.3371490478515 0.5670805431547619 2005.5666137695312 633.3904876708984 2143.793493652344 806.9778594970703 0.7948986235119048 
528 1890.2393615722656 609.4042663574219 2034.867694091797 725.1069641113281 0.5370861235119048 2007.5490173339845 635.2396026611328 2142.535577392578 805.5796722412109 0.7826915922619048 
529 1894.9221496582031 615.6810516357422 2040.1001892089844 744.7281890869141 0.5685453869047619 2013.0498352050781 638.5124298095703 2145.3230895996094 806.2737640380859 0.7948521205357143 
530 1884.7502197265626 607.7380157470703 2036.8698974609374 733.9650482177734 0.5927269345238095 2022.5541381835938 631.6389923095703 2145.5447387695312 809.6514739990234 0.7978515625 
531 1885.4810852050782 605.2158386230469 2050.8808532714843 725.2117736816406 0.5681966145833334 2022.191552734375 633.4061279296875 2148.673681640625 811.7784423828125 0.8045944940476191 
532 1891.497784423828 605.0757568359375 2047.2249938964844 741.3370849609375 0.5512230282738095 2025.013916015625 626.9125030517578 2148.298095703125 811.8385345458985 0.7931082589285714 
533 1886.8559631347657 604.8979705810547 2052.658807373047 721.9353424072266 0.5372023809523809 2032.1523071289062 632.4067504882812 2152.440710449219 814.4648315429688 0.8015485491071429 
534 1885.7360229492188 608.2559020996093 2045.5081176757812 732.1607238769532 0.5196242559523809 2033.594189453125 634.4665161132813 2150.977587890625 813.8024047851562 0.8089192708333334 
535 1889.0369873046875 617.7041931152344 2058.7701416015625 745.0040588378906 0.5064871651785714 2032.7828125 642.5615417480469 2153.55458984375 815.5588195800781 0.8063383556547619 
536 1887.0406433105468 622.9699829101562 2056.6955627441407 746.9485961914063 0.5201241629464286 2036.1161254882813 642.4200469970704 2153.5696655273437 815.3375823974609 0.814453125 
537 1882.56064453125 624.1161315917968 2055.4466796875 735.0241271972657 0.5588030133928571 2034.1182006835938 644.9427032470703 2154.812219238281 814.5667572021484 0.8204752604166666 
538 1872.1622497558594 626.9734466552734 2058.0278137207033 737.8405792236329 0.4532993861607143 2035.9546752929687 651.4294219970703 2150.0826782226563 811.2085784912109 0.8156389508928571 
539 1871.7801086425782 618.499380493164 2050.7759216308596 742.1692596435547 0.47719029017857145 2037.3826049804688 646.1623474121094 2148.034631347656 812.1403869628906 0.8095470610119048 
540 1867.5595642089843 605.6417785644531 2046.2027648925782 725.8198913574219 0.5416899181547619 2032.086181640625 650.7397827148437 2149.016357421875 813.1426635742188 0.8056408110119048 
541 1869.4637023925782 603.6925964355469 2041.2803161621093 720.3982238769531 0.4862467447916667 2033.6745544433593 645.0881958007812 2143.896368408203 813.6629028320312 0.7999441964285714 
542 1887.5561462402343 585.441357421875 2049.695440673828 718.395556640625 0.5359468005952381 2027.1206420898438 649.049838256836 2147.103723144531 814.4319122314453 0.8014090401785714 
543 1880.6400390625 615.9941864013672 2042.881689453125 745.7874908447266 0.5777762276785714 2024.9103637695312 648.9416961669922 2148.213903808594 817.6731109619141 0.7997349330357143 
544 1883.8537963867188 618.6625762939453 2039.4757934570312 748.3474945068359 0.5934477306547619 2021.8934631347656 649.0886413574219 2148.336395263672 817.6790588378906 0.7957124255952381 
545 1894.6548400878905 618.8687774658204 2043.802069091797 748.5619476318359 0.5855189732142857 2021.6046081542968 649.2967468261719 2151.2978576660157 817.8979553222656 0.7962239583333334 
546 1883.6265747070313 603.9914672851562 2046.0526245117187 727.4352905273438 0.5694754464285714 2028.4357421875 645.8474151611329 2148.63115234375 818.0191009521484 0.8013160342261905 
547 1871.6211242675781 602.3779357910156 2037.4258728027344 719.4164978027344 0.5093354724702381 2023.6713317871095 649.2684112548828 2150.463067626953 815.0730804443359 0.8184058779761905 
548 1880.422833251953 608.7079711914063 2046.4205505371094 725.8828491210937 0.5287155877976191 2025.5143676757812 653.5248321533203 2149.198767089844 816.267709350586 0.8008045014880952 
549 1882.017352294922 607.711459350586 2045.0059631347656 734.8425567626953 0.5504673549107143 2029.4593505859375 650.4646240234375 2153.3306884765625 819.97275390625 0.8099190848214286 
550 1901.7031005859376 602.8369689941406 2051.7153564453124 736.5435241699219 0.5594540550595238 2023.9956787109375 648.1165954589844 2157.7020751953123 824.2178771972656 0.8116396949404762 
551 1894.3113830566406 602.5511047363282 2047.594744873047 729.7436950683593 0.5602097284226191 2024.8907470703125 646.7047180175781 2155.3446044921875 826.0788513183594 0.8077566964285714 
552 1886.8386840820312 616.9636169433594 2046.9694213867188 744.4145568847656 0.5356212797619048 2028.8699279785155 655.1737091064454 2156.320867919922 821.8403900146484 0.8166852678571429 
553 1870.443896484375 608.5113922119141 2050.143505859375 732.6675018310547 0.5459798177083334 2030.1629333496094 651.3628723144532 2154.319122314453 817.9934509277343 0.8020600818452381 
554 1885.399395751953 616.7703552246094 2048.950091552734 718.1717834472656 0.6002604166666666 2027.9401123046875 653.7579711914062 2155.5095947265627 827.1216674804688 0.7997116815476191 
555 1877.4863403320312 609.5568634033203 2047.5156127929688 737.0788177490234 0.5710565476190477 2031.9212036132812 646.279165649414 2149.6337280273438 826.1178680419922 0.7915271577380952 
556 1869.347430419922 571.5896057128906 2056.104840087891 686.2652526855469 0.5608956473214286 2033.5477478027344 650.4763336181641 2151.4997375488283 824.1279754638672 0.7974330357142857 
557 1876.1781066894532 580.4353240966797 2053.2861267089843 698.5073638916016 0.521240234375 2033.985888671875 646.7877777099609 2155.337841796875 823.8958770751954 0.8178013392857143 
558 1877.2420532226563 597.8345336914062 2048.224743652344 719.4953002929688 0.5453520275297619 2040.1309204101562 644.1213165283203 2158.5036010742188 824.9683441162109 0.8052455357142857 
559 1892.3912963867188 605.5379302978515 2047.1677856445312 737.2626678466797 0.548583984375 2040.9615112304687 639.6090545654297 2159.5138305664063 827.3167877197266 0.8066638764880952 
560 1891.6009460449218 598.9266967773438 2049.8999084472657 707.7572631835938 0.5192522321428571 2043.6847412109375 646.3656524658203 2159.1111572265627 827.7500091552735 0.7995256696428571 
561 1881.1778442382813 559.4595306396484 2056.461071777344 678.5199005126954 0.5398065476190477 2042.46904296875 645.9564239501954 2164.83662109375 831.1614349365234 0.8088727678571429 
562 1883.3060791015625 568.3588623046875 2052.0178955078127 700.681787109375 0.5479445684523809 2040.9484985351562 645.8440643310547 2166.6552612304686 834.4042877197265 0.8018740699404762 
563 1862.48125 532.0150634765625 2060.4494140625 654.09541015625 0.5772646949404762 2046.3632690429688 649.5269470214844 2168.4436157226564 830.9977111816406 0.8001534598214286 
564 1870.2057189941406 600.8011444091796 2051.330535888672 716.0624420166016 0.5236118861607143 2047.1507080078125 651.0854949951172 2165.7052490234373 835.5035552978516 0.8047107514880952 
565 1877.5520141601562 595.8782257080078 2055.1635620117186 724.1533294677735 0.4972563244047619 2046.308251953125 655.9676544189454 2164.716162109375 833.5792816162109 0.7872953869047619 
566 1897.7006286621095 618.4988739013672 2071.585626220703 746.4519927978515 0.5155901227678571 2045.0862915039063 655.3453796386718 2166.477917480469 835.7919494628907 0.8041759672619048 
567 1896.1382690429687 628.3961059570313 2056.8517211914063 785.8297241210937 0.49931408110119047 2044.867626953125 650.21982421875 2162.942919921875 837.172265625 0.8099888392857143 
568 1899.9270263671874 622.0969970703125 2066.8976806640626 766.1500732421875 0.5153924851190477 2044.1061767578126 655.7177429199219 2161.9675537109374 835.7840881347656 0.8160807291666666 
569 1897.3164672851562 591.0734130859375 2067.5780639648438 708.9468505859375 0.5195893787202381 2044.406298828125 656.9364196777344 2162.279736328125 837.0208557128906 0.8042224702380952 
570 1891.384503173828 577.1855194091797 2068.328753662109 708.255337524414 0.5168922061011905 2041.8627685546876 657.213754272461 2159.8257080078124 837.4347442626953 0.7940615699404762 
571 1889.1438049316407 547.0878997802735 2082.174920654297 681.2280792236328 0.5758928571428571 2044.1725463867188 657.1935760498047 2158.6826782226562 840.409390258789 0.8030831473214286 
572 1890.0722717285157 558.5538909912109 2073.188348388672 689.3510772705079 0.5562918526785714 2043.8845947265625 658.5382629394531 2158.3322021484373 838.3843444824219 0.7961309523809523 
573 1887.3695739746095 612.0671264648438 2060.670587158203 752.6699340820312 0.5134393601190477 2039.6683715820313 657.467495727539 2157.3821655273437 840.5780975341797 0.8026646205357143 
574 1890.6799438476562 612.4587371826171 2054.3107788085936 759.7265045166016 0.5474562872023809 2041.9756469726562 658.6529968261718 2159.7897338867188 841.9195129394532 0.8032691592261905 
575 1879.9285400390625 614.7021575927735 2050.0133544921873 771.7034210205078 0.5180431547619048 2039.4457885742188 654.0782531738281 2157.1970336914064 840.5173278808594 0.8035714285714286 
576 1887.8679443359374 601.7886688232422 2061.5131591796876 736.1180084228515 0.5230538504464286 2043.3673217773437 665.298974609375 2158.038684082031 838.944189453125 0.7994559151785714 
577 1889.3790649414063 616.1969909667969 2063.0950561523437 757.1363830566406 0.5139508928571429 2044.9417358398437 662.8406127929687 2159.6600708007813 836.5566040039063 0.7907133556547619 
578 1886.239764404297 604.3531066894532 2049.850445556641 771.2360046386718 0.5248325892857143 2039.6561279296875 658.2187683105469 2160.7281494140625 838.1905334472656 0.7911783854166666 
579 1897.5657653808594 614.1396789550781 2074.413848876953 754.9632263183594 0.5479096912202381 2042.923876953125 665.4055389404297 2160.822705078125 842.2537017822266 0.7981305803571429 
580 1874.4244079589844 545.3825256347657 2062.044464111328 706.6699645996093 0.5302966889880952 2041.1555908203125 656.6632751464844 2166.2355224609373 840.9917541503906 0.8001302083333334 
581 1881.1373291015625 622.7050689697265 2059.1351318359375 757.8515106201172 0.5171828497023809 2042.273486328125 665.9367065429688 2164.234814453125 843.9345092773438 0.8084077380952381 
582 1883.6213500976562 602.2359924316406 2071.0971557617186 723.9308776855469 0.49838402157738093 2047.3147338867188 666.625454711914 2175.587854003906 844.2342254638672 0.8064546130952381 
583 1869.9800109863281 568.4475830078125 2061.1055603027344 710.144091796875 0.5202171688988095 2049.5721923828123 662.3627105712891 2178.0874755859377 846.8977264404297 0.8088262648809523 
584 1882.6731811523437 570.3189147949219 2067.4569458007813 725.4053283691406 0.4962797619047619 2051.59296875 660.4264129638672 2180.28154296875 848.5099273681641 0.7989908854166666 
585 1841.90673828125 548.6054077148438 2056.340087890625 667.3684692382812 0.5285877046130952 2052.660534667969 665.3383422851563 2178.021350097656 850.0808471679687 0.810546875 
586 1838.5347290039062 543.0309997558594 2059.5680541992188 661.7951721191406 0.5245884486607143 2055.1271850585936 665.2210571289063 2180.4892700195314 846.6662719726562 0.8112909226190477 
587 1843.484307861328 533.6347808837891 2067.6005310058595 662.1720428466797 0.556884765625 2052.6425659179686 664.4537414550781 2177.8840454101564 845.7242370605469 0.80712890625 
588 1847.942578125 558.7606903076172 2068.548388671875 677.2951568603515 0.5399925595238095 2054.3646606445313 665.8975616455078 2176.1917358398437 843.6993011474609 0.8032924107142857 
589 1859.6302917480468 567.8552368164062 2063.4203674316404 705.9066040039063 0.4895135788690476 2050.778210449219 661.1536560058594 2175.681994628906 845.2221984863281 0.8102678571428571 
590 1871.7241577148438 603.6721466064453 2072.341516113281 731.935824584961 0.48825799851190477 2052.4821655273436 663.3767517089843 2177.4570434570314 844.2613098144532 0.8028506324404762 
591 1883.6589660644531 582.1878265380859 2080.9703063964844 720.3057647705078 0.5095912388392857 2051.7530151367187 669.0807006835937 2173.4283813476563 843.3724243164063 0.8034784226190477 
592 1867.9205017089844 559.1102935791016 2068.518341064453 697.2268035888671 0.5328776041666666 2051.5700927734374 665.4802337646485 2173.2438720703126 846.3470977783203 0.8038736979166666 
593 1875.7397888183593 582.4117462158204 2069.722735595703 720.5012786865234 0.48765345982142855 2051.007373046875 668.9073852539062 2172.657666015625 846.4510131835938 0.8016183035714286 
594 1870.7468383789062 567.9821350097657 2074.5678588867186 712.6291931152343 0.5134742373511905 2052.187841796875 664.5821014404297 2173.822900390625 848.678335571289 0.8031529017857143 
595 1868.4796264648437 562.9206756591797 2075.845812988281 711.0393463134766 0.5219145275297619 2053.058312988281 667.9963012695313 2174.844763183594 849.0301879882812 0.806640625 
596 1863.7791442871094 546.4521087646484 2071.248321533203 688.0580841064453 0.5748232886904762 2050.602734375 668.9324279785156 2175.74296875 846.7631286621094 0.8088030133928571 
597 1866.7695373535157 553.9586120605469 2070.839227294922 711.9481262207031 0.5384579613095238 2050.2043579101564 673.9698913574218 2178.5707885742186 845.1250793457032 0.8177315848214286 
598 1862.7423889160157 549.5822235107422 2083.375653076172 687.8896392822265 0.510498046875 2051.0786254882814 672.0577453613281 2176.2140991210936 846.5886169433594 0.8151971726190477 
599 1871.6107055664063 559.1017303466797 2069.796276855469 694.5285797119141 0.5061965215773809 2052.391455078125 671.0257507324219 2181.212060546875 849.3928283691406 0.8215448288690477 
600 1864.7461730957032 557.6972198486328 2076.2102478027346 686.5582122802734 0.45933314732142855 2055.114709472656 673.9771392822265 2180.671667480469 852.3999969482422 0.8156156994047619 
601 1847.3127807617188 556.9222229003906 2082.613732910156 692.8003112792969 0.39368257068452384 2056.610888671875 671.7685180664063 2179.232373046875 850.7298950195312 0.8337751116071429 
602 1848.1297241210937 563.5384216308594 2077.0487426757813 706.1980285644531 0.39528692336309523 2056.88740234375 674.5526397705078 2179.64091796875 850.3888275146485 0.8332635788690477 
603 1862.0357849121094 555.7846984863281 2084.7367980957033 682.0927429199219 0.49917457217261907 2057.6342163085938 675.317138671875 2180.6184692382812 851.483642578125 0.8269624255952381 
604 1824.0074279785156 544.75244140625 2056.7253601074217 671.0850830078125 0.5867745535714286 2059.1549072265625 671.5965789794922 2182.1629638671875 851.1218658447266 0.8197079613095238 
605 1846.1839294433594 560.5702819824219 2063.228546142578 684.1186828613281 0.504150390625 2059.5041259765626 678.0825439453125 2186.3918701171874 851.7182373046875 0.8327520461309523 
606 1831.8655151367188 546.3454864501953 2055.829553222656 673.3697845458985 0.5487467447916666 2064.957763671875 680.1839019775391 2185.296630859375 850.6639373779296 0.8350539434523809 
607 1848.2777893066407 567.2179107666016 2075.925213623047 691.0848846435547 0.47994559151785715 2065.109338378906 674.3461486816407 2199.019812011719 851.7772644042968 0.8382161458333334 
608 1841.247003173828 561.8209838867188 2066.2772888183595 682.7327270507812 0.505615234375 2066.9232177734375 677.0488403320312 2194.5523681640625 851.6992065429688 0.8321940104166666 
609 1842.8130249023438 548.6382537841797 2050.933312988281 676.195913696289 0.4531366257440476 2069.395703125 683.0385772705079 2193.596484375 854.2343109130859 0.8433314732142857 
610 1836.1821655273438 543.6739044189453 2064.440393066406 674.5867767333984 0.5698474702380952 2067.668103027344 684.0114562988281 2191.867297363281 851.8484069824219 0.83154296875 
611 1842.3023559570313 541.0300689697266 2056.207897949219 664.6942352294922 0.5312267485119048 2068.677111816406 690.6610961914063 2192.341198730469 854.4325317382812 0.8413318452380952 
612 1848.4778991699218 541.4869262695313 2065.4419006347657 671.6652954101562 0.4676920572916667 2067.6243530273437 697.5982879638672 2187.7889770507813 854.4798980712891 0.8322637648809523 
613 1841.6378234863282 543.2234344482422 2068.3813415527343 673.2674713134766 0.48392159598214285 2066.842248535156 694.0437835693359 2186.883093261719 850.7635284423828 0.8269391741071429 
614 1834.7928588867187 542.8134246826172 2074.601916503906 669.379263305664 0.5530598958333334 2066.403125 692.6940277099609 2186.3078125 852.5666534423829 0.8251023065476191 
615 1829.601123046875 538.3142517089843 2069.65107421875 665.0072814941407 0.5589890252976191 2066.5735717773437 699.7581024169922 2186.5985473632813 849.7893218994141 0.8274274553571429 
616 1850.1487548828125 543.9210815429688 2076.6388427734373 677.1504516601562 0.48239862351190477 2064.468798828125 700.4655212402344 2187.706005859375 853.6793762207031 0.82568359375 
617 1841.957098388672 544.2639221191406 2078.5728088378905 674.2358337402344 0.5074521019345238 2068.1902709960937 697.5641326904297 2188.1644653320313 854.1969146728516 0.8264508928571429 
618 1846.8929626464844 554.233920288086 2080.1183898925783 690.8373077392578 0.4176432291666667 2067.1757202148438 694.6817413330078 2190.4519653320312 857.9394134521484 0.8372628348214286 
619 1838.1392395019532 542.5366668701172 2065.1582458496096 666.0616607666016 0.5112769717261905 2068.368200683594 700.8592987060547 2191.893273925781 854.4309234619141 0.8417503720238095 
620 1833.35546875 539.9420166015625 2056.973876953125 660.09521484375 0.5373302641369048 2070.8377319335937 705.9228973388672 2194.3285278320313 856.1143951416016 0.83837890625 
621 1831.3499694824218 534.498080444336 2051.6496643066407 651.3237579345703 0.6183733258928571 2067.697058105469 704.8580993652344 2197.874475097656 858.4004455566406 0.8384719122023809 
622 1824.7997741699219 540.4917053222656 2061.7411193847656 657.2938171386719 0.5794968377976191 2068.5439453125 706.0683349609375 2195.357421875 856.2424560546875 0.8330310639880952 
623 1826.9543395996093 544.8190307617188 2070.664190673828 671.6817016601562 0.5655459449404762 2071.94814453125 706.4790618896484 2195.472265625 856.7111846923829 0.8404482886904762 
624 1849.6524230957032 543.2945495605469 2073.5166442871096 686.9685119628906 0.429443359375 2069.0188232421874 713.3130737304688 2195.9865478515626 853.6457885742187 0.8255905877976191 
625 1836.3378845214843 551.0690643310547 2064.641973876953 688.7229888916015 0.5354236421130952 2072.648193359375 706.6722015380859 2200.229736328125 861.1131378173828 0.8342633928571429 
626 1842.9775085449219 551.6296936035156 2061.5169982910156 696.2018493652344 0.4049595424107143 2073.2844116210936 702.2795837402343 2201.0459106445314 863.6625549316407 0.8227074032738095 
627 1838.4066833496095 560.4123657226562 2078.212091064453 702.2691528320313 0.4154459635416667 2077.3028564453125 700.580355834961 2205.6492919921875 866.0798614501953 0.8390997023809523 
628 1827.2670471191407 547.3397644042968 2057.713787841797 672.7299377441407 0.5414690290178571 2078.0472778320313 695.6703521728516 2213.6043334960937 868.5053680419921 0.8396577380952381 
629 1836.6356140136718 644.5239440917969 2169.3713439941407 726.0102355957031 0.2958984375 2081.3556640625 699.6316711425782 2217.16630859375 869.3948181152343 0.84912109375 
630 1836.0173767089843 635.7945281982422 2168.601397705078 727.424771118164 0.2828485398065476 2080.2341918945312 699.100375366211 2219.3764038085938 875.5733917236328 0.8500279017857143 
631 1839.5175048828125 599.4855773925781 2118.1739013671877 698.0346862792969 0.3897298177083333 2080.4009643554687 703.2627532958984 2219.7291625976563 876.5733673095704 0.8539341517857143 
632 1826.5375549316407 557.4742645263672 2074.208660888672 676.2207427978516 0.536376953125 2079.167443847656 708.582406616211 2218.270300292969 874.8274444580078 0.8380301339285714 
633 1838.1479919433593 556.5831359863281 2079.586016845703 696.0051208496094 0.5493629092261905 2081.6786254882813 719.8088836669922 2207.4983764648437 872.8330230712891 0.8353329613095238 
634 1850.8359619140624 548.6310577392578 2084.5903076171876 697.6918792724609 0.4920247395833333 2078.8572021484374 707.8551025390625 2210.9792236328126 877.2423095703125 0.8348679315476191 
635 1858.4049072265625 546.0628051757812 2082.0614013671875 698.5557250976562 0.46773856026785715 2078.2815063476564 717.7150756835938 2203.6645385742186 873.5966918945312 0.8318219866071429 
636 1836.727685546875 546.8327514648438 2069.901220703125 685.3852661132812 0.5629185267857143 2077.5696411132812 712.6798156738281 2205.9843139648438 878.2668395996094 0.8395879836309523 
637 1854.5195556640624 570.4806030273437 2125.0649169921876 705.7532836914063 0.42307245163690477 2079.4103881835936 719.020394897461 2204.5376098632814 874.5839141845703 0.8382161458333334 
638 1848.9201171875 566.001919555664 2116.5271484375 694.7242156982422 0.39365931919642855 2079.0048095703123 725.2111511230469 2204.3399169921877 874.2580871582031 0.8412853422619048 
639 1840.501153564453 575.8842895507812 2108.2194274902345 704.6601440429688 0.47194707961309523 2077.719934082031 721.3437103271484 2209.884802246094 877.2303253173828 0.8351236979166666 
640 1853.8346252441406 609.0379974365235 2118.827850341797 697.3690460205078 0.3814174107142857 2078.5824462890623 718.4065460205078 2207.6817138671877 878.081918334961 0.8329380580357143 
641 1837.1655151367188 580.0704833984375 2104.5944946289064 698.551708984375 0.4129231770833333 2076.341455078125 721.5969635009766 2211.748388671875 877.3152069091797 0.8397972470238095 
642 1853.6280822753906 621.2464019775391 2148.271209716797 705.9140594482421 0.38903227306547616 2077.410888671875 719.4608520507812 2216.265869140625 878.6359497070313 0.8297526041666666 
643 1856.5439453125 572.1715454101562 2119.9208984375 707.2366577148438 0.41108630952380953 2076.1546142578127 723.0808319091797 2214.5963623046873 878.4056793212891 0.8348911830357143 
644 1847.3468322753906 612.2752563476563 2134.969451904297 713.7891967773437 0.3823358444940476 2077.965673828125 714.1796234130859 2216.701318359375 879.9857208251954 0.8308221726190477 
645 1829.5556945800781 555.8761779785157 2114.9788513183594 691.7920349121093 0.49490792410714285 2075.249609375 720.4127258300781 2224.7572265625 880.1138854980469 0.8196614583333334 
646 1818.8191223144531 547.4419830322265 2073.1863708496094 676.3213836669922 0.5677780877976191 2076.577880859375 715.3243835449218 2222.415283203125 881.5109436035157 0.8198939732142857 
647 1854.6258056640625 675.93525390625 2185.7252685546873 797.5636474609375 0.3511323474702381 2076.181677246094 718.0373992919922 2221.460168457031 880.2085113525391 0.8267996651785714 
648 1831.8184509277344 563.0031158447266 2096.092803955078 695.1401336669921 0.4666108630952381 2079.6732177734375 715.4689056396485 2228.7510986328125 881.4873321533203 0.8280319940476191 
649 1841.8826293945312 582.1984893798829 2104.2391967773438 698.0442474365234 0.4260370163690476 2083.271691894531 708.3969451904297 2229.782263183594 888.9800689697265 0.8407970610119048 
650 1833.3027587890624 553.7404693603515 2072.5192626953126 676.7660614013672 0.5657552083333334 2084.611328125 716.4602600097656 2241.81103515625 887.3291687011719 0.8238699776785714 
651 1851.4068298339844 550.5915069580078 2078.242706298828 688.0678558349609 0.48757207961309523 2086.7030395507813 715.4309967041015 2244.8006225585937 890.7133514404297 0.8278924851190477 
652 1830.8215881347655 547.5047882080078 2047.834783935547 671.5123626708985 0.5623837425595238 2089.303271484375 722.5197540283203 2247.757275390625 891.3078216552734 0.8367047991071429 
653 1832.622088623047 540.287158203125 2032.1731994628906 664.146435546875 0.5777529761904762 2091.8532104492188 728.7226715087891 2246.6773071289062 893.8684539794922 0.8404715401785714 
654 1830.4629638671875 543.6508728027344 2043.9562255859375 653.8409484863281 0.6464611235119048 2091.899523925781 727.2126220703125 2243.410778808594 899.3845458984375 0.8246372767857143 
655 1826.634991455078 546.6857757568359 2061.292132568359 674.3668975830078 0.5843563988095238 2091.022314453125 729.978515625 2242.859521484375 902.5205078125 0.8308686755952381 
656 1825.678692626953 543.3175262451172 2041.1849548339844 663.0431304931641 0.6044456845238095 2085.3913452148436 735.5364013671875 2239.3242309570314 899.73154296875 0.8228934151785714 
657 1849.0487548828125 549.1135070800781 2088.6353271484377 706.5561706542969 0.4147367931547619 2088.7671020507814 735.6488830566407 2235.9416381835936 896.5142028808593 0.8250325520833334 
658 1834.9410766601563 544.179345703125 2078.4019409179687 688.1984619140625 0.4775971912202381 2088.6891479492188 737.3917907714844 2236.1372680664062 898.5560852050781 0.8340308779761905 
659 1833.7551391601562 541.1835327148438 2049.7382690429686 674.8873901367188 0.5751023065476191 2086.922229003906 732.377392578125 2234.339245605469 900.364306640625 0.83544921875 
660 1833.6888244628906 543.6555480957031 2052.8925964355467 680.6578063964844 0.5270647321428571 2083.1912475585937 735.0634735107421 2240.7435668945313 902.8912994384766 0.8321010044642857 
661 1840.5159729003906 546.5079345703125 2073.3227722167967 686.8768310546875 0.5052315848214286 2086.2273559570312 737.441195678711 2243.7142944335938 912.0464141845703 0.8313802083333334 
662 1830.58427734375 539.0916168212891 2036.6330078125 676.4575164794921 0.5029296875 2084.8431762695313 738.9325561523438 2239.3797241210937 907.2057495117188 0.8377046130952381 
663 1822.2310302734375 544.1832916259766 2035.3339111328125 657.6090057373046 0.5948428199404762 2088.4773559570312 741.81904296875 2239.7118530273438 906.8019287109375 0.8428199404761905 
664 1836.8896911621093 546.7879302978515 2077.502520751953 691.1556121826172 0.5204031808035714 2087.0213623046875 741.9223175048828 2245.1383056640625 913.7886810302734 0.8414713541666666 
665 1841.1009460449218 540.6889190673828 2050.9936584472657 681.7643890380859 0.5762881324404762 2087.916638183594 737.4798736572266 2246.196398925781 916.4048309326172 0.8426106770833334 
666 1840.6772216796876 546.5692413330078 2068.1213623046874 698.1986419677735 0.46083286830357145 2090.2560913085936 742.9982269287109 2245.3315551757814 915.3043243408204 0.8465169270833334 
667 1837.6441650390625 542.2745208740234 2041.3975830078125 673.5055694580078 0.65185546875 2089.48017578125 744.3012054443359 2251.79228515625 920.4270050048829 0.8476097470238095 
668 1832.31494140625 547.7176025390625 2063.912353515625 672.1580078125 0.6010277157738095 2089.837512207031 743.4188018798828 2255.757946777344 923.1660980224609 0.8428664434523809 
669 1848.1371948242188 550.1191925048828 2038.9848754882812 681.9775482177735 0.4703776041666667 2093.8366943359374 744.7036437988281 2260.3947509765626 925.1413269042969 0.8521902901785714 
670 1842.8856201171875 547.4100189208984 2026.9073486328125 665.4617462158203 0.5914713541666666 2095.5481811523437 743.5842102050781 2265.6815551757813 920.6617614746094 0.8547944568452381 
671 1852.2963439941407 551.4607635498047 2022.9830749511718 680.3466705322265 0.4397670200892857 2098.8141845703126 744.1198028564453 2269.5007568359374 921.773324584961 0.8636300223214286 
672 1852.991845703125 555.252407836914 2038.316748046875 684.6300994873047 0.5093005952380952 2099.3745361328124 742.8635192871094 2270.7123779296876 924.6916564941406 0.8550734747023809 
673 1849.4354736328125 550.6655364990235 2027.5703857421875 672.9149688720703 0.5233561197916666 2106.2936279296873 742.2344757080078 2270.4573486328127 927.3550628662109 0.8510974702380952 
674 1848.1192504882813 545.3493072509766 2022.8216674804687 667.6411102294921 0.5549665178571429 2107.753955078125 745.4508575439453 2268.480419921875 927.141488647461 0.8621884300595238 
675 1847.2383972167968 543.5656616210938 2032.6005920410157 669.4720581054687 0.5964704241071429 2107.929064941406 750.0467712402344 2272.307019042969 928.4141662597656 0.8616768973214286 
676 1847.4103393554688 543.3409881591797 2026.1587524414062 680.0310211181641 0.5035226004464286 2108.253662109375 748.7804473876953 2269.477783203125 927.528939819336 0.8629789806547619 
677 1843.034130859375 544.24052734375 2031.803271484375 670.08662109375 0.6082356770833334 2109.7848510742188 751.0261993408203 2270.5884399414062 925.8124847412109 0.8519112723214286 
678 1857.0988525390626 548.1415863037109 2045.8508544921874 687.9578399658203 0.5131487165178571 2108.0958862304688 754.2360534667969 2265.3892211914062 925.5108947753906 0.8455403645833334 
679 1848.176739501953 547.2561340332031 2037.0831481933594 676.6919860839844 0.5927734375 2107.048474121094 758.0939819335938 2267.968859863281 926.0107543945312 0.8454938616071429 
680 1848.1211791992187 546.9077178955079 2037.3800415039063 676.5850189208984 0.5927966889880952 2104.77998046875 758.1388305664062 2266.00029296875 926.3688598632813 0.8468424479166666 
681 1845.2264404296875 549.8708892822266 2034.5072021484375 672.5527557373047 0.6050037202380952 2107.3073608398436 754.5204132080078 2268.5463989257814 926.2750579833985 0.8516322544642857 
682 1848.2915649414062 551.4889556884766 2044.6007690429688 681.1932342529296 0.5302269345238095 2105.407995605469 753.8654357910157 2270.167443847656 929.1415222167968 0.8589564732142857 
683 1855.2994506835937 550.3136627197266 2041.2105590820313 687.1162078857421 0.4777018229166667 2106.3738525390627 759.4300109863282 2267.7306396484373 931.3101013183593 0.8540736607142857 
684 1839.4904724121093 552.6369476318359 2049.948126220703 692.9419708251953 0.44202241443452384 2106.4749755859375 755.9442962646484 2271.3331298828125 934.8332305908203 0.8567475818452381 
685 1843.355889892578 551.8018371582032 2046.5756286621095 695.4570739746093 0.4404180617559524 2110.04794921875 764.5895263671875 2267.71865234375 932.7713134765625 0.84912109375 
686 1841.984149169922 580.1489440917969 2179.003277587891 717.0629699707031 0.33387974330357145 2108.7908569335937 768.6420135498047 2263.2582153320313 933.6410064697266 0.8506091889880952 
687 1843.8308166503907 598.4025604248047 2198.517694091797 714.2903717041015 0.2821161179315476 2109.238146972656 768.3173187255859 2270.778698730469 933.3696319580079 0.8619559151785714 
688 1860.8764526367188 558.3552368164062 2033.1953247070312 691.9902221679688 0.4132603236607143 2110.968896484375 764.8943969726563 2272.737646484375 937.2132690429687 0.8629324776785714 
689 1859.0471740722655 558.2216888427735 2028.062567138672 695.5468048095703 0.43297758556547616 2114.8725830078124 772.064208984375 2273.3246826171876 934.037353515625 0.8543991815476191 
690 1848.2471435546875 547.3430541992187 2024.9716064453125 688.7224975585938 0.4121210007440476 2119.85888671875 767.0250244140625 2275.37646484375 936.680419921875 0.8628162202380952 
691 1854.0884643554687 549.8283386230469 2023.8822387695313 691.3231506347656 0.4079473586309524 2122.384313964844 770.0975769042968 2278.028527832031 936.3539611816407 0.8503766741071429 
692 1858.0978942871093 542.1573272705078 2024.5155090332032 676.7077239990234 0.412353515625 2123.5216674804688 766.453402709961 2279.3169555664062 939.9525421142578 0.8590727306547619 
693 1846.5089721679688 550.2527709960938 2023.6323852539062 670.6966918945312 0.4676106770833333 2121.050244140625 767.1608276367188 2280.461474609375 944.2842407226562 0.8647228422619048 
694 1844.1229614257813 539.0952117919921 2031.8387084960937 680.7675201416016 0.4024251302083333 2119.4304321289064 775.5789672851563 2282.3535034179686 945.5857055664062 0.8562360491071429 
695 1852.188165283203 541.2828582763672 2039.5165466308595 675.5937896728516 0.4574614025297619 2119.178820800781 773.3362548828125 2278.231091308594 946.52666015625 0.8574451264880952 
696 1849.4002685546875 540.7835632324219 2036.7608642578125 678.6525939941406 0.46448335193452384 2118.7479736328123 776.8197021484375 2281.3628662109377 942.9696044921875 0.8542131696428571 
697 1852.5072265625 546.3208404541016 2032.74765625 670.0151580810547 0.4720865885416667 2118.654150390625 777.9419036865235 2277.689599609375 944.0457061767578 0.8608863467261905 
698 1857.7830200195312 553.9738616943359 2052.3148803710938 674.2298126220703 0.43412853422619047 2120.740966796875 780.3380249023437 2276.366455078125 943.0373413085938 0.8518415178571429 
699 1849.2390686035155 542.0668731689453 2030.073797607422 683.8980316162109 0.44369652157738093 2122.127783203125 779.6340179443359 2278.141748046875 942.7398223876953 0.8492373511904762 
700 1842.1509887695313 540.4498321533204 2040.9522827148437 693.1008880615234 0.34923735119047616 2123.285595703125 779.1207458496094 2275.936572265625 945.9719055175781 0.8538876488095238 
701 1845.725360107422 543.3098327636719 2037.8814514160156 696.3231018066406 0.327392578125 2123.558068847656 779.8097503662109 2280.129675292969 947.0567657470704 0.8537016369047619 
702 1844.2340576171875 542.2794952392578 2057.7317626953127 702.4026947021484 0.3185918898809524 2121.3704467773437 782.3274291992187 2281.4935668945313 949.5672241210938 0.8502836681547619 
703 1844.0219360351562 549.6389099121094 2058.163610839844 710.2452453613281 0.33859979538690477 2121.5825927734377 782.5866546630859 2285.7577392578123 946.7620391845703 0.8515857514880952 
704 1844.404071044922 553.0956756591797 2058.043804931641 702.643521118164 0.32285853794642855 2121.7248413085936 777.5544128417969 2281.9546020507814 952.0268859863281 0.8424944196428571 
705 1840.7525329589844 546.2941497802734 2033.0730285644531 678.0691925048828 0.4474516369047619 2120.7402587890624 776.968994140625 2284.5688232421876 951.48193359375 0.8523763020833334 
706 1845.1574157714845 546.0315704345703 2033.661065673828 677.6284027099609 0.46669224330357145 2122.0304443359373 779.5407104492188 2282.0808837890627 950.2609252929688 0.8379836309523809 
707 1853.8026489257813 548.5830871582032 2038.8777709960937 694.5076110839843 0.3770112537202381 2122.2437744140625 784.3073577880859 2282.4046630859375 951.5867462158203 0.8456101190476191 
708 1855.97216796875 534.0026641845703 2034.014404296875 669.3147796630859 0.47855050223214285 2123.309619140625 787.7813598632813 2287.108349609375 955.1411254882812 0.8405412946428571 
709 1857.955517578125 533.4122985839844 2043.1541015625 679.4342590332031 0.41541108630952384 2121.09638671875 785.3207275390625 2281.36455078125 956.2732666015625 0.8537248883928571 
710 1845.7083801269532 534.9270050048829 2037.9904724121093 673.7972991943359 0.4344075520833333 2123.312145996094 789.1117523193359 2283.546984863281 956.4682647705079 0.8519345238095238 
711 1843.8795227050782 538.4989990234375 2030.8835388183593 675.1557861328125 0.49904668898809523 2120.236047363281 788.4370483398437 2285.662634277344 964.6524291992188 0.8509579613095238 
712 1840.6236572265625 540.2156829833984 2036.1600341796875 678.8687286376953 0.4724818638392857 2117.7931518554688 794.0026824951171 2281.3325805664062 961.0973541259766 0.8490048363095238 
713 1843.9440307617188 539.5484558105469 2035.5401000976562 674.3753723144531 0.46615745907738093 2120.1481201171873 791.598355102539 2283.3596923828127 965.4540740966797 0.8453776041666666 
714 1845.507305908203 537.6182983398437 2035.4293395996094 680.9556762695313 0.43532598586309523 2121.2939697265624 790.250439453125 2286.1318115234376 965.838671875 0.8498418898809523 
715 1853.8080139160156 532.6185546875 2044.0448913574219 679.7829345703125 0.41482979910714285 2118.593371582031 788.0163940429687 2287.294079589844 971.0745483398438 0.8376581101190477 
716 1851.9463684082032 528.609017944336 2031.9736755371093 672.6309112548828 0.46315801711309523 2119.4946166992186 789.9256256103515 2285.1198852539064 973.5535614013672 0.8443312872023809 
717 1846.9600708007813 531.4790740966797 2026.9723022460937 679.088980102539 0.4560430617559524 2119.6091552734374 790.8349578857421 2288.8205322265626 970.8471099853516 0.8448428199404762 
718 1847.0654296875 532.9965637207031 2041.148193359375 676.7616149902344 0.4559965587797619 2117.730810546875 791.4972045898437 2290.248681640625 971.2034790039063 0.8354957217261905 
719 1842.6073364257813 536.251904296875 2035.0330444335937 678.7894775390625 0.47323753720238093 2119.185192871094 792.1342834472656 2290.230090332031 973.8697448730469 0.8399600074404762 
720 1838.0967712402344 533.8716094970703 2037.3552551269531 669.082797241211 0.5075567336309523 2120.5621337890625 784.9976287841797 2291.3553466796875 973.581655883789 0.8497953869047619 
721 1834.8646606445313 537.5252349853515 2034.2124877929687 669.2372772216797 0.5475957961309523 2122.9331909179687 789.1745971679687 2293.8028930664063 970.7235961914063 0.8507952008928571 
722 1835.3246154785156 541.215380859375 2027.1674499511719 672.66328125 0.4978841145833333 2121.995654296875 789.6273162841796 2292.522900390625 970.8121978759766 0.8552362351190477 
723 1835.8776306152345 536.9856750488282 2031.516046142578 672.1540954589843 0.45517113095238093 2126.46220703125 788.4426635742187 2293.64423828125 973.4098754882813 0.8628162202380952 
724 1830.2343200683595 537.8376037597657 2032.782159423828 672.8695495605468 0.4713657924107143 2127.222509765625 788.6307769775391 2290.682275390625 976.9648651123047 0.8635137648809523 
725 1846.0529846191407 533.8121612548828 2038.1129089355468 676.0787689208985 0.41506231398809523 2124.840856933594 794.6798309326172 2295.560754394531 976.0697418212891 0.8553524925595238 
726 1841.9952819824218 531.0231475830078 2041.4594299316407 669.9356536865234 0.42940848214285715 2127.9030029296873 797.3406158447266 2295.3103759765627 978.9953826904297 0.8569568452380952 
727 1845.929913330078 530.6259857177735 2037.8514587402344 676.3442901611328 0.41639927455357145 2127.6611450195314 796.7737609863282 2294.7038452148436 981.5872009277343 0.8528645833333334 
728 1832.20888671875 536.0152282714844 2042.457861328125 667.8663635253906 0.49086216517857145 2124.9676147460937 801.6362518310547 2292.4540161132813 983.3768707275391 0.8433779761904762 
729 1822.912335205078 533.9382293701171 2036.9459411621094 665.9256011962891 0.4509974888392857 2124.205712890625 803.4010345458985 2295.432470703125 978.1950958251953 0.8451915922619048 
730 1841.4082824707032 535.0136444091797 2041.1387145996093 666.978482055664 0.47622535342261907 2124.542822265625 804.4304168701171 2295.740380859375 979.1946441650391 0.8347749255952381 
731 1831.7586853027344 536.5726806640625 2039.028546142578 668.79658203125 0.4656343005952381 2121.359265136719 804.1818267822266 2296.466662597656 975.7155731201171 0.8441220238095238 
732 1838.0515686035155 531.5497375488281 2045.178289794922 681.5380310058594 0.3840913318452381 2122.7820556640627 808.8632354736328 2290.6261474609373 983.8494720458984 0.8401925223214286 
733 1849.4478881835937 524.9672210693359 2035.0162231445313 681.9865753173829 0.35806129092261907 2122.85908203125 805.2412628173828 2294.153125 983.6723724365235 0.8449358258928571 
734 1834.9340576171876 534.0249938964844 2031.3667236328124 680.4566955566406 0.3669317336309524 2127.1104248046877 808.2066802978516 2291.3998291015623 983.2103729248047 0.8585146949404762 
735 1842.4649719238282 528.4129150390625 2039.3459411621093 668.0194580078125 0.43862769717261907 2126.634387207031 807.4883453369141 2294.878063964844 986.4710662841796 0.8468889508928571 
736 1840.07255859375 533.7819976806641 2033.391064453125 684.1409149169922 0.35787527901785715 2126.1948852539062 809.4399780273437 2298.0338745117188 981.2786499023438 0.8537481398809523 
737 1838.9311401367188 530.400521850586 2039.4812133789062 655.7444366455078 0.5033947172619048 2126.3954467773438 811.9421661376953 2294.7146606445312 980.2611419677735 0.8399367559523809 
738 1834.8673400878906 535.6491180419922 2032.3183288574219 657.7097076416015 0.5305873325892857 2130.491589355469 817.8798034667968 2302.812365722656 983.0205871582032 0.8380766369047619 
739 1840.4305358886718 528.6977844238281 2031.6643127441407 647.7679138183594 0.49768647693452384 2131.1670776367187 817.4914916992187 2304.3600219726563 983.4681030273438 0.8460286458333334 
740 1842.1064758300781 530.0842010498047 2044.4483337402344 634.868374633789 0.51025390625 2131.305139160156 829.5667755126954 2308.354284667969 988.5496185302734 0.8335425967261905 
741 1842.0518920898437 513.51240234375 2032.9363891601563 639.5682861328125 0.46056547619047616 2127.4089111328126 827.9594451904297 2318.2937255859374 990.031216430664 0.8387276785714286 
742 1832.4138061523438 518.7069732666016 2032.9194458007812 639.0103729248046 0.5975167410714286 2128.965966796875 828.5794219970703 2311.243994140625 985.3383636474609 0.8404947916666666 
743 1840.0594177246094 514.6683288574219 2016.4155578613281 626.2406066894531 0.5833565848214286 2123.973498535156 827.6520599365234 2311.126843261719 986.0126739501953 0.8430059523809523 
744 1833.3599243164062 515.5759765625 2026.4286499023438 628.5030029296875 0.39120628720238093 2117.218505859375 819.18984375 2303.001708984375 972.1877197265625 0.8403785342261905 
745 1831.024658203125 531.3124206542968 2002.405029296875 656.2773010253907 0.21242559523809523 2111.4402587890627 815.9851654052734 2304.2433349609373 973.0838653564454 0.8420526413690477 
746 1891.362286376953 587.1476287841797 2268.156146240234 853.7472076416016 0.19263857886904762 2104.5053100585938 805.3491363525391 2292.9021606445312 958.1995086669922 0.8317057291666666 
747 1777.2771606445312 536.3326995849609 1970.5014038085938 636.5230743408204 0.30983770461309523 2091.885852050781 791.2125274658204 2277.953747558594 948.6544769287109 0.8409830729166666 
748 1812.8334533691407 499.37342529296876 1966.2862976074218 621.4382202148438 0.32435825892857145 2083.253796386719 770.8670043945312 2264.607287597656 934.7825317382812 0.8318684895833334 
749 1928.9715087890625 602.2456207275391 2167.9601318359373 816.9888153076172 0.20209030877976192 2068.980822753906 760.1058502197266 2249.088269042969 922.8950653076172 0.8321242559523809 
750 1805.6759704589845 466.512548828125 1960.530694580078 590.3962646484375 0.34744698660714285 2054.3697875976563 744.9861389160156 2233.3130737304687 910.1643737792969 0.8065708705357143 
751 1793.5258850097657 493.2407699584961 1967.4759460449218 590.2513259887695 0.49818638392857145 2052.134875488281 725.6029632568359 2192.632946777344 882.8270294189454 0.7847377232142857 
752 1908.7649169921874 690.700927734375 2121.0578369140626 826.7010498046875 0.33973911830357145 2044.126953125 730.7610168457031 2166.85888671875 873.3952331542969 0.7736932663690477 
753 1809.2714111328125 483.315983581543 2035.8833740234375 716.4963027954102 0.3692220052083333 2033.230645751953 703.4857482910156 2158.0314392089845 867.6972351074219 0.7920154389880952 
754 1786.9111633300781 506.6155303955078 1977.3352966308594 608.393930053711 0.5295875186011905 2023.9310546875 682.265347290039 2151.97470703125 859.5567352294922 0.7675316220238095 
755 1845.1569030761718 595.981167602539 2065.9174377441404 716.1008026123047 0.37626720610119047 2021.965087890625 683.5111602783203 2138.838134765625 845.835092163086 0.7545572916666666 
756 1876.7220581054687 627.8620727539062 2060.649523925781 718.2123901367188 0.41982886904761907 2021.8039306640626 674.2783294677735 2131.5149169921874 835.6182159423828 0.7663690476190477 
757 1833.1369262695312 569.1192962646485 2055.679724121094 688.4538848876953 0.3574800037202381 2011.27041015625 654.2165313720703 2130.605078125 831.6056732177734 0.7617885044642857 
758 1907.474560546875 606.0372253417969 2068.783740234375 735.0846008300781 0.3331705729166667 1988.7495056152343 648.7221099853516 2133.927862548828 816.4837615966796 0.7625558035714286 
759 1906.2680358886719 601.920166015625 2076.7843322753906 701.6561279296875 0.3866373697916667 1997.3419799804688 645.1060913085937 2129.2510375976562 799.5359985351563 0.7932012648809523 
760 1835.800146484375 560.9321746826172 2041.427392578125 660.5328521728516 0.3800688244047619 2001.1422973632812 636.1887329101562 2123.233435058594 790.4091674804688 0.7912248883928571 
761 1909.7234436035155 597.4968048095703 2057.363104248047 713.0407318115234 0.3984956287202381 1995.5173767089843 630.8267944335937 2127.109210205078 778.4662963867188 0.7918294270833334 
762 1927.42646484375 609.588980102539 2055.826220703125 715.5187469482422 0.4644135974702381 1990.8855224609374 620.2066101074219 2125.7052978515626 783.9163146972656 0.8037109375 
763 1907.5890869140626 605.8706787109375 2036.0669189453124 705.440966796875 0.47739955357142855 1988.7525390625 616.1242156982422 2120.44228515625 776.7214263916015 0.7901785714285714 
764 1922.2681518554687 602.6728149414063 2063.7259887695313 670.1868041992187 0.32992699032738093 1981.9919921875 614.9143859863282 2120.23505859375 769.2320983886718 0.7876674107142857 
765 1929.2131896972655 569.7262908935547 2067.626531982422 672.7315338134765 0.3402099609375 1987.6487854003906 610.8293212890625 2113.1865417480467 765.3373046875 0.7944568452380952 
766 1893.7499938964843 599.3994964599609 2041.7943176269532 686.2950225830078 0.34622628348214285 1988.3201538085937 611.7777557373047 2110.6175903320313 763.0404205322266 0.8082449776785714 
767 1890.2519897460938 596.7774353027344 2063.987023925781 680.4276428222656 0.30579194568452384 1984.9152770996093 611.2553802490235 2110.390509033203 762.4691680908203 0.8105701264880952 
768 1889.2115112304687 595.6858673095703 2030.7963012695313 689.0031585693359 0.42519996279761907 1988.3455444335937 610.908724975586 2107.4056762695313 765.3648956298828 0.8086635044642857 
769 1891.976513671875 603.95029296875 2065.717578125 690.8208251953125 0.30551292782738093 1987.3856689453125 611.3751281738281 2106.4302490234377 762.5942321777344 0.8034086681547619 
770 1895.6339477539063 597.22919921875 2043.6895385742187 697.0057861328125 0.3895903087797619 1984.888250732422 616.7883422851562 2110.4136291503905 761.6253540039063 0.8041294642857143 
771 1891.8733825683594 593.0646881103515 2033.5395812988281 686.4356170654297 0.37684849330357145 1983.262921142578 613.9926818847656 2105.610980224609 762.0982604980469 0.7988048735119048 
772 1865.5719482421875 592.9009948730469 2042.4309814453125 686.1539367675781 0.30873325892857145 1980.3447692871093 614.1735137939453 2105.753985595703 758.876351928711 0.7910853794642857 
773 1895.1828063964845 588.7254821777344 2059.273370361328 672.3794982910156 0.35837518601190477 1984.1579162597657 610.6289642333984 2106.421551513672 761.8497344970704 0.7941778273809523 
774 1899.1657836914062 569.1432312011718 2056.8583862304686 672.1261779785157 0.35446893601190477 1979.2498352050782 605.2862487792969 2107.9785583496096 759.7607482910156 0.7891090029761905 
775 1923.4557556152345 573.4662780761719 2065.005792236328 663.5434875488281 0.37611607142857145 1990.7662841796875 613.8030334472656 2106.5799072265627 761.7870544433594 0.79345703125 
776 1897.3387329101563 585.7674530029296 2061.392956542969 675.8364898681641 0.3714192708333333 1995.2022216796875 613.72841796875 2104.5717041015623 761.6989501953125 0.7985026041666666 
777 1906.4806640625 586.9638671875 2067.49150390625 670.689453125 0.36753627232142855 1990.57783203125 614.2118560791016 2109.72587890625 762.3417938232421 0.8021065848214286 
778 1923.421160888672 592.2943298339844 2065.160992431641 672.8284729003906 0.3907063802083333 1996.1495849609375 611.0030181884765 2108.8972900390627 765.6285125732422 0.7993396577380952 
779 1904.5523498535156 599.9204895019532 2049.4821960449217 699.7610290527343 0.44740513392857145 1997.4561157226562 613.7941101074218 2110.1793823242188 765.1652404785157 0.7951078869047619 
780 1858.2042053222656 598.5502716064453 2051.6079284667967 672.6884368896484 0.39255487351190477 2001.769268798828 614.791226196289 2111.364886474609 763.0674774169922 0.8003859747023809 
781 1888.1034240722656 601.2048065185547 2046.0212097167969 694.6663482666015 0.4281412760416667 1997.059228515625 614.7158386230469 2113.080419921875 762.9651916503906 0.794921875 
782 1896.851544189453 560.0128295898437 2041.9305603027344 643.8361694335938 0.38187081473214285 1988.7349609375 611.7204132080078 2111.24599609375 763.2472991943359 0.7927827380952381 
783 1950.9359802246095 590.9715942382812 2060.560479736328 665.1293579101563 0.37319800967261907 1986.2787109375 614.657421875 2112.02451171875 762.97294921875 0.7982933407738095 
784 1950.1188171386718 605.9357208251953 2066.1874572753904 680.090707397461 0.39072963169642855 1989.4283203125 617.5922210693359 2108.72109375 762.6779815673829 0.8000139508928571 
785 1901.4586669921875 579.120556640625 2039.8604248046875 640.2748291015625 0.4228631882440476 1984.2769104003905 616.1350006103515 2113.022772216797 764.1925750732422 0.8030366443452381 
786 1947.2561889648437 601.245361328125 2056.7027954101563 668.8447265625 0.3997163318452381 1985.389141845703 616.7213745117188 2107.711810302734 764.7963256835938 0.7925502232142857 
787 1921.5310180664062 579.2627044677735 2037.6115600585938 646.9762481689453 0.38709077380952384 1985.6481201171875 617.4600769042969 2104.9529541015627 762.5606750488281 0.78466796875 
788 1845.3282470703125 544.8047790527344 2038.5985107421875 631.7763977050781 0.3934733072916667 1981.6085266113282 614.5554870605469 2110.4553161621093 762.7293029785156 0.7894577752976191 
789 1948.6126098632812 579.4321411132812 2058.1969604492188 647.1165649414063 0.41574823288690477 1990.0166625976562 611.5388763427734 2106.0470581054688 766.2460968017579 0.8084077380952381 
790 1838.0743286132813 545.8209655761718 2024.9991577148437 626.3919250488282 0.43078031994047616 1981.4907531738281 612.013134765625 2107.1814880371094 763.48662109375 0.7934337797619048 
791 1835.2452819824218 533.3228973388672 2009.6869689941407 620.5437408447266 0.40205310639880953 1979.2466369628905 613.2132141113282 2111.693182373047 761.8116882324218 0.8135928199404762 
792 1831.2462219238282 553.1970672607422 2028.1398864746093 630.6634674072266 0.3826381138392857 1973.7644958496094 609.1864318847656 2119.013946533203 760.8914489746094 0.8168015252976191 
793 1825.0408447265625 548.7962341308594 2002.9427978515625 623.1915588378906 0.4135044642857143 1976.319805908203 612.3681549072265 2115.406634521484 761.1588836669922 0.8214285714285714 
794 1810.358575439453 516.93125 1998.0773376464845 604.317529296875 0.42954799107142855 1972.060528564453 608.6743896484375 2117.704486083984 764.027880859375 0.8214053199404762 
795 1814.3914428710937 503.88124084472656 1992.6561645507813 601.1166229248047 0.4406622023809524 1973.4584533691407 612.5854034423828 2112.829022216797 761.6795501708984 0.8118024553571429 
796 1792.8034790039062 499.29013977050784 1984.3068725585938 609.6480316162109 0.41157459077380953 1973.5706726074218 612.1447937011719 2113.1408752441407 761.4526184082031 0.8171735491071429 
797 1810.0192626953126 519.487173461914 1997.8159423828124 610.1476531982422 0.42224702380952384 1971.7884338378906 609.1513824462891 2117.4926940917967 764.5693817138672 0.8044782366071429 
798 1834.2099243164062 592.199673461914 2035.6023315429688 666.9097625732422 0.33507719494047616 1967.6385864257813 611.0645690917969 2117.0589233398437 760.4847473144531 0.8121047247023809 
799 1823.8195922851562 555.2877044677734 2037.7714721679688 642.8135528564453 0.35220191592261907 1970.5687255859375 607.2795684814453 2122.9283447265625 762.8810150146485 0.8131045386904762 
800 1820.0601684570313 555.004281616211 2004.4808471679687 632.6550811767578 0.36142113095238093 1971.0062927246095 611.1268829345703 2119.837091064453 763.193002319336 0.8205217633928571 
801 1823.7480224609376 558.9343444824219 2001.7724853515624 643.0914123535156 0.37511625744047616 1971.894305419922 610.4743041992188 2117.550640869141 765.8411254882812 0.8265904017857143 
802 1818.9769470214844 529.7654174804687 1993.959454345703 630.2183471679688 0.3911830357142857 1971.525860595703 610.6511657714843 2120.584857177734 766.1911193847657 0.828125 
803 1842.6222534179688 599.8223358154297 2050.0779418945312 690.5842193603515 0.37912713913690477 1971.9080749511718 606.9286987304688 2117.7751525878907 765.7619750976562 0.8286365327380952 
804 1917.239276123047 611.1254180908203 2070.462017822266 679.586557006836 0.29159691220238093 1981.813458251953 608.8684356689453 2118.735736083984 762.091098022461 0.8279389880952381 
805 1831.8845092773438 586.9263671875 2063.1159790039064 668.345849609375 0.3377046130952381 1977.688165283203 608.3459197998047 2117.7296813964845 764.6714752197265 0.8229864211309523 
806 1839.037823486328 600.8556671142578 2053.839495849609 675.7108001708984 0.37609281994047616 1981.487939453125 606.4886016845703 2111.670751953125 762.7079925537109 0.8183826264880952 
807 1826.1970275878907 559.499169921875 2030.6602722167968 637.389990234375 0.41687593005952384 1985.7232666015625 602.93828125 2105.8050537109375 758.719921875 0.8126395089285714 
808 1906.6142272949219 580.7998748779297 2045.8143615722656 639.069692993164 0.4030180431547619 1977.8329223632813 604.8299621582031 2104.0843139648437 756.9789978027344 0.7888067336309523 
809 1823.5751953125 559.3117950439453 2027.3095703125 643.392611694336 0.45522925967261907 1976.8113159179688 600.4815307617188 2102.932580566406 758.9415649414062 0.7951543898809523 
810 1884.0947143554688 591.2656097412109 2039.2653930664062 668.8510284423828 0.41002836681547616 1980.2060791015624 602.2071929931641 2099.8168701171876 757.3779510498047 0.8062220982142857 
811 1889.9079895019531 563.3315307617188 2028.9510192871094 631.2362182617187 0.42818777901785715 1981.6912963867187 600.5174682617187 2101.332873535156 755.7281372070313 0.7967122395833334 
812 1839.3828247070312 586.1725402832031 2042.6039916992188 666.8158630371094 0.39756556919642855 1976.972723388672 605.2788238525391 2106.0020080566405 756.8882293701172 0.8108258928571429 
813 1889.3333435058594 554.7665252685547 2038.0422668457031 667.9146881103516 0.40920293898809523 1976.1217346191406 600.0258117675781 2105.433807373047 751.9675964355469 0.7904575892857143 
814 1916.4148559570312 566.1763488769532 2042.0556030273438 646.7152526855468 0.3876139322916667 1981.589453125 602.6047485351562 2100.78701171875 754.0179321289063 0.7921316964285714 
815 1886.4296630859376 565.6049285888672 2057.6335693359374 668.973257446289 0.3759068080357143 1983.9587463378907 604.740771484375 2106.708612060547 756.5630615234375 0.7987816220238095 
816 1880.8864685058593 594.6548370361328 2058.041143798828 675.1796966552735 0.31673758370535715 1983.8344604492188 605.9282775878906 2106.2321899414064 760.5360778808594 0.8121977306547619 
817 1883.0833618164063 601.1987426757812 2057.557263183594 681.9736206054688 0.3112211681547619 1980.2617797851562 610.3946258544922 2109.5016479492188 762.251431274414 0.8225446428571429 
818 1992.7412719726562 601.7573455810547 2051.0048217773438 653.5471588134766 0.30478050595238093 1982.034765625 610.4719299316406 2111.5091796875 759.3677917480469 0.8023390997023809 
819 1962.8154296875 600.9572631835938 2056.48779296875 668.7889526367187 0.26493908110119047 1981.077899169922 611.5171630859375 2110.281109619141 760.10087890625 0.8051060267857143 
820 1945.9838256835938 605.1305541992188 2049.6553344726562 660.2059936523438 0.28598167782738093 1979.627264404297 614.2267517089844 2115.6960998535155 763.2543273925781 0.82666015625 
821 1892.176611328125 595.5881866455078 2057.82314453125 676.787484741211 0.34785388764880953 1974.0005126953124 612.327767944336 2123.4072021484376 764.9824737548828 0.8126162574404762 
822 1844.4633666992188 589.6959655761718 2042.5759399414062 674.1374084472657 0.3579682849702381 1978.2455932617188 617.1769348144531 2121.1462524414064 766.5733093261719 0.8129185267857143 
823 1906.1892639160155 593.3916564941406 2046.011785888672 681.1872009277344 0.39111328125 1981.2280822753905 619.154995727539 2121.050604248047 765.4809295654297 0.7980840773809523 
824 1899.4193054199218 603.3025024414062 2062.0632385253907 697.6359741210938 0.43379138764880953 1980.9915649414063 616.1888946533203 2130.623913574219 772.327035522461 0.8297991071428571 
825 1898.4024719238282 594.6843231201171 2041.7631774902343 679.3975250244141 0.4043550037202381 1982.8650451660155 618.9954833984375 2132.742254638672 775.3890380859375 0.8277994791666666 
826 1901.087176513672 608.9467895507812 2057.509136962891 696.9341918945313 0.3832194010416667 1988.1971069335937 624.3633697509765 2128.3251098632813 774.2677947998047 0.8209635416666666 
827 1905.2135314941406 608.1459350585938 2071.653045654297 702.7879028320312 0.3913690476190476 1987.8056701660157 624.3380584716797 2134.663934326172 774.4597320556641 0.8254045758928571 
828 1860.2798156738281 611.1734771728516 2056.1661071777344 709.1166229248047 0.4148065476190476 1988.9871398925782 624.8603820800781 2135.9018981933596 778.3046569824219 0.8176385788690477 
829 1870.164697265625 614.7204071044922 2053.3599609375 716.1320709228515 0.4594029017857143 1987.1780944824218 625.541015625 2137.6599182128907 785.8367919921875 0.8078962053571429 
830 1863.572442626953 609.3350677490234 2049.9296325683595 713.9567413330078 0.41677129836309523 1988.8166259765626 625.9337280273437 2135.9406982421874 782.8661987304688 0.8211960565476191 
831 1833.6033752441406 554.7827880859375 2020.272235107422 662.8541748046875 0.418701171875 1995.8364685058593 624.6891052246094 2130.107012939453 781.8838928222656 0.8187779017857143 
832 1840.9072021484376 557.0013000488282 2034.2517333984374 658.5890319824218 0.43186151413690477 1993.162908935547 629.0958129882813 2134.0750061035155 783.1159790039062 0.8118954613095238 
833 1828.922674560547 535.9367858886719 2022.0125061035155 640.6634338378906 0.4160272507440476 1987.7749389648438 628.4536956787109 2135.046594238281 782.2709747314453 0.7943405877976191 
834 1869.3452514648438 596.7777496337891 2052.519250488281 698.1775115966797 0.40097191220238093 1992.1322082519532 628.8582794189454 2136.0546813964843 779.3225677490234 0.8179873511904762 
835 1891.1904846191405 593.2235809326172 2064.373114013672 701.054312133789 0.44644019717261907 1992.6117126464844 624.8941528320313 2136.3859680175783 785.0064819335937 0.8229631696428571 
836 1869.7893493652343 571.8731689453125 2049.337725830078 682.86669921875 0.4901529947916667 1988.6931091308593 626.8677368164062 2138.860723876953 783.5643920898438 0.8265206473214286 
837 1880.365655517578 604.7376861572266 2059.5499938964845 708.9904022216797 0.48105003720238093 1991.8860229492188 628.7960479736328 2138.491174316406 785.175082397461 0.8142206101190477 
838 1874.2117126464843 618.2499908447265 2050.113360595703 732.2603240966797 0.4793178013392857 1993.2334838867187 637.042935180664 2136.5607055664063 783.6275360107422 0.8071754092261905 
839 1881.947528076172 618.1885437011719 2028.3052795410156 735.2747131347656 0.5276460193452381 1986.2743530273438 627.9457183837891 2139.1370239257812 790.5654510498047 0.7945963541666666 
840 1858.9885192871093 616.5218627929687 2025.0221008300782 730.4664184570313 0.4731561569940476 2000.480157470703 633.8013336181641 2133.9581970214845 793.3237274169921 0.7825055803571429 
841 1867.9531982421875 595.4007843017578 2043.5160400390625 718.9449798583985 0.48422386532738093 1993.4981018066405 628.787728881836 2143.051580810547 788.0947784423828 0.8006417410714286 
842 1863.8878051757813 597.4275817871094 2036.3685424804687 717.8386535644531 0.4914434523809524 1991.3083068847657 627.2174255371094 2144.262860107422 793.1894348144531 0.7949451264880952 
843 1866.8994995117187 623.0046539306641 2042.1109985351563 726.8336639404297 0.4998256138392857 2004.0487060546875 631.6154083251953 2137.0797119140625 790.603646850586 0.7989211309523809 
844 1878.5128662109375 621.5590179443359 2034.1580322265625 738.2929718017579 0.5427827380952381 1999.736474609375 622.6814208984375 2142.411474609375 794.5397705078125 0.7972470238095238 
845 1894.613751220703 615.1958190917969 2040.5719177246094 731.9623840332031 0.5275762648809523 1996.9091430664062 627.0471313476562 2142.867468261719 792.4664184570313 0.7936430431547619 
846 1903.4910949707032 619.9354919433594 2036.0512634277343 736.3297668457031 0.5028715587797619 2000.1132934570312 629.6350372314453 2135.9064819335936 791.293734741211 0.7975957961309523 
847 1893.24814453125 623.1292449951172 2022.433740234375 739.3963287353515 0.5169735863095238 2001.4411254882812 633.563510131836 2140.315466308594 788.5862091064453 0.8029668898809523 
848 1873.0602294921875 620.8164947509765 2018.3364990234375 733.8092987060547 0.5248442150297619 2000.4563537597655 630.8740966796875 2139.275946044922 785.8356201171875 0.7991303943452381 
849 1879.4987548828126 620.2667297363281 2027.8542724609374 733.1459899902344 0.491943359375 1996.8435913085937 627.0890930175781 2138.7489379882813 788.3451110839844 0.7902948288690477 
850 1878.896728515625 612.6446807861328 2030.2978515625 731.832797241211 0.46594819568452384 1993.2529296875 627.6360931396484 2141.4326171875 788.7011260986328 0.7932710193452381 
851 1876.1930725097657 618.9534088134766 2034.1083190917968 728.5273651123047 0.49189685639880953 1997.0466247558593 630.35703125 2138.848028564453 791.4951416015625 0.8029436383928571 
852 1873.8026245117187 625.7306854248047 2031.7618286132813 732.111294555664 0.4441499255952381 1991.8380920410157 629.698193359375 2136.902508544922 787.6573974609375 0.7855282738095238 
853 1874.6005737304688 618.2587890625 2029.3142211914062 734.2939453125 0.47194707961309523 1998.693780517578 630.7796325683594 2130.8451599121095 788.7164611816406 0.7787155877976191 
854 1870.7684753417968 621.304409790039 2038.3864318847657 734.1242401123047 0.4210728236607143 1995.614013671875 633.8262145996093 2134.221435546875 788.5504943847657 0.7848307291666666 
855 1863.4286010742187 624.3531341552734 2047.4925415039063 747.0624542236328 0.37641834077380953 1997.0675048828125 637.6424865722656 2142.3812255859375 795.8728942871094 0.7923409598214286 
856 1858.3389953613282 616.0075469970703 2058.9714294433593 729.2679046630859 0.3939615885416667 1999.478759765625 638.1617431640625 2141.863037109375 796.7261962890625 0.7784365699404762 
857 1864.6348754882813 639.749545288086 2052.800671386719 746.8093536376953 0.4186430431547619 1993.9052307128907 641.2468780517578 2143.140057373047 800.214486694336 0.7824125744047619 
858 1875.9669006347656 626.7932220458985 2041.510760498047 769.6154083251953 0.4595307849702381 2000.5617553710938 644.5211120605469 2146.6298950195314 806.8190979003906 0.7819707961309523 
859 1870.6783508300782 635.6518096923828 2052.4836364746093 749.2800140380859 0.41279529389880953 2007.9063049316405 651.509799194336 2147.506658935547 800.8497589111328 0.8024553571428571 
860 1879.0868591308595 622.8321319580078 2041.377862548828 733.1900238037109 0.49710518973214285 2012.2904235839844 650.0470703125 2145.3688781738283 805.846484375 0.8017113095238095 
861 1866.9935363769532 645.3760955810546 2032.3107849121093 736.1386138916016 0.4373372395833333 2009.6202026367187 653.2305755615234 2149.0055297851563 805.5818634033203 0.8052455357142857 
862 1878.2249084472655 624.5529327392578 2034.176824951172 741.5168304443359 0.4973958333333333 2010.0591796875 652.5442443847656 2149.766015625 808.4961608886719 0.7945265997023809 
863 1895.2293762207032 607.2573364257812 2024.9648376464843 749.9662963867188 0.5405505952380952 2008.87265625 652.7894653320312 2148.33828125 811.7154174804688 0.7822498139880952 
864 1879.1291564941407 587.0332092285156 2031.3099304199218 739.2139831542969 0.522216796875 2013.0033874511719 650.2966156005859 2148.9947814941406 815.4289093017578 0.7862258184523809 
865 1887.2733276367187 625.8356842041015 2049.441027832031 762.0564666748047 0.5315987723214286 2008.8991394042969 654.9011199951171 2154.8500061035156 820.3120758056641 0.7960611979166666 
866 1869.4089294433593 602.8247436523437 2044.4371398925782 719.5102172851563 0.4938151041666667 2010.65322265625 652.0670318603516 2150.02744140625 817.3715057373047 0.7859933035714286 
867 1867.2211059570313 594.2326446533203 2041.9114624023437 720.3977874755859 0.5100562686011905 2012.7963500976562 657.3152160644531 2155.136511230469 819.0653991699219 0.8014555431547619 
868 1878.0407287597657 622.754751586914 2036.7843444824218 749.1017547607422 0.5136137462797619 2011.9883728027344 658.1418640136719 2154.533721923828 823.3648498535156 0.7938290550595238 
869 1872.9934814453125 552.3235687255859 2044.8651611328125 724.1951690673828 0.512939453125 2013.559100341797 651.7296661376953 2156.244732666016 826.844125366211 0.7760881696428571 
870 1846.703302001953 547.4274627685547 2044.9655212402345 680.6856353759765 0.5775204613095238 2015.5887145996094 652.5588745117187 2158.597442626953 828.0696655273438 0.7905738467261905 
871 1871.0989990234375 544.881234741211 2043.5457763671875 688.0446075439453 0.5469680059523809 2020.0189331054687 659.5120269775391 2159.928576660156 828.7050750732421 0.7867373511904762 
872 1874.7114562988281 554.15751953125 2040.7320251464844 710.412060546875 0.5382138206845238 2020.448907470703 660.7060333251953 2160.4269470214845 826.7265228271484 0.7836216517857143 
873 1869.6949462890625 544.2815124511719 2046.0137939453125 684.6835754394531 0.5425037202380952 2024.9157592773438 659.3157318115234 2162.0527465820314 825.8391143798829 0.7822265625 
874 1866.1889587402343 562.3953430175782 2039.7064270019532 696.6258972167968 0.5188802083333334 2035.1733764648438 662.2497772216797 2162.856164550781 825.9455963134766 0.8068731398809523 
875 1849.7548461914062 566.799658203125 2047.2244018554688 681.9902587890625 0.5039760044642857 2040.0091064453125 659.838232421875 2168.3644287109373 824.396142578125 0.8125930059523809 
876 1848.4428344726562 571.6766510009766 2050.184362792969 680.8154754638672 0.5043247767857143 2069.2645263671875 663.3888275146485 2165.1744384765625 815.5217559814453 0.7934337797619048 
877 1878.073504638672 619.8173156738281 2057.616802978516 722.8884948730469 0.43118722098214285 2062.9877075195313 662.6570922851563 2169.3836303710937 815.6013305664062 0.7842959449404762 
878 1860.0585632324219 600.8920837402344 2060.5294494628906 707.8099426269531 0.4470098586309524 2080.576513671875 667.8442504882812 2174.129541015625 818.1973754882813 0.7852492559523809 
879 1856.5466430664062 595.3895721435547 2040.4455444335938 699.0416412353516 0.46133277529761907 2085.584509277344 669.3348937988281 2179.205773925781 823.1413024902344 0.7865048363095238 
880 1836.2546325683593 555.5853881835938 2029.9671691894532 682.5004272460938 0.48129417782738093 2086.745068359375 675.8207305908203 2180.261279296875 829.454721069336 0.7924572172619048 
881 1828.5730773925782 543.047982788086 2018.9978454589843 669.9978546142578 0.5410039992559523 2086.0704956054688 681.6906097412109 2182.9531860351562 832.0258819580079 0.8028273809523809 
882 1835.3625854492188 547.2386657714844 2015.5658813476562 667.3742492675781 0.5509556361607143 2086.286657714844 681.6210968017579 2183.062707519531 838.4647796630859 0.8205217633928571 
883 1820.617694091797 542.8298309326171 2040.4654357910156 676.0708648681641 0.49540783110119047 2074.1599731445312 689.9074829101562 2184.0839233398438 836.4726440429688 0.8166387648809523 
884 1826.118719482422 543.4664794921875 2039.2004943847655 673.31318359375 0.4885835193452381 2076.9765014648438 690.0882690429687 2180.1878051757812 836.5820190429688 0.8081984747023809 
885 1827.7439697265625 550.3767547607422 2044.6586181640625 680.5255279541016 0.494384765625 2070.714013671875 692.2055633544921 2184.177099609375 839.0401031494141 0.8236839657738095 
886 1847.5513061523438 562.5402709960938 2051.171105957031 692.7234008789062 0.5097772507440477 2068.5032958984375 691.1827545166016 2181.9962158203125 841.3940887451172 0.8196149553571429 
887 1830.5955322265625 537.0026153564453 2037.1508056640625 676.9272552490235 0.5412248883928571 2073.5414916992186 692.1754486083985 2173.4875610351564 842.0946319580078 0.8111514136904762 
888 1850.3292663574218 564.8172393798828 2039.4054748535157 696.4953216552734 0.48310779389880953 2060.7024047851564 689.3530548095703 2182.2514526367186 844.6656829833985 0.8101515997023809 
889 1844.4375793457032 565.755258178711 2035.2336853027343 692.9526885986328 0.47098214285714285 2061.4971923828125 694.3688598632813 2178.6527099609375 844.9974731445312 0.8172200520833334 
890 1833.1736450195312 543.5665649414062 2034.4403686523438 674.3898559570313 0.5296688988095238 2059.5987060546877 693.4844299316406 2177.0043212890623 844.4343933105469 0.8191499255952381 
891 1834.533465576172 530.766748046875 2039.4197814941406 658.4009765625 0.5884951636904762 2055.697155761719 693.7974548339844 2179.972521972656 841.5843811035156 0.8190336681547619 
892 1868.4818908691407 565.0488708496093 2036.9882019042968 686.3733703613282 0.46007719494047616 2055.3943481445312 691.5582214355469 2176.7186889648438 839.8437561035156 0.8151506696428571 
893 1868.5096496582032 576.2081726074218 2027.4855895996093 697.9770080566407 0.46389043898809523 2058.7085083007814 692.7732208251953 2170.3298217773436 841.6017181396485 0.7986653645833334 
894 1849.1387939453125 552.2826568603516 2037.0548095703125 675.2822235107421 0.5457356770833334 2059.7885864257814 696.7020111083984 2175.9548217773436 843.6181182861328 0.8097330729166666 
895 1833.105487060547 540.0641571044922 2031.5711486816406 676.9370025634765 0.5390159970238095 2052.3653930664063 690.7559265136719 2175.5508666992187 844.7378479003906 0.8068498883928571 
896 1868.7423950195312 560.0924743652344 2036.3779663085938 683.2533508300781 0.5299944196428571 2059.2731689453126 700.2273956298828 2172.1706787109374 840.4938568115234 0.8017578125 
897 1850.1501892089843 555.745556640625 2032.4217102050782 682.9916259765625 0.5445033482142857 2050.410693359375 696.6157104492188 2170.778759765625 841.0572631835937 0.7896205357142857 
898 1824.692724609375 540.4586547851562 2035.36318359375 661.3351684570313 0.5757533482142857 2053.2954223632814 694.41015625 2170.7184936523436 839.4620361328125 0.7958751860119048 
899 1823.695819091797 525.1078643798828 2031.1338928222656 635.7415618896484 0.6600864955357143 2048.2873413085936 690.9253875732422 2176.2075317382814 839.589321899414 0.8000372023809523 
900 1821.5596557617187 537.1744354248046 2035.7933715820313 654.6574127197266 0.6337193080357143 2043.7671752929687 693.0653411865235 2175.0719360351563 841.6467559814453 0.7998976934523809 
901 1820.032244873047 522.4056701660156 2027.6607482910156 640.0618591308594 0.6551339285714286 2054.0136596679686 691.8358489990235 2171.6696899414064 840.6362579345703 0.8031296502976191 
902 1821.676043701172 531.7379943847657 2036.1377990722656 666.6414001464843 0.5187406994047619 2053.3002685546876 698.5712249755859 2174.3672119140624 840.3927032470704 0.8203822544642857 
903 1809.0373840332031 524.9739471435547 2030.0032653808594 638.909536743164 0.6860119047619048 2045.141748046875 691.3623748779297 2176.340185546875 836.3713287353515 0.80224609375 
904 1822.0252075195312 527.6163208007813 2025.4406127929688 651.7342651367187 0.6532970610119048 2045.1987426757812 694.5655120849609 2176.2121459960936 842.8174835205078 0.7975027901785714 
905 1812.6351623535156 518.5736419677735 2036.0924987792969 649.2102325439453 0.6672247023809523 2054.206921386719 697.2072387695313 2177.968127441406 838.1572631835937 0.8132672991071429 
906 1816.0256225585938 519.1718322753907 2032.6638305664062 639.5264099121093 0.6945917038690477 2050.7829345703126 695.868197631836 2181.4538818359374 843.7323272705078 0.8004324776785714 
907 1816.2424438476562 518.6795867919922 2036.3864624023438 642.5105377197266 0.6778041294642857 2060.9938842773436 701.9123321533203 2177.9453247070314 842.9420989990234 0.7980840773809523 
908 1818.4701171875 521.2729919433593 2035.2984375 648.6166564941407 0.6604352678571429 2057.272351074219 702.3604705810546 2177.732775878906 843.4710113525391 0.8053385416666666 
909 1824.1361022949218 520.9882598876953 2044.7023986816407 655.3958343505859 0.6499488467261905 2065.2478759765627 705.3678619384766 2172.0846435546873 850.1144989013671 0.7975725446428571 
910 1820.4996765136718 521.3886322021484 2048.3537170410154 656.0296417236328 0.6644345238095238 2058.5778930664064 703.8311889648437 2179.4096557617186 845.3769409179688 0.8022925967261905 
911 1833.21669921875 516.9363311767578 2043.243505859375 647.7727142333985 0.6895461309523809 2064.1667236328126 705.6426361083984 2177.7878662109374 853.6943389892579 0.8102446056547619 
912 1825.5096008300782 518.4124755859375 2049.5198181152346 659.7113037109375 0.6761765252976191 2063.5701171875 703.5854431152344 2177.29853515625 848.3305725097656 0.8128952752976191 
913 1827.5670959472657 516.0484741210937 2050.894940185547 653.4809448242188 0.6590401785714286 2061.4666381835937 699.0715850830078 2181.7201293945313 853.6831146240235 0.8127557663690477 
914 1828.0119506835938 515.7120697021485 2054.0637329101564 645.8630645751953 0.6573660714285714 2054.7223999023436 696.9749542236328 2188.2983520507814 854.5260833740234 0.8165922619047619 
915 1835.5987182617187 509.4525207519531 2053.9964965820313 639.1260925292969 0.6309988839285714 2052.4215698242188 698.3192138671875 2188.9199829101562 851.880126953125 0.8181268601190477 
916 1834.9674926757812 507.6336730957031 2059.509802246094 643.7199645996094 0.5925874255952381 2051.920275878906 698.9395355224609 2188.006726074219 855.4386993408203 0.82861328125 
917 1833.5437561035155 520.4375213623047 2044.298162841797 666.6058746337891 0.5421433221726191 2048.74345703125 702.2981323242187 2184.7140625 858.6643920898438 0.8365420386904762 
918 1830.806170654297 518.0320892333984 2050.190533447266 669.9136505126953 0.5811011904761905 2047.4643188476562 701.9774993896484 2189.220495605469 857.2341094970703 0.8410993303571429 
919 1837.3439392089845 525.5315155029297 2056.113214111328 673.6216217041016 0.5351446242559523 2048.993688964844 701.1943237304688 2183.620812988281 852.6500366210937 0.8409598214285714 
920 1831.0102416992188 518.3685272216796 2038.4411743164062 642.1579010009766 0.6486700148809523 2044.231689453125 697.2325775146485 2188.094970703125 854.4785430908203 0.8296828497023809 
921 1832.5963989257812 524.4608154296875 2049.366003417969 661.1925048828125 0.5565243675595238 2052.9574584960938 702.494140625 2183.0193481445312 852.5654296875 0.8248232886904762 
922 1846.5456176757812 529.9126373291016 2050.454870605469 670.3092254638672 0.5062430245535714 2055.983349609375 703.6084259033203 2183.008837890625 854.0333587646485 0.8161969866071429 
923 1840.4292541503905 534.4061431884766 2050.533026123047 681.1453094482422 0.46608770461309523 2058.2292358398436 702.9509857177734 2181.6235473632814 856.3601104736329 0.8160342261904762 
924 1820.1199096679688 526.3432861328125 2057.261682128906 659.9443115234375 0.6164899553571429 2056.7477416992188 701.6946166992187 2180.3286743164062 851.9956909179688 0.7998511904761905 
925 1868.279718017578 627.9036437988282 2098.8451599121095 711.4418151855468 0.41831752232142855 2058.3612548828123 702.8309783935547 2178.6563232421877 849.8581695556641 0.8031761532738095 
926 1825.6590515136718 539.6178894042969 2046.3110412597657 673.3463439941406 0.542724609375 2055.054931640625 704.8496856689453 2182.096923828125 855.2942962646484 0.8177083333333334 
927 1881.8517700195312 654.1444396972656 2076.014196777344 741.1827087402344 0.4334077380952381 2060.3058837890626 703.4575073242188 2180.8205810546874 854.1007202148437 0.8047572544642857 
928 1852.9580322265624 564.8819519042969 2070.2402099609376 701.9368957519531 0.44936988467261907 2058.797412109375 704.7654541015625 2185.824169921875 855.1915771484375 0.8177083333333334 
929 1835.4632629394532 551.2112396240234 2059.6518493652343 691.7473175048829 0.4365350632440476 2062.4830688476563 707.0621856689453 2192.9810424804687 857.636605834961 0.8131975446428571 
930 1848.5349670410155 542.4817138671875 2062.358465576172 682.8033203125 0.5171828497023809 2070.068322753906 708.3747711181641 2190.344030761719 858.7194061279297 0.80126953125 
931 1839.7768798828124 541.8228149414062 2064.1430419921876 689.1677856445312 0.49311755952380953 2067.362890625 708.4875274658203 2194.615625 862.5299896240234 0.8049897693452381 
932 1852.1646545410156 540.5177978515625 2059.3205749511717 690.8728271484375 0.4477422805059524 2066.6456298828125 710.149136352539 2196.9534912109375 860.5042449951172 0.8051990327380952 
933 1835.5761413574219 533.4121337890625 2065.7096252441406 693.5051025390625 0.4818522135416667 2067.3771850585936 717.4933776855469 2200.7880981445314 860.9099426269531 0.8061290922619048 
934 1830.4829833984375 521.9465209960938 2047.8197509765625 669.0667846679687 0.5263206845238095 2062.3517333984373 717.420947265625 2209.4719970703127 864.5412109375 0.8154296875 
935 1820.6223205566407 529.6658935546875 2037.7396179199218 648.4019775390625 0.5901925223214286 2072.7082275390626 718.8607727050781 2208.4065185546874 871.5214294433594 0.8224516369047619 
936 1874.2624755859374 544.36171875 2078.0876220703126 691.3832763671875 0.4695405505952381 2075.5174194335937 721.3273071289062 2205.8319458007813 871.6902709960938 0.8134533110119048 
937 1836.7861389160157 519.2735595703125 2049.593377685547 658.9283447265625 0.5771251860119048 2082.0771606445314 725.6864044189454 2208.4313842773436 871.9913909912109 0.8118954613095238 
938 1834.2127624511718 520.0328155517578 2055.0742248535157 667.2737640380859 0.5554082961309523 2082.231311035156 725.9642028808594 2206.047741699219 873.2052307128906 0.8105003720238095 
939 1836.71904296875 526.130712890625 2049.7248046875 671.51552734375 0.5646158854166666 2084.7056396484377 731.594091796875 2199.6610595703123 876.97890625 0.8164992559523809 
940 1842.1676696777345 517.307974243164 2051.643975830078 665.9685760498047 0.6070498511904762 2076.8540161132814 733.41162109375 2211.9997436523436 878.693603515625 0.8285667782738095 
941 1833.801202392578 528.0220458984375 2064.2396911621095 670.3517333984375 0.6213960193452381 2083.5298828125 736.9546936035156 2205.5267578125 875.8955261230469 0.8058733258928571 
942 1824.3518127441407 525.8967132568359 2037.6795593261718 664.7290802001953 0.6343238467261905 2081.1788330078125 736.4895233154297 2213.2386474609375 878.7080474853516 0.8191731770833334 
943 1832.4959533691406 519.9301971435547 2054.8799011230467 663.6245513916016 0.5767764136904762 2089.4876708984375 739.156201171875 2205.8116455078125 876.007861328125 0.8134533110119048 
944 1828.3511962890625 526.0548553466797 2056.5557861328125 669.1084136962891 0.6112351190476191 2087.209912109375 739.0631530761718 2206.421435546875 875.3046447753907 0.8022228422619048 
945 1834.9842041015625 537.6888153076172 2069.3644287109373 690.545376586914 0.4911993117559524 2085.6950805664064 734.8345977783204 2207.9804565429686 877.5007904052734 0.8107561383928571 
946 1826.3277770996094 523.2786712646484 2045.023419189453 663.3805694580078 0.6509486607142857 2084.0575439453123 733.1686920166015 2210.4907958984377 876.6876922607422 0.8089890252976191 
947 1824.2964233398438 528.3678771972657 2055.871301269531 671.3994567871093 0.5694056919642857 2085.735144042969 725.8876525878907 2208.333459472656 882.5413024902343 0.8116164434523809 
948 1827.5660339355468 537.9419738769532 2035.7607482910157 653.9849060058593 0.5655110677083334 2089.450244140625 731.3031311035156 2212.319287109375 878.0633239746094 0.8404947916666666 
949 1847.480889892578 535.5268127441407 2051.8209899902345 675.1592224121093 0.5757300967261905 2087.449328613281 727.816064453125 2210.053356933594 881.0710205078125 0.8293805803571429 
950 1854.811572265625 539.2628967285157 2063.08515625 675.8357360839843 0.5560360863095238 2090.531042480469 727.1818969726562 2213.446740722656 873.9977905273438 0.8235444568452381 
951 1861.5490112304688 556.0662628173828 2076.5806274414062 696.0074066162109 0.5579659598214286 2088.264050292969 719.5059234619141 2204.312854003906 876.5130584716796 0.7993861607142857 
952 1874.6746765136718 556.5698974609375 2064.6452697753907 692.2631103515625 0.5710100446428571 2086.8259155273436 719.0103057861328 2202.1650512695314 871.665170288086 0.7989443824404762 
953 1901.0171630859375 597.6354187011718 2066.7316162109373 749.8222229003907 0.5253789992559523 2088.9743774414064 719.9051330566406 2203.9599487304686 872.0919372558594 0.8058500744047619 
954 1896.0659423828124 651.0545166015625 2075.0527099609376 776.0074951171875 0.4542643229166667 2088.6911010742188 718.0770751953125 2196.7583618164062 870.0469482421875 0.8011300223214286 
955 1887.1739379882813 583.6860992431641 2076.218884277344 701.8392303466796 0.5471423921130952 2091.28037109375 720.016650390625 2199.3060546875 871.9278076171875 0.7988048735119048 
956 1905.1962646484376 656.6603790283203 2079.5010009765624 767.2769378662109 0.48442150297619047 2088.6546020507812 724.60322265625 2192.5673217773438 872.0919677734375 0.810546875 
957 1896.2071594238282 666.3818664550781 2086.7722106933593 783.3953552246094 0.43075706845238093 2081.7572265625 724.6314758300781 2202.1138671875 871.7341247558594 0.8114769345238095 
958 1903.4083129882813 665.171923828125 2078.190075683594 789.53583984375 0.44119698660714285 2080.646203613281 724.5098022460937 2198.287634277344 872.4019409179688 0.7980143229166666 
959 1913.0305786132812 683.6589935302734 2118.1376342773438 818.1552764892579 0.3987630208333333 2086.841259765625 726.465054321289 2197.800830078125 871.0485565185547 0.8091517857142857 
960 1918.1394348144531 693.5787750244141 2115.9712829589844 820.9959930419922 0.38058035714285715 2075.8634521484373 724.401400756836 2203.2805908203127 875.2901885986328 0.8138020833333334 
961 1917.2559753417968 690.7238800048829 2124.8476623535157 824.6541107177734 0.3494349888392857 2073.7223510742188 724.8502960205078 2197.6079711914062 875.5218353271484 0.7993861607142857 
962 1913.445782470703 689.7779113769532 2101.853900146484 807.5331237792968 0.36293247767857145 2079.079345703125 728.0807250976562 2200.198974609375 872.7514282226563 0.7888997395833334 
963 1912.8009094238282 689.3427825927735 2117.1784606933593 823.3607696533203 0.35305059523809523 2073.7514892578124 726.0688873291016 2201.0683349609376 876.8391326904297 0.7973865327380952 
964 1925.57451171875 688.0780059814454 2114.02119140625 822.6826751708984 0.3771158854166667 2074.933972167969 724.9648315429688 2202.808459472656 876.3951538085937 0.8101515997023809 
965 1912.8323791503906 690.0563934326171 2115.9194519042967 825.4476959228516 0.32221912202380953 2083.2431762695314 730.1530578613281 2208.4802124023436 879.0835144042969 0.8178245907738095 
966 1927.3681091308595 699.8946380615234 2107.308770751953 828.9087677001953 0.31449962797619047 2069.309680175781 725.4885314941406 2218.694470214844 881.6635681152344 0.8197777157738095 
967 1926.36708984375 696.3915161132812 2083.76865234375 833.2625366210938 0.3899739583333333 2079.9522094726562 726.3978729248047 2206.5578002929688 876.9559478759766 0.7795061383928571 
968 1929.6548645019532 718.5636108398437 2150.1643493652346 840.6918823242188 0.29621814546130953 2079.9667236328123 727.6971588134766 2219.0572021484377 883.7499237060547 0.8014090401785714 
969 1919.9745056152344 698.0741760253907 2130.7419250488283 837.4526794433593 0.3094075520833333 2079.09599609375 730.4999328613281 2225.2736328125 883.4763854980469 0.8147321428571429 
970 1925.2168334960938 678.47177734375 2129.744348144531 825.049951171875 0.33980887276785715 2082.5456665039064 733.1435821533203 2218.8974487304686 883.1305267333985 0.7935732886904762 
971 1917.7959045410157 683.2738250732422 2135.900262451172 826.4048248291016 0.3151157924107143 2087.927868652344 737.9310302734375 2217.427355957031 884.4698486328125 0.7952241443452381 
972 1924.182354736328 687.6060546875 2091.655902099609 817.483544921875 0.3718145461309524 2082.4541015625 738.2161987304687 2222.5849609375 885.1828491210938 0.8001767113095238 
973 1923.1612060546875 698.7862426757813 2134.7279541015623 831.8686645507812 0.3568754650297619 2080.261267089844 738.8159881591797 2226.993371582031 888.9601959228515 0.8056640625 
974 1920.749072265625 696.8104827880859 2128.441845703125 829.5976593017579 0.36904761904761907 2089.155725097656 739.7633361816406 2221.942663574219 886.1696472167969 0.8104538690476191 
975 1922.5592895507812 691.7932708740234 2133.555700683594 831.3232452392579 0.3674897693452381 2088.660119628906 736.9506927490235 2221.383581542969 893.4965118408203 0.8183128720238095 
976 1909.3814086914062 679.5292236328125 2109.7594604492188 822.1712158203125 0.3542596726190476 2092.6476196289063 741.8371185302734 2221.7046752929687 887.8753448486328 0.8063616071428571 
977 1914.0929077148437 685.5557067871093 2121.389270019531 821.4877502441407 0.3527018229166667 2102.4372802734374 741.8890777587891 2217.9792236328126 888.0160125732422 0.7944103422619048 
978 1938.2089782714843 691.1311889648438 2146.178350830078 827.5045532226562 0.3735467819940476 2100.1523559570314 738.9929962158203 2222.8884155273436 892.4130706787109 0.8027576264880952 
979 1921.5955993652344 706.2407684326172 2139.8151672363283 825.5794830322266 0.35739862351190477 2103.8823486328124 739.4195434570313 2219.8114990234376 889.4454467773437 0.7878766741071429 
980 1924.3295166015625 687.8879150390625 2108.1328857421877 827.4424072265625 0.39169456845238093 2096.3505126953123 744.3119293212891 2218.8863037109377 894.0776580810547 0.7909226190476191 
981 1919.9806884765626 674.2835876464844 2127.1535888671874 806.7383850097656 0.4110630580357143 2097.3709350585937 739.8578582763672 2216.2406372070313 892.690298461914 0.7915271577380952 
982 1910.4277893066405 694.9925048828125 2131.449530029297 827.605517578125 0.3444940476190476 2099.2771606445312 741.9433013916016 2225.0892944335938 898.3585174560546 0.8243582589285714 
983 1889.8366271972657 642.8343566894531 2101.259442138672 751.9558044433594 0.44162713913690477 2101.6529052734377 742.2503112792969 2227.8246337890623 899.1124816894531 0.8238699776785714 
984 1881.3238159179687 668.0503509521484 2124.4742797851563 808.4610626220704 0.3627813430059524 2099.8431396484375 748.5296234130859 2229.9796142578125 899.2143341064453 0.8287992931547619 
985 1920.1786865234376 721.6398529052734 2142.7510009765624 831.2139678955078 0.3583868117559524 2102.055810546875 751.5357147216797 2232.175146484375 898.7758697509765 0.8248930431547619 
986 1930.3697143554687 652.3431396484375 2108.6153930664063 806.5943603515625 0.46579706101190477 2108.0880859375 747.2669677734375 2231.4890625 901.5181884765625 0.8260788690476191 
987 1929.3895080566406 681.9810028076172 2118.0356628417967 805.4583892822266 0.3976236979166667 2108.4054321289063 756.120230102539 2231.8828979492187 900.1771942138672 0.8166852678571429 
988 1913.5918823242187 657.5115051269531 2105.9039672851563 791.4430847167969 0.4605073474702381 2112.1118408203124 753.6674835205079 2232.3066162109376 901.3356292724609 0.8241257440476191 
989 1924.267755126953 668.8169464111328 2147.4318298339845 806.148568725586 0.3828008742559524 2116.5320556640627 751.7441223144531 2229.8307373046873 902.8089782714844 0.8091982886904762 
990 1917.1302001953125 665.0945770263672 2119.6007568359373 802.3628814697265 0.4027622767857143 2114.0572021484377 756.2987701416016 2234.1669189453123 903.8621795654296 0.8124302455357143 
991 1924.5356750488281 663.8273773193359 2128.2962341308594 833.0523223876953 0.38559105282738093 2117.802685546875 759.5975799560547 2235.224169921875 904.6474761962891 0.8192894345238095 
992 1914.3497436523437 668.7736907958985 2132.049914550781 817.3627227783203 0.4022856212797619 2117.297326660156 759.1498504638672 2234.786413574219 907.738882446289 0.8143368675595238 
993 1926.6994567871093 663.19462890625 2120.443731689453 829.2610595703125 0.39175269717261907 2115.2541015625 752.2157684326172 2243.2634765625 907.9030670166015 0.8183128720238095 
994 1928.9242553710938 671.2669647216796 2153.7883911132812 823.4827301025391 0.4000883556547619 2118.794787597656 760.2812377929688 2243.334851074219 902.1186645507812 0.8119187127976191 
995 1897.1953735351562 677.7295379638672 2128.7848510742188 798.7091217041016 0.37158203125 2120.010534667969 756.5656982421875 2240.990197753906 908.6542724609375 0.8270321800595238 
996 1892.14482421875 686.8765502929688 2161.301953125 821.4551147460937 0.33993675595238093 2118.5660766601563 756.5548126220704 2242.7925659179687 908.3870208740234 0.8180106026785714 
997 1896.8428588867187 719.2471160888672 2178.8663696289063 832.7444000244141 0.26365443638392855 2119.207629394531 760.2542663574219 2239.583630371094 908.1446594238281 0.8210100446428571 
998 1891.3985473632813 668.1247833251953 2163.388317871094 826.498568725586 0.2611490885416667 2124.5894775390625 765.8504333496094 2234.7625732421875 903.5668029785156 0.8202427455357143 
999 1923.956201171875 683.6180908203125 2113.508642578125 824.9207275390625 0.39743768601190477 2117.485144042969 759.7041107177735 2238.109338378906 907.8995880126953 0.8125697544642857 
1000 1890.8060180664063 673.7430236816406 2120.964733886719 824.8919860839844 0.3022344680059524 2114.887097167969 764.77587890625 2235.119006347656 905.6192626953125 0.8111979166666666 
1001 1854.5377502441406 604.5613647460938 2081.400604248047 711.1182006835937 0.5539318266369048 2108.8994018554686 761.4881530761719 2239.5173461914064 905.8555969238281 0.8140113467261905 
1002 1847.9028625488281 598.8094512939454 2081.9925231933594 708.9692962646484 0.5741954985119048 2109.135217285156 762.0631591796875 2236.507604980469 903.205517578125 0.8114071800595238 
1003 1878.7223876953126 631.4358947753906 2102.8943115234374 721.1046325683594 0.39733305431547616 2113.505993652344 763.4187866210938 2234.213977050781 904.8194946289062 0.8076636904761905 
1004 1879.3967590332031 669.65234375 2124.2393493652344 800.6949462890625 0.28966703869047616 2113.8939575195313 767.0058227539063 2234.5911499023437 904.9454711914062 0.8045944940476191 
1005 1873.6049438476562 646.6542297363281 2108.785925292969 778.0788024902344 0.31881277901785715 2115.569934082031 768.634310913086 2236.618786621094 903.5174835205078 0.8163364955357143 
1006 1880.5602233886718 651.6353363037109 2102.1269104003904 786.6524444580078 0.29586356026785715 2118.504504394531 768.4104949951172 2239.673962402344 906.889614868164 0.8262416294642857 
1007 1878.2642395019532 645.8380004882813 2110.1042907714846 787.7103393554687 0.2915562220982143 2119.952685546875 768.6786865234375 2241.063427734375 907.0906005859375 0.8207077752976191 
1008 1885.7664306640625 636.5054595947265 2104.5314208984373 747.6241180419922 0.32045200892857145 2121.7600952148437 769.1266693115234 2239.8236450195313 911.4975372314453 0.8187546502976191 
1009 1883.906561279297 667.5431915283203 2131.8401428222655 821.1920989990234 0.2709147135416667 2121.3638916015625 771.6322814941407 2243.5848388671875 907.8210876464843 0.8232886904761905 
1010 1876.1813171386718 669.0414459228516 2168.4799377441404 797.7919891357421 0.25132533482142855 2126.455126953125 772.6307708740235 2244.766552734375 908.3407257080078 0.8275902157738095 
1011 1878.794989013672 661.0194213867187 2129.5659729003905 828.2001831054688 0.28805687313988093 2124.0737182617186 777.5637054443359 2245.9763305664064 909.9151153564453 0.8257300967261905 
1012 1877.4839599609375 635.1458343505859 2128.7679931640623 795.6884552001953 0.29281180245535715 2123.2644165039064 777.9696533203125 2245.4164916992186 910.5918701171875 0.8256603422619048 
1013 1889.3078735351562 673.3978088378906 2182.6943237304686 834.0619079589844 0.24187360491071427 2123.587353515625 778.3130706787109 2249.324267578125 914.5282989501953 0.8321010044642857 
1014 2078.8588623046876 752.444692993164 2187.4526611328124 783.9719940185547 0.23392159598214285 2129.24873046875 780.7383728027344 2244.8484375 917.3565979003906 0.8208472842261905 
1015 1931.111260986328 720.8881683349609 2186.1342224121095 843.1595001220703 0.2842901320684524 2126.4764770507813 777.5897979736328 2248.7478881835937 920.8218841552734 0.8310779389880952 
1016 1877.034405517578 656.8789123535156 2142.630023193359 737.2565856933594 0.29527064732142855 2130.1298095703123 781.7465087890625 2252.4434326171877 921.533642578125 0.8326822916666666 
1017 1857.7504943847657 623.4221405029297 2106.025262451172 717.8364654541016 0.3602818080357143 2127.0062866210938 782.2588104248047 2256.3889770507812 922.1318756103516 0.8423084077380952 
1018 1884.897998046875 664.3081695556641 2140.953564453125 787.0744598388671 0.29114350818452384 2126.11357421875 783.7017700195313 2255.89521484375 924.0062377929687 0.8209402901785714 
1019 1890.0687927246095 696.87109375 2177.557794189453 826.591796875 0.26047479538690477 2126.721435546875 784.6550476074219 2256.442138671875 924.8936584472656 0.8348214285714286 
1020 1894.4581970214845 749.5633270263672 2200.145928955078 826.863735961914 0.27157738095238093 2125.1428100585936 785.9161682128906 2258.6616333007814 922.9485778808594 0.8266834077380952 
1021 2082.7540283203125 760.2127227783203 2198.5638427734375 816.3628997802734 0.26281156994047616 2130.130822753906 788.6927429199219 2256.468542480469 925.5588439941406 0.8233584449404762 
1022 1882.3035095214843 668.0779754638672 2181.270343017578 822.8372467041015 0.2716064453125 2128.646765136719 785.2296722412109 2262.302697753906 932.9544708251954 0.8494931175595238 
1023 1896.8718994140625 758.7286590576172 2200.2511474609373 822.2267242431641 0.26839773995535715 2134.718017578125 791.291748046875 2258.186279296875 925.3431396484375 0.8187779017857143 
1024 1889.7364013671875 688.3603485107421 2189.7450439453123 776.5980865478516 0.33322870163690477 2129.2002563476562 791.2591613769531 2259.7921752929688 928.9101501464844 0.8242420014880952 
1025 1873.2376220703125 668.4954772949219 2151.9689208984373 791.9838928222656 0.2825404575892857 2129.171008300781 792.1196136474609 2259.715954589844 926.1928253173828 0.8238932291666666 
1026 1893.957781982422 756.9303161621094 2222.966168212891 824.1470764160156 0.2762567429315476 2135.7477294921873 792.7158050537109 2256.0301025390627 927.1492462158203 0.8168247767857143 
1027 1955.5686584472655 759.6067169189453 2199.441961669922 823.225863647461 0.2513543991815476 2132.152380371094 795.3585388183594 2259.390832519531 926.1312072753906 0.8213355654761905 
1028 1861.3932861328126 661.5024658203125 2129.0530029296874 746.0265869140625 0.32033575148809523 2135.0131591796876 793.9777618408203 2261.7993408203124 927.8076995849609 0.8377976190476191 
1029 1902.3071411132812 756.4105285644531 2194.1638061523436 837.2864929199219 0.273681640625 2128.8409790039063 790.4920593261719 2262.4619995117187 927.6295227050781 0.8312872023809523 
1030 1887.2389587402345 709.7698913574219 2194.037530517578 797.9304260253906 0.3212193080357143 2136.258435058594 790.4706726074219 2259.683215332031 931.5274963378906 0.8338216145833334 
1031 1976.8160217285156 761.9797637939453 2223.4734069824217 814.8348724365235 0.3517426990327381 2137.8208740234377 792.4730895996094 2257.6259033203123 933.4200988769531 0.8147321428571429 
1032 1986.111572265625 758.7808502197265 2222.238037109375 825.7420379638672 0.3536260695684524 2137.7909423828123 794.0235717773437 2257.6162841796877 931.4703247070313 0.8135928199404762 
1033 1949.8530517578124 760.2208831787109 2227.9902099609376 827.1146270751954 0.33385649181547616 2135.6388549804688 791.9073791503906 2258.8643188476562 936.2570495605469 0.8173828125 
1034 1901.27578125 747.8090789794921 2232.81259765625 814.8218414306641 0.33906482514880953 2134.1926879882812 793.5242767333984 2257.6371459960938 934.6037139892578 0.8019670758928571 
1035 2011.569842529297 770.6481414794922 2227.215435791016 830.7460845947265 0.36572265625 2136.7965087890625 793.8986541748047 2256.9925537109375 935.305630493164 0.7985956101190477 
1036 1953.422344970703 757.5736450195312 2225.384661865234 828.2132202148438 0.3653041294642857 2136.269921875 795.6103118896484 2259.8892578125 936.8893829345703 0.8041759672619048 
1037 1947.255908203125 759.2146942138672 2226.182080078125 819.236782836914 0.32321893601190477 2139.4080444335937 793.2996337890625 2259.4520629882813 934.5280029296875 0.8157087053571429 
1038 1966.1273498535156 750.1968353271484 2220.278778076172 820.7944366455079 0.3752557663690476 2135.5615112304686 789.704312133789 2262.6374633789064 941.4892303466797 0.80859375 
1039 1972.549542236328 759.3994445800781 2226.979632568359 823.0069274902344 0.3872767857142857 2137.1407104492187 793.1059936523437 2260.8219360351563 941.5234008789063 0.8098028273809523 
1040 1895.419171142578 743.0765411376954 2206.597308349609 810.2627532958984 0.323486328125 2137.371142578125 793.9422241210938 2261.135205078125 938.9230102539062 0.8136160714285714 
1041 1900.6899719238281 754.6321868896484 2227.0618591308594 818.4876251220703 0.3223353794642857 2139.6019287109375 788.060757446289 2263.7652587890625 940.6042205810547 0.8095238095238095 
1042 1946.4697998046875 767.9202270507812 2233.4784423828123 831.6998901367188 0.34183175223214285 2136.5823608398437 793.9499664306641 2264.1420043945313 939.2259979248047 0.8034086681547619 
1043 1936.9358459472655 763.4512329101562 2231.742742919922 838.0409545898438 0.30908203125 2139.256970214844 790.363656616211 2267.125109863281 939.5430206298828 0.8169177827380952 
1044 1887.1398071289063 745.6949493408204 2205.4522338867187 816.4310882568359 0.2959565662202381 2141.245703125 791.1293182373047 2261.49697265625 939.6751861572266 0.8164992559523809 
1045 1861.52177734375 682.8007568359375 2140.73994140625 792.367333984375 0.2966192336309524 2140.8757202148436 792.9110717773438 2261.0454223632814 937.8217163085938 0.8234979538690477 
1046 1936.6910766601563 756.5943389892578 2223.6016479492187 827.4364837646484 0.3519926525297619 2141.588427734375 794.331430053711 2258.477978515625 939.5577911376953 0.8144763764880952 
1047 1868.4277709960938 711.4140869140625 2214.114465332031 820.7638916015625 0.2672526041666667 2138.2749145507814 793.7655883789063 2261.7346069335936 941.9170288085937 0.8255673363095238 
1048 1890.085137939453 724.0487335205078 2215.0211853027345 815.878451538086 0.297607421875 2139.220666503906 790.4758483886719 2259.305944824219 942.3481262207031 0.8211030505952381 
1049 1893.79384765625 754.2652648925781 2232.89072265625 824.9103942871094 0.29306175595238093 2139.150012207031 794.2068969726563 2259.246716308594 942.5617797851562 0.8238002232142857 
1050 1943.466015625 754.6180267333984 2219.66142578125 821.8964385986328 0.3412504650297619 2140.8068725585936 791.1172119140625 2264.7407348632814 943.378759765625 0.8082914806547619 
1051 1894.3989318847657 750.8247802734375 2216.604852294922 832.2614013671875 0.29148646763392855 2137.891845703125 795.2199951171875 2261.817138671875 940.3896240234375 0.8251488095238095 
1052 1874.8391052246093 707.7715667724609 2207.228887939453 796.1730743408203 0.29922340029761907 2140.9956298828124 789.7809661865234 2264.7577880859376 945.3676544189453 0.8169177827380952 
1053 1880.3415832519531 744.4953186035157 2212.4073181152344 818.6802185058593 0.2777099609375 2143.5212646484374 789.0605987548828 2267.1628173828126 948.028207397461 0.7993629092261905 
1054 1899.3129638671876 724.4237335205078 2212.6567626953124 794.8380462646485 0.33164760044642855 2139.3986938476564 789.2861511230469 2273.1860229492186 954.7598693847656 0.7992699032738095 
1055 1938.3745971679687 756.2983184814453 2224.7526000976563 834.0800384521484 0.36658296130952384 2141.6677124023436 791.2456848144532 2268.9467895507814 943.2734802246093 0.8026181175595238 
1056 1943.2446411132812 760.5357635498046 2236.5549194335936 834.7467681884766 0.31178501674107145 2138.2866455078124 794.6510925292969 2272.5732177734376 950.1408996582031 0.8055710565476191 
1057 1949.314141845703 757.8712615966797 2239.4904235839845 839.2621002197266 0.34579613095238093 2139.180908203125 795.9806457519531 2270.114013671875 948.1461853027344 0.8071754092261905 
1058 1902.552734375 756.502084350586 2228.05419921875 830.8013214111328 0.30408296130952384 2139.6026977539063 792.9712829589844 2274.0489135742187 952.1839904785156 0.8055245535714286 
1059 1954.5928344726562 763.6886169433594 2238.1251831054688 831.0275695800781 0.32992699032738093 2140.797399902344 793.9502532958984 2275.475305175781 953.4372589111329 0.8126395089285714 
1060 1904.141357421875 757.8349548339844 2237.964599609375 850.1690734863281 0.29934547061011907 2143.3086181640624 794.9871856689454 2274.7070068359376 944.1422698974609 0.81787109375 
1061 1899.6466491699218 763.4281646728516 2243.8500549316404 862.7858856201171 0.25697544642857145 2141.7627685546877 792.7714141845703 2280.1537353515623 945.3564544677735 0.8266369047619048 
1062 1949.1129150390625 761.6966247558594 2243.4188232421875 839.7053527832031 0.29042271205357145 2144.4076904296876 793.609243774414 2282.6958251953124 949.6267791748047 0.8287062872023809 
1063 1948.7639404296874 764.6160430908203 2238.6760009765626 838.8618011474609 0.3147553943452381 2142.265270996094 790.1804962158203 2287.221301269531 949.2785491943359 0.8203590029761905 
1064 1895.0523010253905 761.9227508544922 2245.934393310547 839.8966461181641 0.27951195126488093 2143.150915527344 791.0947784423828 2281.377160644531 947.0424896240235 0.8274274553571429 
1065 1903.0367614746094 763.6832305908204 2243.7787902832033 841.7699554443359 0.2907831101190476 2140.163708496094 793.3070892333984 2271.491320800781 945.9310089111328 0.8241257440476191 
1066 1905.4239013671875 758.1257385253906 2234.5936767578123 839.5333190917969 0.31595284598214285 2139.8451293945313 792.7035064697266 2277.8841186523437 951.9792938232422 0.8197312127976191 
1067 2152.1481323242188 787.3219207763672 2219.2476196289062 900.3317047119141 0.24159458705357142 2135.03349609375 792.4834381103516 2279.82734375 954.9349578857422 0.8306594122023809 
1068 2129.10751953125 767.4110321044922 2213.88173828125 830.9916168212891 0.2473202659970238 2139.7043212890626 794.8539245605468 2273.9299560546874 950.2732727050782 0.8239862351190477 
1069 2152.85625 772.2502593994141 2216.61591796875 832.4676971435547 0.26720610119047616 2139.2324829101562 795.8195709228515 2273.8361206054688 958.7608123779297 0.8254278273809523 
1070 2153.0762451171877 780.6983917236328 2220.4242431640623 844.5016204833985 0.2620035807291667 2139.8522338867188 802.7841186523438 2274.5479125976562 958.7476196289062 0.8245675223214286 
1071 1869.9426330566407 757.6316955566406 2245.722772216797 828.5335876464844 0.26696196056547616 2139.6427001953125 795.2642486572265 2281.4461669921875 965.4288055419922 0.8308454241071429 
1072 1896.2047607421875 761.3566955566406 2237.0808837890627 821.7202087402344 0.30226934523809523 2139.980334472656 801.7811584472656 2285.562878417969 961.5667419433594 0.8172200520833334 
1073 1897.3958251953125 757.8970581054688 2224.6866943359373 818.3746704101562 0.3027750651041667 2139.9905395507812 800.3134887695312 2285.8485717773438 967.5164672851563 0.8160109747023809 
1074 1851.701678466797 722.0176788330078 2209.179302978516 822.1114105224609 0.26572381882440477 2140.846142578125 799.8378356933594 2280.262255859375 964.2775207519531 0.8338448660714286 
1075 1879.313055419922 757.7385070800781 2236.0073791503905 871.8806335449219 0.24814569382440477 2139.97421875 801.7765197753906 2282.6517578125 962.2889099121094 0.8256138392857143 
1076 1896.544140625 763.3969543457031 2249.209765625 827.5179626464844 0.283203125 2139.601281738281 800.8008605957032 2285.654821777344 968.2280700683593 0.8252418154761905 
1077 1892.2600219726562 756.6388000488281 2249.0595581054686 842.2707458496094 0.28641183035714285 2141.608190917969 802.0621673583985 2287.895959472656 969.7579620361328 0.8266834077380952 
1078 1898.2064575195313 767.4311157226563 2256.7439819335937 896.5046752929687 0.27615792410714285 2140.49521484375 807.8355865478516 2287.4955078125 969.1775360107422 0.8375418526785714 
1079 1869.17001953125 686.8265533447266 2227.65517578125 823.0508270263672 0.31455775669642855 2144.100390625 808.8493103027344 2294.6642578125 962.9978576660156 0.82958984375 
1080 2169.375341796875 798.7911560058594 2244.393212890625 880.9534729003906 0.302001953125 2146.1555908203127 816.5151519775391 2303.3356201171873 959.4060516357422 0.81494140625 
1081 1875.9708435058594 756.5701934814454 2256.8998840332033 900.3170745849609 0.24990118117559523 2150.472021484375 817.3861724853516 2308.593408203125 961.1330535888671 0.8328915550595238 
1082 2118.425439453125 803.8182708740235 2249.160498046875 909.1324737548828 0.24131556919642858 2150.550402832031 815.5508575439453 2317.600720214844 964.4434661865234 0.8263113839285714 
1083 1879.9056701660156 648.6117156982422 2043.8664245605469 841.7209869384766 0.2951253255208333 2151.351696777344 832.7521942138671 2318.956164550781 960.2771636962891 0.81298828125 
1084 1859.1996459960938 645.3449432373047 2254.0476684570312 897.6089752197265 0.24593680245535715 2152.9451293945312 830.3948699951172 2317.4652709960938 965.6668365478515 0.8359142485119048 
1085 1866.4400329589844 651.3639526367188 2050.222930908203 831.3961791992188 0.3596307663690476 2148.7501831054688 813.9411315917969 2336.2837524414062 960.2173156738281 0.7728794642857143 
1086 1841.5183715820312 611.9499664306641 2059.5714721679688 709.6979217529297 0.47009858630952384 2145.7517944335937 807.4459259033204 2333.7284301757813 965.3464935302734 0.8016880580357143 
1087 1830.8618286132812 589.0184692382812 2064.9579956054686 687.1878295898438 0.6085844494047619 2141.92509765625 809.4638671875 2323.16083984375 960.49365234375 0.8011997767857143 
1088 1826.9948303222657 595.5374267578125 2058.631756591797 688.9393798828125 0.49572172619047616 2130.6232421875 805.7637817382813 2321.16337890625 970.1512573242187 0.7994791666666666 
1089 1821.5502075195313 583.4731628417969 2042.5244995117187 675.5457580566406 0.6001441592261905 2120.8571166992188 809.6884796142579 2301.3193969726562 979.1021087646484 0.8167550223214286 
1090 1825.4382934570312 591.6375549316406 2037.5975952148438 672.1117126464844 0.5716378348214286 2116.2427490234377 811.3940216064453 2295.4808837890623 986.9740814208984 0.8380533854166666 
1091 1814.7552429199218 584.8787048339843 2020.4807189941407 675.1092102050782 0.49954659598214285 2105.991589355469 826.0024169921875 2290.061877441406 992.0266357421875 0.8300083705357143 
1092 1812.9916381835938 580.6520965576171 2019.9395141601562 666.2857086181641 0.468017578125 2104.4753295898436 822.8689392089843 2282.8784301757814 997.7041809082032 0.8434012276785714 
1093 1805.5874572753905 565.1248260498047 2005.100164794922 672.0065826416015 0.5271344866071429 2101.2937255859374 828.6294799804688 2279.4299072265626 1003.2030395507812 0.83935546875 
1094 1812.4517822265625 581.9289428710938 1977.6812744140625 682.5034301757812 0.46187918526785715 2097.7350952148436 830.1876098632813 2280.9243286132814 1006.1928833007812 0.8446800595238095 
1095 1801.1466552734375 579.9379821777344 1987.6636474609375 680.3701232910156 0.5487699962797619 2096.7869506835937 827.0176818847656 2279.7171997070313 1009.9477722167969 0.8415876116071429 
1096 1788.2033569335938 577.7386260986328 1995.7644165039062 674.3617767333984 0.5877511160714286 2096.6544921875 832.9229431152344 2279.16484375 1008.2761535644531 0.83203125 
1097 1772.5980712890625 607.8097534179688 2266.9160888671877 713.2157592773438 0.23590378534226192 2093.429345703125 831.9023620605469 2278.798681640625 1006.3675354003906 0.8328450520833334 
1098 1794.9347106933594 585.7298065185547 2254.3652160644533 848.790884399414 0.2666829427083333 2097.754150390625 835.8230712890625 2279.303466796875 1006.2570068359375 0.8158714657738095 
1099 1813.3982482910155 585.5735229492187 1997.663885498047 677.7062622070313 0.5109165736607143 2094.0489013671877 833.7649536132812 2278.3143798828123 1010.6598510742188 0.8219401041666666 
1100 1802.2494323730468 599.4254760742188 1997.3527404785157 689.7510375976562 0.4846772693452381 2091.7081787109373 837.6071014404297 2283.1985595703127 1007.4192047119141 0.8392624627976191 
1101 1814.0540893554687 599.6736511230469 2002.1678344726563 693.7305236816406 0.4689825148809524 2088.711462402344 838.5726013183594 2284.060266113281 1008.5985412597656 0.8335425967261905 
1102 1808.1608764648438 609.258657836914 2009.0822875976562 695.3678680419922 0.5831008184523809 2087.739697265625 836.6752227783203 2281.485400390625 1008.8935638427735 0.8349841889880952 
1103 1822.3549682617188 605.6241485595704 2004.7856567382812 695.0509613037109 0.49654715401785715 2088.4341552734377 838.2714050292968 2278.0189697265623 1009.9709045410157 0.8161504836309523 
1104 1818.1169128417969 608.6192413330078 2021.3775939941406 706.6198333740234 0.5748465401785714 2090.6202880859373 843.1507019042969 2279.3621337890627 1013.7444396972656 0.8346586681547619 
1105 1831.9233947753905 616.800015258789 2036.876043701172 699.5002166748047 0.5488048735119048 2088.0450927734373 841.9436859130859 2278.6150634765627 1010.9397979736328 0.8329148065476191 
1106 1853.3669555664062 626.3519287109375 2030.5500366210938 697.22509765625 0.35349237351190477 2088.884130859375 838.4263702392578 2280.241845703125 1008.5220550537109 0.8111746651785714 
1107 1834.2941772460938 614.4476593017578 2056.2961547851564 688.4483978271485 0.6118629092261905 2087.3330200195314 838.8894165039062 2277.6208374023436 1011.5577270507813 0.8257765997023809 
1108 1852.2879272460937 634.976205444336 2063.9000610351563 701.9867462158203 0.44444056919642855 2088.0456420898436 839.8059600830078 2278.4965942382814 1012.6225677490235 0.8310779389880952 
1109 1857.1136596679687 601.4824615478516 2098.623889160156 692.4863494873047 0.6017950148809523 2087.0466796875 839.4926177978516 2272.55439453125 1014.5001190185546 0.8332170758928571 
1110 1866.4218322753907 628.7823211669922 2130.054119873047 706.114468383789 0.41549246651785715 2085.439245605469 839.5528961181641 2278.769494628906 1011.7925018310547 0.8170107886904762 
1111 1878.7492980957031 625.195101928711 2129.6792907714844 708.8384063720703 0.5001046316964286 2086.65107421875 839.9331695556641 2278.3337890625 1014.1900604248046 0.8239862351190477 
1112 1880.1361206054687 621.0758056640625 2154.889025878906 720.6737060546875 0.6170479910714286 2085.1438720703127 845.6334045410156 2277.4708740234373 1013.9194519042969 0.8238002232142857 
1113 1897.987237548828 621.7253143310547 2161.5731872558595 722.304165649414 0.5837751116071429 2084.7385498046874 843.1589477539062 2278.9596923828126 1013.1025268554688 0.8229399181547619 
1114 1906.2305969238282 635.1306915283203 2154.7053161621093 742.1128997802734 0.6428803943452381 2082.499072265625 845.6441162109375 2275.757275390625 1014.7450439453125 0.8131742931547619 
1115 1910.8975402832032 631.3785369873046 2159.1653259277346 731.3753082275391 0.6017717633928571 2084.3667602539062 843.5732696533203 2277.4640502929688 1012.5333587646485 0.8137323288690477 
1116 1919.0985168457032 639.4607238769531 2160.4067321777343 738.8229675292969 0.5113932291666666 2082.7457885742188 846.9203887939453 2277.9219360351562 1017.2556976318359 0.8147321428571429 
1117 1917.4831909179688 649.3630859375 2175.788049316406 746.2273681640625 0.462890625 2078.6476318359373 848.0591186523437 2279.5515869140627 1016.6747680664063 0.7938058035714286 
1118 1910.0845581054687 643.2670684814453 2162.4835571289063 757.3653167724609 0.5521647135416666 2084.423486328125 844.3353118896484 2278.044775390625 1013.7538604736328 0.8081752232142857 
1119 1912.3126831054688 636.3628021240235 2161.9390258789062 740.3738311767578 0.6107003348214286 2080.9971435546877 842.1178985595703 2278.6180908203123 1012.0025238037109 0.8095470610119048 
1120 1904.4178771972656 639.7698791503906 2165.570770263672 739.4203063964844 0.5853562127976191 2086.405615234375 849.379443359375 2282.270166015625 1010.8819091796875 0.8094773065476191 
1121 1916.2748779296876 643.3334167480468 2156.9189697265624 754.9364807128907 0.47061011904761907 2084.35009765625 846.5529266357422 2286.630859375 1010.4699615478515 0.8001534598214286 
1122 1913.3361572265626 641.1452087402344 2161.3244873046874 749.8524719238281 0.5546642485119048 2083.8446533203123 846.5392242431641 2280.8765380859377 1009.6001190185547 0.8124069940476191 
1123 1905.0007446289062 646.1771575927735 2163.1830932617186 752.8926055908203 0.5751953125 2086.5227294921874 842.9254425048828 2286.1838134765626 1011.6046478271485 0.7985258556547619 
1124 1920.01162109375 656.613427734375 2160.07236328125 751.93173828125 0.5531063988095238 2085.1211669921877 840.8682556152344 2282.8182861328123 1010.3229064941406 0.8028041294642857 
1125 1911.3036376953125 646.9943725585938 2160.6719482421877 752.3613403320312 0.5790085565476191 2087.995739746094 842.7337249755859 2281.168566894531 1007.8085723876953 0.8061755952380952 
1126 1906.5779846191406 657.1684173583984 2157.6469909667967 766.7901397705078 0.39175269717261907 2084.4750732421876 842.9540435791016 2278.9653564453124 1016.2270477294921 0.8120814732142857 
1127 1911.963397216797 646.1244934082031 2159.474224853516 748.6646911621094 0.5383649553571429 2089.028845214844 839.6453094482422 2287.037316894531 1009.3669586181641 0.8196149553571429 
1128 1914.1576171875 665.7165100097657 2173.11533203125 780.8088806152343 0.48880440848214285 2089.5626708984373 832.5451080322266 2290.9744384765627 1012.3768280029296 0.7891322544642857 
1129 1905.9283569335937 646.9380920410156 2169.401477050781 732.3888122558594 0.5888206845238095 2094.4951904296877 828.383999633789 2290.3197509765623 1002.8459197998047 0.8186151413690477 
1130 1909.7813232421875 637.6614349365234 2171.8119384765623 743.8900177001954 0.3917643229166667 2099.2224243164064 826.4214599609375 2301.0566284179686 996.387255859375 0.8186616443452381 
1131 1907.5562622070313 664.5928192138672 2157.335583496094 723.5684967041016 0.3420933314732143 2109.167517089844 819.9043579101562 2299.971398925781 989.8930053710938 0.8314267113095238 
1132 1904.8705444335938 663.4891510009766 2154.0335083007812 765.2599334716797 0.39297340029761907 2115.0260009765625 817.7650207519531 2297.5115966796875 986.2132507324219 0.8196847098214286 
1133 1912.277276611328 642.904541015625 2150.6693786621095 744.57177734375 0.5857863653273809 2121.8142211914064 816.3050964355468 2297.1025268554686 981.0761291503907 0.8233351934523809 
1134 1906.3383728027343 662.4507873535156 2138.073370361328 795.8739196777344 0.2794596354166667 2124.2988403320314 810.8637084960938 2292.8332397460936 968.8648071289062 0.8151739211309523 
1135 1907.1499267578124 672.4195983886718 2187.2485107421876 814.1978332519532 0.30710565476190477 2128.5954467773436 806.4838043212891 2287.6635864257814 962.0941375732422 0.8157087053571429 
1136 1908.3448181152344 660.5854766845703 2184.336944580078 809.196566772461 0.3152669270833333 2129.084094238281 803.6168823242188 2284.772106933594 962.8430786132812 0.8041527157738095 
1137 2123.5201782226563 769.7799865722657 2202.9131713867187 897.4994323730468 0.2263125465029762 2131.0876342773436 803.3694213867187 2282.9702270507814 962.1557250976563 0.8160807291666666 
1138 2106.512243652344 734.7832763671875 2190.116906738281 835.8055908203125 0.27114722842261907 2130.6288452148438 802.9800384521484 2283.9041137695312 963.2224151611329 0.8102213541666666 
1139 1904.8221008300782 658.2886596679688 2181.7114685058596 814.4825805664062 0.30625697544642855 2129.4192138671874 803.0138092041016 2282.0632080078126 959.2078094482422 0.8143136160714286 
1140 1918.0584106445312 658.9198577880859 2149.3495483398438 797.0041534423829 0.38912527901785715 2129.035192871094 802.182339477539 2280.927941894531 964.4313690185547 0.8165922619047619 
1141 1914.135888671875 662.5892364501954 2176.184912109375 838.4378021240234 0.31201171875 2128.4432006835937 804.7533782958984 2280.1556762695313 966.8099151611328 0.8239629836309523 
1142 2106.9052978515624 786.6042022705078 2464.1913818359376 835.1673431396484 0.20179385230654762 2127.851611328125 809.2847595214844 2280.478466796875 961.9117736816406 0.8144763764880952 
1143 2106.2712158203126 771.2284271240235 2458.3611083984374 897.7073028564453 0.20481945219494047 2129.1478637695313 804.4915252685547 2282.9734741210937 961.7355865478515 0.8216145833333334 
1144 2101.984912109375 676.8142730712891 2190.982861328125 841.1180389404296 0.22341773623511904 2129.105603027344 806.6247589111329 2279.717395019531 964.0825775146484 0.8196382068452381 
1145 2095.5235229492187 673.2944641113281 2192.8492797851563 841.0971374511719 0.19948032924107142 2130.633203125 809.0855438232422 2281.65537109375 963.4639556884765 0.8087565104166666 
1146 1971.3507019042968 648.9563018798829 2135.6767639160157 743.3565032958984 0.3066522507440476 2128.5498291015624 805.7520721435546 2282.3871826171876 963.0856353759766 0.83056640625 
1147 1967.8795104980468 669.3503326416015 2192.0195373535157 837.4553924560547 0.25590587797619047 2126.421044921875 804.8581085205078 2284.019384765625 965.9588470458984 0.8209402901785714 
1148 1969.365740966797 673.9557434082031 2185.747662353516 806.5768493652344 0.29293968563988093 2129.638537597656 804.9661010742187 2283.200085449219 965.5075317382813 0.8341471354166666 
1149 1930.464990234375 669.7415222167969 2155.062841796875 796.0778137207031 0.40864490327380953 2127.5280883789064 803.36640625 2281.9389526367186 964.79619140625 0.8264508928571429 
1150 2101.894006347656 769.9239715576172 2455.871374511719 832.3905426025391 0.21544247581845238 2127.7882080078125 806.7632202148437 2280.4842529296875 966.4001098632813 0.8277529761904762 
1151 1972.0178100585938 665.1632019042969 2130.6352661132814 744.4719299316406 0.29141671316964285 2129.3091552734377 809.8552032470703 2281.0302001953123 968.4727386474609 0.8430292038690477 
1152 2092.7495727539062 671.4624603271484 2199.9503784179688 844.3668243408204 0.21933128720238096 2129.724743652344 812.1800140380859 2285.338488769531 964.3357940673828 0.8449823288690477 
1153 2056.2359619140625 761.9882965087891 2473.5150146484375 905.7567596435547 0.20470028831845238 2129.7385498046874 812.4286010742187 2284.0265869140626 963.2101928710938 0.8414248511904762 
1154 2080.1800537109375 668.6297454833984 2178.3243408203125 801.8253936767578 0.23724655877976192 2127.229846191406 809.1053771972656 2284.961804199219 963.3320007324219 0.8367978050595238 
1155 1961.7390075683593 666.7710815429688 2184.117559814453 807.9639038085937 0.2615443638392857 2126.5544189453126 808.6427368164062 2285.3962646484374 967.4845825195313 0.8330310639880952 
1156 1932.0776733398438 665.4955474853516 2153.610559082031 786.9811981201171 0.3258637927827381 2129.1484130859376 809.7941741943359 2286.3652587890624 967.0109405517578 0.8410528273809523 
1157 1967.84091796875 675.9897094726563 2188.98818359375 811.5315307617187 0.28405180431547616 2131.643359375 810.7083801269531 2288.58662109375 967.6514831542969 0.8308686755952381 
1158 1967.040106201172 661.9830902099609 2140.1094299316405 732.6235382080079 0.307373046875 2126.2529174804686 809.3771942138671 2285.1941040039064 968.3183013916016 0.8365885416666666 
1159 2064.804736328125 669.0763092041016 2176.692333984375 704.0411834716797 0.22044445219494047 2125.9933349609373 807.456591796875 2290.3284423828127 971.79169921875 0.8465169270833334 
1160 2056.962512207031 651.2861511230469 2474.256481933594 915.5722473144531 0.18703497023809523 2126.3778564453123 810.4462799072265 2289.8179443359377 970.4088836669922 0.8508649553571429 
1161 2085.0872436523437 654.9418304443359 2198.5423950195313 840.5954620361329 0.22235398065476192 2127.1370239257812 808.0663848876953 2288.7245483398438 973.0918792724609 0.85205078125 
1162 2058.772009277344 669.0214874267579 2188.257531738281 725.0151947021484 0.2138003394717262 2127.821887207031 810.3517944335938 2288.803845214844 971.3337524414062 0.8428896949404762 
1163 2063.340954589844 668.925570678711 2185.800891113281 723.3522003173828 0.22167678106398808 2127.056640625 811.1414276123047 2286.93505859375 971.0197662353515 0.8461449032738095 
1164 1898.3193237304688 622.7055480957031 2166.2815063476564 725.7678405761719 0.34358142671130953 2127.302600097656 817.5990539550781 2288.766979980469 972.1925720214844 0.8397739955357143 
1165 1970.2071044921875 667.5780975341797 2163.5497314453123 704.889859008789 0.27050199962797616 2127.28173828125 815.2596435546875 2293.48876953125 974.6826171875 0.8458891369047619 
1166 1914.0883178710938 641.881103515625 2140.8757934570312 712.9637451171875 0.373046875 2126.4249267578125 810.2141723632812 2295.6693115234375 979.4585571289062 0.8407738095238095 
1167 2133.3046630859376 807.7353393554688 2482.8301025390624 935.7793090820312 0.17062232607886904 2127.0488891601562 817.0524658203125 2300.0812377929688 979.7029052734375 0.8395647321428571 
1168 2060.232067871094 810.8826965332031 2247.222277832031 907.9737487792969 0.21237618582589285 2129.8000610351564 826.7879425048828 2313.1943237304686 977.8184417724609 0.8174758184523809 
1169 1957.9362670898438 780.1100982666015 2211.7304809570314 840.7175994873047 0.31787109375 2127.229357910156 815.8044067382813 2327.992077636719 971.1112426757812 0.7923642113095238 
1170 2050.7809814453126 774.092739868164 2218.3952880859374 900.7345916748047 0.2652006603422619 2129.14423828125 818.5033172607422 2337.73076171875 982.3927398681641 0.7850167410714286 
1171 2052.6944091796877 793.9612854003906 2207.9066650390623 897.4361755371094 0.2560453869047619 2132.859020996094 824.5204956054688 2332.417590332031 983.4283569335937 0.7846912202380952 
1172 2104.0439697265624 813.4322021484375 2260.9916748046876 891.9060546875 0.29727027529761907 2132.932568359375 831.9727081298828 2338.459521484375 973.973031616211 0.7585797991071429 
1173 1950.0927734375 646.4021392822266 2217.72265625 906.3853973388672 0.3230503627232143 2131.5517456054686 823.8907470703125 2330.3625610351564 972.998779296875 0.7804594494047619 
1174 1896.1884521484376 584.9196990966797 2122.0932861328124 722.7599273681641 0.4965239025297619 2131.0763916015626 825.9927947998046 2337.8366943359374 967.6619293212891 0.7797154017857143 
1175 1902.3171142578126 563.1524932861328 2145.3669677734374 704.278109741211 0.5064755394345238 2130.4401733398436 828.9692596435547 2330.3681762695314 966.1747222900391 0.7891787574404762 
1176 1906.033837890625 574.1958862304688 2149.877783203125 692.1848510742187 0.5358770461309523 2130.0615356445314 829.5360656738281 2346.3747436523436 963.2569030761719 0.7615327380952381 
1177 1917.8736511230468 572.2845092773438 2166.1792053222657 698.4079956054687 0.44614955357142855 2131.6165405273437 825.1378448486328 2340.5087036132813 967.0267669677735 0.7668573288690477 
1178 1916.8406311035155 586.5913726806641 2157.660711669922 687.5804412841796 0.5455380394345238 2130.4714599609374 820.2406585693359 2332.4494384765626 967.8400909423829 0.7990373883928571 
1179 1931.7477905273438 605.7913299560547 2173.6084106445314 682.5725006103515 0.6958472842261905 2131.5264526367187 822.2550964355469 2331.1573852539063 968.1393127441406 0.794921875 
1180 1947.8399353027344 611.6674499511719 2186.710968017578 701.7335510253906 0.7383975074404762 2132.189343261719 822.6752166748047 2339.733264160156 963.6483306884766 0.7902715773809523 
1181 1959.151544189453 611.785546875 2183.6359313964845 702.3669189453125 0.7104957217261905 2131.0744018554688 821.4253784179688 2335.8672485351562 959.2666381835937 0.7715541294642857 
1182 1949.2485412597657 615.6375885009766 2180.340203857422 701.8074188232422 0.7396763392857143 2127.6138916015625 827.1453460693359 2327.3714599609375 960.3168731689453 0.7952938988095238 
1183 1949.8795959472657 609.7740509033204 2169.313153076172 709.8665130615234 0.7510928199404762 2130.6677978515627 835.1301086425781 2323.1534912109373 958.3208190917969 0.78662109375 
1184 1938.2192443847657 615.5685821533203 2160.900262451172 709.3289398193359 0.7515811011904762 2130.2477294921873 827.4309906005859 2329.4885986328127 960.2581573486328 0.7841796875 
1185 1923.3942138671875 607.1034088134766 2151.9929931640627 709.5787811279297 0.7428385416666666 2128.7996459960937 824.7878021240234 2337.6918090820313 958.7940460205078 0.7845284598214286 
1186 1911.8625061035157 609.3353424072266 2133.460614013672 712.2201385498047 0.7203311011904762 2126.76396484375 828.3460144042969 2332.5333984375 958.9304748535156 0.7761579241071429 
1187 1901.0997131347656 615.2149353027344 2124.3088562011717 707.5773010253906 0.7357235863095238 2128.7492553710936 826.4345825195312 2328.8676879882814 961.1296264648438 0.8086402529761905 
1188 1873.010302734375 600.1140441894531 2105.674755859375 704.8130798339844 0.7390252976190477 2124.1685791015625 819.3556671142578 2325.8114013671875 962.8321380615234 0.7934105282738095 
1189 1854.4399780273438 596.2437438964844 2109.666223144531 708.3885803222656 0.6657366071428571 2124.0932739257814 825.5904052734375 2336.7819702148436 960.9376708984375 0.7795758928571429 
1190 1835.352069091797 604.4079864501953 2097.900494384766 705.6766693115235 0.6722005208333334 2125.4534545898437 821.8037506103516 2324.2401489257813 964.3299774169922 0.7772972470238095 
1191 1968.6359008789063 800.1269317626953 2282.6319213867187 900.9157318115234 0.3285435267857143 2128.1685424804687 822.9386199951172 2325.8697875976563 958.6158843994141 0.7493489583333334 
1192 2178.427526855469 817.4907348632812 2271.287072753906 906.4810668945313 0.33761742001488093 2130.6582885742187 827.0147308349609 2327.9850219726563 962.4349151611328 0.7615327380952381 
1193 2133.7623779296873 799.6986999511719 2238.8992431640627 953.6492004394531 0.34022739955357145 2126.252648925781 820.3505828857421 2321.506872558594 970.5462066650391 0.7657180059523809 
1194 1793.170654296875 631.8532653808594 2053.894287109375 730.1589416503906 0.5540364583333334 2129.6782958984377 823.6972412109375 2351.9344970703123 969.0185791015625 0.7238885788690477 
1195 1806.2374572753906 603.7509246826172 2084.509979248047 763.8530181884765 0.28427269345238093 2121.3102172851563 812.3821075439453 2311.9078002929687 968.6722747802735 0.7905970982142857 
1196 1804.7920227050781 626.5534912109375 2060.1272888183594 722.7668212890625 0.6038178943452381 2114.21171875 802.6124542236328 2302.9376953125 976.536410522461 0.8021298363095238 
1197 1802.1294311523438 642.44423828125 2034.3771606445312 725.90830078125 0.4744233630952381 2103.8840209960936 797.0900085449218 2285.3276489257814 967.6469299316407 0.8034086681547619 
1198 1821.5891174316407 632.5697143554687 2054.651727294922 758.3494750976563 0.34249441964285715 2086.5236083984373 794.4898040771484 2267.7942626953127 972.0612823486329 0.7859933035714286 
1199 1791.596728515625 646.6356323242187 2061.153759765625 759.5582153320313 0.6003301711309523 2070.6806640625 780.293359375 2252.81396484375 973.3544677734375 0.7620675223214286 
