0 0.0 0.0 0.0 0.0 0.23330543154761904 0.0 0.0 0.0 0.0 0.23330543154761904 
1 0.0 0.0 0.0 0.0 0.23330543154761904 0.0 0.0 0.0 0.0 0.23330543154761904 
2 0.0 0.0 0.0 0.0 0.23330543154761904 0.0 0.0 0.0 0.0 0.23330543154761904 
3 0.0 0.0 0.0 0.0 0.24073428199404762 0.0 0.0 0.0 0.0 0.24073428199404762 
4 0.0 0.0 0.0 0.0 0.24073428199404762 0.0 0.0 0.0 0.0 0.24073428199404762 
5 0.0 0.0 0.0 0.0 0.24073428199404762 0.0 0.0 0.0 0.0 0.24073428199404762 
6 0.0 0.0 0.0 0.0 0.24073428199404762 0.0 0.0 0.0 0.0 0.24073428199404762 
7 0.0 0.0 0.0 0.0 0.23330543154761904 0.0 0.0 0.0 0.0 0.23330543154761904 
8 1627.174609375 912.0532897949219 1717.26435546875 949.5906311035156 0.3022344680059524 1684.0583068847657 945.5481658935547 1744.1180847167968 1005.608023071289 0.7666480654761905 
9 0.0 0.0 0.0 0.0 0.23330543154761904 0.0 0.0 0.0 0.0 0.23330543154761904 
10 0.0 0.0 0.0 0.0 0.24073428199404762 0.0 0.0 0.0 0.0 0.24073428199404762 
11 0.0 0.0 0.0 0.0 0.24073428199404762 0.0 0.0 0.0 0.0 0.24073428199404762 
12 0.0 0.0 0.0 0.0 0.2414608909970238 0.0 0.0 0.0 0.0 0.2414608909970238 
13 1622.4486694335938 917.0476959228515 1712.5298461914062 950.8280975341797 0.2802036830357143 1691.4531799316405 934.3709899902344 1759.013983154297 1005.6851623535156 0.7531156994047619 
14 1622.016046142578 901.5374908447266 1722.6703552246095 937.6211395263672 0.2974330357142857 1694.6215454101562 935.5759124755859 1761.0913452148438 1005.8440704345703 0.7796921502976191 
15 1622.3026794433595 909.9471252441406 1719.260430908203 936.5630065917969 0.34493582589285715 1699.3716674804687 934.8080688476563 1762.1090454101563 999.4465698242187 0.7487909226190477 
16 1626.8502563476563 911.4081970214844 1720.4175659179687 947.6893371582031 0.40651739211309523 1701.3222106933595 942.7686157226562 1760.517755126953 1000.0546264648438 0.7550920758928571 
17 1630.9564208984375 913.0954681396485 1716.5006103515625 956.8180450439453 0.3859165736607143 1694.5662414550782 938.4662475585938 1761.1006286621093 1003.0996704101562 0.7869698660714286 
18 1630.0223571777344 910.1292236328125 1713.525616455078 959.4720947265625 0.29648553757440477 1692.8688049316406 938.5962463378906 1763.0873718261719 1006.9171813964844 0.8178013392857143 
19 1628.97548828125 911.1344299316406 1712.76328125 962.5496520996094 0.3325079055059524 1695.1854309082032 938.8928192138671 1763.7390075683593 1003.6378814697266 0.7816220238095238 
20 1640.4025146484375 909.1534301757813 1716.0862548828125 960.2400024414062 0.33412388392857145 1693.2356506347655 939.6452941894531 1765.135076904297 1003.9764099121094 0.8009440104166666 
21 1638.5825500488281 910.1474517822265 1711.9178161621094 966.5591522216797 0.2840459914434524 1690.6549560546875 936.111279296875 1763.9900634765625 1005.6857177734375 0.8050362723214286 
22 1622.6382873535156 911.3476654052735 1707.281268310547 943.3239044189453 0.3187895275297619 1688.833447265625 935.29365234375 1764.07158203125 1010.531787109375 0.7915736607142857 
23 1623.4045288085938 906.8473327636718 1700.5339477539062 957.6398498535157 0.34323846726190477 1693.5156860351562 938.3936706542969 1765.0014038085938 1004.2358459472656 0.7779947916666666 
24 1615.4103942871093 896.0859069824219 1673.4227355957032 929.7705383300781 0.2964971633184524 1693.2880310058595 939.2713317871094 1762.528741455078 1010.3833312988281 0.7841099330357143 
25 1625.1254516601562 904.56484375 1685.3364624023438 933.7580322265625 0.3967401413690476 1694.0383056640626 937.6177734375 1765.1968017578124 1008.77626953125 0.7553245907738095 
26 1632.3198669433593 907.6827972412109 1680.8462707519532 943.1445343017579 0.45291573660714285 1698.074688720703 941.780551147461 1761.5323669433594 1005.2383087158203 0.7689499627976191 
27 1627.1311767578125 906.5703094482421 1675.7186767578125 942.0764801025391 0.40427362351190477 1700.1561950683595 940.2796234130859 1763.693536376953 1007.5545440673828 0.7685546875 
28 1629.8409484863282 907.6626007080079 1684.3154235839843 947.1095550537109 0.3473539806547619 1696.2361267089843 940.7518188476563 1763.8594543457032 1006.4967163085937 0.7572544642857143 
29 1628.4132934570312 903.7070281982421 1684.8950561523438 937.5961334228516 0.3440522693452381 1699.9569458007813 941.5788482666015 1763.9695678710937 1011.2396942138672 0.7872023809523809 
30 1631.86953125 903.7082641601562 1682.86533203125 949.0378295898438 0.35702659970238093 1698.410986328125 939.0856170654297 1764.516748046875 1005.1912994384766 0.7501162574404762 
31 1634.2720336914062 910.9293151855469 1696.1886596679688 959.7121643066406 0.2752278645833333 1698.7866760253905 939.0732940673828 1764.455877685547 1006.618783569336 0.7603934151785714 
32 1635.9110473632813 904.6996704101563 1686.3777709960937 949.5588745117187 0.40563383556547616 1698.8865051269531 939.0629272460938 1764.3062438964844 1010.0900268554688 0.7652994791666666 
33 1633.0894348144532 912.3128723144531 1686.7571228027343 958.5782409667969 0.3537481398809524 1693.8037414550781 942.919189453125 1764.1270446777344 1007.690673828125 0.8139183407738095 
34 1623.5267150878906 910.7004150390625 1690.894549560547 942.5129638671875 0.2824590773809524 1698.59580078125 939.9219116210937 1764.0921875 1005.4182983398438 0.7752278645833334 
35 1634.2348693847657 909.059912109375 1683.0408874511718 948.480126953125 0.3709309895833333 1695.3868835449218 937.3615966796875 1764.8415100097657 1006.8163818359375 0.7556036086309523 
36 1625.9421142578126 903.6427520751953 1684.2973876953124 929.996713256836 0.37902250744047616 1697.47431640625 940.6397003173828 1763.3591796875 1010.289437866211 0.7910853794642857 
37 1631.47587890625 910.8545837402344 1690.027294921875 942.9634094238281 0.35444568452380953 1697.4370361328124 941.3652465820312 1763.5434326171876 1011.2491333007813 0.7810407366071429 
38 1629.8277282714844 907.1614685058594 1692.1704406738281 937.3882141113281 0.3864164806547619 1697.910662841797 941.8204833984375 1762.1424377441406 1011.719921875 0.7800874255952381 
39 1628.5584655761718 903.7243194580078 1683.1367248535157 935.7184906005859 0.4162481398809524 1694.863104248047 936.8042755126953 1764.4973693847655 1008.3205413818359 0.7626488095238095 
40 1634.3558288574218 906.2152435302735 1685.3127502441407 940.1865509033203 0.34508696056547616 1693.152294921875 938.3718475341797 1762.9822265625 1008.2016998291016 0.7589053199404762 
41 1640.2248413085938 909.1544250488281 1689.4213989257812 946.9980407714844 0.36308361235119047 1694.5885925292969 938.7015045166015 1764.5992736816406 1010.6043426513672 0.7631370907738095 
42 1646.155810546875 907.9031585693359 1682.157177734375 957.1681915283203 0.37560453869047616 1694.473486328125 939.0217742919922 1766.476220703125 1009.1296539306641 0.7474423363095238 
43 1636.10166015625 911.3243469238281 1702.375634765625 956.7692810058594 0.2601957775297619 1698.7341064453126 940.5285278320313 1765.0080810546874 1010.5895141601562 0.7508603050595238 
44 1639.3341857910157 911.5953643798828 1701.8028991699218 943.776156616211 0.3688267299107143 1699.0362121582032 937.5875305175781 1761.5049255371093 1009.5212341308594 0.7674851190476191 
45 1633.3511047363281 904.2859344482422 1693.7879333496094 942.0588531494141 0.41678292410714285 1698.2916198730468 936.4655548095703 1762.5056213378907 1010.1228851318359 0.7834123883928571 
46 1635.6912109375 904.7918426513672 1709.165966796875 946.2391021728515 0.33517020089285715 1695.97822265625 939.21044921875 1761.917041015625 1008.917236328125 0.7933640252976191 
47 1634.157647705078 904.8386108398438 1717.0988220214845 938.7690551757812 0.28455171130952384 1699.9160766601562 938.1890563964844 1765.8920288085938 1009.8199768066406 0.7867838541666666 
48 1630.808367919922 903.2209289550781 1696.2557189941406 931.2697937011719 0.3026529947916667 1701.7217041015624 939.9721160888672 1763.4291748046876 1011.0292877197265 0.7898995535714286 
49 1639.5805053710938 911.8843048095703 1725.9070434570312 962.554232788086 0.23704310825892858 1698.2623596191406 941.2613677978516 1763.9455261230469 1012.5745086669922 0.8015252976190477 
50 1633.6620971679688 913.535122680664 1721.9284790039062 960.4853240966797 0.2875279017857143 1698.5978942871093 941.2718322753906 1762.4500793457032 1010.7581970214844 0.7942010788690477 
51 1630.210205078125 911.6306793212891 1711.0126953125 947.3341033935546 0.2819010416666667 1700.3160522460937 941.190805053711 1762.3272583007813 1008.8392852783203 0.7912016369047619 
52 1632.9912231445312 906.9633514404297 1702.4990112304688 942.656460571289 0.29870024181547616 1698.4528198242188 938.9715545654296 1764.2034301757812 1010.3578521728516 0.7869698660714286 
53 1629.2521728515626 898.8473205566406 1698.5508056640624 934.4330749511719 0.3422154017857143 1697.3981201171875 941.060400390625 1762.9510009765625 1010.359033203125 0.7968982514880952 
54 1626.6906005859375 897.3407318115235 1697.7913330078125 931.0200469970703 0.35672433035714285 1699.0866149902345 936.20146484375 1766.445245361328 1007.302197265625 0.7861560639880952 
55 1628.1087341308594 894.7277313232422 1695.1867980957031 930.1301177978515 0.39097377232142855 1699.9883911132813 937.9415649414062 1765.2032592773437 1008.7461791992188 0.7975027901785714 
56 1628.1635314941407 911.3190979003906 1710.4528015136718 941.2424255371094 0.24583798363095238 1697.289453125 939.8757476806641 1766.487158203125 1009.0735321044922 0.8136160714285714 
57 1624.7708374023437 905.5081848144531 1710.6993774414063 937.2643981933594 0.28515043712797616 1697.120379638672 938.5576263427735 1766.2366760253906 1007.6740020751953 0.8113374255952381 
58 1631.4344848632813 908.8231323242187 1704.7242065429687 942.6491577148438 0.30970982142857145 1697.1350158691407 939.6134887695313 1764.7872253417968 1007.2655395507812 0.8092215401785714 
59 1633.5609375 909.4496551513672 1710.686865234375 937.6664947509765 0.27627999441964285 1695.4208435058595 939.1858337402343 1763.141290283203 1010.6685363769532 0.8061755952380952 
60 1635.7222229003905 917.750454711914 1724.331854248047 961.1126434326172 0.22445242745535715 1697.7924865722657 939.3590667724609 1763.7784362792968 1009.1156036376954 0.7938058035714286 
61 1622.2416687011719 902.7576873779296 1694.0550842285156 929.2152740478516 0.28989955357142855 1695.363458251953 939.90009765625 1763.3971618652345 1009.8236572265625 0.7935500372023809 
62 1619.8070190429687 902.1071105957031 1702.9749633789063 932.3500427246094 0.29773530505952384 1694.0330383300782 938.2387268066407 1763.9697692871093 1008.1754577636718 0.7956194196428571 
63 1624.4380798339844 908.6182708740234 1696.6577453613281 944.7281036376953 0.2966889880952381 1698.1927429199218 936.833627319336 1764.7109436035157 1007.1528839111328 0.8035946800595238 
64 1641.4730346679687 915.2402618408203 1707.9942504882813 957.0536224365235 0.30117652529761907 1697.0291870117187 936.8048797607422 1763.5504028320313 1007.127310180664 0.7941313244047619 
65 1622.313037109375 907.0916381835938 1709.971630859375 939.4872192382812 0.24005417596726192 1696.339093017578 936.628775024414 1764.9415466308594 1005.2311492919922 0.7961077008928571 
66 1633.9511413574219 916.1402740478516 1718.0536193847656 956.2800750732422 0.29123651413690477 1694.528515625 934.666372680664 1763.3396484375 1005.3888641357422 0.7724144345238095 
67 1632.8590148925782 910.8650054931641 1705.1227966308593 939.3901824951172 0.34548223586309523 1696.638446044922 934.0508544921875 1761.2955139160156 1002.511279296875 0.7617652529761905 
68 1637.9938110351563 908.017300415039 1693.0943237304687 944.1177703857422 0.41386486235119047 1692.217462158203 930.8175506591797 1758.7182067871095 997.3183746337891 0.7092401413690477 
69 1636.1200561523438 907.8066619873047 1704.5715942382812 942.0325103759766 0.4546595982142857 1686.8736267089844 920.7510314941406 1759.1282043457031 994.9070495605469 0.7239350818452381 
70 1636.0666809082031 904.2974151611328 1693.3106384277344 936.7356048583985 0.3973911830357143 1686.9257446289062 918.5349975585938 1761.3428100585938 992.9520629882812 0.7216331845238095 
71 1629.3584411621093 907.2150848388671 1701.7869445800782 937.7113677978516 0.3959844680059524 1690.1309997558594 918.944467163086 1756.841534423828 987.5609649658203 0.7159365699404762 
72 1634.2074645996095 907.5228790283203 1699.382501220703 943.944223022461 0.44711449032738093 1683.8997436523437 910.4719757080078 1752.9086059570313 985.231576538086 0.6888950892857143 
73 1633.0183654785155 907.0187225341797 1700.077703857422 937.6743316650391 0.41172572544642855 1682.0232238769531 910.5558776855469 1758.6624450683594 987.1950988769531 0.7137044270833334 
74 0.0 0.0 0.0 0.0 0.2414608909970238 0.0 0.0 0.0 0.0 0.2414608909970238 
75 1642.5419799804688 903.1963073730469 1694.2744262695312 937.6845520019531 0.40318080357142855 1681.1571228027344 912.0394500732422 1755.881573486328 984.8479400634766 0.7163550967261905 
76 1633.1020080566407 903.7955108642578 1694.4503601074218 934.4696868896484 0.41794549851190477 1686.5606750488282 914.7821655273438 1757.4946228027343 978.0476684570312 0.7079148065476191 
77 1641.1735229492188 902.5452911376954 1690.9819946289062 938.9437835693359 0.47985258556547616 1675.3615783691407 913.155404663086 1748.1585632324218 972.5424102783203 0.6832682291666666 
78 1640.1046508789063 902.9475494384766 1697.2713256835937 935.3419403076172 0.38789295014880953 1687.377130126953 912.4020568847657 1754.0714782714845 977.1908386230468 0.7531389508928571 
79 1647.4753356933593 905.5008361816406 1685.6702941894532 932.2373229980469 0.39937918526785715 1683.3933349609374 912.0380554199219 1754.0541748046876 971.2402648925781 0.7097051711309523 
80 1644.3643920898437 905.7907287597657 1697.6666137695313 934.3455017089843 0.3845912388392857 1682.1445373535157 912.3070770263672 1750.6758972167968 973.2238677978515 0.6896856398809523 
81 1658.104296875 903.7853607177734 1704.07783203125 953.5899444580078 0.4977213541666667 1680.0596252441405 908.1322174072266 1752.850897216797 971.3457489013672 0.7008696056547619 
82 1648.7378662109375 902.5777008056641 1696.4843017578125 950.3242156982421 0.4603678385416667 1674.8147827148437 905.4424682617188 1751.2091430664063 966.5580200195312 0.7015671502976191 
83 1655.337579345703 904.7237365722656 1691.7567810058595 935.3925964355469 0.41589936755952384 1671.998956298828 902.8806121826171 1742.9208435058595 962.3015777587891 0.6895228794642857 
84 1651.1094970703125 905.0348815917969 1702.9603271484375 937.6816711425781 0.48745582217261907 1675.926904296875 906.585986328125 1743.140966796875 964.19794921875 0.6745721726190477 
85 1660.0447265625 902.0021026611328 1688.914501953125 948.1937591552735 0.5073823474702381 1669.149884033203 902.1501831054687 1734.5880310058594 959.8897338867188 0.6718052455357143 
86 1656.9285949707032 900.1412719726562 1685.8315368652343 950.2398315429688 0.4794805617559524 1669.6013488769531 901.994027709961 1742.8223571777344 961.7269805908203 0.6447637648809523 
87 1644.9170227050781 898.0997009277344 1681.3343200683594 934.5169982910156 0.4287923177083333 1658.62880859375 891.8336120605469 1729.546728515625 957.0013488769531 0.7091936383928571 
88 1635.0523498535156 889.773794555664 1696.269305419922 916.5562225341797 0.3759881882440476 1666.322930908203 892.9376251220704 1737.1051696777345 956.0676849365234 0.7024274553571429 
89 1642.50185546875 899.7907318115234 1696.198583984375 926.6390167236328 0.38024321056547616 1672.9643432617188 895.1439086914063 1743.9206665039062 962.2646606445312 0.67578125 
90 1647.7321044921875 898.9407897949219 1697.4697998046875 925.7226623535156 0.37951078869047616 1675.6175109863282 894.5261901855469 1738.7463806152343 959.5679260253906 0.7108444940476191 
91 1652.7380615234374 895.1709808349609 1685.2939208984376 933.4720245361328 0.45341564360119047 1682.2740539550782 895.0236694335938 1739.7255798339843 960.1353881835937 0.6955450148809523 
92 1651.96533203125 899.0363464355469 1682.583251953125 935.3949279785156 0.44735863095238093 1675.9591796875 894.4730682373047 1741.022021484375 957.6223297119141 0.7021251860119048 
93 1662.5510559082031 900.252572631836 1681.6741638183594 936.5864776611328 0.42331659226190477 1677.6288818359376 895.6924468994141 1744.5598388671874 958.7987030029296 0.6884068080357143 
94 1660.9448974609375 899.1419555664063 1687.7155029296875 937.3856323242187 0.4310942150297619 1678.375262451172 897.9652709960938 1745.3016174316406 959.1550903320312 0.7100771949404762 
95 1644.8157897949218 897.0588165283203 1702.2758850097657 923.8736175537109 0.3336704799107143 1680.9861389160155 892.6388061523437 1744.192449951172 957.7603637695313 0.7277948288690477 
96 1645.6454467773438 898.3290954589844 1709.0696411132812 925.2363342285156 0.35527111235119047 1677.7271789550782 894.115591430664 1744.9953552246093 957.5398651123047 0.6798967633928571 
97 1647.6413940429688 900.3859344482422 1707.2646118164062 923.465933227539 0.36733863467261907 1677.8229125976563 892.544644165039 1745.1394897460937 957.9379608154297 0.7141229538690477 
98 1643.0637756347655 897.4094787597656 1695.025213623047 920.5033630371094 0.376220703125 1672.153302001953 891.0438171386719 1741.4349548339844 956.4765686035156 0.7165411086309523 
99 1643.1268981933595 898.6382446289062 1706.603936767578 927.4915161132812 0.31888253348214285 1678.4165344238281 892.719677734375 1743.8172302246094 960.0438720703125 0.7148204985119048 
100 1643.5617370605469 896.3528900146484 1697.4620666503906 921.3781280517578 0.4044828869047619 1668.2167175292968 893.1691986083985 1739.4423400878907 958.6198028564453 0.6811058407738095 
101 1644.7996643066406 896.3590789794922 1694.825701904297 925.2202056884765 0.43558175223214285 1665.816583251953 893.8429443359375 1738.9315856933595 957.33759765625 0.6894298735119048 
102 1648.605615234375 900.5094696044922 1690.816259765625 935.0454010009765 0.41896856398809523 1670.3750793457032 895.2700561523437 1741.3655212402343 962.4231811523438 0.6948707217261905 
103 1642.0691711425782 896.0832702636719 1705.2456481933593 924.7999084472656 0.34981863839285715 1673.804669189453 891.4444396972656 1742.7245056152344 960.3642761230469 0.7232375372023809 
104 1657.8033264160156 905.532763671875 1690.363787841797 928.5166748046875 0.42714146205357145 1677.3984619140624 899.8604614257813 1744.4347900390626 959.2354858398437 0.6977074032738095 
105 1647.9289245605469 900.008447265625 1697.7064514160156 926.8117431640625 0.40572684151785715 1676.646728515625 897.5048461914063 1745.569580078125 958.7695678710937 0.7221912202380952 
106 1650.6989685058593 901.5563415527344 1690.8521789550782 932.1493469238281 0.4381510416666667 1673.423114013672 896.3349395751953 1746.0814025878906 959.4329437255859 0.7333984375 
107 1649.2797729492188 900.8429962158203 1706.6298950195312 925.6947845458984 0.37991768973214285 1682.881085205078 902.9752593994141 1742.1429626464844 960.3254608154297 0.7002650669642857 
108 1638.489324951172 896.081332397461 1690.1628967285155 919.0473907470703 0.4332682291666667 1676.9132751464845 901.3811706542969 1740.069757080078 954.9685607910156 0.6597842261904762 
109 1635.7926879882812 890.4002319335938 1698.8315795898438 920.9645141601562 0.4152715773809524 1675.0266662597655 897.6004913330078 1741.886053466797 954.908480834961 0.6919177827380952 
110 1638.69208984375 893.5425994873046 1692.07841796875 918.3291656494141 0.44582403273809523 1672.1319274902344 895.4492614746093 1740.7715148925781 954.5556213378907 0.7054966517857143 
111 1639.9365295410157 892.1826599121093 1691.2308288574218 916.8799621582032 0.46755254836309523 1680.7819519042969 898.0281951904296 1745.3749084472656 960.7213775634766 0.69189453125 
112 1649.6898681640625 897.9245147705078 1689.7378662109375 924.6231536865234 0.5158923921130952 1677.6354370117188 901.2984924316406 1742.4751586914062 962.3240661621094 0.6816638764880952 
113 1650.31826171875 899.1855590820312 1696.112158203125 922.0825073242188 0.4241303943452381 1684.22333984375 904.9097900390625 1741.465869140625 954.5198974609375 0.6559477306547619 
114 1648.300146484375 898.1126922607422 1694.04580078125 922.8916412353516 0.48043387276785715 1678.1374938964843 900.0188018798829 1744.8499328613282 959.1069915771484 0.7011253720238095 
115 1650.4438415527343 896.2158966064453 1697.8905090332032 922.7859954833984 0.4008672805059524 1677.8899780273437 898.5517456054688 1740.5194458007813 955.4876831054687 0.7156110491071429 
116 1634.8706665039062 890.6987365722656 1706.6356811523438 922.8040710449219 0.3876371837797619 1680.5590759277343 895.9285491943359 1746.6583312988282 958.2507110595703 0.7100074404761905 
117 1633.85810546875 886.1789978027343 1696.2517578125 916.4304992675782 0.45545014880952384 1675.381121826172 892.65107421875 1743.4468811035156 955.0447265625 0.6963123139880952 
118 1636.334423828125 888.7987701416016 1703.114306640625 921.2347381591796 0.32783435639880953 1677.2096130371094 890.9268859863281 1745.897442626953 955.7988220214844 0.7317010788690477 
119 1634.2759948730468 888.9891815185547 1699.2675842285157 919.5733795166016 0.35184151785714285 1676.4763549804688 892.3710968017579 1745.2909790039062 957.3626068115234 0.7475818452380952 
120 1637.6877746582031 891.930908203125 1710.4295349121094 926.3875732421875 0.3595610119047619 1678.1079650878905 893.2561218261719 1745.107000732422 954.5124328613281 0.7435360863095238 
121 1636.0331420898438 888.8199279785156 1708.3789672851562 921.1851989746094 0.3364955357142857 1676.233416748047 891.3827972412109 1742.8677795410156 952.3056182861328 0.7378859747023809 
122 1636.6389465332031 884.0419982910156 1709.0125427246094 920.2288757324219 0.31980096726190477 1676.8545959472656 891.4405120849609 1743.514666748047 952.3868194580078 0.7274228050595238 
123 1635.9941040039062 885.9247802734375 1710.4397338867188 920.284326171875 0.32235863095238093 1676.5207641601562 891.6513580322265 1743.3307983398438 952.7349334716797 0.7260277157738095 
124 1639.6747009277344 892.2953338623047 1714.218243408203 928.6114654541016 0.31174432663690477 1679.2253662109374 892.5893615722656 1742.3007568359376 951.8420349121094 0.7393740699404762 
125 1641.1968566894532 890.792724609375 1709.8386657714843 927.0203857421875 0.3189290364583333 1675.1511108398438 892.3328002929687 1741.8862426757812 953.3477416992188 0.7486514136904762 
126 1639.8922119140625 884.9789154052735 1697.3321533203125 921.3575714111328 0.39358956473214285 1681.9412353515625 898.9707427978516 1745.1251708984375 954.4959930419922 0.7266090029761905 
127 1635.633154296875 887.2399749755859 1698.984033203125 923.7147979736328 0.38146391369047616 1678.2362182617187 898.315316772461 1743.5069458007813 953.9873565673828 0.7278413318452381 
128 1648.9338623046874 889.8528656005859 1694.7658447265626 922.3172393798828 0.4425455729166667 1678.2399475097657 899.7684906005859 1737.4396179199218 960.8779327392579 0.6769903273809523 
129 1647.7844848632812 897.383349609375 1697.7484741210938 926.20869140625 0.41420200892857145 1680.896826171875 899.5267700195312 1738.547509765625 961.0209594726563 0.7061941964285714 
130 1660.8768798828125 893.3994598388672 1699.0713623046875 923.9550933837891 0.41768973214285715 1676.081298828125 897.2189025878906 1735.28271484375 958.3301696777344 0.7036830357142857 
131 1652.2876586914062 897.271615600586 1696.4213256835938 929.8921417236328 0.3611653645833333 1678.5612243652345 897.7882354736328 1738.045587158203 951.516146850586 0.7329566592261905 
132 1634.5252624511718 884.2710327148437 1701.3418029785157 918.6337524414063 0.3512486049107143 1675.8634765625 889.7778961181641 1740.77080078125 952.7762420654296 0.7465122767857143 
133 1640.5870483398437 886.3948669433594 1701.7984497070313 922.7391662597656 0.44814918154761907 1682.0078369140624 895.5177154541016 1741.3063720703126 954.8163299560547 0.7371419270833334 
134 1640.2388793945313 886.065283203125 1705.1617553710937 926.164697265625 0.2995489211309524 1679.8977111816407 896.0534057617188 1744.8204284667968 951.4287719726562 0.7368629092261905 
135 1635.1602783203125 883.6511077880859 1696.1358642578125 923.6663360595703 0.38976469494047616 1679.133056640625 896.3299255371094 1740.108642578125 953.4945373535156 0.7405133928571429 
136 1645.6427734375 890.4994018554687 1706.80498046875 924.9030639648438 0.3327752976190476 1684.0896423339843 899.6149230957031 1743.3404113769532 956.9544128417969 0.7079613095238095 
137 1635.1109008789062 877.759130859375 1697.6432495117188 915.6574951171875 0.4135160900297619 1675.4873474121093 892.408334350586 1741.8094055175782 954.9406036376953 0.7074962797619048 
138 1636.2768615722657 883.7836883544921 1698.9652038574218 921.7765533447266 0.3704194568452381 1678.8727661132812 896.2043975830078 1739.6614135742188 953.193734741211 0.7272135416666666 
139 1634.6007263183594 880.7459838867187 1697.543927001953 922.7081176757813 0.36025855654761907 1678.616961669922 896.5917785644531 1741.5601623535156 953.8128845214844 0.7281668526785714 
140 1635.3298034667969 882.8102294921875 1713.4337463378906 924.719677734375 0.2895391555059524 1677.6789123535157 893.580679321289 1744.3529479980468 956.4447723388672 0.7237955729166666 
141 1640.1004699707032 882.6221252441406 1709.9711853027343 916.6133483886719 0.32357933407738093 1675.3990539550782 889.0863006591796 1741.4929138183593 955.1802398681641 0.7086123511904762 
142 1640.532537841797 881.9543853759766 1699.3345275878905 916.0975555419922 0.38706752232142855 1674.6756286621094 890.1253814697266 1741.0649719238281 954.6179656982422 0.6840122767857143 
143 1634.7904663085938 883.9196563720703 1699.4016723632812 916.2251800537109 0.3818243117559524 1672.1392700195313 890.4245788574219 1742.4513061523437 955.0356262207031 0.7290504092261905 
144 1639.9469482421875 884.5957305908203 1702.4402587890625 922.4703704833985 0.4072265625 1675.9278991699218 893.1903625488281 1742.2086975097657 957.5773376464844 0.73193359375 
145 1638.7126953125 887.1085662841797 1695.70576171875 923.2041168212891 0.4405110677083333 1677.2925598144532 894.2692108154297 1741.8845642089843 956.9614410400391 0.7488839285714286 
146 1638.7197326660157 886.7457946777344 1699.5894714355468 924.7893615722656 0.41052827380952384 1675.8853759765625 892.4523345947266 1744.3638916015625 957.1264617919921 0.7489769345238095 
147 1647.3708618164062 892.7341156005859 1692.9828979492188 923.1421661376953 0.4275483630952381 1676.0976989746093 896.7544219970703 1738.8142883300782 955.669955444336 0.7057756696428571 
148 1643.1889709472657 890.3022094726563 1700.2818542480468 922.6549438476562 0.4226655505952381 1679.3477966308594 899.1589935302734 1740.247052001953 956.2519561767579 0.7190987723214286 
149 1640.0927001953125 888.7532501220703 1700.6341064453125 928.4836273193359 0.3505278087797619 1673.9289245605469 893.1919738769532 1743.9300842285156 957.5173767089843 0.7679501488095238 
150 1638.8884643554688 890.4422882080078 1708.6647583007812 930.0450775146485 0.29948497953869047 1678.4912719726562 896.7526336669922 1744.4957885742188 957.099722290039 0.7721121651785714 
151 1637.3962036132812 885.8041381835938 1696.1186889648438 921.7953491210938 0.37855747767857145 1676.0830322265624 894.4012664794922 1740.4882568359376 956.9122711181641 0.7603469122023809 
152 1634.3649841308593 882.9067291259765 1695.0052551269532 922.7018524169922 0.34907459077380953 1672.8481506347657 891.7257781982422 1741.0684753417968 956.1559967041015 0.7493024553571429 
153 1637.387060546875 884.8177307128906 1711.35439453125 924.6462585449219 0.3064778645833333 1674.5166076660157 892.4041412353515 1742.7940612792968 954.9917938232422 0.7586030505952381 
154 1634.1228393554688 883.8169189453125 1702.7597290039062 923.855078125 0.3519926525297619 1675.4076416015625 891.2232147216797 1742.1380126953125 956.046987915039 0.7463262648809523 
155 1636.4720581054687 886.7269592285156 1702.9266235351563 920.9035339355469 0.37942940848214285 1674.4460571289062 891.9849151611328 1740.9006225585938 956.540658569336 0.7303059895833334 
156 1642.4361938476563 885.8244354248047 1699.0474487304687 917.9041412353515 0.45681036086309523 1679.523828125 898.9611572265625 1741.796240234375 955.572412109375 0.6363699776785714 
157 1634.1524291992187 883.5492706298828 1694.7538208007813 919.5313568115234 0.4475911458333333 1672.6109985351563 891.925668334961 1740.7876831054687 956.3146270751953 0.7180292038690477 
158 1637.2068786621094 885.7239379882812 1702.0950012207031 921.9849243164062 0.40100678943452384 1674.935888671875 894.3854553222657 1743.641015625 957.3651550292968 0.7177036830357143 
159 1633.6305725097657 884.8645080566406 1702.4882019042968 925.0313659667969 0.34414527529761907 1673.3560363769532 890.6026214599609 1742.2136657714843 957.5474639892578 0.7424897693452381 
160 1644.9712158203124 890.5336822509765 1704.3459228515626 923.0940643310547 0.32776460193452384 1681.3621032714843 897.5319549560547 1744.5674621582032 958.821987915039 0.7141229538690477 
161 1645.2211364746095 892.7037872314453 1702.591729736328 919.476693725586 0.35542224702380953 1679.8642272949219 897.9995178222656 1742.9718322753906 955.3701110839844 0.7065197172619048 
162 1634.2162780761719 883.2020568847656 1699.2789611816406 919.5606384277344 0.36208379836309523 1673.7396118164063 890.4148590087891 1740.7159545898437 953.5639617919921 0.7360723586309523 
163 1633.5530029296874 885.8941253662109 1702.5602783203126 922.3146759033203 0.3476678757440476 1675.2817260742188 891.6446838378906 1740.4553344726562 954.9014587402344 0.73583984375 
164 1642.804736328125 888.3600952148438 1700.4611328125 921.0321166992187 0.4459867931547619 1679.3204467773437 897.3042388916016 1740.8206665039063 954.9607147216797 0.7278645833333334 
165 1644.0751220703125 886.0147094726562 1692.0703857421875 920.5713500976562 0.4692499069940476 1677.1549987792969 892.2171691894531 1732.8294982910156 949.8115173339844 0.6935918898809523 
166 1645.6889953613281 885.7572784423828 1701.5174255371094 922.3344573974609 0.4749348958333333 1680.3411437988282 898.5666473388671 1743.8699157714843 952.4699127197266 0.6797340029761905 
167 1649.1989624023438 888.2605712890625 1700.9441040039062 920.840869140625 0.4900716145833333 1683.032373046875 900.3491485595703 1748.19296875 955.9274017333985 0.6606212797619048 
168 1637.1236633300782 889.5546630859375 1702.4177185058593 924.1220947265625 0.35787527901785715 1675.3102722167969 893.838623046875 1742.5248107910156 955.2918701171875 0.7375372023809523 
169 1641.7585083007812 888.170523071289 1703.2200073242188 924.6632781982422 0.38612583705357145 1679.9503479003906 897.7738800048828 1743.3324890136719 953.4733734130859 0.7165876116071429 
170 1635.608935546875 888.4175872802734 1706.6017578125 924.8733673095703 0.3193359375 1675.902166748047 892.6977966308593 1743.0576721191405 956.0158264160157 0.7335611979166666 
171 1652.3790710449218 892.2632690429688 1698.5473205566407 921.1184448242187 0.3615606398809524 1672.5776794433593 892.3372192382812 1736.0591613769532 946.2002563476562 0.6934291294642857 
172 1652.5870971679688 897.7884857177735 1696.8921508789062 924.7567413330078 0.34120396205357145 1675.9991638183594 895.9362426757813 1735.714581298828 951.7991088867187 0.6995907738095238 
173 1651.365057373047 886.2336151123047 1688.0105529785155 917.092984008789 0.42403738839285715 1670.503839111328 888.8299743652344 1734.1513122558595 948.6199768066406 0.7137974330357143 
174 1656.0099060058594 895.4456665039063 1690.779034423828 926.3514526367187 0.4196661086309524 1681.56669921875 899.9775024414063 1739.515087890625 955.9942993164062 0.7050548735119048 
175 1652.5857360839843 895.5485961914062 1700.8169738769532 926.4166137695313 0.3413783482142857 1680.9307556152344 898.8134826660156 1740.7375793457031 952.8325134277344 0.7302827380952381 
176 1655.6302795410156 893.2745300292969 1692.3332214355469 918.3869689941406 0.3991001674107143 1674.7989807128906 894.1660827636719 1738.5461120605469 950.1862121582031 0.6737583705357143 
177 1654.655908203125 892.98349609375 1689.357275390625 919.9734130859375 0.4309779575892857 1668.6700134277344 891.5005523681641 1736.1448059082031 957.0474822998046 0.7186104910714286 
178 1655.2990600585938 898.125732421875 1695.7866333007812 923.189453125 0.4326288132440476 1678.0640563964844 898.1257110595703 1739.7593078613281 961.7489837646484 0.7078683035714286 
179 1654.8934997558595 895.3991271972657 1699.241876220703 924.3220642089843 0.3972981770833333 1684.7062927246093 899.0330383300782 1740.6239074707032 960.7352722167968 0.6941266741071429 
180 0.0 0.0 0.0 0.0 0.2414608909970238 0.0 0.0 0.0 0.0 0.2414608909970238 
181 1645.906231689453 890.001351928711 1709.6876403808594 924.7911895751953 0.37710425967261907 1682.8519287109375 899.4421356201171 1748.5660400390625 955.4924957275391 0.7168898809523809 
182 1636.6655700683593 888.284912109375 1704.2571594238282 924.9775390625 0.3386811755952381 1678.4832580566406 897.7180755615234 1744.143572998047 955.6536895751954 0.7373279389880952 
183 1642.88486328125 894.6895111083984 1702.112939453125 925.2587921142579 0.38049897693452384 1672.6459045410156 890.7213775634766 1741.4267272949219 955.6811492919921 0.7495814732142857 
184 1644.1525268554688 889.4654327392578 1712.9880981445312 923.8831390380859 0.34866768973214285 1679.6734619140625 895.4222900390625 1746.5968017578125 954.6973388671875 0.75 
185 1643.1900451660156 887.6139129638672 1704.495867919922 922.0984283447266 0.3618280319940476 1671.5587829589845 890.4139221191406 1742.443536376953 951.7197448730469 0.7276785714285714 
186 1641.8787109375 888.1947540283203 1701.1251953125 922.5959564208985 0.3713495163690476 1672.8986083984375 890.7674987792968 1743.6121337890625 953.8363830566407 0.7324451264880952 
187 1650.1882690429688 894.3855285644531 1702.1689086914062 921.3384704589844 0.45975167410714285 1682.6946838378906 899.9390502929688 1748.151873779297 955.7701782226562 0.7226329985119048 
188 1654.4182434082031 895.4498626708985 1700.6141052246094 920.4725616455078 0.40156482514880953 1678.8487915039063 896.1161315917968 1744.2928100585937 953.8609191894532 0.7044270833333334 
189 1659.7373901367187 897.8156066894531 1702.1146606445313 922.8566345214844 0.38904389880952384 1678.629345703125 900.6308654785156 1749.9001953125 952.6392761230469 0.6312081473214286 
190 1649.4366821289063 892.83466796875 1707.0254760742187 923.5487548828125 0.38559105282738093 1684.2115234375 898.3720916748047 1747.559228515625 957.8806549072266 0.7586030505952381 
191 1650.302264404297 895.0699676513672 1698.2205627441406 923.8209625244141 0.44698660714285715 1681.7808471679687 899.3457794189453 1750.7833618164063 954.9310150146484 0.6826636904761905 
192 1651.4529174804688 895.5616729736328 1707.1405883789062 922.445346069336 0.4121907552083333 1682.6202026367187 896.2264068603515 1749.8295043945313 955.7544891357422 0.7554873511904762 
193 1653.4200500488282 893.4520294189454 1703.2829528808593 922.2190521240234 0.4069940476190476 1680.4905578613282 893.6732849121094 1751.4492614746093 958.8784729003906 0.7571847098214286 
194 1649.9321533203124 899.1624267578125 1701.6611083984376 927.9008056640625 0.41379510788690477 1675.501904296875 892.014697265625 1748.305712890625 957.15498046875 0.7804129464285714 
195 1643.0540588378906 895.0726043701172 1704.121844482422 929.4231842041015 0.37691824776785715 1681.808642578125 896.3937194824218 1750.5099609375 957.4615051269532 0.7732049851190477 
196 1645.6349548339845 902.1726684570312 1706.630059814453 930.7640991210938 0.4544154575892857 1679.2849975585937 895.2813507080078 1753.6227172851563 958.1825775146484 0.7844354538690477 
197 1642.367254638672 895.9429595947265 1705.1746154785155 928.2983123779297 0.41294642857142855 1679.55390625 893.8933166503906 1749.974169921875 956.7006774902344 0.7724144345238095 
198 1656.6124694824218 897.3591796875 1702.3141662597657 927.8269775390625 0.3998907180059524 1675.0688598632812 888.5703674316406 1751.2385131835938 957.1229919433594 0.7575799851190477 
199 1669.1158386230468 897.6329803466797 1711.0590881347657 930.0437164306641 0.36618768601190477 1682.168035888672 892.6467193603515 1750.8025451660155 955.5615936279297 0.7693452380952381 
200 1661.4386840820312 901.9756896972656 1701.3530639648438 928.5852233886719 0.4024018787202381 1682.5655212402344 896.5660827636718 1754.7915344238281 957.3878967285157 0.7646484375 
201 1666.5615478515624 900.7901428222656 1706.2902587890626 927.2758972167969 0.38115001860119047 1684.4613403320313 896.6426483154297 1758.2430053710937 959.073355102539 0.77734375 
202 1665.6796752929688 904.436962890625 1707.4336059570312 929.10966796875 0.3823823474702381 1690.3524963378907 900.7141540527343 1758.6769226074218 957.6512023925782 0.7829241071428571 
203 1668.6135131835938 904.5317810058593 1711.8781860351562 930.8667785644532 0.36015392485119047 1687.4966247558593 901.4931274414063 1755.2151672363282 954.1631225585937 0.7206566220238095 
204 1666.2324462890624 907.0587982177734 1711.8581298828126 933.6738067626953 0.37211681547619047 1686.5593200683593 895.5792419433594 1758.7999328613282 958.3145568847656 0.7904110863095238 
205 1671.5735412597655 907.012661743164 1721.157781982422 931.8047821044922 0.32890392485119047 1692.844873046875 898.430810546875 1761.499853515625 959.4574951171875 0.7810639880952381 
206 1660.4341613769532 898.4996154785156 1710.0996520996093 932.8834411621094 0.3640950520833333 1687.1770751953125 896.8833160400391 1759.7650634765625 958.0100555419922 0.7715541294642857 
207 1662.0350341796875 900.6187774658204 1703.9613037109375 929.2048919677734 0.3992513020833333 1689.5216796875 896.8805969238281 1760.033984375 957.8642761230469 0.7655784970238095 
208 1661.817205810547 899.8357147216797 1709.4314514160155 928.4042144775391 0.34322684151785715 1688.0417602539062 895.880078125 1762.3198120117188 958.73076171875 0.7725074404761905 
209 1661.961669921875 900.7506500244141 1713.53955078125 931.3153289794922 0.33785574776785715 1691.8650634765625 898.6934478759765 1764.4562255859375 959.8227264404297 0.7787155877976191 
210 1667.6905395507813 904.3771728515625 1711.5741088867187 932.9968505859375 0.3599330357142857 1695.2094360351562 899.1668762207031 1767.7126831054688 960.2222839355469 0.7929454985119048 
211 1676.7762878417968 909.1845062255859 1724.3791076660157 935.8420440673829 0.30086844308035715 1704.092999267578 904.4241973876954 1768.8329040527344 959.6434906005859 0.7786923363095238 
212 1658.822900390625 902.49306640625 1714.10654296875 931.08798828125 0.39830961681547616 1697.9027221679687 900.4401184082031 1770.3431274414063 959.5363220214844 0.7883184523809523 
213 1663.2024169921874 901.7634429931641 1710.8276123046876 928.4335174560547 0.3457728794642857 1697.19951171875 901.1773040771484 1767.684521484375 958.3273956298829 0.76708984375 
214 1661.21279296875 901.130258178711 1714.11923828125 931.3624786376953 0.3427734375 1700.3839111328125 902.8744140625 1766.5169677734375 955.780859375 0.7714146205357143 
215 1680.958056640625 910.3588653564453 1726.284130859375 936.7991546630859 0.4248860677083333 1703.2578857421875 904.6204681396484 1769.3585693359375 955.6123809814453 0.7531854538690477 
216 1681.63916015625 910.8371307373047 1723.57177734375 935.615444946289 0.38607933407738093 1703.705059814453 902.9198211669922 1770.4159118652344 958.1944976806641 0.7962937127976191 
217 1658.43837890625 906.1823638916015 1719.603125 938.6760955810547 0.35646856398809523 1698.5041015625 899.93349609375 1769.22587890625 961.0982421875 0.7848772321428571 
218 1681.5973693847657 909.3326812744141 1735.1254089355468 941.8318084716797 0.2289980933779762 1703.1409484863282 900.1417449951172 1773.8743103027343 961.3165679931641 0.8135695684523809 
219 1659.0602478027345 902.8673858642578 1722.067559814453 941.0536956787109 0.2922247023809524 1702.0197387695312 900.2237182617188 1774.5737670898438 961.3218139648437 0.7926199776785714 
220 1685.5512756347657 906.975961303711 1737.1058288574218 939.4362091064453 0.2515752883184524 1708.7582214355468 902.42275390625 1775.5880920410157 961.6149658203125 0.8024786086309523 
221 1649.0407836914062 906.6379211425781 1721.6494018554688 937.2099792480469 0.30422247023809523 1705.1140441894531 900.1708099365235 1775.8118591308594 961.3148468017578 0.7907133556547619 
222 1685.3923950195312 906.3432891845703 1740.6408081054688 942.540560913086 0.24250139508928573 1708.7667358398437 902.239990234375 1777.3509399414063 961.298583984375 0.8006649925595238 
223 1666.5372253417968 905.236572265625 1731.3193420410157 939.532958984375 0.27548944382440477 1705.2305969238282 902.3785430908204 1777.6340270996093 961.4445159912109 0.8005487351190477 
224 1680.0407836914062 909.8953216552734 1719.9780151367188 944.1272003173829 0.19191778273809523 1705.5683288574219 904.336328125 1777.8356018066406 961.3893798828125 0.7766694568452381 
225 1682.1117370605468 911.4703338623046 1739.1344787597657 941.8825103759766 0.2247372581845238 1708.3567810058594 905.6949432373046 1778.6848449707031 960.8169586181641 0.7774135044642857 
226 1655.6561462402344 904.7125579833985 1717.428204345703 934.6626251220703 0.31481352306547616 1702.8850402832031 903.128695678711 1779.6321716308594 959.2850616455078 0.73974609375 
227 1712.2748779296876 919.3602081298828 1729.3545166015624 942.1331390380859 0.16800362723214285 1710.5230773925782 905.4190032958984 1780.7397399902343 960.4537384033204 0.7894112723214286 
228 1713.5679138183593 916.3356109619141 1732.6919738769532 941.1969207763672 0.18038504464285715 1713.715106201172 905.449609375 1782.5616271972656 960.9093994140625 0.7696940104166666 
229 1719.536199951172 920.0717041015625 1731.0037170410155 921.9829833984375 0.16661725725446427 1716.0813415527343 908.4572479248047 1782.9746887207032 960.060757446289 0.7764136904761905 
230 1718.7021606445312 912.1511444091797 1747.3500854492188 944.6186920166016 0.18474469866071427 1713.8540588378905 906.7888610839843 1784.518865966797 960.2648498535157 0.7744605654761905 
231 1682.01728515625 912.0375579833984 1748.914599609375 944.5304962158203 0.19301641555059523 1715.613037109375 906.6710601806641 1784.421630859375 960.1888641357422 0.7836216517857143 
232 1685.5759826660155 910.2666564941406 1752.210028076172 944.5355895996094 0.24818057105654762 1713.1815063476563 909.9737518310546 1781.7193725585937 959.4733306884766 0.7637881324404762 
233 1721.6326110839843 915.9369171142578 1750.0401184082032 929.1937591552735 0.18037341889880953 1718.7190002441407 908.6528839111328 1785.0032897949218 959.786508178711 0.7940150669642857 
234 1695.1705078125 909.7957733154296 1761.158837890625 941.8472320556641 0.21429734002976192 1719.8255554199218 909.0706604003906 1785.8137268066407 959.9758483886719 0.7946893601190477 
235 1689.560284423828 909.6269104003907 1746.3370544433594 943.6930358886718 0.22012765066964285 1717.366387939453 905.5506317138672 1785.4984802246095 962.3274810791015 0.8116861979166666 
236 1688.2197998046875 911.9575897216797 1762.0138427734375 944.1242584228515 0.22019159226190477 1716.5293090820312 908.1005004882812 1784.6469604492188 961.0808959960938 0.78515625 
237 1663.3760314941405 907.753466796875 1768.143621826172 942.040966796875 0.25267973400297616 1722.2069946289062 910.3909362792969 1786.9724487304688 959.9174133300781 0.7618815104166666 
238 1665.8763427734375 905.1513153076172 1761.2244873046875 941.383657836914 0.26701427641369047 1720.5181457519532 907.5716979980468 1787.2620056152343 960.9667541503907 0.7717633928571429 
239 1663.0893432617188 905.7123840332031 1771.4587524414062 941.8354675292969 0.24994768415178573 1723.9283630371094 909.80732421875 1786.668438720703 961.140185546875 0.7672991071428571 
240 1690.7960021972656 908.3694213867187 1761.696307373047 944.7776733398438 0.23321823846726192 1722.4136474609375 907.8534942626953 1787.5653564453125 961.5077728271484 0.7859700520833334 
241 1689.4969970703125 909.4596557617188 1769.7796142578125 938.1320190429688 0.2650262741815476 1726.7710693359375 906.1513061523438 1789.8502685546875 963.4960327148438 0.7774832589285714 
242 1677.5591125488281 907.0401977539062 1756.3692321777344 939.7176147460938 0.29197474888392855 1721.99140625 909.2581298828125 1787.346240234375 961.15751953125 0.7498139880952381 
243 1677.9197998046875 908.8109497070312 1761.7279052734375 935.4771362304688 0.30301339285714285 1728.6881713867188 908.4446594238282 1791.5442504882812 963.6818054199218 0.7751116071428571 
244 1676.3627990722657 910.470556640625 1775.6771179199218 935.2990966796875 0.2667643229166667 1727.3421813964844 910.3236328125 1792.278546142578 961.89072265625 0.7984328497023809 
245 1681.178759765625 913.0391448974609 1769.08173828125 939.7922149658203 0.31946382068452384 1731.3039916992188 909.9522521972656 1792.4538208007812 963.4583923339844 0.7764136904761905 
246 1676.8279724121094 911.2126770019531 1755.5349426269531 945.7669372558594 0.30067661830357145 1722.2357788085938 910.6958465576172 1791.3442993164062 962.5272369384766 0.7497674851190477 
247 1681.9865234375 909.9745910644531 1777.556201171875 938.6455261230469 0.3010835193452381 1731.5356689453124 909.8275695800781 1792.7004150390626 965.2580017089844 0.8055710565476191 
248 1669.5463562011719 905.7385192871094 1753.6012268066406 938.2142395019531 0.2814301990327381 1729.0607604980469 908.9713623046875 1794.0123596191406 964.3711669921875 0.8000372023809523 
249 1665.3555297851562 905.6121398925782 1774.4701538085938 930.4979675292968 0.27169363839285715 1729.337139892578 909.6616088867188 1794.4229919433594 963.2618530273437 0.7960844494047619 
250 1690.4224792480468 908.2920501708984 1759.5495666503907 937.0950958251954 0.2680780319940476 1732.8882995605468 909.6214721679687 1792.4145568847657 965.3072387695313 0.7846214657738095 
251 1681.7725952148437 906.5864166259765 1741.7144653320313 939.4578338623047 0.2993047805059524 1722.0809204101563 906.8839141845704 1793.6244018554687 962.9585540771484 0.7390020461309523 
252 1668.578173828125 906.7923583984375 1755.195751953125 939.5145263671875 0.3337983630952381 1728.766357421875 907.0884368896484 1794.210693359375 962.9086944580079 0.7797386532738095 
253 1661.7178833007813 906.0500610351562 1744.3062866210937 940.6219360351563 0.30366443452380953 1728.4977600097657 904.8681701660156 1795.7208679199218 962.4879089355469 0.7709263392857143 
254 1669.8733337402343 907.3339874267579 1758.6375305175782 942.0678070068359 0.2682466052827381 1730.2122863769532 906.1465240478516 1797.7502380371093 964.0362762451172 0.7792503720238095 
255 1663.7540771484375 902.5741943359375 1754.0532958984375 940.9994140625 0.24382672991071427 1731.6631958007813 906.4906005859375 1796.9859741210937 962.2071533203125 0.7965959821428571 
256 1650.5778198242188 899.6052490234375 1738.9895629882812 939.967138671875 0.27762276785714285 1729.897021484375 906.4800537109375 1797.166943359375 964.13994140625 0.7932245163690477 
257 1683.3040710449218 907.9263793945313 1752.8247131347657 940.7555053710937 0.2918701171875 1729.5768188476563 905.0296875 1797.1663452148437 962.9634765625 0.7670200892857143 
258 1683.2100830078125 909.5820739746093 1750.8189697265625 940.4889709472657 0.29752022879464285 1729.273175048828 904.9756927490234 1796.8822204589844 962.9262237548828 0.7744373139880952 
259 1685.53740234375 903.528353881836 1762.769970703125 942.1445587158203 0.26611328125 1734.6246215820313 905.7561798095703 1798.3414428710937 963.6805267333984 0.8014322916666666 
260 1685.14921875 905.3578582763672 1760.458447265625 940.1159576416015 0.26875232514880953 1730.3792907714844 905.4321136474609 1799.895489501953 965.2932891845703 0.7940615699404762 
261 1680.745587158203 904.5956390380859 1750.3446228027344 941.3284942626954 0.27025785900297616 1733.4653381347657 906.8263793945313 1797.2645202636718 962.8923706054687 0.7852027529761905 
262 1670.9089904785155 904.831576538086 1757.963446044922 941.5879180908203 0.26967075892857145 1732.6655700683593 905.352392578125 1800.3745910644532 963.3886962890625 0.7820638020833334 
263 1674.759942626953 905.2973846435547 1764.8612731933595 934.0531402587891 0.27296665736607145 1738.317529296875 909.5739044189453 1801.58017578125 965.168344116211 0.8187779017857143 
264 1674.639208984375 910.532861328125 1791.614453125 935.46201171875 0.21126883370535715 1738.363427734375 906.7713623046875 1801.6451171875 964.3001708984375 0.8121279761904762 
265 1694.1105529785157 913.6200347900391 1791.7992370605468 936.6056121826172 0.19916643415178573 1737.6505187988282 906.694857788086 1802.7763610839843 964.1588409423828 0.8179640997023809 
266 1669.5736450195313 908.4096374511719 1778.9720092773437 937.1986389160156 0.2598760695684524 1738.1506103515626 908.0405090332031 1803.4057861328124 965.6186706542969 0.80419921875 
267 1671.3130187988281 906.4394165039063 1784.3560485839844 939.0111450195312 0.25350516183035715 1737.0459350585938 907.9869567871094 1804.1054321289062 965.4664123535156 0.8045247395833334 
268 1665.2774291992187 908.3054809570312 1804.7389282226563 936.9619750976562 0.23997860863095238 1736.8450988769532 908.1585510253906 1803.7101989746093 963.5610534667969 0.7763206845238095 
269 1660.2137756347656 910.9670867919922 1759.7236022949219 933.9309234619141 0.18819173177083334 1739.262255859375 906.7717742919922 1804.3263671875 966.0949859619141 0.8036644345238095 
270 1658.1713073730468 909.303335571289 1796.1330139160157 930.3808074951172 0.20038713727678573 1740.2703369140625 908.2715423583984 1805.4188720703125 963.8394805908204 0.8022693452380952 
271 1659.7105285644532 912.6948120117188 1780.5300720214843 933.7902954101562 0.19287109375 1741.5845581054687 908.4904632568359 1804.8710083007813 966.0236358642578 0.8167550223214286 
272 1726.8434020996094 916.7423095703125 1788.085430908203 928.2252197265625 0.18343680245535715 1744.509295654297 908.4981872558594 1805.7513244628906 965.9125793457031 0.8189639136904762 
273 1670.7677856445312 904.3943054199219 1699.4912475585938 935.0326965332031 0.27872140066964285 1741.6927734375 910.1390167236328 1806.7994140625 967.5860198974609 0.7918294270833334 
274 1660.3000549316407 906.644775390625 1799.7696472167968 935.3028564453125 0.22120303199404762 1744.0699829101563 910.9067199707031 1807.1177612304687 966.3123962402344 0.7962472098214286 
275 1667.2018005371094 904.9635711669922 1699.958721923828 930.0129302978515 0.19271995907738096 1741.979425048828 908.1503356933594 1807.4931091308595 969.8103576660156 0.7988048735119048 
276 1680.3740783691405 906.3849945068359 1764.429266357422 938.8607940673828 0.22002301897321427 1742.827587890625 906.0175964355469 1807.779345703125 967.1485412597656 0.8123139880952381 
277 1705.4405700683594 904.79013671875 1772.551007080078 937.38662109375 0.20710681733630953 1745.485546875 909.0674896240234 1810.678515625 968.5081329345703 0.8209170386904762 
278 1696.9279296875 905.884912109375 1767.90361328125 942.331884765625 0.21952892485119047 1745.032049560547 907.6556243896484 1808.3345275878905 967.1216583251953 0.8053152901785714 
279 1701.097344970703 905.8752288818359 1768.1535095214845 942.2770538330078 0.22135997953869047 1744.057421875 907.6437255859375 1809.197705078125 967.0362060546875 0.8171968005952381 
280 1633.5832641601562 902.5747283935547 1762.0195190429688 940.9138580322266 0.20625813802083334 1746.0202697753907 909.2103240966796 1807.3629089355468 966.7190582275391 0.8029203869047619 
281 1704.7751892089843 906.2017547607422 1770.0498840332032 942.6787994384765 0.2113095238095238 1746.790216064453 909.6721893310547 1806.3053649902345 967.2675689697265 0.8028041294642857 
282 1684.541162109375 901.0299499511718 1766.90390625 939.3382141113282 0.20046851748511904 1745.6870361328124 907.439242553711 1808.8957275390626 966.8170440673828 0.8101050967261905 
283 1645.7812805175781 905.5299652099609 1774.3157653808594 938.1431915283204 0.22930617559523808 1744.8015502929688 908.5551574707031 1808.1095825195312 966.1079284667969 0.7833193824404762 
284 1643.885760498047 905.83798828125 1739.9891174316406 942.35732421875 0.19548688616071427 1746.9381591796875 909.09072265625 1808.4444091796875 968.67490234375 0.8053850446428571 
285 1645.2732482910155 907.4679473876953 1767.560369873047 941.861215209961 0.22476632254464285 1747.644549560547 907.3209503173828 1810.6988342285156 968.4645111083985 0.8066871279761905 
286 1724.5298583984375 908.8947814941406 1768.7692138671875 945.4403015136719 0.19609142485119047 1747.4633239746095 909.1906463623047 1810.937188720703 968.817593383789 0.8089425223214286 
287 1715.873193359375 912.372021484375 1777.47275390625 945.096728515625 0.19829450334821427 1748.2277282714845 909.2624328613281 1811.752374267578 968.9369079589844 0.8046177455357143 
288 1639.0006530761718 905.8716461181641 1778.7714416503907 940.3356903076171 0.20513044084821427 1747.7685180664062 908.8909423828125 1812.8672241210938 968.245654296875 0.7883649553571429 
289 1706.6633361816407 910.2450897216797 1791.1019226074218 942.869107055664 0.24783179873511904 1747.0374267578125 910.0974700927734 1814.2045166015625 969.5882598876954 0.7693684895833334 
290 1747.4303894042969 911.3648254394532 1776.2384338378906 944.0138366699218 0.18819754464285715 1750.8283386230469 909.5181945800781 1814.2057189941406 970.9750915527344 0.7951776413690477 
291 1717.0695373535157 911.8810211181641 1789.9166687011718 944.4706024169922 0.2247314453125 1748.921728515625 910.0377563476562 1814.100732421875 971.3827758789063 0.7885277157738095 
292 1720.8110961914062 914.0757263183593 1772.4159545898438 942.7450744628907 0.18251836867559523 1750.1420043945313 908.6358428955078 1815.1258178710937 971.7084564208984 0.7976888020833334 
293 1748.6566589355468 916.5408233642578 1752.4796936035157 941.3903900146485 0.16697474888392858 1750.2006225585938 911.1003784179687 1817.1033325195312 970.3570190429688 0.8071986607142857 
294 1746.552392578125 914.7417541503906 1777.134130859375 943.4120544433594 0.17864699590773808 1751.4043029785157 909.5222747802734 1816.3904968261718 970.6856719970704 0.8033621651785714 
295 1710.1088989257812 912.9602416992187 1759.8881713867188 939.7644897460938 0.18196614583333334 1749.1370727539063 908.9837951660156 1818.0621459960937 970.2505798339844 0.8074544270833334 
296 1714.467596435547 910.0824676513672 1762.2310119628905 940.6511138916015 0.17699032738095238 1750.473809814453 907.5840911865234 1817.3427185058595 972.5424346923828 0.8098958333333334 
297 1747.6011535644532 908.4375366210937 1774.3389099121093 942.8145385742188 0.18919735863095238 1751.5678405761719 907.8499359130859 1820.3216857910156 972.7841583251953 0.8000604538690477 
298 1713.9751037597657 911.8311950683594 1725.4410339355468 938.5848205566406 0.18282645089285715 1751.6801818847657 909.1117126464844 1818.5643249511718 972.1739318847656 0.8021995907738095 
299 1716.4548400878907 914.7852081298828 1779.4764343261718 941.521615600586 0.18898228236607142 1752.7400939941406 910.5984558105469 1819.581072998047 973.6200500488281 0.8008510044642857 
300 1715.8606567382812 917.0230438232422 1778.6596069335938 939.8589752197265 0.18998790922619047 1755.1648986816406 912.8510864257812 1819.866717529297 971.8439819335938 0.8196847098214286 
301 1729.3471618652343 912.3455139160156 1803.7047180175782 944.7577575683594 0.24348377046130953 1756.8463012695313 915.3520538330079 1821.6707885742187 972.5502288818359 0.7804594494047619 
302 1745.0035461425782 916.1305236816406 1785.2497497558593 942.9612731933594 0.18519810267857142 1758.5663940429688 913.8455200195312 1821.8103149414062 973.2564086914062 0.8047340029761905 
303 1719.2607177734376 912.8624267578125 1792.1743408203124 943.5628662109375 0.20475841703869047 1758.7433288574218 915.6667846679687 1822.0629455566407 973.2301879882813 0.79736328125 
304 1708.812237548828 911.2718109130859 1798.8094665527344 945.7388702392578 0.25192987351190477 1758.8188842773438 917.6791595458984 1823.9233032226562 973.2093292236328 0.7854817708333334 
305 1705.5973022460937 913.3061553955079 1799.5721313476563 943.9917572021484 0.24891299293154762 1758.8546752929688 917.5844177246094 1825.9795532226562 975.1200500488281 0.7698335193452381 
306 1693.0447204589843 913.8725891113281 1798.6333801269532 942.6695251464844 0.2297421409970238 1759.720703125 916.0139465332031 1824.99365234375 977.4473571777344 0.8042689732142857 
307 1720.327587890625 915.4063232421875 1793.277392578125 946.1219970703125 0.21402994791666666 1761.0849731445312 916.5138336181641 1826.3557006835938 976.0254119873047 0.8166620163690477 
308 1716.8528076171874 915.7937133789062 1822.1210693359376 948.3311645507813 0.2634916759672619 1762.7145202636718 919.0326995849609 1827.7892639160157 974.5377960205078 0.7866908482142857 
309 1732.469061279297 915.2975189208985 1811.2249084472655 946.0315216064453 0.21720377604166666 1762.094873046875 917.8833190917969 1827.404638671875 977.4305236816406 0.7960611979166666 
310 1737.3795593261718 915.3594604492188 1812.4232971191407 948.0708374023437 0.22133672805059523 1763.6522705078125 916.6916259765625 1829.0750244140625 976.3418212890625 0.7947358630952381 
311 1733.5326721191407 917.2930847167969 1812.4925964355468 946.1807922363281 0.21668643043154762 1763.235284423828 918.1819458007812 1828.7140563964845 977.8832397460938 0.8049432663690477 
312 1763.1775451660155 916.1047393798829 1828.221502685547 977.3225677490234 0.7949451264880952 
313 1748.0414184570313 921.6137481689453 1791.9700561523437 936.8932708740234 0.177490234375 1764.7166320800782 916.3246917724609 1829.6545837402343 977.4427032470703 0.7909691220238095 
314 1735.6128540039062 920.5611328125 1827.7633666992188 947.43837890625 0.27712867373511907 1765.2960021972656 918.4936950683593 1830.569110107422 976.0877258300782 0.7797154017857143 
315 1742.6723205566407 916.4130584716797 1823.2572448730468 949.030728149414 0.23933919270833334 1765.10625 919.2172576904297 1830.341748046875 978.6966217041015 0.7810639880952381 
316 1784.9832824707032 924.6988403320313 1817.5583435058593 938.1120727539062 0.1931210472470238 1767.9587524414062 917.918490600586 1833.1088745117188 977.3200958251953 0.7783900669642857 
317 1787.7601135253906 924.099658203125 1808.799578857422 933.663037109375 0.17490350632440477 1767.9712646484375 916.6696075439453 1833.0023681640625 977.875375366211 0.7832961309523809 
318 1746.3691345214843 920.6342620849609 1820.8949035644532 951.2089385986328 0.2579345703125 1768.0506774902344 918.7968017578125 1833.021954345703 978.0353515625 0.7770879836309523 
319 1745.3151611328126 922.0424194335938 1815.9563232421874 941.1345825195312 0.19077264694940477 1768.0054626464844 917.1959289550781 1832.9189758300781 978.2910095214844 0.7836449032738095 
320 1748.984930419922 920.5833190917969 1827.1694885253905 953.0012756347656 0.22362118675595238 1768.1276977539062 918.9697998046875 1832.9636108398438 978.0848876953125 0.7742280505952381 
321 1745.6859130859375 916.8570678710937 1827.7769775390625 962.6754028320313 0.23577008928571427 1769.6963684082032 919.9410339355469 1834.6057556152343 977.2138732910156 0.7743675595238095 
322 1743.724169921875 920.4916076660156 1827.523388671875 952.8686218261719 0.242919921875 1771.0468505859376 919.0998504638671 1833.8962646484374 976.2356597900391 0.7770879836309523 
323 1750.0064331054687 924.4620056152344 1829.9681762695313 968.2505187988281 0.26631091889880953 1770.8024169921875 919.9953308105469 1835.5332763671875 977.1107482910156 0.7735537574404762 
324 1748.7608276367187 922.9477966308593 1826.7579711914063 966.7023498535157 0.2528483072916667 1772.467303466797 921.6307647705078 1835.2454650878906 976.799594116211 0.7698800223214286 
325 1740.5093994140625 920.3877014160156 1828.1260986328125 966.1008239746094 0.25768461681547616 1772.889453125 920.5342071533203 1833.840283203125 977.675570678711 0.7845749627976191 
326 1737.5991088867188 920.7157897949219 1829.0075805664062 954.9939270019531 0.27248418898809523 1774.8069458007812 921.008755493164 1835.7460327148438 978.1390106201172 0.7721819196428571 
327 1739.3524230957032 920.9831573486329 1830.8369079589843 964.8195159912109 0.27531505766369047 1773.4391052246094 920.9098876953125 1836.334698486328 978.0876708984375 0.7741350446428571 
328 1738.531640625 923.041372680664 1828.4068359375 968.9350067138672 0.27830287388392855 1777.1441467285156 921.7175109863281 1838.335711669922 979.0846130371094 0.7672991071428571 
329 1747.0954223632812 919.0147094726562 1829.2121948242188 966.7570190429688 0.23469470796130953 1775.9611572265626 920.6306030273438 1837.0713134765624 979.8310668945312 0.7841796875 
330 1740.7878540039062 925.0369049072266 1830.7128784179688 969.0427459716797 0.28369721912202384 1776.4782409667969 922.0197387695313 1837.7037658691406 979.4187377929687 0.7842959449404762 
331 1746.9652709960938 927.6316589355469 1834.8850708007812 975.4141174316406 0.2722865513392857 1775.2671875 920.4275268554687 1834.51748046875 979.6778198242188 0.7852492559523809 
332 1777.5038635253907 925.4892852783203 1827.3058288574218 971.4603607177735 0.22825404575892858 1776.1777770996093 920.9953430175781 1837.4724914550782 980.3746520996094 0.7912481398809523 
333 1741.8130798339844 926.4072662353516 1831.6570129394531 970.3734344482422 0.26595633370535715 1776.2213989257812 921.7018859863281 1835.4802612304688 980.9605895996094 0.7925502232142857 
334 1779.527520751953 927.3195556640625 1833.0695251464845 969.388330078125 0.23097446986607142 1777.3947875976562 920.9210235595704 1836.6733276367188 980.1996429443359 0.7894577752976191 
335 1779.559326171875 925.3883880615234 1831.153076171875 971.2494903564453 0.21855817522321427 1778.6773986816406 920.9051727294922 1837.9145202636719 980.1423736572266 0.7915969122023809 
336 1813.429132080078 924.7436889648437 1834.3441833496095 972.2777954101563 0.21614583333333334 1780.0090454101562 922.1841644287109 1837.0500366210938 979.2250762939453 0.7859235491071429 
337 1765.283642578125 926.0778198242188 1839.058642578125 971.4778442382812 0.2636021205357143 1776.9974426269532 919.9663146972656 1837.5307556152343 980.4996276855469 0.7840169270833334 
338 1791.2645324707032 924.2841156005859 1838.5566345214843 971.5762969970704 0.24446033296130953 1776.640313720703 919.8459411621094 1837.1742614746095 980.3798889160156 0.7870163690476191 
339 1815.7052612304688 921.7319946289062 1834.6736450195312 971.0501098632812 0.210693359375 1777.3304809570313 918.7408172607422 1838.0296264648437 981.336880493164 0.7957589285714286 
340 1791.6615356445313 922.85986328125 1835.2505737304687 968.343994140625 0.2356015159970238 1778.0308837890625 919.6526489257812 1838.6763916015625 980.2981567382812 0.7891090029761905 
341 1816.2814880371093 923.6369903564453 1833.3704895019532 971.1061126708985 0.2364501953125 1777.6489562988281 918.9630828857422 1838.4095153808594 981.6223052978515 0.7979678199404762 
342 1785.1290954589845 923.3214691162109 1834.454034423828 968.8521759033204 0.22580682663690477 1777.97841796875 921.5702850341797 1838.6861328125 982.2779205322265 0.7908993675595238 
343 1813.2711120605468 927.9447296142578 1834.1560119628907 967.815707397461 0.20844668433779762 1779.6802185058593 922.8331298828125 1838.5374328613282 981.690185546875 0.7883882068452381 
344 1765.9254516601563 926.2290466308593 1836.4190307617187 971.9545471191407 0.24135625930059523 1778.7492431640626 921.5392120361328 1839.7165771484374 982.506625366211 0.7923642113095238 
345 1816.6932495117187 935.0520385742187 1828.1231567382813 969.3417602539063 0.19084240141369047 1777.054998779297 920.0319976806641 1839.9194885253905 982.8964080810547 0.8002464657738095 
346 1815.3926086425781 923.6378143310546 1834.4205017089844 973.1104156494141 0.20549083891369047 1778.14169921875 919.1735687255859 1840.933984375 981.9657745361328 0.7966192336309523 
347 1814.0086975097656 927.5195739746093 1834.9408874511719 973.1895324707032 0.20762997581845238 1778.4388488769532 921.3716766357422 1841.2351013183593 982.2649810791015 0.7921084449404762 
348 1815.6957641601562 932.2930480957032 1827.1186889648438 945.6197937011718 0.17171805245535715 1780.47509765625 920.9433654785156 1843.301025390625 981.8654724121094 0.7901553199404762 
349 1813.0849609375 934.3466186523438 1824.545654296875 945.8073120117188 0.17670840308779762 1779.2172424316407 921.2697387695313 1842.2508972167968 982.3932250976562 0.8007114955357143 
350 1816.9781494140625 939.2132568359375 1816.9781494140625 939.2132568359375 0.14742896670386904 1780.2101135253906 921.8239898681641 1843.4303894042969 983.1284637451172 0.8059895833333334 
351 1816.3366271972657 938.4496643066407 1818.2550476074218 940.3680847167968 0.16397530691964285 1779.7395263671874 921.0365325927735 1843.0466064453126 984.3435333251953 0.8074544270833334 
352 1807.98671875 927.24453125 1828.98984375 967.34140625 0.19545782180059523 1777.95078125 920.1944610595704 1842.86953125 983.2039154052734 0.8044549851190477 
353 1822.7873657226562 935.5311950683594 1838.0353881835938 967.9332824707031 0.195556640625 1780.6354858398438 920.5031005859375 1843.5334594726562 981.4951904296875 0.7948521205357143 
354 1816.7251953125 936.642367553711 1828.20302734375 957.6850860595703 0.17890857514880953 1778.171405029297 920.014208984375 1843.2125061035156 983.14228515625 0.8070591517857143 
355 1817.7404663085938 936.5176208496093 1821.5576293945312 947.9689514160157 0.17071242559523808 1778.394921875 920.2949432373047 1843.2857421875 983.2772613525391 0.8030133928571429 
356 1817.599871826172 936.7007141113281 1819.5103576660156 944.3424987792969 0.16795421781994047 1776.3050231933594 920.02109375 1843.1704406738281 983.0656982421875 0.8010835193452381 
357 1778.9788146972655 919.9104095458985 1844.146551513672 983.1615509033203 0.8105933779761905 
358 1778.7575805664062 928.7680297851563 1826.6960327148438 963.2837280273437 0.19745744977678573 1776.5450256347656 917.8527679443359 1843.658953857422 983.0491485595703 0.8068731398809523 
359 1817.3448974609375 937.5794891357422 1819.2656982421875 945.2626129150391 0.16848028273809523 1779.003076171875 919.3320678710937 1844.30966796875 982.7178588867188 0.8116396949404762 
360 1813.8965759277344 934.4070190429687 1825.3850402832031 963.1282592773438 0.18202427455357142 1779.9466613769532 922.0348236083985 1843.1332946777343 981.3919952392578 0.7899460565476191 
361 1808.3775573730468 930.6553283691406 1821.7817443847657 949.8041442871094 0.18171037946428573 1780.538067626953 921.375537109375 1843.7291442871094 982.6516845703125 0.7946428571428571 
362 1776.8978454589844 926.3365142822265 1826.615704345703 966.4931365966797 0.21273367745535715 1783.1493896484376 922.6591552734375 1842.4282470703124 981.9380126953125 0.7855515252976191 
363 1811.694677734375 927.933642578125 1821.255517578125 958.5283935546875 0.19294084821428573 1782.2031188964843 923.1532348632812 1843.3924621582032 982.4305053710938 0.7938988095238095 
364 1799.2764587402344 928.5443267822266 1822.2732238769531 947.7082977294922 0.18060593377976192 1781.586669921875 922.2054443359375 1842.911376953125 983.5301513671875 0.7971772693452381 
365 1805.3350402832032 936.7128295898438 1812.9885681152343 936.7128295898438 0.16505650111607142 1781.4915161132812 922.288931274414 1842.7194213867188 983.5169158935547 0.7974097842261905 
366 1807.5419555664062 928.6176635742188 1815.2102416992188 945.8712280273437 0.16788736979166666 1780.4819030761719 922.2765899658203 1843.7450256347656 981.7056488037109 0.7981538318452381 
367 1816.5639038085938 924.9300750732422 1822.3005981445312 966.9984527587891 0.19572521391369047 1784.1301147460938 922.9443328857421 1841.4961059570312 982.2224761962891 0.7912016369047619 
368 1809.415594482422 926.287973022461 1820.9053283691405 960.7572540283203 0.18738955543154762 1781.5750122070312 921.721548461914 1842.8536987304688 983.0003143310547 0.7937127976190477 
369 1804.8383056640625 926.7483978271484 1818.2102783203125 961.1332550048828 0.17955671037946427 1781.6947509765625 924.103402709961 1842.8233154296875 981.4115509033203 0.7928524925595238 
370 1809.419482421875 926.8732452392578 1822.829541015625 969.0189056396484 0.20933896019345238 1785.1783813476563 923.6312622070312 1842.6497436523437 981.1026245117188 0.7834123883928571 
371 1784.1272583007812 928.8103332519531 1826.2487182617188 969.0171813964844 0.22677757626488096 1786.9991760253906 923.8765258789062 1842.5229187011719 981.3148803710938 0.7785295758928571 
372 1782.3775817871094 926.058447265625 1822.431134033203 968.0193115234375 0.21831403459821427 1785.0184753417968 924.0777770996094 1840.3305236816407 983.2044494628906 0.7777157738095238 
373 1765.1220642089843 925.7152282714844 1824.1785949707032 969.5313537597656 0.25234840029761907 1782.9269470214845 923.9567199707031 1840.078546142578 983.0132507324219 0.7724376860119048 
374 1815.4658569335938 923.6197204589844 1819.2836547851562 967.5240783691406 0.20283435639880953 1787.4934448242188 924.7943664550781 1842.8510375976562 983.9699157714844 0.7696475074404762 
375 1809.0106872558595 921.549365234375 1818.567559814453 965.510693359375 0.18302699497767858 1790.7056823730468 922.5050354003906 1844.2238830566407 983.6686706542969 0.7755766369047619 
376 1789.1132080078125 923.3684478759766 1840.6726806640625 986.3855194091797 0.7815987723214286 
377 1787.459210205078 917.7971557617187 1839.1356384277344 986.6990600585938 0.7972470238095238 
378 1784.3871459960938 914.9656768798828 1839.6958618164062 987.4391693115234 0.8080124627976191 
379 1781.3484008789062 907.781591796875 1848.0568725585938 987.8315673828125 0.7912248883928571 
380 1822.7609558105469 906.0067932128907 1832.2943420410156 947.9535339355468 0.17481631324404762 1776.7808410644532 912.0934509277344 1841.6077087402343 990.2669006347656 0.7983630952380952 
381 1772.6804565429688 915.6554962158203 1839.2702270507812 989.8555511474609 0.7977353050595238 
382 1770.517596435547 920.5281158447266 1831.3184631347656 990.8291229248047 0.7928989955357143 
383 1788.873681640625 913.5162719726562 1804.11630859375 942.0962768554688 0.16167340959821427 1766.4492919921875 919.9651275634766 1823.6093017578125 994.2730926513672 0.7949451264880952 
384 1771.8355773925782 917.1133728027344 1792.8134704589843 928.5558166503906 0.16993931361607142 1765.3808654785157 923.9348114013671 1816.8719421386718 990.6825592041016 0.7918991815476191 
385 1772.6798095703125 916.2530395507813 1784.1087646484375 941.0158813476562 0.15961565290178573 1760.2983764648438 921.0150939941407 1815.5385375976562 993.3988464355468 0.7972237723214286 
386 1762.13525390625 916.0048828125 1762.13525390625 916.0048828125 0.15623837425595238 1757.6509643554687 922.5476531982422 1809.2577270507813 993.2680816650391 0.8195219494047619 
387 1756.362811279297 924.610498046875 1806.0140197753906 991.4484619140625 0.7980375744047619 
388 1751.249444580078 921.6252746582031 1802.6998962402345 994.0369567871094 0.8261253720238095 
389 1620.1136474609375 908.0734802246094 1770.2452392578125 938.4798645019531 0.19383021763392858 1746.7825988769532 920.3529418945312 1799.9938903808593 996.3689819335938 0.8294270833333334 
390 1679.096630859375 910.4111297607421 1781.37578125 963.4447662353516 0.2071475074404762 1742.8389465332032 919.2258087158203 1797.7666442871093 996.8821624755859 0.8217075892857143 
391 1642.152001953125 911.0379241943359 1778.111181640625 952.5810333251953 0.24046688988095238 1743.4677368164062 919.9711456298828 1794.4524291992188 997.3923187255859 0.7979678199404762 
392 1696.5262268066406 911.2462371826172 1741.448748779297 935.5792633056641 0.18937174479166666 1741.9526306152343 920.0291778564454 1792.4906066894532 993.0282562255859 0.8212425595238095 
393 1736.1835815429688 916.4968139648438 1769.5681274414062 942.4625366210937 0.20366559709821427 1734.8283081054688 916.2115112304688 1792.3237915039062 994.1086791992187 0.8267764136904762 
394 1663.5824157714844 908.5861450195313 1755.283673095703 959.1153930664062 0.24393717447916666 1732.4662109375 915.6401153564453 1788.6099609375 992.3697113037109 0.7965727306547619 
395 1657.4942016601562 907.7540649414062 1762.8764038085938 956.6814819335938 0.22234816778273808 1726.6150512695312 914.629931640625 1784.9515991210938 991.7847412109375 0.79296875 
396 1679.6270263671875 906.7325164794922 1766.7765380859375 944.623501586914 0.21498907180059523 1723.0560546875 914.0192230224609 1787.47080078125 989.8012725830079 0.7792038690476191 
397 1697.5892761230468 910.613247680664 1750.7177307128907 935.2800018310547 0.19813755580357142 1715.0312072753907 918.2760192871094 1781.4418151855468 990.3788879394531 0.7908296130952381 
398 1636.743914794922 902.6600952148438 1744.9649475097656 938.7338256835938 0.23993210565476192 1709.9865966796874 915.8043701171875 1778.3368896484376 989.8504150390625 0.7853887648809523 
399 1635.1188903808593 902.9567840576171 1739.5325988769532 942.8237945556641 0.2356015159970238 1710.8371154785157 915.5156494140625 1779.1805847167968 985.7575439453125 0.7547665550595238 
400 1664.2982849121095 899.7844665527343 1744.057061767578 933.9667541503907 0.23659551711309523 1709.4364868164062 914.3923034667969 1777.8010620117188 986.5548400878906 0.7839006696428571 
401 1644.734930419922 898.5030670166016 1720.4661193847655 940.1551971435547 0.3045131138392857 1708.4511108398438 912.484164428711 1774.7158813476562 984.4287384033203 0.7547433035714286 
402 1656.7060913085938 909.7323364257812 1747.7216430664062 941.9670043945313 0.19277808779761904 1709.1421203613281 917.6815826416016 1775.5076599121094 982.1509979248046 0.7551850818452381 
403 1689.9978271484374 907.5453308105468 1714.7079833984376 941.7593566894532 0.19623674665178573 1710.0290832519531 915.0753875732422 1776.5564880371094 985.404165649414 0.7714378720238095 
404 1669.9699279785157 902.7336608886719 1747.9808776855468 935.0795715332031 0.22714960007440477 1711.024432373047 914.2230499267578 1775.7164123535156 986.5257904052735 0.7760184151785714 
405 1668.0331298828125 904.6201232910156 1743.9422119140625 940.6768737792969 0.23081170944940477 1710.22109375 915.0575592041016 1774.74375 987.1711395263671 0.7999441964285714 
406 1651.3921508789062 902.3903717041015 1715.8414916992188 951.6752410888672 0.2977818080357143 1707.8218811035156 912.6702392578125 1776.062518310547 986.5975830078125 0.7748558407738095 
407 1705.6287170410155 913.7309478759765 1747.332342529297 945.9564910888672 0.20295642671130953 1713.4299011230469 916.866000366211 1775.9852600097656 985.1083038330078 0.7690197172619048 
408 1694.1478698730468 910.2621124267578 1732.1720764160157 938.780307006836 0.16737874348958334 1710.088885498047 915.4539001464843 1774.7300842285156 987.6999084472657 0.8074776785714286 
409 1657.0821472167968 904.2743835449219 1744.5793518066407 942.3166809082031 0.19541131882440477 1709.463525390625 915.1749694824218 1774.1353515625 985.5531799316407 0.8132905505952381 
410 1691.5301147460937 906.4533782958985 1735.3006958007813 931.1932891845703 0.20013137090773808 1709.609307861328 914.1388580322266 1774.3136657714845 986.4555633544921 0.7938988095238095 
411 1706.8886352539062 914.3923583984375 1773.4853881835938 982.8918212890625 0.8007114955357143 
412 1686.1153442382813 904.5901824951172 1710.8416870117187 935.022671508789 0.19649832589285715 1706.5987121582032 910.442578125 1769.3657653808593 978.9156982421875 0.7871791294642857 
413 1702.6162902832032 899.9633972167969 1725.3264587402343 932.1363342285156 0.18959263392857142 1704.2904052734375 907.2423400878906 1762.9586181640625 977.2657165527344 0.7913411458333334 
414 1645.8650390625 902.4000793457031 1701.06171875 934.7567810058594 0.34330822172619047 1684.2977172851563 898.4469970703125 1749.0111206054687 965.0637451171875 0.6442754836309523 
415 1659.1206176757812 912.1657623291015 1725.4609252929688 934.9110809326172 0.29139927455357145 1691.270196533203 903.0531066894531 1744.3424743652345 954.2299743652344 0.5614071800595238 
416 1640.2816650390625 898.3433868408204 1703.1431396484375 926.9168060302734 0.46489025297619047 1673.6171997070312 896.5117950439453 1726.9543334960938 953.6585540771484 0.6089332217261905 
417 1636.4737731933594 892.7357971191407 1697.334942626953 923.1663024902343 0.4684477306547619 1681.9001953125 900.5628540039063 1729.44794921875 951.9144409179687 0.5315987723214286 
418 1646.4384155273438 892.1926727294922 1688.2583618164062 922.6070709228516 0.37318638392857145 1678.534423828125 899.7962463378906 1733.66064453125 953.0215026855469 0.42810639880952384 
419 1632.6340454101562 879.5771423339844 1691.6745483398438 913.8587707519531 0.46799432663690477 1675.6325744628907 891.004360961914 1717.5323425292968 940.5221893310547 0.5401785714285714 
420 1631.9285278320312 878.6209075927734 1687.3610229492188 913.0273468017579 0.39048549107142855 1672.5104370117188 895.3830444335938 1720.2971801757812 937.4353149414062 0.5058942522321429 
421 1628.2271728515625 875.1300567626953 1689.2567138671875 905.644906616211 0.48692103794642855 1672.0922058105468 886.939892578125 1721.6786682128907 942.2479736328125 0.5872860863095238 
422 1627.979296875 872.0194549560547 1687.1623046875 904.4746246337891 0.49800037202380953 1660.9484924316407 881.565087890625 1714.4041687011718 933.1115478515625 0.5767066592261905 
423 1627.5898193359376 874.22060546875 1688.2365966796874 910.22958984375 0.4002278645833333 1664.473455810547 882.6761260986328 1721.3298889160155 933.8468841552734 0.6017950148809523 
424 1632.3169921875 876.1856719970704 1691.2689453125 912.3175628662109 0.38757905505952384 1665.3768005371094 882.4026977539063 1716.7221984863281 928.0429809570312 0.59326171875 
425 1630.3511779785156 876.407095336914 1698.880633544922 910.6718231201172 0.40206473214285715 1668.9356689453125 885.3393432617188 1720.3326416015625 931.0256469726562 0.6192801339285714 
426 1626.1815124511718 871.0656829833985 1690.5605529785157 908.9357208251953 0.3539341517857143 1654.9482360839843 872.8863006591797 1709.8597473144532 920.2238677978515 0.5642671130952381 
427 1629.7872741699218 876.6077331542969 1690.5170471191407 912.6660705566406 0.34677269345238093 1667.378369140625 883.8340576171875 1718.619189453125 933.1769287109375 0.6082821800595238 
428 1625.9525512695313 873.4403198242187 1684.6839233398437 907.5424682617188 0.38247535342261907 1663.0421997070312 878.7597015380859 1716.0898803710938 929.9128448486329 0.6000744047619048 
429 1630.4778869628906 871.6149963378906 1683.490496826172 905.6944519042969 0.36186290922619047 1665.6497375488282 878.1687530517578 1716.7688415527343 931.181283569336 0.6049107142857143 
430 1630.64912109375 871.39072265625 1695.5564453125 903.844384765625 0.4107259114583333 1674.997491455078 882.9918334960937 1724.6325134277345 942.1719848632813 0.6268368675595238 
431 1626.0186096191405 871.1110412597657 1686.730291748047 901.4669616699218 0.4737955729166667 1664.1823364257812 879.9405334472656 1722.9968627929688 934.9605895996094 0.6649460565476191 
432 1627.8038818359375 869.8979675292969 1682.9307373046875 902.2137268066406 0.41687593005952384 1661.2162536621095 876.0394256591796 1718.244073486328 931.1662017822266 0.6366024925595238 
433 1627.8311340332032 871.6663543701172 1682.7493103027343 905.7535064697265 0.40458751860119047 1666.1426635742187 877.5660614013672 1717.2733520507813 936.2716461181641 0.6156296502976191 
434 1631.0430053710938 873.0088775634765 1687.8383422851562 905.1928436279297 0.416015625 1663.0814575195313 878.9068359375 1719.8767944335937 935.7021728515625 0.6519949776785714 
435 1628.63876953125 869.4122009277344 1696.328271484375 902.3890686035156 0.3607817150297619 1666.4887573242188 877.4895477294922 1718.5576293945312 933.0295562744141 0.6591099330357143 
436 1633.1494995117187 874.7041564941406 1694.5380004882813 916.2316345214844 0.28438895089285715 1672.8715026855468 875.9541412353516 1727.0377990722657 942.7591766357422 0.6241396949404762 
437 1619.152587890625 870.3890380859375 1695.800537109375 908.7130126953125 0.41889880952380953 1663.5648010253906 883.078237915039 1721.884051513672 944.7299285888672 0.6728050595238095 
438 1623.9360046386719 870.4318420410157 1698.5011291503906 908.5430114746093 0.46611095610119047 1667.0181579589844 885.0899871826172 1721.6992492675781 939.7711578369141 0.6582263764880952 
439 1624.6569519042969 866.7317352294922 1696.3148498535156 899.9391021728516 0.5056966145833334 1664.7208312988282 876.6132751464844 1715.4057556152343 929.0460266113281 0.6555059523809523 
440 1629.9177734375 878.358447265625 1686.8029296875 918.7285888671875 0.3496791294642857 1665.4180725097656 877.0175018310547 1720.468280029297 941.2426910400391 0.6455543154761905 
441 1634.740087890625 877.197622680664 1685.833642578125 913.1524139404297 0.355224609375 1662.9798522949218 882.5108093261719 1721.6428283691407 935.4967590332031 0.6445079985119048 
442 1631.6155578613282 872.9894653320313 1688.4951599121093 903.3252319335937 0.44528924851190477 1668.2956176757812 886.4072143554688 1723.2793334960938 939.4948852539062 0.6281854538690477 
443 1629.9131164550781 872.3560638427734 1688.7344665527344 904.6128692626953 0.4035063244047619 1668.5191528320313 882.865023803711 1721.6480834960937 937.8915069580078 0.6303013392857143 
444 1632.4650329589845 874.0804962158203 1687.477471923828 908.226205444336 0.4049595424107143 1667.4861328125 885.0246673583985 1722.49873046875 938.1401885986328 0.6051199776785714 
445 1635.23837890625 876.8206604003906 1692.33046875 911.0759460449219 0.3625604538690476 1667.6637878417969 885.0917175292968 1722.8526916503906 936.4745666503907 0.6060035342261905 
446 1633.648211669922 878.5031799316406 1690.2247131347656 918.1066833496094 0.36049107142857145 1670.3503845214843 887.3522888183594 1723.1551086425782 938.2711242675781 0.5848911830357143 
447 1635.6235290527343 875.1677520751953 1690.5509094238282 913.0487396240235 0.39438011532738093 1667.895166015625 883.8366821289062 1720.928564453125 934.9759399414063 0.5901227678571429 
448 1637.728564453125 877.2565124511718 1690.7638671875 913.2447082519532 0.35487583705357145 1667.0873779296876 881.1176025390625 1718.2285400390624 934.1529052734375 0.5500139508928571 
449 1637.616748046875 877.4033569335937 1694.73994140625 913.5815063476563 0.36217680431547616 1673.428564453125 883.9945190429687 1724.839501953125 939.2137329101563 0.5835890997023809 
450 1632.2122497558594 871.9605682373046 1693.3330383300781 904.4309722900391 0.4064360119047619 1673.204364013672 882.3187927246094 1722.8650939941406 939.6195617675781 0.6091192336309523 
451 1629.5422973632812 872.2583923339844 1690.4909057617188 902.7326965332031 0.45168340773809523 1671.8839477539063 882.3676177978516 1721.4048706054687 939.5070770263671 0.6135602678571429 
452 1632.9465393066407 870.9115600585938 1690.2711120605468 905.3063354492188 0.42271205357142855 1669.1050598144532 881.7150512695313 1718.7864196777343 937.1288208007812 0.6164202008928571 
453 1629.7232299804687 869.4664459228516 1692.6732543945313 905.7103729248047 0.4117954799107143 1670.6627563476563 880.4716888427735 1722.1673217773437 935.7914337158203 0.6456705729166666 
454 1631.1683959960938 871.6351287841796 1693.9959106445312 904.0007965087891 0.39670526413690477 1668.659912109375 879.250601196289 1723.871826171875 934.4625946044922 0.6389508928571429 
455 1628.08994140625 871.4599639892579 1687.13076171875 903.8372161865234 0.470703125 1669.770068359375 882.4477172851563 1723.09736328125 933.8703979492187 0.6270228794642857 
456 1630.5227661132812 877.725537109375 1683.0448608398438 911.4896728515625 0.44054594494047616 1665.8020812988282 879.889892578125 1712.6968200683593 932.4119873046875 0.5364932105654762 
457 1631.3020629882812 877.5160186767578 1695.5831909179688 911.547152709961 0.3737095424107143 1670.4233337402343 882.6061340332031 1723.3607238769532 935.5435241699219 0.6406017485119048 
458 1633.6960571289062 880.9499481201171 1686.0842163085938 914.6279937744141 0.39547293526785715 1668.8853637695313 884.5479949951172 1715.6602905273437 936.9360748291016 0.5479445684523809 
459 1624.60634765625 871.9476440429687 1685.152197265625 902.2205688476563 0.47329566592261907 1661.8653564453125 877.0416656494141 1714.8428955078125 926.2351287841797 0.6063988095238095 
460 1632.770361328125 872.8754638671875 1687.501123046875 906.8462158203125 0.40811011904761907 1662.0230590820313 876.9403869628907 1714.8663452148437 926.0091979980468 0.5894717261904762 
461 1634.1693298339844 870.3716033935547 1681.665509033203 904.5688873291016 0.4146205357142857 1654.6292907714844 870.5177459716797 1702.125469970703 916.1141510009766 0.5428524925595238 
462 1632.0493591308593 871.4527801513672 1689.1070129394532 903.7854400634766 0.4560546875 1661.7486572265625 878.2557891845703 1715.0023193359375 927.705697631836 0.5851934523809523 
463 1633.717724609375 872.2966369628906 1688.897265625 904.6431823730469 0.44273158482142855 1666.7961120605469 880.7857360839844 1714.3646545410156 928.3542785644531 0.5723353794642857 
464 1635.6030151367188 872.3053924560547 1690.6045043945312 912.133999633789 0.3678501674107143 1669.0123596191406 884.9980163574219 1712.6342468261719 928.6199035644531 0.48935081845238093 
465 1636.56279296875 873.7400177001953 1688.195263671875 906.249301147461 0.38784644717261907 1665.8357971191406 879.1091979980469 1705.994403076172 928.8292785644531 0.4821661086309524 
466 1633.8267639160156 872.013803100586 1690.978045654297 904.3994659423828 0.40906343005952384 1667.164971923828 881.9786315917969 1714.7909606933595 929.6046203613281 0.5332263764880952 
467 0.0 0.0 0.0 0.0 0.23330543154761904 0.0 0.0 0.0 0.0 0.23330543154761904 
468 0.0 0.0 0.0 0.0 0.24073428199404762 0.0 0.0 0.0 0.0 0.24073428199404762 
469 0.0 0.0 0.0 0.0 0.24073428199404762 0.0 0.0 0.0 0.0 0.24073428199404762 
470 0.0 0.0 0.0 0.0 0.23330543154761904 0.0 0.0 0.0 0.0 0.23330543154761904 
471 0.0 0.0 0.0 0.0 0.23414829799107142 0.0 0.0 0.0 0.0 0.23414829799107142 
472 0.0 0.0 0.0 0.0 0.23414829799107142 0.0 0.0 0.0 0.0 0.23414829799107142 
473 1633.0706298828125 873.8601470947266 1686.4950439453125 904.3883270263672 0.4469401041666667 1669.6164245605469 883.180078125 1711.5926818847656 934.69638671875 0.5190080915178571 
474 1629.7863830566407 873.6090881347657 1692.6016784667968 907.8719909667968 0.5389578683035714 1671.7364074707032 883.5658233642578 1713.6133239746093 933.056674194336 0.5572102864583334 
475 1633.5833740234375 875.4397613525391 1688.7762451171875 903.9877899169921 0.4413946242559524 1669.8174926757813 884.5165893554688 1715.4942749023437 935.9030883789062 0.5409923735119048 
476 1627.7421875 870.8597473144531 1688.63525390625 905.1121765136719 0.5394345238095238 1665.8734985351562 881.032992553711 1713.4463256835938 928.6057403564453 0.5708240327380952 
477 1635.369140625 873.3193054199219 1686.93115234375 903.8745422363281 0.43125697544642855 1670.0375244140625 883.8961059570313 1713.9607666015625 937.3678100585937 0.5190662202380952 
478 1631.6464538574219 873.3600616455078 1690.8280334472656 907.7234954833984 0.41466703869047616 1674.5273315429688 887.3110137939453 1718.4362915039062 940.7653411865234 0.5631510416666666 
479 1629.5158935546874 872.334619140625 1688.7033447265626 902.8830322265625 0.4761555989583333 1672.1807922363282 884.3777130126953 1718.0034118652343 937.837435913086 0.5734979538690477 
480 1633.2587036132813 872.3089813232422 1688.1370483398437 906.3713775634766 0.4873744419642857 1660.334002685547 878.4955535888672 1707.6429260253906 922.0197662353515 0.5506882440476191 
481 1631.2462524414063 875.9434173583984 1689.7332397460937 906.1302520751954 0.4331868489583333 1665.2789733886718 880.5875671386718 1718.1059143066407 933.4145080566407 0.5834728422619048 
482 1630.2192321777343 873.4946075439453 1690.4500793457032 905.4922698974609 0.47741117931547616 1664.1714172363281 880.0099548339844 1718.7557067871094 930.8297668457031 0.5943777901785714 
483 1632.6946838378906 872.6679138183594 1687.278338623047 906.5474182128906 0.4383021763392857 1660.2037170410156 876.7218811035157 1714.787371826172 925.6589782714843 0.5624418712797619 
484 1630.87919921875 870.3640777587891 1687.5548828125 904.3695037841796 0.4536016555059524 1664.9573364257812 880.2459930419922 1715.9655151367188 929.3650299072266 0.5670340401785714 
485 1631.236346435547 870.6683624267578 1685.9339416503906 904.6185638427735 0.43661644345238093 1657.3519653320313 874.9484283447266 1712.0494018554687 922.1014373779296 0.54443359375 
486 1635.7416015625 875.0613006591797 1693.265966796875 912.1737457275391 0.40003022693452384 1665.3602600097656 875.9890960693359 1713.6064147949219 929.8022247314453 0.5349934895833334 
487 1634.0392944335938 880.4168823242187 1695.8803833007812 922.2504760742188 0.29019019717261907 1665.8692932128906 879.9271850585938 1718.6159362792969 938.1304321289062 0.5937732514880952 
488 1632.68056640625 877.5737518310547 1691.779150390625 916.3572174072266 0.39539155505952384 1663.5794311523437 880.13095703125 1713.4437622070313 933.6889892578125 0.5360165550595238 
489 1630.2488525390625 870.1611450195312 1681.2040283203125 906.0184204101563 0.38120814732142855 1656.597479248047 874.8791778564453 1705.6653381347655 920.172640991211 0.516845703125 
490 1635.2007690429687 876.4509552001953 1680.3773559570313 917.862826538086 0.30057198660714285 1665.8253356933594 880.7224639892578 1709.119366455078 935.3108001708985 0.44420805431547616 
491 1633.1102294921875 872.2172760009765 1686.0401611328125 908.1339813232422 0.42446754092261907 1665.537060546875 879.4151123046875 1714.686328125 928.5643798828125 0.5672898065476191 
492 1632.4847778320313 874.9579132080078 1689.4070678710937 914.803500366211 0.39170619419642855 1668.1706298828126 879.0446685791015 1719.4006591796874 934.0694061279297 0.59130859375 
493 1632.3955139160157 874.008511352539 1689.4788757324218 910.1613494873047 0.4165736607142857 1665.2550903320312 879.7900115966797 1716.6301635742188 929.2622955322265 0.5734979538690477 
494 1626.5787658691406 876.0330535888672 1685.2160339355469 910.080532836914 0.38294038318452384 1670.083837890625 883.0171356201172 1717.37197265625 932.1967926025391 0.5788922991071429 
495 1629.1555236816407 875.1730377197266 1691.7676940917968 911.2224090576171 0.4002046130952381 1671.553729248047 883.6380828857422 1720.8843811035156 934.8661285400391 0.6031203497023809 
496 1628.6860778808593 873.5053009033203 1687.6702453613282 903.9487396240235 0.4793294270833333 1665.9354064941406 879.8721221923828 1719.211444091797 931.2453704833985 0.6180943080357143 
497 1630.0955444335937 878.0716094970703 1696.8795532226563 912.4175872802734 0.40107654389880953 1670.0191040039062 881.5208587646484 1721.5382690429688 936.8561553955078 0.6219308035714286 
498 1631.7554626464844 872.9961608886719 1688.9216613769531 905.3903137207031 0.48227074032738093 1661.7309997558593 878.5661834716797 1713.1804992675782 926.2046295166016 0.6012137276785714 
499 1632.9467834472657 873.5838165283203 1691.9185729980468 909.7277679443359 0.41775948660714285 1664.3350219726562 879.5834197998047 1717.5997924804688 927.1412506103516 0.5907040550595238 
500 1632.1707458496094 874.4808776855468 1693.1264953613281 906.8636047363282 0.43288457961309523 1664.846533203125 877.9243072509765 1721.992578125 931.2605682373047 0.6125139508928571 
501 1632.3909912109375 872.0131256103516 1695.2550048828125 906.3026092529296 0.39474051339285715 1666.5339782714843 878.3874572753906 1725.5879699707032 933.6315856933594 0.6396251860119048 
502 1632.2723022460937 872.2173797607422 1696.9393676757813 904.550991821289 0.46571568080357145 1669.726544189453 881.2883514404297 1726.7857849121094 936.4455963134766 0.6417410714285714 
503 1628.6427856445312 872.153564453125 1692.9512084960938 906.19921875 0.4984537760416667 1671.4907531738281 881.1741973876954 1730.1248474121094 937.9169281005859 0.6586216517857143 
504 1634.670098876953 874.8873687744141 1693.5250915527345 907.1627410888672 0.42782738095238093 1671.3997680664063 884.1610748291016 1728.3563354492187 937.3205535888671 0.6552036830357143 
505 1632.281756591797 874.0305694580078 1694.7076232910156 908.0810638427735 0.4077264694940476 1681.174737548828 884.8714599609375 1736.0338806152345 951.0806884765625 0.6650390625 
506 1631.3810424804688 881.7536254882813 1701.1719360351562 915.7059692382812 0.3231724330357143 1685.791845703125 890.0965698242187 1736.720361328125 952.3426391601563 0.6410435267857143 
507 1635.1940612792969 878.0189758300781 1705.6617736816406 912.3006042480469 0.3552827380952381 1680.6831359863281 885.4173614501954 1737.8191833496094 944.4579437255859 0.6552966889880952 
508 1634.717626953125 875.4438018798828 1708.999169921875 911.6321868896484 0.34858630952380953 1677.71884765625 884.5275360107422 1734.858544921875 943.5717681884765 0.6682012648809523 
509 1632.6493530273438 877.5087829589844 1710.6414184570312 911.7491516113281 0.350341796875 1678.9616943359374 886.3615295410157 1736.0290283203126 945.3310974121093 0.6822916666666666 
510 1636.8899475097655 875.8070343017578 1709.021063232422 911.872592163086 0.4123651413690476 1678.0659484863281 886.3200805664062 1735.0115661621094 945.1638061523438 0.6692243303571429 
511 1627.719189453125 875.508578491211 1701.94169921875 911.6682403564453 0.41587611607142855 1674.6389099121093 885.8294708251954 1735.5394348144532 946.7299163818359 0.6989164806547619 
512 1630.631768798828 879.2067749023438 1708.7963317871095 913.5228393554687 0.3596307663690476 1676.8265197753906 886.6126007080078 1735.926531982422 945.712533569336 0.7031947544642857 
513 1630.0725891113282 880.9949462890625 1704.2527282714843 915.231982421875 0.39711216517857145 1677.1850036621095 890.285757446289 1736.148858642578 945.4453826904297 0.6709216889880952 
514 1628.2455200195313 876.7787719726563 1698.4344116210937 910.9247192382812 0.39457775297619047 1674.576025390625 885.6071044921875 1735.279931640625 944.414013671875 0.7223074776785714 
515 1629.2052429199218 879.7727264404297 1697.2602111816407 913.8002105712891 0.42714146205357145 1673.9208740234376 888.7885955810547 1732.5237060546874 945.5010162353516 0.6614118303571429 
516 1628.7671447753905 879.0501678466796 1700.558660888672 913.0567047119141 0.45438058035714285 1675.1264770507812 886.1712158203125 1735.5825073242188 946.62724609375 0.6764322916666666 
517 1627.067333984375 878.2149627685546 1700.893115234375 914.1813385009766 0.42421177455357145 1675.1924560546875 888.9175079345703 1735.7675048828125 945.706576538086 0.6907319568452381 
518 1628.1151916503907 877.1284606933593 1694.3829772949218 913.1023742675782 0.4296293712797619 1673.9199951171875 887.8332672119141 1734.5077392578125 944.6340789794922 0.6793154761904762 
519 1629.2362487792968 878.2002319335937 1703.0802795410157 912.2820678710938 0.41713169642857145 1675.9166870117188 888.6869445800781 1736.5066528320312 945.4900573730469 0.6863141741071429 
520 1631.5788696289062 878.0822784423829 1698.0207397460938 914.1506927490234 0.4073079427083333 1676.4819396972657 886.6977966308593 1733.4320007324218 949.3429748535157 0.7117047991071429 
521 1631.654315185547 874.8850982666015 1694.3182189941406 909.0654022216797 0.4697846912202381 1674.4527526855468 883.0649627685547 1733.3188537597657 947.6278472900391 0.6911039806547619 
522 1630.7181091308594 878.4436920166015 1706.9463195800781 914.6520721435547 0.37539527529761907 1675.2089538574219 888.9983825683594 1734.2857971191406 948.0752258300781 0.6715727306547619 
523 1630.7274536132813 878.1497741699219 1697.0188842773437 912.2425598144531 0.44234793526785715 1675.0916809082032 888.2027740478516 1735.7011657714843 948.8121795654297 0.6889183407738095 
524 1630.7233276367188 878.3399383544922 1710.4483032226562 914.405972290039 0.37424432663690477 1675.4774597167968 887.6120086669922 1734.3219787597657 944.5583404541015 0.6931966145833334 
525 1629.809063720703 873.8149322509765 1701.7503845214844 911.6787811279297 0.3828706287202381 1675.0272827148438 884.5187286376953 1733.7161254882812 943.207650756836 0.6485305059523809 
526 1635.0540405273437 877.93681640625 1712.6957153320313 915.8107421875 0.3099772135416667 1679.4830932617188 888.643441772461 1738.1878051757812 947.3480743408203 0.6746186755952381 
527 1632.5618957519532 876.9154327392578 1710.2370544433593 912.911166381836 0.35949125744047616 1679.7061706542968 887.1894989013672 1740.3305725097657 947.8139801025391 0.6854073660714286 
528 1630.5239868164062 878.0094024658204 1706.6244506835938 914.1571624755859 0.4141438802083333 1679.330712890625 890.0098602294922 1738.30869140625 948.987759399414 0.6698986235119048 
529 1629.2130126953125 880.7987365722656 1705.1151123046875 914.9546813964844 0.4425455729166667 1677.8925415039062 888.1699981689453 1736.7165893554688 946.9941253662109 0.6966843377976191 
530 1629.596990966797 878.9836151123047 1709.3367248535155 918.853482055664 0.3667108444940476 1679.981982421875 888.257373046875 1740.73603515625 949.01142578125 0.7179827008928571 
531 1632.1110229492188 880.3367309570312 1712.1026000976562 914.6188354492188 0.33156622023809523 1681.1900695800782 885.8306579589844 1742.1359802246093 948.6811828613281 0.6998465401785714 
532 1637.9699401855469 880.1368774414062 1712.2811584472656 920.1505981445313 0.3529459635416667 1680.5485961914062 886.5127166748047 1741.5219604492188 947.4860015869141 0.6966145833333334 
533 1627.2512268066407 875.5902740478516 1707.1639343261718 915.5466278076171 0.42703683035714285 1678.7699890136719 885.9086700439453 1743.4613342285156 950.5999359130859 0.7265159970238095 
534 1629.136944580078 879.5255065917969 1707.1847106933594 915.6939758300781 0.41027250744047616 1677.5324951171874 885.0166961669922 1742.2551025390626 949.739224243164 0.7370489211309523 
535 1634.36953125 878.9608520507812 1712.587255859375 920.9312377929688 0.3997395833333333 1679.715313720703 889.7469329833984 1746.4864685058594 952.7025909423828 0.7487211681547619 
536 1634.9896118164063 882.5806671142578 1703.8131225585937 918.9042572021484 0.45375279017857145 1682.2690368652343 892.9483856201172 1749.1807922363282 954.1247955322266 0.7355840773809523 
537 1631.7368896484375 878.76669921875 1708.1620361328125 922.7112060546875 0.44144112723214285 1677.959423828125 887.8789703369141 1748.65263671875 954.7509735107421 0.7488141741071429 
538 1637.4225158691406 881.4980560302735 1704.3561706542969 917.8335479736328 0.4605189732142857 1683.4669677734375 893.5608856201172 1746.5760009765625 952.8450592041015 0.7337704613095238 
539 1642.7478454589843 882.9357666015625 1715.0557434082032 924.7982421875 0.3828938802083333 1678.5359252929688 890.986279296875 1745.1352172851562 951.8771240234375 0.7454194568452381 
540 1636.450421142578 878.2803466796875 1701.2315856933594 918.2921630859375 0.4424641927083333 1678.7341247558593 892.643521118164 1745.4205383300782 947.8980438232422 0.7240280877976191 
541 1635.1692016601562 878.3104797363281 1706.0607788085938 918.5462097167969 0.4374883742559524 1676.8788208007813 889.1431823730469 1743.9383178710937 950.4547180175781 0.7379092261904762 
542 1630.1257690429688 878.7373321533203 1702.5934692382812 922.599398803711 0.44575427827380953 1676.041552734375 889.7395263671875 1744.695263671875 952.6720947265625 0.7502557663690477 
543 1636.3756958007812 879.442822265625 1701.2173217773438 915.677783203125 0.4681803385416667 1677.0117919921875 889.5651123046875 1745.6674072265625 952.4995849609375 0.7538597470238095 
544 1635.0868347167968 878.5764465332031 1703.6400939941407 916.6615905761719 0.4547758556547619 1676.1016052246093 888.683627319336 1744.6548645019532 953.4283721923828 0.7520693824404762 
545 1635.4975646972657 885.5061584472656 1700.6614929199218 918.0882019042969 0.45365978422619047 1674.8613037109376 889.3393676757812 1743.8584228515624 952.5867797851563 0.7519996279761905 
546 1636.9241577148437 884.158169555664 1707.7040161132813 920.5046112060547 0.41873604910714285 1676.8758483886718 889.6763671875 1745.7426818847657 954.7173095703125 0.7494652157738095 
547 1635.4402893066406 883.5022064208985 1707.990985107422 917.8683380126953 0.42881556919642855 1680.16025390625 890.0376434326172 1746.98330078125 956.8606109619141 0.7526274181547619 
548 1636.1204528808594 884.6622344970704 1712.4280090332031 920.9083831787109 0.4050990513392857 1677.8695495605468 892.0728546142578 1748.4540588378907 953.1189788818359 0.7674386160714286 
549 1636.4568359375 884.474642944336 1709.042919921875 920.7676055908203 0.46171642485119047 1677.8190856933593 891.4540618896484 1748.4950012207032 956.3993927001953 0.7665550595238095 
550 1639.7623168945313 882.9691802978516 1716.1649291992187 921.1704071044921 0.3950776599702381 1680.534814453125 891.6378997802734 1747.387060546875 956.5800567626953 0.7332589285714286 
551 1636.2568115234376 880.9078125 1712.6584716796874 917.1986328125 0.41419038318452384 1680.1877868652343 890.8253601074218 1745.1292297363282 955.7668029785157 0.7389322916666666 
552 1636.9302001953124 881.0617797851562 1713.5451416015626 919.3692504882813 0.4328031994047619 1680.7629028320312 895.0587036132813 1747.8008178710938 952.5199096679687 0.7282366071428571 
553 1641.4106384277343 884.2842407226562 1712.2452453613282 922.5733032226562 0.4815266927083333 1689.198193359375 903.1342498779297 1754.289599609375 956.7388580322265 0.6741768973214286 
554 1651.5452514648437 893.1102264404296 1699.1720336914063 917.8761627197266 0.42190987723214285 1686.8623474121093 893.3300201416016 1745.9195129394532 954.2923553466796 0.7195405505952381 
555 1653.497491455078 894.4459625244141 1705.0399841308595 915.4447235107422 0.47138904389880953 1688.2996337890625 892.0964416503906 1743.6600830078125 958.9107604980469 0.7354678199404762 
556 1654.241766357422 893.6947540283203 1706.0898986816405 916.738412475586 0.5077892485119048 1692.426318359375 902.7792907714844 1746.194775390625 962.3087219238281 0.6653878348214286 
557 1649.255615234375 897.1581573486328 1700.94140625 918.2153167724609 0.5157063802083334 1687.0996215820312 893.5504669189453 1742.6140014648438 958.6362396240235 0.7314918154761905 
558 1644.9921264648438 894.7280548095703 1712.1900024414062 923.527133178711 0.4059361049107143 1688.4861755371094 894.9495483398438 1749.9243469238281 960.2275756835937 0.7511858258928571 
559 1664.3364624023438 892.6822021484375 1719.9574829101562 919.533740234375 0.3965541294642857 1695.097705078125 897.5509063720704 1752.636669921875 958.9258392333984 0.6689453125 
560 1649.9053894042968 890.8864715576171 1715.0620178222657 923.4647857666016 0.38046409970238093 1695.8246276855468 894.2769744873046 1759.0648986816407 961.3500396728516 0.6907552083333334 
561 1646.5491027832031 891.1266845703125 1721.2459411621094 925.6020751953125 0.406982421875 1690.1591735839843 894.9572509765625 1757.1947082519532 960.0775390625 0.75830078125 
562 1648.1351318359375 890.0527557373047 1722.7930908203125 924.5102935791016 0.41295805431547616 1698.0542846679687 898.2990509033203 1761.2264770507813 963.3854583740234 0.7199590773809523 
563 1647.2302673339843 891.8942169189453 1727.7107727050782 926.385873413086 0.39501953125 1689.8289611816406 897.4216949462891 1758.812274169922 960.6564910888671 0.7398856026785714 
564 1645.1971618652344 891.0722076416016 1724.917218017578 925.2379119873046 0.40957496279761907 1691.7735656738282 896.1094604492188 1760.1049743652343 962.5427612304687 0.7724144345238095 
565 1642.1062927246094 885.9059356689453 1716.0715637207031 920.0437103271485 0.4746210007440476 1690.6870178222657 895.0968963623047 1760.8592468261718 963.372525024414 0.7491396949404762 
566 1644.81259765625 884.2724914550781 1718.913232421875 918.4728698730469 0.42739722842261907 1690.9976318359375 893.9187591552734 1757.4982177734375 958.5194122314454 0.7555571056547619 
567 1639.5776123046876 884.2106567382813 1717.1377197265624 918.2613891601562 0.4377557663690476 1685.5606994628906 891.7047424316406 1755.5539245605469 961.6979675292969 0.7637881324404762 
568 1643.1595825195313 881.3396911621094 1715.5479370117187 915.6289367675781 0.45571754092261907 1689.2448852539062 891.597134399414 1755.9184448242188 963.9855682373047 0.7559291294642857 
569 1643.1765930175782 887.3797149658203 1713.4370544433593 915.8636322021484 0.4751674107142857 1682.177716064453 889.4246643066406 1756.2359802246094 963.4829284667969 0.7589750744047619 
570 1647.4901245117187 892.183804321289 1710.4883911132813 918.9103729248047 0.5187755766369048 1684.5695495605469 894.6802581787109 1757.1129455566406 963.4056182861328 0.7614164806547619 
571 1646.8458740234375 888.5320007324219 1721.0125244140625 918.9593322753906 0.48001534598214285 1688.244580078125 894.1640228271484 1758.60771484375 964.5270782470703 0.7551385788690477 
572 1645.226513671875 891.6116973876954 1708.213671875 920.2422454833984 0.48179408482142855 1688.3925720214843 897.7048828125 1759.0145324707032 962.60078125 0.7293526785714286 
573 1640.89970703125 887.2758178710938 1713.4572265625 921.6452026367188 0.47057524181547616 1689.8099365234375 896.9697479248047 1758.5487060546875 961.8896881103516 0.7568359375 
574 1639.396307373047 885.9819854736328 1713.9150939941405 920.3752532958985 0.45985630580357145 1685.4009643554687 893.551416015625 1756.0983032226563 964.2487548828125 0.7699265252976191 
575 1643.3533935546875 882.4561248779297 1719.1824951171875 920.3705963134765 0.48009672619047616 1684.8406616210937 893.320101928711 1754.9825805664063 963.4619415283203 0.7457914806547619 
576 1643.3520568847657 886.1887023925781 1727.0384460449218 922.3260681152344 0.4062616257440476 1687.5361755371093 896.064321899414 1756.0069152832032 960.7311492919922 0.75537109375 
577 1645.0112060546876 888.2012725830078 1711.6692138671874 922.4825042724609 0.4318963913690476 1685.8117248535157 896.1855834960937 1754.3741882324218 962.8435913085938 0.7490466889880952 
578 1649.90390625 890.7629791259766 1714.66396484375 923.1430877685547 0.4828520275297619 1690.7086791992188 902.337759399414 1757.3733520507812 961.3837371826172 0.6874767485119048 
579 1646.8672729492187 893.5129486083985 1719.3356079101563 924.0260528564453 0.4629720052083333 1691.31650390625 901.5080169677734 1759.970849609375 964.4411407470703 0.7105189732142857 
580 1649.579052734375 894.9549499511719 1710.671435546875 923.5919250488281 0.47939918154761907 1689.597509765625 899.5808746337891 1760.235498046875 964.4914520263671 0.7197730654761905 
581 1644.2317016601562 882.4698120117188 1737.1083862304688 924.1694702148437 0.38113839285714285 1697.0854125976562 902.1532470703125 1761.5303100585938 962.80732421875 0.7179129464285714 
582 1645.6325256347657 888.401254272461 1727.0870788574218 926.2871612548828 0.35888671875 1692.3341674804688 898.674203491211 1760.5286254882812 961.1858428955078 0.7539295014880952 
583 1645.2038879394531 888.8114135742187 1730.6060485839844 922.9722778320313 0.37160528273809523 1693.6714111328124 898.6654968261719 1763.8910888671876 961.2938537597656 0.7632765997023809 
584 1650.692401123047 894.0415496826172 1725.0867736816406 924.5622711181641 0.39472888764880953 1697.060479736328 900.3510681152344 1763.8246520996095 965.2077697753906 0.7701357886904762 
585 1650.7401245117187 894.2605865478515 1711.8023559570313 922.8835174560547 0.4241536458333333 1695.5826416015625 898.8843078613281 1762.3695068359375 963.7629089355469 0.7556733630952381 
586 1652.0273681640624 891.5134124755859 1724.5639404296876 925.8728790283203 0.38185918898809523 1693.8018920898437 900.3969543457031 1760.6119262695313 959.5715515136719 0.7388625372023809 
587 1650.0226928710938 891.3542358398438 1724.2734497070312 923.7199829101562 0.3771275111607143 1693.1526733398437 896.1871032714844 1761.6918090820313 962.8224182128906 0.7699497767857143 
588 1647.8378051757813 897.0541015625 1699.4629760742187 925.734716796875 0.5089285714285714 1691.4470581054688 902.1283813476563 1760.2807250976562 963.3137573242187 0.7293294270833334 
589 1650.37685546875 898.150503540039 1702.004248046875 924.9202362060547 0.5109514508928571 1689.575390625 900.0626586914062 1758.4119140625 961.2505737304688 0.7317475818452381 
590 1656.84267578125 895.7418823242188 1693.13095703125 920.5707397460938 0.4746907552083333 1693.204412841797 894.6399841308594 1758.1414123535155 967.2167053222656 0.7544642857142857 
591 1653.5728454589844 900.1519744873046 1701.1509094238281 924.8925201416016 0.5372605096726191 1688.1950622558593 895.3209838867188 1752.9010070800782 961.9301147460938 0.7362583705357143 
592 1653.0341430664062 902.1150939941406 1706.1706909179688 928.6833679199219 0.46797107514880953 1694.0543090820313 896.0569000244141 1758.5772827148437 962.4775848388672 0.7520461309523809 
593 1651.1558410644532 900.9766723632813 1710.3872497558593 927.7263305664062 0.42626953125 1692.8971557617188 894.4361999511718 1759.7713012695312 965.1317932128907 0.7690197172619048 
594 1653.0948791503906 899.1267578125 1702.7375183105469 925.857373046875 0.5288434709821429 1692.4565795898438 895.748681640625 1757.3737426757812 964.4845947265625 0.7392810639880952 
595 1655.9791259765625 897.8555725097656 1707.6458740234375 922.7321960449219 0.4896647135416667 1693.1467346191407 897.634765625 1754.3814636230468 962.6966552734375 0.7333286830357143 
596 1649.0799133300782 892.2706512451172 1710.2759216308593 924.7810455322266 0.4603910900297619 1694.2413940429688 896.9045043945313 1759.2620239257812 965.7499145507812 0.7513950892857143 
597 1663.1742919921876 902.9194274902344 1705.3525634765624 927.8430236816406 0.4211542038690476 1689.5726440429687 892.9647399902344 1758.5916625976563 965.8182189941406 0.7501395089285714 
598 1647.415997314453 900.2994720458985 1706.8333923339844 929.0498321533203 0.48514229910714285 1695.1857971191407 895.2128753662109 1762.2698913574218 968.0470733642578 0.7493722098214286 
599 1661.4208862304688 903.5078674316406 1707.5420043945312 928.4901794433594 0.5086960565476191 1696.381329345703 897.1514709472656 1759.7977478027344 964.4113952636719 0.7399088541666666 
600 1660.4716064453125 901.5871154785157 1704.5440185546875 928.4137390136718 0.4830961681547619 1698.2794372558594 898.6391357421875 1759.597637939453 963.7895751953125 0.7096586681547619 
601 1649.3143188476563 895.7141052246094 1702.8241088867187 922.4690002441406 0.5053478422619048 1699.8839416503906 901.5942993164062 1761.0380554199219 966.5704956054688 0.7354445684523809 
602 1654.6721069335938 894.2193298339844 1702.4658325195312 922.8956604003906 0.49972098214285715 1699.9658813476562 900.1016632080078 1763.0536499023438 967.0130218505859 0.7469540550595238 
603 1657.9515869140625 897.5301239013672 1713.4497802734375 928.149868774414 0.4514973958333333 1699.5384338378906 899.664697265625 1764.605242919922 962.8178466796875 0.7367466517857143 
604 1658.02548828125 897.3220611572266 1709.7728515625 929.9037078857422 0.4390345982142857 1700.7060119628907 898.2066375732422 1765.8693054199218 961.453335571289 0.7447451636904762 
605 1659.9855102539063 894.4212677001954 1700.1563354492187 938.4179046630859 0.49001348586309523 1699.5676818847655 895.7455749511719 1766.519110107422 966.5227355957031 0.7522321428571429 
606 1652.722393798828 898.5502563476563 1696.6895935058594 936.7825073242187 0.5219610305059523 1699.85107421875 898.6237426757813 1768.669189453125 961.7070678710937 0.7151925223214286 
607 1661.3536865234375 897.0348114013672 1697.7327392578125 937.2433258056641 0.5140206473214286 1703.9186645507812 898.8022186279297 1767.1035522460938 961.987026977539 0.7363048735119048 
608 1670.3026794433595 901.6591247558594 1702.838067626953 938.0221496582031 0.4044596354166667 1699.9673156738281 898.3467102050781 1768.8655700683594 963.4173278808594 0.7243071056547619 
609 1661.9623229980468 895.5450500488281 1698.2536193847657 935.6563659667969 0.48020135788690477 1708.8324157714844 898.5570892333984 1771.864483642578 963.4992462158203 0.748046875 
610 1649.2488525390625 899.3168701171875 1706.2882568359375 927.836572265625 0.44259207589285715 1701.82744140625 901.43759765625 1772.1759765625 962.2795654296875 0.7415829613095238 
611 1653.8070068359375 900.7914916992188 1705.1531982421875 938.8256958007812 0.4374883742559524 1699.448046875 900.6452239990234 1773.614697265625 965.3033233642578 0.7549293154761905 
612 1647.1913635253907 897.9485870361328 1702.3539245605468 928.3831390380859 0.47987583705357145 1705.6460876464844 902.9966033935547 1774.1238098144531 965.7678619384766 0.7311662946428571 
613 1653.1500671386718 899.2745086669922 1717.9391662597657 925.952359008789 0.40483165922619047 1702.3282165527344 899.2744567871093 1772.8340148925781 964.0635559082032 0.7728562127976191 
614 1653.1613830566407 898.341650390625 1708.0579772949218 930.52236328125 0.4627046130952381 1707.402764892578 903.5837158203125 1771.7643493652345 966.0522705078125 0.7616954985119048 
615 1649.4145568847657 897.7956329345703 1723.3826843261718 926.2449554443359 0.4506952194940476 1708.8662841796875 904.2879272460938 1773.3514892578125 964.9797729492187 0.7535109747023809 
616 1653.2141540527343 897.7083343505859 1713.8518859863282 928.0272003173828 0.43559337797619047 1706.4908142089844 901.0609100341796 1772.8135070800781 965.4885894775391 0.7815987723214286 
617 1648.196142578125 893.1925109863281 1718.072412109375 925.2978454589844 0.4240141369047619 1709.8645324707031 904.451220703125 1774.0750427246094 964.884716796875 0.7634858630952381 
618 1648.7128784179688 893.0413116455078 1715.2099731445312 925.3398529052735 0.40432012648809523 1708.6332885742188 904.1485168457032 1775.1303833007812 966.8457458496093 0.76708984375 
619 1652.6834106445312 894.3023162841797 1740.2636108398438 926.6689361572265 0.3887300037202381 1712.4371520996094 905.8723266601562 1777.170391845703 964.8937866210938 0.7854817708333334 
620 1655.7173217773438 898.8754730224609 1745.3998657226562 929.4057159423828 0.37733677455357145 1711.2000671386718 905.8475341796875 1777.9848693847657 964.999755859375 0.7792736235119048 
621 1654.4578735351563 899.9444641113281 1741.9657104492187 930.3819519042969 0.34169224330357145 1708.0893127441407 903.5296508789063 1774.6713073730468 966.3070190429687 0.7920851934523809 
622 1660.5786376953124 901.942333984375 1721.4037841796876 932.3549072265625 0.38798595610119047 1709.852880859375 905.7439208984375 1774.479638671875 966.5690673828125 0.7814127604166666 
623 1656.8462219238281 902.3138732910156 1746.2759704589844 932.7580261230469 0.34948149181547616 1710.708966064453 904.6556915283203 1777.3055603027344 965.544076538086 0.7971307663690477 
624 1653.4892944335938 897.5559814453125 1756.4289184570312 927.502001953125 0.34592401413690477 1717.4846435546874 907.2740142822265 1777.3766845703126 965.2945281982422 0.7856677827380952 
625 1652.0426025390625 898.9353546142578 1744.3597412109375 932.847787475586 0.3483305431547619 1712.838604736328 902.9208160400391 1780.6634704589844 965.0936492919922 0.7959681919642857 
626 1651.422381591797 898.5135498046875 1747.6209533691406 928.6934814453125 0.3340541294642857 1714.3939392089844 902.0683624267579 1780.412579345703 964.3145111083984 0.8096865699404762 
627 1654.1754211425782 897.9588317871094 1750.2175231933593 931.8561096191406 0.33371698288690477 1715.5960327148437 901.9425415039062 1781.5072387695313 964.0873657226563 0.79638671875 
628 1659.519189453125 899.3145538330078 1725.514501953125 931.3693450927734 0.34828404017857145 1714.4185668945313 902.8681030273438 1782.2994506835937 966.9778442382812 0.7967122395833334 
629 1666.6239074707032 902.3732421875 1717.1152282714843 945.384326171875 0.38596307663690477 1715.0293395996093 902.6609527587891 1782.3511535644532 968.1126678466796 0.7736932663690477 
630 1658.165948486328 898.486929321289 1753.5643981933595 934.0275360107422 0.3448893229166667 1719.390771484375 905.5374542236328 1782.98984375 967.2659515380859 0.8014322916666666 
631 1655.0179443359375 891.9467010498047 1751.0738525390625 927.0440826416016 0.3671293712797619 1723.43642578125 905.5878265380859 1780.700537109375 970.2408477783204 0.8037806919642857 
632 1660.210302734375 896.3232482910156 1712.325830078125 939.1323181152344 0.45607793898809523 1719.0550537109375 905.2000213623047 1782.3380126953125 970.344351196289 0.7824125744047619 
633 1670.893328857422 896.9218811035156 1710.1946838378906 949.3238464355469 0.4231073288690476 1714.9454406738282 904.0479858398437 1784.1909118652343 969.5504028320313 0.7806919642857143 
634 1663.104315185547 902.3129791259765 1745.9893127441405 939.9879852294922 0.3677455357142857 1717.225927734375 906.5152435302734 1783.15712890625 970.5626983642578 0.783203125 
635 1648.4073181152344 900.0194122314454 1723.1216125488281 935.5086029052734 0.37975492931547616 1718.8830200195312 907.8499725341796 1780.5222534179688 975.0928375244141 0.7420479910714286 
636 1650.54501953125 900.5845886230469 1726.949853515625 935.1486877441406 0.3974609375 1718.4138427734374 906.39189453125 1776.6269287109376 975.5200927734375 0.7422572544642857 
637 1646.5182067871094 901.6379638671875 1708.360089111328 937.2438720703125 0.4120512462797619 1721.6942749023438 910.1430236816407 1781.6621704101562 971.9849060058593 0.7238653273809523 
638 1641.3935852050781 901.9629058837891 1709.2889099121094 935.9105682373047 0.43712797619047616 1722.0555358886718 908.6363647460937 1782.4069885253907 972.7597534179688 0.7406994047619048 
639 1641.4052673339843 901.225390625 1705.6160949707032 935.2193115234375 0.42801339285714285 1719.8527770996093 907.9079711914062 1784.0636047363282 972.1186401367188 0.7362816220238095 
640 1669.1503051757813 903.8749847412109 1699.3870483398437 947.3401641845703 0.4702729724702381 1715.4502319335938 905.4013153076172 1785.3725219726562 973.4338287353515 0.7004278273809523 
641 1660.4375244140624 907.8514068603515 1722.7638916015626 941.8476287841797 0.37740652901785715 1722.9092041015624 908.7231414794921 1785.2355712890626 972.9381744384766 0.72900390625 
642 1652.3104309082032 904.2476043701172 1716.7094665527343 940.2352447509766 0.3818243117559524 1722.4646545410155 906.3602172851563 1784.969549560547 974.5473754882812 0.7394438244047619 
643 1673.591552734375 901.8539581298828 1701.740234375 941.2621917724609 0.42782738095238093 1718.340673828125 904.1636108398437 1784.021142578125 973.5971313476563 0.7369559151785714 
644 1646.9652954101562 890.8884490966797 1738.6955932617188 933.9454742431641 0.37114025297619047 1724.295166015625 911.7689880371094 1782.32861328125 973.5464416503906 0.7625093005952381 
645 1653.956317138672 897.2123046875 1722.5901916503906 936.1666015625 0.39017159598214285 1720.6638244628907 908.2707611083985 1780.0228210449218 975.0496124267578 0.7569521949404762 
646 1665.2119384765624 896.6878692626954 1714.2907470703126 932.5531585693359 0.38896251860119047 1721.5508911132813 904.6014373779296 1785.7310913085937 972.5568267822266 0.7644391741071429 
647 1662.1031127929687 893.0468078613281 1731.1214965820313 935.9501403808594 0.36243257068452384 1724.8797180175782 909.1176300048828 1784.5713317871093 974.4052581787109 0.7899693080357143 
648 1675.1922241210937 896.6736572265625 1716.3983520507813 947.2447998046875 0.39133417038690477 1721.8012756347657 906.2547943115235 1783.6104675292968 973.6830108642578 0.7896902901785714 
649 1664.9207824707032 894.8588562011719 1723.4514099121093 934.5086975097656 0.37146577380952384 1725.4848205566407 905.8969024658203 1787.7916687011718 975.7561126708985 0.7931315104166666 
650 1647.0905334472657 892.3934997558594 1696.0768249511718 930.0752502441406 0.39944893973214285 1723.178662109375 906.5241058349609 1791.005908203125 972.4672882080079 0.7892950148809523 
651 1656.3657958984375 893.6546569824219 1718.0548583984375 931.0418762207031 0.37245396205357145 1729.70234375 904.3675231933594 1791.39140625 973.5339660644531 0.8108956473214286 
652 1671.9841674804688 895.8509307861328 1702.0050903320312 944.6349700927734 0.4091796875 1730.582696533203 906.6758331298828 1790.6247009277345 974.2229095458985 0.7949916294642857 
653 1662.2774169921875 896.9422729492187 1700.0167724609375 936.5684692382813 0.38878813244047616 1728.9017456054687 906.9576965332031 1793.0584594726563 973.0014099121094 0.7859700520833334 
654 1658.510498046875 889.1871826171875 1684.967529296875 936.4318359375 0.44680059523809523 1718.4749633789063 901.6888153076172 1792.1766479492187 979.170132446289 0.7559523809523809 
655 1665.6090148925782 904.4423461914063 1712.7741638183593 940.2878784179687 0.38554454985119047 1729.1731994628906 906.1112457275391 1791.431170654297 977.8023895263672 0.7594866071428571 
656 1643.955499267578 897.3491760253906 1697.0436462402345 933.3732360839844 0.4187709263392857 1728.9109802246094 909.6731842041015 1791.4790344238281 977.9292938232422 0.7518833705357143 
657 1663.795880126953 905.9610961914062 1724.3875915527344 943.8308959960938 0.41371372767857145 1724.3147705078125 909.5295928955078 1790.5868408203125 979.588754272461 0.7465122767857143 
658 1661.3406616210937 896.7782287597656 1689.7435668945313 936.5423278808594 0.43899972098214285 1725.429248046875 905.9546051025391 1791.702587890625 979.8020477294922 0.7478376116071429 
659 1672.3619384765625 908.9497222900391 1716.0306396484375 945.0238494873047 0.4282924107142857 1723.7711242675782 908.9497161865235 1790.2236267089843 982.9966339111328 0.7143322172619048 
660 1643.2568481445312 903.4188385009766 1707.5024291992188 935.5415496826172 0.4011928013392857 1727.7789672851563 910.2503387451172 1790.1348510742187 983.9436920166015 0.7638113839285714 
661 1642.4026733398437 899.2920013427735 1735.3358520507813 937.2239288330078 0.3355189732142857 1731.1778869628906 913.2976135253906 1788.0758972167969 981.5750671386719 0.7748790922619048 
662 1658.9189392089843 905.1942596435547 1710.1297668457032 939.3347320556641 0.3818940662202381 1727.41884765625 911.0302124023438 1791.906591796875 983.1046752929688 0.7561383928571429 
663 1651.970263671875 900.5624908447265 1714.2287109375 940.1814666748047 0.39462425595238093 1727.217431640625 911.1565765380859 1791.36240234375 984.7347198486328 0.7587890625 
664 1661.9232299804687 902.2814300537109 1724.2518188476563 943.8337432861329 0.4056919642857143 1726.6489685058593 909.9816467285157 1794.6436340332032 985.5312927246093 0.7577892485119048 
665 1671.697265625 902.7480926513672 1711.373291015625 948.0921783447266 0.41441127232142855 1723.4359375 909.6514343261719 1793.34140625 983.3355041503906 0.7400483630952381 
666 1652.746044921875 903.3874145507813 1718.45 940.9325317382812 0.34072730654761907 1724.7315979003906 909.3801666259766 1792.3127136230469 982.5931610107422 0.7627883184523809 
667 1662.238299560547 904.7328308105468 1718.6783264160156 944.2408020019532 0.35811941964285715 1724.3946655273437 909.7255676269531 1794.0040161132813 981.2162048339844 0.7559988839285714 
668 1639.9032958984376 896.4022399902344 1690.9492431640624 932.3234680175781 0.4563685825892857 1728.3247619628905 909.4909393310547 1794.495428466797 983.2239654541015 0.7543015252976191 
669 1648.4649780273437 899.4388397216796 1697.9395629882813 943.2048980712891 0.4144810267857143 1729.7029174804688 909.3191009521485 1798.2065063476562 981.6283477783203 0.7494419642857143 
670 1647.4512329101562 899.1416107177735 1706.1718139648438 937.0259307861328 0.3778599330357143 1734.439276123047 909.9969757080078 1796.9482971191405 980.082797241211 0.7767857142857143 
671 1640.8315307617188 889.480337524414 1699.5622680664062 927.3711639404297 0.4072963169642857 1739.9305114746094 909.0815734863281 1798.6614074707031 979.1795349121094 0.78369140625 
672 1668.15263671875 902.9323974609375 1692.725048828125 942.6261962890625 0.4510091145833333 1731.0374755859375 906.2765319824218 1802.8643798828125 979.9936096191407 0.7287713913690477 
673 1663.5841125488282 902.1043121337891 1688.1833435058593 941.8416717529296 0.47805059523809523 1732.360302734375 906.9077056884765 1804.26591796875 980.7056365966797 0.7257719494047619 
674 1663.370831298828 903.2274566650391 1693.6651794433594 939.2019256591797 0.4132603236607143 1737.868603515625 909.4902099609375 1804.1375 979.54580078125 0.7584635416666666 
675 1662.3466735839843 901.9747375488281 1692.7276672363282 938.0521179199219 0.38538178943452384 1737.0575378417968 909.4969512939454 1803.5160705566407 981.6517913818359 0.7457449776785714 
676 1651.1356811523438 897.4511199951172 1696.6340942382812 933.470816040039 0.37758091517857145 1741.038916015625 909.5548858642578 1803.59951171875 979.6984710693359 0.7708565848214286 
677 1646.7884521484375 897.6157592773437 1699.8231201171875 933.6034790039063 0.37558128720238093 1738.5061828613282 911.3843078613281 1804.7993591308593 979.5716247558594 0.7729724702380952 
678 1672.2210571289063 902.5311462402344 1689.2445190429687 936.5782287597656 0.42296781994047616 1736.168389892578 910.0244079589844 1804.2623962402345 980.0100158691406 0.7455822172619048 
679 1663.674609375 902.7611328125 1693.9376953125 936.8071044921875 0.39415922619047616 1738.0956298828125 910.2541564941406 1804.2959716796875 980.2375427246094 0.7587425595238095 
680 1669.3021240234375 905.9122253417969 1695.6766357421875 941.7061828613281 0.42557198660714285 1735.310858154297 910.6944030761719 1805.0149475097655 980.3984924316406 0.7507440476190477 
681 1671.9421447753907 905.0731353759766 1698.3726745605468 942.8309783935547 0.43078031994047616 1735.1866149902344 909.8654418945313 1805.0386047363281 981.6053833007812 0.7494652157738095 
682 1679.4319396972655 907.0258483886719 1696.376531982422 950.3287658691406 0.45797293526785715 1735.6242919921874 909.5603057861329 1805.2853759765626 981.1041839599609 0.7307942708333334 
683 1669.3150451660156 900.5107025146484 1690.183123779297 947.9380889892578 0.45458984375 1728.4168884277344 905.7641693115235 1806.197735595703 983.5450958251953 0.7170758928571429 
684 1674.9252868652343 901.539761352539 1699.5108703613282 954.4932586669922 0.4597749255952381 1734.934393310547 909.3227447509765 1806.7998596191405 983.0794158935547 0.7297944568452381 
685 1675.2984191894532 902.2080230712891 1694.2253845214843 949.5254364013672 0.4541596912202381 1736.1559509277345 907.6676666259766 1808.078546142578 983.3756072998046 0.7474888392857143 
686 1673.5996826171875 901.1285003662109 1703.8107177734375 955.8858428955078 0.46132114955357145 1738.7421325683595 909.1170043945312 1808.604913330078 982.7561645507812 0.7486514136904762 
687 1674.2668701171874 899.740347290039 1695.0668701171876 950.7946258544922 0.42721121651785715 1740.084698486328 911.8857055664063 1808.1571228027344 983.7399047851562 0.7585797991071429 
688 1671.869970703125 902.1068115234375 1692.710595703125 953.260986328125 0.45371791294642855 1742.6259399414062 909.9037841796875 1807.0422729492188 981.898583984375 0.7443033854166666 
689 1664.5855529785156 901.6572540283203 1691.058612060547 947.039584350586 0.42979213169642855 1746.2591369628906 911.9119232177734 1808.659930419922 981.8763458251954 0.7326543898809523 
690 1674.6641174316405 905.5272613525391 1697.375555419922 945.2722381591797 0.36962890625 1750.8056884765624 910.9867462158203 1807.5842041015626 979.120980834961 0.7586263020833334 
691 1674.6042785644531 906.9644927978516 1693.5242614746094 946.6964569091797 0.42524646577380953 1749.8475341796875 910.7484893798828 1810.3914794921875 980.7524261474609 0.7512323288690477 
692 1644.2372192382813 897.4646636962891 1704.7649780273437 935.2945526123046 0.34965587797619047 1752.3434020996094 912.8875946044922 1809.088116455078 980.9813629150391 0.7827845982142857 
693 1642.84775390625 899.0631927490234 1705.275048828125 935.0060821533203 0.30069405691964285 1754.314501953125 914.4880645751953 1809.174755859375 980.6986419677735 0.7890392485119048 
694 1679.759619140625 904.5483093261719 1696.778955078125 938.5868225097656 0.38521902901785715 1745.5820861816405 913.712515258789 1809.877020263672 981.7896209716797 0.7261439732142857 
695 1683.741680908203 905.4152557373047 1700.7662536621094 941.355923461914 0.37545340401785715 1746.6742614746095 913.3454559326171 1810.989190673828 981.4436676025391 0.7571149553571429 
696 1677.692889404297 904.2302429199219 1700.1063049316406 939.7182434082031 0.33775111607142855 1747.6631225585938 914.9341094970703 1811.1679321289062 982.174594116211 0.7754138764880952 
697 1649.0732543945312 902.3918609619141 1701.6486694335938 936.1903533935547 0.3875093005952381 1742.452325439453 912.9358306884766 1811.9269470214845 980.5327362060547 0.7598818824404762 
698 1649.6346496582032 901.616909790039 1698.7009216308593 937.4729949951172 0.36533900669642855 1741.5975646972656 912.4318298339844 1811.4225769042969 980.3696838378906 0.7534644717261905 
699 1664.0742248535157 906.6317504882812 1696.1287780761718 942.4576049804688 0.3903924851190476 1742.6152770996093 911.635775756836 1810.4956848144532 979.5162628173828 0.7577892485119048 
700 1653.3218627929687 902.5217712402343 1702.4625610351563 938.4322082519532 0.34348260788690477 1746.0784545898437 913.5711303710938 1810.3392700195313 979.7219604492187 0.7715773809523809 
701 1676.435772705078 906.2084808349609 1697.2181579589844 932.6587677001953 0.3441801525297619 1746.9941162109376 913.2570678710938 1811.2304931640624 979.3828247070312 0.7614862351190477 
702 1661.420721435547 902.2039855957031 1699.2310119628905 940.0142761230469 0.37341889880952384 1747.0755554199218 913.4743560791015 1811.3530334472657 979.6424041748047 0.76806640625 
703 1654.1976196289063 901.1431243896484 1701.5025756835937 933.3104278564454 0.3721400669642857 1745.3869567871093 913.2240417480468 1809.7215637207032 979.4508850097657 0.7566731770833334 
704 1679.3997619628906 906.0543212890625 1704.025653076172 943.9403076171875 0.33897181919642855 1745.9916687011719 912.7572265625 1812.2921447753906 980.952001953125 0.7359328497023809 
705 1660.5224609375 904.4768432617187 1707.745849609375 932.8108764648438 0.2899867466517857 1748.64853515625 914.6480438232422 1812.872216796875 980.760708618164 0.7762974330357143 
706 1662.6187377929687 904.9366668701172 1706.1131958007813 940.8668609619141 0.3042805989583333 1748.9531555175781 914.3192413330078 1813.2493591308594 982.3976165771485 0.7628580729166666 
707 1655.6314514160156 902.3864135742188 1699.167010498047 938.3506469726562 0.32382928757440477 1751.22060546875 914.6899200439453 1811.791845703125 982.8327239990234 0.7623232886904762 
708 1671.8308959960937 903.1492858886719 1698.2628540039063 946.5731262207031 0.3429594494047619 1751.9253540039062 914.8403045654297 1814.2291870117188 982.808071899414 0.7528366815476191 
709 1655.9860595703126 901.9911102294922 1708.8633056640624 941.6489654541016 0.25966099330357145 1753.8959716796876 917.8252136230469 1814.3269287109374 983.9216125488281 0.7449079241071429 
710 1648.7168029785157 903.5086883544922 1713.0015808105468 939.4325347900391 0.32426525297619047 1752.6342163085938 918.925390625 1811.2468872070312 985.1009765625 0.7718331473214286 
711 1651.6487243652343 904.7204132080078 1777.9148742675782 938.6426849365234 0.3064778645833333 1752.0382934570312 918.2023712158203 1812.3445190429688 986.0468353271484 0.7745535714285714 
712 1651.3204040527344 908.0979827880859 1777.2602844238281 940.0529571533203 0.2590855189732143 1753.1133544921875 918.6532897949219 1811.3842041015625 984.4427795410156 0.7880394345238095 
713 1653.2013427734375 907.2424346923829 1732.3096435546875 937.3789642333984 0.25558035714285715 1752.4489990234374 917.6018676757812 1812.7218994140626 983.5254516601562 0.7838309151785714 
714 1650.5450317382813 905.211962890625 1778.9984252929687 937.325390625 0.2657586960565476 1752.8427734375 917.0547271728516 1813.29150390625 985.0594696044922 0.7801106770833334 
715 1648.9276245117187 905.4514129638671 1718.9083129882813 939.4960357666016 0.2829008556547619 1753.3166564941407 919.2001525878907 1813.8404479980468 985.3981140136718 0.7844819568452381 
716 1652.2471313476562 907.6788482666016 1707.0607299804688 941.7010955810547 0.32051013764880953 1753.3687561035156 918.5107299804688 1813.852557373047 984.6650512695312 0.7503255208333334 
717 1649.31875 908.7490234375 1711.5943359375 938.9432373046875 0.2900390625 1754.054931640625 921.0154663085938 1814.443359375 983.2910522460937 0.7779482886904762 
718 1645.6238891601563 906.1816345214844 1713.6507690429687 940.1950744628906 0.27267601376488093 1755.7315002441405 921.8074676513672 1814.310369873047 984.165493774414 0.7826915922619048 
719 1643.182763671875 905.4324829101563 1731.883642578125 937.5157592773437 0.2430478050595238 1753.877264404297 920.8208221435547 1814.2693420410155 983.1001373291016 0.7770414806547619 
720 1641.0895751953126 898.595425415039 1712.6987548828124 936.2843963623047 0.2883882068452381 1755.678778076172 919.9766906738281 1814.0967346191405 985.9324890136719 0.7847144717261905 
721 1632.789404296875 896.1379760742187 1704.512841796875 933.8871704101563 0.3343912760416667 1756.2728698730468 919.0052429199219 1814.7841369628907 985.0664123535156 0.7665085565476191 
722 1627.3418701171875 895.6238555908203 1712.2506591796875 931.4742279052734 0.30986095610119047 1761.671923828125 919.9353424072266 1814.5041015625 984.0886444091797 0.7587658110119048 
723 1641.8640991210937 900.5723419189453 1707.8165649414063 936.3751068115234 0.29042271205357145 1758.9115600585938 918.8360931396485 1815.4421997070312 984.7884796142578 0.7782505580357143 
724 1637.0924438476563 897.880126953125 1727.5557495117187 937.457763671875 0.24180385044642858 1761.7693969726563 920.9308410644531 1814.5396850585937 986.8936218261719 0.8017810639880952 
725 1633.262744140625 897.8116577148437 1716.185986328125 937.3886596679688 0.2655029296875 1761.416845703125 922.5291625976563 1814.186181640625 986.6062133789062 0.8005952380952381 
726 1634.0333740234375 908.0893768310547 1798.0542724609375 945.7953277587891 0.25524321056547616 1761.218359375 922.2290649414062 1815.8919921875 988.2145385742188 0.7983165922619048 
727 1637.880908203125 899.3324737548828 1732.16962890625 940.8195648193359 0.25988188244047616 1761.181658935547 922.832177734375 1817.7549865722656 986.948583984375 0.7985258556547619 
728 1637.9431091308593 903.6412170410156 1730.2677062988282 939.4405700683594 0.26894996279761907 1760.921807861328 920.4538726806641 1817.4472106933595 986.4000701904297 0.8017810639880952 
729 1628.3467102050781 900.118505859375 1781.0911560058594 935.9475341796875 0.24165271577380953 1761.5085205078126 923.1825561523438 1816.1948486328124 985.4118041992188 0.7869931175595238 
730 1630.0923889160156 900.4083404541016 1792.560809326172 941.9700164794922 0.2510288783482143 1761.6802673339844 922.7150146484375 1816.4660949707031 985.057568359375 0.7930385044642857 
731 1627.7037963867188 906.6775970458984 1796.0293579101562 938.8296661376953 0.23600841703869047 1763.2226501464843 922.0989318847656 1816.1790832519532 984.5117858886719 0.7990141369047619 
732 1635.6800659179687 906.9402374267578 1797.8731567382813 940.887582397461 0.26341029575892855 1761.0242614746094 922.3180603027344 1817.6033020019531 986.4409729003906 0.7887834821428571 
733 1646.6116088867188 906.7508728027344 1710.5988403320312 938.7444885253906 0.31177339099702384 1760.398907470703 921.6619110107422 1816.8582946777344 987.5311431884766 0.8025716145833334 
734 1635.8304016113282 909.5670684814453 1798.3159606933593 941.6862884521485 0.25686500186011907 1761.4006896972655 919.9586242675781 1818.081610107422 987.9758239746094 0.8019205729166666 
735 1621.4876037597655 899.9920257568359 1795.511297607422 935.9317413330078 0.2429141090029762 1760.1535705566407 922.9090209960938 1816.9005065917968 987.2222045898437 0.81884765625 
736 1631.7624633789062 907.5170166015625 1792.8288452148438 941.6251953125 0.2684442429315476 1760.3968994140625 921.0728515625 1817.2439697265625 989.289208984375 0.8141508556547619 
737 1632.37861328125 909.7285614013672 1800.470263671875 943.7246246337891 0.2545282273065476 1763.1327392578125 920.3341979980469 1817.9041259765625 988.3263244628906 0.8117792038690477 
738 1622.635498046875 902.7562957763672 1802.540771484375 940.6310943603515 0.23799060639880953 1765.467218017578 921.1109924316406 1818.4918884277345 989.2856140136719 0.8181036086309523 
739 1646.7604064941406 909.2302551269531 1779.3637390136719 939.5395202636719 0.20479329427083334 1765.010516357422 918.9933349609375 1819.9461486816406 990.977978515625 0.8097330729166666 
740 1650.786553955078 904.777865600586 1734.1879333496095 935.1056182861328 0.20025344122023808 1765.0990112304687 920.5978424072266 1818.1727172851563 990.7309539794921 0.8036876860119048 
741 1647.630615234375 909.4079864501953 1778.42724609375 937.842074584961 0.19085984002976192 1764.5018432617187 920.6358093261719 1817.5787231445313 990.7731262207031 0.7978515625 
742 1639.637225341797 906.0050720214844 1776.0164611816406 928.7349182128906 0.17645554315476192 1762.6844421386718 920.9397796630859 1817.6149963378907 991.0235382080078 0.8047805059523809 
743 1638.1022033691406 906.3481140136719 1777.8656921386719 923.3463439941406 0.1975155784970238 1757.6712524414063 918.479345703125 1818.1095092773437 994.02724609375 0.8037574404761905 
744 1597.5173400878907 903.9010192871094 1730.2012878417968 924.7513244628906 0.17893763950892858 1754.9883911132813 919.6481109619141 1811.8529174804687 993.5720428466797 0.8206380208333334 
745 1750.6826171875 918.3265869140625 1807.446533203125 994.0119140625 0.83349609375 
746 1747.133612060547 918.1501892089843 1804.0979553222655 992.2036926269532 0.8281715029761905 
747 1690.1904357910157 912.0233154296875 1739.3265319824218 949.8204345703125 0.18984840029761904 1741.87060546875 917.2567718505859 1796.67626953125 985.2915069580079 0.8257765997023809 
748 1723.1707885742187 911.948275756836 1753.3897583007813 949.7218292236328 0.20431082589285715 1736.3190002441406 913.4011291503906 1791.0905456542969 988.9482360839844 0.7696475074404762 
749 1631.8285217285156 907.116909790039 1733.9440612792969 939.2643768310547 0.22818429129464285 1730.5984252929688 915.6265411376953 1783.5470825195312 987.4855804443359 0.7718796502976191 
750 1637.118914794922 910.6991363525391 1735.5137756347656 942.8665985107422 0.27231561569940477 1725.3249450683593 919.5051666259766 1778.3067687988282 976.2713836669922 0.7053571428571429 
751 1636.3850036621093 914.1645904541016 1736.5584777832032 944.4055389404297 0.2675199962797619 1705.9539001464843 920.0528137207032 1770.2161437988282 974.8646667480468 0.7445591517857143 
752 1675.0167724609375 921.8141937255859 1733.2349365234375 955.6182403564453 0.26338123139880953 1708.6764831542969 923.4032562255859 1763.1385803222656 968.4753448486329 0.6835239955357143 
753 1674.6468322753906 920.8338073730469 1740.843524169922 951.0951477050781 0.28269740513392855 1701.1254577636719 921.9976806640625 1752.1915588378906 967.3897705078125 0.6287667410714286 
754 1664.1263732910156 916.3327209472657 1716.8444519042969 937.0433776855468 0.4238397507440476 1696.0613891601563 914.5223419189454 1735.5999877929687 963.4749114990234 0.5412946428571429 
755 1647.6314758300782 907.2263854980469 1713.7062927246093 931.7684875488281 0.3930082775297619 1675.4409729003905 902.7246337890625 1739.627996826172 953.696630859375 0.6132347470238095 
756 1661.3440246582031 899.7028717041015 1710.3011169433594 933.5962615966797 0.3329380580357143 1693.6441528320313 908.176220703125 1738.8353393554687 943.9525634765625 0.4723307291666667 
757 0.0 0.0 0.0 0.0 0.23414829799107142 0.0 0.0 0.0 0.0 0.23414829799107142 
758 1635.6109741210937 885.5883026123047 1704.3284790039063 917.1611480712891 0.38448660714285715 1682.041650390625 897.731723022461 1732.186865234375 947.8768585205078 0.6168154761904762 
759 1639.2809692382812 889.1798522949218 1710.2512573242188 924.6649963378907 0.3733723958333333 1683.3141540527345 897.9433898925781 1733.740411376953 944.6343688964844 0.6371605282738095 
760 1639.6275207519532 878.2546630859375 1701.5217712402343 913.89072265625 0.39438011532738093 1673.6765197753907 888.4982421875 1728.0684753417968 935.387744140625 0.6146065848214286 
761 1637.0969360351562 881.3801147460938 1693.7126342773438 919.1239135742187 0.31789434523809523 1669.3242980957032 885.5174072265625 1710.8425720214843 925.1483642578125 0.4677618117559524 
762 1631.2553833007812 871.6352081298828 1695.8119995117188 907.7109222412109 0.46058872767857145 1664.9211669921874 879.9604125976563 1716.1867431640626 919.8335327148437 0.5726609002976191 
763 0.0 0.0 0.0 0.0 0.23414829799107142 0.0 0.0 0.0 0.0 0.23414829799107142 
764 0.0 0.0 0.0 0.0 0.24140276227678573 0.0 0.0 0.0 0.0 0.24140276227678573 
765 1637.2951599121093 871.7125091552734 1694.6854309082032 909.9726104736328 0.34866768973214285 1660.692803955078 871.7125091552734 1706.6049255371095 909.9726104736328 0.5145089285714286 
766 1633.674853515625 869.4299499511719 1690.890087890625 911.3877990722656 0.3493768601190476 1661.8424255371094 870.0901275634766 1703.800274658203 906.3264373779297 0.5231701078869048 
767 1631.860400390625 868.5098815917969 1685.32099609375 914.3331359863281 0.27114141555059523 1664.4654968261718 870.8597839355468 1702.6515686035157 909.0458557128907 0.49423363095238093 
768 1629.6950256347657 879.2858001708985 1690.6910827636718 930.7512481689453 0.27966889880952384 1665.6181518554688 874.3004974365234 1707.5529907226562 918.1414581298828 0.4805501302083333 
769 1626.0310974121094 872.7324981689453 1683.2099914550781 922.2874603271484 0.25509207589285715 1662.5376220703124 873.3922546386718 1708.2807373046876 917.2293273925782 0.5158110119047619 
770 1632.7046264648438 873.5006896972657 1688.1193481445312 915.5394714355468 0.34166899181547616 1661.7348876953124 872.0307800292969 1707.5954345703126 914.0695617675781 0.5330171130952381 
771 1633.4818542480468 871.0884002685547 1685.2074768066407 909.4037261962891 0.37732514880952384 1659.1972351074219 867.698974609375 1705.1756896972656 909.8458251953125 0.5218680245535714 
772 1626.8027648925781 869.8471466064453 1684.3514099121094 917.8044036865234 0.3449590773809524 1662.29111328125 875.159326171875 1706.411767578125 915.44345703125 0.5365629650297619 
773 1628.435888671875 869.4432739257812 1686.0072265625 913.5813842773438 0.36202566964285715 1660.9858764648438 869.6646942138672 1705.1239868164062 911.8838287353516 0.5153343563988095 
774 0.0 0.0 0.0 0.0 0.24073428199404762 0.0 0.0 0.0 0.0 0.24073428199404762 
775 1629.9218017578125 871.6188446044922 1681.5701416015625 921.3542388916015 0.2877604166666667 1665.8990295410156 876.9160827636719 1711.808612060547 918.9999328613281 0.5160202752976191 
776 1631.3796752929688 872.6136535644531 1688.6955200195312 916.5557800292969 0.27665783110119047 1665.0343688964845 872.6136535644531 1710.887139892578 916.5557800292969 0.5222981770833334 
777 1627.8284118652343 870.4702819824219 1685.2891418457032 916.4388977050781 0.27146112351190477 1663.0415100097657 872.6066864013671 1709.0101257324218 912.8291656494141 0.5317731584821429 
778 0.0 0.0 0.0 0.0 0.24073428199404762 0.0 0.0 0.0 0.0 0.24073428199404762 
779 1630.428466796875 868.2296264648437 1685.811767578125 921.7032348632813 0.2705194382440476 1665.31845703125 875.4279968261719 1711.152978515625 917.4429748535156 0.5204845610119048 
780 1638.137841796875 870.3667510986328 1687.60068359375 931.244027709961 0.2765997023809524 1661.5522888183593 869.4155822753906 1711.0149719238282 913.1710876464844 0.4845377604166667 
781 0.0 0.0 0.0 0.0 0.2414608909970238 0.0 0.0 0.0 0.0 0.2414608909970238 
782 0.0 0.0 0.0 0.0 0.23414829799107142 0.0 0.0 0.0 0.0 0.23414829799107142 
783 0.0 0.0 0.0 0.0 0.23414829799107142 0.0 0.0 0.0 0.0 0.23414829799107142 
784 1625.2759521484375 870.956640625 1684.2640869140625 935.65322265625 0.26480538504464285 1666.3333740234375 873.3717834472657 1712.0015869140625 917.1371276855468 0.5309477306547619 
785 1633.6790710449218 872.2281494140625 1687.0766662597657 916.0904541015625 0.28784760974702384 1663.6785583496094 875.1620391845703 1711.3550109863281 919.0244232177735 0.5253441220238095 
786 1629.0156860351562 873.3466003417968 1686.0382690429688 920.8653137207032 0.2787272135416667 1666.884588623047 874.8086975097656 1712.5024963378905 922.3274108886719 0.5008951822916666 
787 1628.609356689453 871.0347381591797 1695.3329040527344 918.694448852539 0.2977934337797619 1668.9367065429688 877.120556640625 1716.5964965820312 922.873828125 0.5119163876488095 
788 1627.3036010742187 871.7178802490234 1684.5255004882813 923.2176055908203 0.2730073474702381 1665.3047668457032 874.0654388427735 1711.0823181152343 917.9355987548828 0.5082775297619048 
789 0.0 0.0 0.0 0.0 0.23414829799107142 0.0 0.0 0.0 0.0 0.23414829799107142 
790 0.0 0.0 0.0 0.0 0.23414829799107142 0.0 0.0 0.0 0.0 0.23414829799107142 
791 0.0 0.0 0.0 0.0 0.23414829799107142 0.0 0.0 0.0 0.0 0.23414829799107142 
792 0.0 0.0 0.0 0.0 0.23330543154761904 0.0 0.0 0.0 0.0 0.23330543154761904 
793 1635.8061462402343 877.6700805664062 1690.9461730957032 923.3030639648438 0.2860804966517857 1665.9356689453125 879.7176910400391 1713.4700927734375 932.9561981201172 0.45204380580357145 
794 0.0 0.0 0.0 0.0 0.24073428199404762 0.0 0.0 0.0 0.0 0.24073428199404762 
795 0.0 0.0 0.0 0.0 0.23330543154761904 0.0 0.0 0.0 0.0 0.23330543154761904 
796 1640.050634765625 879.6719390869141 1689.0970703125 936.2639129638671 0.24787830171130953 1666.17001953125 880.5425872802734 1715.216455078125 929.5889434814453 0.5539202008928571 
797 1651.428204345703 887.0556243896484 1687.5750915527344 930.8124786376953 0.18643624441964285 1666.647900390625 885.8117004394531 1710.404833984375 927.6660827636719 0.46985444568452384 
798 1628.0362976074218 872.0523132324219 1686.9442932128907 923.3593078613281 0.26527622767857145 1661.7293090820312 873.7333038330078 1707.3356323242188 923.1400482177735 0.4710053943452381 
799 1637.0675415039063 872.7267395019531 1686.6773315429687 916.6123718261719 0.2756928943452381 1660.9917419433593 875.6622253417969 1706.7854797363282 919.5478576660156 0.5014764694940477 
800 1629.791241455078 873.3248565673828 1684.8382751464844 911.288363647461 0.3502836681547619 1659.65107421875 871.3536804199218 1709.003466796875 926.4007141113282 0.5201009114583334 
801 0.0 0.0 0.0 0.0 0.23330543154761904 0.0 0.0 0.0 0.0 0.23330543154761904 
802 0.0 0.0 0.0 0.0 0.23330543154761904 0.0 0.0 0.0 0.0 0.23330543154761904 
803 0.0 0.0 0.0 0.0 0.23330543154761904 0.0 0.0 0.0 0.0 0.23330543154761904 
804 1631.2555786132812 874.6079772949219 1693.2153686523438 914.0369201660156 0.34150623139880953 1661.657696533203 870.2028686523438 1710.4745056152344 922.7747924804687 0.5486188616071429 
805 0.0 0.0 0.0 0.0 0.23330543154761904 0.0 0.0 0.0 0.0 0.23330543154761904 
806 1636.9114990234375 874.6946044921875 1682.6304931640625 916.6037353515625 0.32889229910714285 1661.822509765625 874.4748046875 1707.54150390625 918.2888671875 0.5418294270833334 
807 1624.994317626953 877.5700714111329 1687.9149841308595 929.0505950927734 0.28773716517857145 1667.6013427734374 882.4101684570312 1717.1752685546876 930.0772583007813 0.5923549107142857 
808 1633.2903869628906 874.5880767822266 1680.732928466797 927.7237518310546 0.3067220052083333 1657.8875915527344 874.2231231689453 1707.227764892578 917.8703216552734 0.48725818452380953 
809 1620.924053955078 869.1166107177735 1677.8468200683594 937.4239776611328 0.24632045200892858 1657.0481506347655 872.4006256103515 1704.483709716797 912.2465301513672 0.46568080357142855 
810 1627.7569763183594 870.8402770996094 1676.995587158203 937.1229797363281 0.24781436011904762 1655.4354431152344 872.0057312011719 1704.674053955078 915.5628723144531 0.4629603794642857 
811 1633.8177612304687 873.16572265625 1683.0892211914063 922.4371826171875 0.27342006138392855 1650.290106201172 869.6671325683594 1695.7715393066405 911.3583801269531 0.45347377232142855 
812 1632.0046081542969 874.1451477050781 1689.0311584472656 933.0725036621094 0.25143577938988093 1663.369158935547 881.7486877441406 1714.6929748535156 925.4689636230469 0.5370861235119048 
813 1641.0860778808594 874.2029693603515 1688.512432861328 921.6292449951172 0.2650669642857143 1661.0781188964843 878.7996704101563 1712.2984680175782 924.3288696289062 0.5325055803571429 
814 1641.8863342285156 876.7779998779297 1691.331561279297 914.8127593994141 0.31118629092261907 1663.6100158691406 880.2888854980469 1714.9570007324219 925.9305969238281 0.5616396949404762 
815 1643.5521484375 878.1490478515625 1690.729833984375 923.4395751953125 0.26985095796130953 1665.1088317871095 880.8345672607422 1714.173516845703 928.012173461914 0.5372372581845238 
816 1643.391357421875 876.4678833007813 1692.6904296875 920.0785034179687 0.26143973214285715 1665.4884460449218 880.6247009277344 1712.8913146972657 926.1315246582031 0.5229724702380952 
817 1634.5609313964844 874.8187133789063 1689.499737548828 916.4964721679687 0.29448009672619047 1664.7991333007812 877.2960815429688 1710.2658081054688 922.7627563476562 0.5233909970238095 
818 1631.0236022949218 869.1759613037109 1694.2956115722657 907.5227081298829 0.36528087797619047 1663.986962890625 873.1581176757812 1710.00302734375 915.3395629882813 0.5474330357142857 
819 1637.8051025390625 873.935757446289 1693.2398193359375 914.0780975341797 0.2837727864583333 1663.6844299316406 877.905892944336 1711.472918701172 921.8712677001953 0.5197986421130952 
820 0.0 0.0 0.0 0.0 0.23414829799107142 0.0 0.0 0.0 0.0 0.23414829799107142 
821 1633.1132934570312 871.1272857666015 1686.4916870117188 907.3483612060547 0.42074730282738093 1657.0162353515625 874.8666839599609 1706.5819091796875 916.8068389892578 0.5003952752976191 
822 0.0 0.0 0.0 0.0 0.23414829799107142 0.0 0.0 0.0 0.0 0.23414829799107142 
823 1628.1123413085938 871.3155548095704 1689.0717407226562 909.4152191162109 0.4801432291666667 1659.1781494140625 878.4225891113281 1704.8977783203125 918.4272644042969 0.4728887648809524 
824 0.0 0.0 0.0 0.0 0.24730282738095238 0.0 0.0 0.0 0.0 0.24730282738095238 
825 1631.4576904296875 871.2550323486328 1694.7412841796875 905.7733489990235 0.48676990327380953 1666.9348205566407 881.5072814941407 1716.7945495605468 929.4493835449218 0.5718936011904762 
826 1635.3576171875 874.7984161376953 1694.748828125 911.1994476318359 0.415283203125 1665.2742309570312 878.9248443603516 1720.8336791992188 930.6526092529297 0.5491303943452381 
827 1634.3583190917968 873.5429748535156 1695.4784729003907 909.8330017089844 0.4385463169642857 1667.342596435547 883.3133483886719 1722.7327209472655 936.7934631347656 0.5602446056547619 
828 1636.806378173828 876.4097137451172 1691.8597595214844 908.6823883056641 0.4752720424107143 1657.6886901855469 876.5557037353516 1708.9452209472656 920.2187713623047 0.5121489025297619 
829 1633.3370788574218 874.2648040771485 1694.5048400878907 910.5831573486328 0.525146484375 1664.2885620117188 879.1905334472656 1712.0759399414062 936.5354187011719 0.5402715773809523 
830 1637.3945678710938 879.7550628662109 1688.8864379882812 917.8970977783204 0.4076567150297619 1668.641827392578 887.2367645263672 1716.3192321777344 936.821401977539 0.49624488467261907 
831 1637.0941772460938 876.6319183349609 1690.5779418945312 909.1042266845703 0.4452427455357143 1666.9217041015625 882.5826904296875 1716.5851318359375 939.8867919921875 0.4987211681547619 
832 1634.8267761230468 873.9908416748046 1690.2937072753907 912.2439605712891 0.39684477306547616 1667.8567504882812 881.0529571533203 1717.5858764648438 934.6072601318359 0.5424339657738095 
833 1634.834246826172 869.7781311035156 1692.3248107910156 904.2724060058594 0.4340006510416667 1662.0317810058593 875.8219665527344 1713.7732727050782 921.8143859863281 0.54150390625 
834 1642.0316467285156 871.0384521484375 1690.1064147949219 905.6522216796875 0.4091099330357143 1666.9566284179687 884.0556182861328 1716.9542602539063 934.0533294677734 0.5460844494047619 
835 1633.150897216797 870.5844696044921 1694.7579162597656 905.2384674072266 0.48032924107142855 1670.4704895019531 881.4693481445313 1716.6758728027344 937.3007934570312 0.5689639136904762 
836 0.0 0.0 0.0 0.0 0.23330543154761904 0.0 0.0 0.0 0.0 0.23330543154761904 
837 1634.3707885742188 874.5087524414063 1693.9832153320312 907.1994995117187 0.44893973214285715 1675.4190307617187 891.0760192871094 1725.4166625976563 946.8425598144531 0.5563383556547619 
838 1641.60712890625 877.1217590332031 1693.108203125 913.3632263183594 0.3441569010416667 1673.6669616699219 890.8407287597656 1727.0753479003906 948.0640563964844 0.5761021205357143 
839 1639.0568786621093 873.9030731201171 1688.6680969238282 908.2492095947266 0.37246558779761907 1670.9078063964844 885.9389190673828 1724.3352355957031 943.1824798583984 0.5842168898809523 
840 1641.0496459960937 876.4825866699218 1698.3058227539063 910.8362609863282 0.4037969680059524 1674.0086303710937 888.7412933349609 1725.5392211914063 944.0889678955078 0.5485026041666666 
841 1635.1517761230468 876.9069519042969 1709.8019592285157 913.2750549316406 0.35981677827380953 1678.5872863769532 889.2014556884766 1734.0964294433593 946.6246551513672 0.6375558035714286 
842 1639.5235717773437 872.8123138427734 1698.8528930664063 909.1754180908204 0.4549153645833333 1677.21171875 889.0799682617187 1728.88544921875 950.3231079101563 0.5372372581845238 
843 1637.3191833496094 872.2917297363281 1696.9355773925781 910.7539245605469 0.43408203125 1683.030078125 896.330615234375 1731.107861328125 944.4083984375 0.46725027901785715 
844 1636.5625427246093 872.3471832275391 1705.4522277832032 910.6191864013672 0.42753673735119047 1674.6873962402344 885.0799560546875 1732.095440673828 940.5743408203125 0.5847284226190477 
845 1636.773370361328 873.3515228271484 1703.5724548339845 911.5224395751953 0.38803245907738093 1673.329278564453 884.5825836181641 1728.6771911621095 939.9304168701171 0.5822405133928571 
846 1638.175146484375 872.3300659179688 1697.247705078125 906.6302612304687 0.4600190662202381 1676.50634765625 888.7472625732422 1733.67333984375 945.914175415039 0.6063988095238095 
847 1634.4680419921874 875.8988555908203 1693.6872314453126 910.2841888427735 0.4158296130952381 1680.976513671875 894.1201416015625 1719.182421875 936.1467041015625 0.47642299107142855 
848 1637.6328125 874.8765106201172 1698.6845703125 911.1259918212891 0.42704845610119047 1677.6980895996094 891.9739379882812 1734.9341125488281 945.3942260742188 0.6026088169642857 
849 1644.6968688964844 878.6233093261719 1703.5896301269531 916.6186340332031 0.35922386532738093 1676.042950439453 891.0448577880859 1729.2364685058594 948.0378448486329 0.6023763020833334 
850 1641.62021484375 875.47587890625 1694.74501953125 911.524853515625 0.41432989211309523 1670.80966796875 891.0192626953125 1723.93447265625 944.1440673828125 0.49972098214285715 
851 1636.737255859375 876.4026397705078 1697.848681640625 912.6875091552735 0.40859840029761907 1676.033740234375 891.8273986816406 1727.59638671875 947.2095886230469 0.5652669270833334 
852 1638.0959045410157 874.0998809814453 1701.2184265136718 910.443148803711 0.45265997023809523 1675.984112548828 887.63662109375 1729.5426208496094 946.9335693359375 0.5882161458333334 
853 1643.354962158203 876.2035369873047 1698.6051208496094 916.2124176025391 0.36307198660714285 1674.35078125 892.2510498046875 1727.695849609375 945.5961181640625 0.5636858258928571 
854 1649.7352905273438 880.877197265625 1701.1941528320312 922.806640625 0.2783319382440476 1679.0565795898438 895.4645385742188 1730.5154418945312 950.7351684570312 0.5331914992559523 
855 1638.8301391601562 877.8178680419921 1699.8676147460938 919.7811920166016 0.334228515625 1675.1445556640624 890.949740600586 1726.6449951171876 946.2650421142578 0.5343656994047619 
856 1640.9453247070312 881.4513000488281 1703.5182983398438 919.3742614746094 0.36423456101190477 1680.3998107910156 894.8702423095704 1729.6996765136719 955.5469329833984 0.5005115327380952 
857 1641.8138427734375 884.321743774414 1706.3948974609375 922.3106414794922 0.36976841517857145 1683.0171203613281 896.5219970703125 1732.4026794433594 955.4047607421875 0.5091145833333334 
858 1639.8646850585938 879.6941314697266 1712.0708618164062 925.2979949951172 0.32871791294642855 1683.7876220703124 899.0611450195313 1742.6926025390626 954.1657836914062 0.5773577008928571 
859 1638.3480102539063 881.4160858154297 1709.0091674804687 915.7917388916015 0.42282831101190477 1689.6176696777343 898.897738647461 1748.8201965332032 960.0100372314453 0.6171875 
860 1645.1383056640625 880.7813690185546 1710.2113037109375 924.8013336181641 0.2947474888392857 1696.7403076171875 905.2941467285157 1748.4159423828125 966.5393493652343 0.5640578497023809 
861 1636.2558166503907 880.1215209960938 1710.2201354980468 918.0519409179688 0.40451776413690477 1686.14892578125 897.9196502685547 1744.94091796875 958.6082427978515 0.6104213169642857 
862 1648.7954956054687 890.7101898193359 1713.1070922851563 934.2150421142578 0.27099028087797616 1688.95390625 900.8224975585938 1745.6994140625 957.5680053710937 0.5888904389880952 
863 1648.89375 889.1856170654297 1719.28544921875 929.1376861572265 0.2739141555059524 1686.5775207519532 897.2345977783203 1747.4567810058593 956.2113861083984 0.6558082217261905 
864 1652.3774658203124 893.4434936523437 1728.4845947265626 931.4970581054688 0.32532319568452384 1692.6264709472657 906.7622467041016 1749.7066589355468 956.2318328857422 0.6061895461309523 
865 1648.760205078125 888.1504699707032 1732.65654296875 933.9121520996093 0.3096516927083333 1686.6015869140624 898.7841918945312 1747.6171630859376 954.0795776367188 0.6641555059523809 
866 1657.6933837890624 900.6456817626953 1739.7958740234376 940.742318725586 0.28125581287202384 1696.8353088378906 909.3847015380859 1757.934832763672 962.8468048095704 0.6490885416666666 
867 1654.4888916015625 900.7053588867187 1734.4154052734375 938.7655883789063 0.2967006138392857 1693.0615478515624 909.634896850586 1755.8608154296876 959.1132110595703 0.6474376860119048 
868 1646.9414855957032 886.4995361328125 1724.8540466308593 930.206640625 0.31045386904761907 1695.9110107421875 905.6487854003906 1754.8204345703125 960.7577087402344 0.6699916294642857 
869 1663.1295104980468 906.4712707519532 1733.3325256347657 938.7267272949218 0.27515229724702384 1703.04736328125 909.9011322021485 1756.174072265625 963.0277618408203 0.6459030877976191 
870 1652.2558959960938 892.6491882324219 1739.4882446289062 936.2653625488281 0.23656063988095238 1700.5400756835938 907.3824127197265 1761.2233520507812 962.3766815185547 0.6686662946428571 
871 1681.8445861816406 897.8531097412109 1736.897967529297 935.8209014892578 0.23041643415178573 1706.2315795898437 907.3450286865234 1765.0816528320313 964.2967559814454 0.6614118303571429 
872 1649.6996154785156 887.0369323730469 1731.2677917480469 930.6664367675781 0.2969563802083333 1695.8826416015625 901.1180633544922 1756.5846435546875 961.8199859619141 0.6774321056547619 
873 1648.3569885253905 885.7140930175781 1728.216375732422 918.0381042480469 0.35120210193452384 1701.9622131347655 899.5359130859375 1760.906072998047 964.183935546875 0.6934058779761905 
874 1644.6143615722656 880.9632415771484 1720.700701904297 915.2021026611328 0.35654994419642855 1700.7279724121095 899.3995697021485 1759.695001220703 964.0729034423828 0.7398623511904762 
875 1653.489727783203 883.1408325195313 1738.7293884277344 924.8135131835937 0.30029296875 1696.910955810547 900.3344696044921 1759.4199768066405 957.1608306884766 0.7435593377976191 
876 1656.313897705078 893.5008880615235 1735.7829040527345 929.4510772705078 0.2723272414434524 1703.835205078125 895.0291717529296 1762.49072265625 955.5768463134766 0.7655319940476191 
877 1656.1243041992188 881.1615509033203 1743.2677856445312 925.660287475586 0.2555454799107143 1704.973126220703 893.4985748291016 1764.3048278808594 954.6843475341797 0.7479538690476191 
878 1667.1458618164063 897.1960144042969 1724.3341186523437 923.8839416503906 0.29979887462797616 1704.8314392089844 886.7115600585937 1765.832257080078 953.4311401367188 0.8146391369047619 
879 1660.732733154297 894.5315795898438 1739.2441955566405 930.0486206054687 0.33261253720238093 1705.3807495117187 893.3812103271484 1770.8069946289063 951.3301544189453 0.7887137276785714 
880 1658.4638793945312 898.4848327636719 1719.0563842773438 930.6745910644531 0.42297944568452384 1706.5300415039062 898.9946044921875 1767.1225463867188 952.0130859375 0.7488839285714286 
881 1659.4721435546876 892.9392578125 1742.3420654296874 923.0738037109375 0.28244745163690477 1703.225079345703 895.2573089599609 1771.0277282714844 955.5263214111328 0.7892717633928571 
882 1663.643328857422 894.2805603027343 1739.4881408691406 930.3068420410157 0.25198218936011907 1699.3050598144532 890.5612487792969 1769.4614196777343 958.8215637207031 0.8043619791666666 
883 1664.1178039550782 897.4971740722656 1741.5676208496093 933.3885681152344 0.3151157924107143 1704.4411499023438 896.5526977539063 1772.4458129882812 953.2233032226562 0.8141043526785714 
884 1660.5720520019531 898.7380737304687 1732.2569274902344 930.8077026367188 0.325439453125 1703.0895202636718 898.5929626464844 1771.0016662597657 957.0728088378906 0.7952938988095238 
885 1663.2837829589844 901.434033203125 1742.8349914550781 937.421435546875 0.24977329799107142 1705.390606689453 900.4869842529297 1773.5772888183594 957.3092193603516 0.8118024553571429 
886 1682.918603515625 900.3404846191406 1740.008154296875 938.4002380371094 0.24290829613095238 1703.558660888672 901.0724029541016 1772.0662170410155 958.1620330810547 0.8043387276785714 
887 1664.0130310058594 904.1936492919922 1740.3491516113281 942.3617095947266 0.24632045200892858 1704.7501525878906 901.7714477539063 1771.5441589355469 960.9319213867187 0.8027111235119048 
888 1651.9903747558594 906.6061553955078 1737.229718017578 942.5961761474609 0.3252650669642857 1708.0879638671875 906.3147552490234 1774.3854248046875 957.4583770751954 0.7948753720238095 
889 1672.3280700683595 899.4269927978515 1740.496026611328 941.0851531982422 0.25222632998511907 1707.9415405273437 902.0487762451172 1770.4288208007813 958.8554595947265 0.7869001116071429 
890 1673.5174194335937 905.4110504150391 1738.0543579101563 943.3739227294922 0.20619419642857142 1707.1000610351562 903.2208801269531 1771.6369995117188 960.1652282714844 0.8207077752976191 
891 1670.9131774902344 904.1760650634766 1737.2676086425781 942.0929168701172 0.22889927455357142 1709.4861755371094 903.4469421386718 1770.1531066894531 960.3221008300782 0.8130580357142857 
892 1679.3652587890624 906.8911437988281 1736.2643798828126 944.8239440917969 0.21515183221726192 1707.668963623047 904.7027130126953 1772.1546447753906 961.6019134521484 0.8250325520833334 
893 1660.7932922363282 909.239794921875 1735.5066345214843 940.9929931640625 0.26257905505952384 1701.8857177734376 901.6966400146484 1769.1277099609374 961.4673614501953 0.8136625744047619 
894 1659.5116577148438 910.9129180908203 1737.4656372070312 945.1367034912109 0.2733038039434524 1704.704412841797 905.5746673583984 1771.2505432128905 960.7128692626953 0.8138485863095238 
895 1690.1768310546875 908.952099609375 1724.3964111328125 943.1716796875 0.17406063988095238 1702.5339599609374 903.1757263183594 1769.0719970703126 962.1094299316406 0.8232886904761905 
896 1702.0020935058594 901.9586944580078 1768.887188720703 963.1108245849609 0.8150576636904762 
897 1661.9455505371093 903.2526458740234 1721.4876770019532 939.7461944580078 0.20639764694940477 1706.0480163574218 906.7246673583984 1767.5109436035157 964.3460723876954 0.7959216889880952 
898 1671.0453491210938 903.7715850830078 1734.7234497070312 940.4347747802734 0.22089494977678573 1703.4782104492188 902.5840881347656 1769.0859985351562 962.4029724121094 0.7969447544642857 
899 1641.2729553222657 898.6702117919922 1734.4871765136718 929.7415924072266 0.2511393229166667 1700.7268371582031 899.1183563232422 1770.6375427246094 965.1450103759765 0.7947823660714286 
900 1654.169775390625 907.1289337158203 1731.377587890625 930.291293334961 0.3488071986607143 1696.4112731933594 899.259732055664 1767.828594970703 964.8863250732422 0.77490234375 
901 1651.92041015625 901.6574127197266 1732.411865234375 932.3207977294921 0.3102329799107143 1698.7263916015625 900.8466278076172 1769.6354248046875 964.0898345947265 0.7818080357142857 
902 1652.2177429199219 896.4171112060546 1708.7174377441406 927.5894195556641 0.2813197544642857 1688.9350708007812 898.8150054931641 1764.9174682617188 961.1595428466796 0.7601609002976191 
903 1623.83701171875 901.9419616699219 1692.288232421875 931.2781311035156 0.27695428757440477 1698.2306640625 901.1145324707031 1760.81474609375 963.6984558105469 0.7611607142857143 
904 0.0 0.0 0.0 0.0 0.23330543154761904 0.0 0.0 0.0 0.0 0.23330543154761904 
905 1634.4849487304687 897.3862152099609 1687.1327270507813 922.7351837158203 0.3761393229166667 1696.9573547363282 903.8359619140625 1767.1543395996093 964.2834228515625 0.7652994791666666 
906 0.0 0.0 0.0 0.0 0.23330543154761904 0.0 0.0 0.0 0.0 0.23330543154761904 
907 1633.6890686035156 899.7346038818359 1712.330340576172 925.2930450439453 0.31172107514880953 1699.8535888671875 902.7593231201172 1768.6647216796875 967.6383209228516 0.7708565848214286 
908 1632.1429931640625 899.7772857666016 1683.3279541015625 923.4011199951171 0.30617559523809523 1699.5313903808594 904.3203765869141 1770.402813720703 967.3171356201171 0.7665318080357143 
909 1620.4300476074218 904.502328491211 1687.3830627441407 926.1636260986328 0.32875279017857145 1697.2290344238281 904.0478881835937 1768.1204528808594 969.0317016601563 0.7764834449404762 
910 1612.7805541992188 896.3188934326172 1687.8158813476562 920.0142974853516 0.346923828125 1700.0432922363282 902.1668151855469 1769.1548278808593 967.3291564941406 0.7688802083333334 
911 1611.1336608886718 898.9877777099609 1700.1669982910157 926.6869659423828 0.28401111421130953 1699.9386352539063 904.4667083740235 1771.1653686523437 963.8222930908203 0.7887834821428571 
912 1657.4671142578125 904.7893920898438 1734.6730224609375 930.5246948242187 0.36209542410714285 1699.4963928222655 903.9518493652344 1768.783758544922 963.3409973144531 0.7693684895833334 
913 1650.758056640625 903.1665740966797 1736.1435546875 928.980825805664 0.3612467447916667 1703.2265075683595 905.3813903808593 1770.740655517578 964.9527160644532 0.7618815104166666 
914 1650.0032958984375 899.9800048828125 1724.8485107421875 927.554541015625 0.38588169642857145 1700.4556030273438 903.6919738769532 1771.3617797851562 964.7499206542968 0.7883417038690477 
915 1658.4713195800782 903.3896484375 1737.1906677246093 932.909423828125 0.37031482514880953 1700.2531677246093 902.3300231933594 1771.1004699707032 967.2733703613281 0.7804594494047619 
916 1662.8417175292968 908.4183715820312 1733.8356506347657 936.0271850585938 0.4121675037202381 1699.4763671875 903.8674774169922 1768.4982421875 970.9173736572266 0.7422340029761905 
917 1657.1748840332032 902.0335296630859 1733.3354919433593 936.1054473876953 0.40547107514880953 1701.4991271972656 906.273226928711 1767.638690185547 970.4085968017578 0.7465587797619048 
918 1656.7307739257812 902.6019409179687 1731.5331420898438 932.9272338867188 0.38296363467261907 1698.9528015136718 902.8351867675781 1771.7335998535157 971.5725280761719 0.7688569568452381 
919 1660.5553955078126 912.1390838623047 1742.8857666015624 942.2599029541016 0.3102446056547619 1702.1067199707031 904.8791351318359 1772.3887634277344 971.1450958251953 0.7886672247023809 
920 1663.1091857910155 916.5036712646485 1743.641424560547 942.6765655517578 0.37319800967261907 1697.6452270507812 903.6495086669922 1774.1506713867188 974.1150787353515 0.7640904017857143 
921 1655.8396484375 907.1023681640625 1726.0802734375 937.2054931640625 0.45956566220238093 1690.4196350097657 901.1589904785156 1768.6876647949218 969.3926452636719 0.7139834449404762 
922 1659.7413146972656 911.1575012207031 1729.848162841797 941.2033386230469 0.43663969494047616 1698.8778503417968 903.9157135009766 1776.9970275878907 970.0164764404296 0.7272367931547619 
923 1648.8359252929688 906.5249938964844 1721.4553344726562 939.8906555175781 0.3528413318452381 1698.6579467773438 904.4113403320313 1771.2773559570312 969.1799682617187 0.7328404017857143 
924 1650.8123657226563 896.274136352539 1737.9203002929687 934.1471893310547 0.3609095982142857 1702.5235717773437 903.6302520751954 1770.6951782226563 966.1207855224609 0.7681129092261905 
925 1652.8237365722657 896.7019775390625 1748.4881530761718 943.596240234375 0.3023274739583333 1708.4475891113282 905.7200775146484 1772.2239196777343 961.9932403564453 0.7425362723214286 
926 1649.9345642089843 897.8945892333984 1742.3099426269532 943.1396514892579 0.3256254650297619 1708.7386901855468 908.1907684326172 1769.0653869628907 964.747036743164 0.7358863467261905 
927 1656.318994140625 902.5927825927735 1745.4927734375 940.5389923095703 0.34365699404761907 1707.108642578125 906.0225433349609 1773.5146484375 964.8392120361328 0.7599283854166666 
928 1657.33876953125 896.5247772216796 1744.5162109375 938.2183258056641 0.3102213541666667 1704.7177490234376 904.5427612304687 1772.9436279296874 965.1879516601563 0.7637648809523809 
929 1657.5572204589844 895.5455474853516 1739.3808898925781 935.5060272216797 0.3046991257440476 1706.153662109375 903.1570739746094 1772.754541015625 965.9520568847656 0.7744373139880952 
930 1662.9332214355468 901.7210693359375 1739.3855041503907 938.0360107421875 0.3545503162202381 1709.8338256835937 909.807406616211 1774.8182739257813 965.2353790283203 0.7548828125 
931 1672.8490112304687 906.4705749511719 1732.4005004882813 941.0489562988281 0.3243931361607143 1708.9050048828126 904.8451171875 1776.1406494140624 966.317724609375 0.7867373511904762 
932 1670.6118469238281 908.425 1733.6163024902344 937.0634033203125 0.31944056919642855 1711.5132568359375 906.1486175537109 1776.4269287109375 967.2437774658204 0.7640206473214286 
933 1654.8270629882813 910.0148223876953 1741.0469604492187 946.4187103271485 0.2976190476190476 1713.2650268554687 909.0567962646485 1778.4088012695313 966.5366485595703 0.7414899553571429 
934 1676.0302795410157 910.1224151611328 1735.6146179199218 942.7976898193359 0.35013253348214285 1710.405908203125 906.7957550048828 1779.600439453125 968.3020843505859 0.7304920014880952 
935 1672.3127380371093 908.5095397949219 1734.0384582519532 941.3013732910156 0.3340541294642857 1711.4848205566407 908.3611694335938 1780.9264343261718 968.1579956054687 0.7278180803571429 
936 1671.7846923828124 908.8498229980469 1724.2944091796876 943.8563537597656 0.4381510416666667 1707.9880065917969 905.4838134765625 1783.8353576660156 969.6624267578125 0.7100771949404762 
937 1680.605450439453 909.1378479003906 1729.0699645996094 945.9709167480469 0.41709681919642855 1712.4429077148438 909.4360717773437 1782.2318969726562 969.5321899414063 0.6858491443452381 
938 1676.51884765625 909.3630645751953 1738.22822265625 946.0030853271485 0.4049595424107143 1715.6805480957032 909.2147247314454 1785.1037536621093 972.8525970458984 0.7119373139880952 
939 1680.9211303710938 905.7094512939453 1717.1684692382812 953.4032806396484 0.42426990327380953 1708.3635314941407 908.3509704589844 1786.5814147949218 971.3068664550781 0.6911737351190477 
940 1673.7980102539063 908.6243896484375 1735.5000854492187 941.4036865234375 0.41078404017857145 1709.3211730957032 907.8086639404297 1784.5207458496093 973.3671783447265 0.7081473214285714 
941 1674.2640319824218 909.4292816162109 1741.6835998535157 940.2496124267578 0.3898228236607143 1717.0124816894531 908.6143188476562 1786.3582458496094 972.1813354492188 0.7150762648809523 
942 1672.682598876953 906.8134979248047 1724.7176696777344 943.4308258056641 0.41027250744047616 1714.9333618164062 907.9253601074219 1786.2407104492188 973.4511047363281 0.7146344866071429 
943 1659.3992736816406 905.3596435546875 1740.684344482422 936.3254150390625 0.41002836681547616 1715.8223815917968 910.4958068847657 1785.4953674316407 974.3625915527343 0.7328404017857143 
944 1637.7687622070312 897.281381225586 1731.8826049804688 931.8538116455078 0.40247163318452384 1716.2215270996094 910.2091339111328 1783.4455871582031 973.591830444336 0.7375139508928571 
945 1668.2363891601562 907.9380462646484 1735.6437377929688 942.6047393798829 0.4187593005952381 1713.717840576172 908.826953125 1784.9771057128905 974.3084228515625 0.7273297991071429 
946 1672.2341918945312 910.4132293701172 1735.8075561523438 937.3837066650391 0.42590913318452384 1712.6159423828126 908.9312744140625 1785.8215576171874 974.43115234375 0.7258882068452381 
947 1673.9713134765625 911.0908233642579 1722.6864013671875 944.2170989990234 0.4526483444940476 1720.1381713867188 909.2171417236328 1784.4421508789062 971.5724700927734 0.7279110863095238 
948 1679.542626953125 912.7602783203125 1719.493505859375 952.7111572265625 0.42397925967261907 1711.1960510253907 904.9237335205078 1783.1075378417968 972.8402435302735 0.6951264880952381 
949 1680.7307983398437 911.5722778320312 1724.8314575195313 949.6591674804688 0.35715448288690477 1718.509259033203 905.2501983642578 1782.6556579589844 971.4011077880859 0.6983816964285714 
950 1680.9817016601562 911.7055419921875 1721.1664916992188 955.9087158203125 0.3798130580357143 1722.171075439453 904.5186401367188 1780.4389099121095 970.8234008789062 0.6793619791666666 
951 1677.7837768554687 906.6184692382812 1711.9598754882813 954.8670043945312 0.3706170944940476 1705.3875061035155 901.2059295654296 1781.781072998047 969.5580474853516 0.6921502976190477 
952 1677.4019592285156 906.8645111083985 1718.855487060547 952.2660430908203 0.4314081101190476 1707.3912109375 903.0684112548828 1778.4544921875 968.2097259521485 0.6679920014880952 
953 1681.5600524902343 904.9274353027344 1727.6388000488282 943.3264709472656 0.40884254092261907 1716.4883728027344 904.7797821044921 1779.8467102050781 970.0580474853516 0.7096121651785714 
954 1663.43720703125 905.0071838378906 1714.198779296875 932.3403503417969 0.41501581101190477 1720.8820007324218 903.5053802490235 1781.4054748535157 969.8859161376953 0.7206333705357143 
955 1666.7770690917969 901.9277313232421 1712.7428283691406 932.5715972900391 0.42006138392857145 1722.9082824707032 908.7047668457031 1780.3655212402343 969.9924987792969 0.7369559151785714 
956 1678.8545166015624 908.9999938964844 1729.7868408203126 937.2957824707031 0.41298130580357145 1720.0648010253906 909.6529907226562 1778.542742919922 970.0172973632813 0.7339332217261905 
957 1667.5643371582032 893.8089752197266 1701.4787536621093 927.7233123779297 0.3845331101190476 1714.5952392578124 908.1573455810546 1780.5397705078126 968.4495269775391 0.7469075520833334 
958 1678.3325927734375 904.6713684082031 1734.7054931640625 936.6161071777344 0.3483189174107143 1721.0458984375 912.1877655029297 1783.05615234375 966.6816802978516 0.76123046875 
959 1665.4316772460938 905.3755279541016 1739.0165649414062 941.2246307373047 0.342041015625 1717.3185424804688 910.2376525878906 1781.4695434570312 966.8414489746094 0.7691592261904762 
960 1698.3531616210937 914.5641998291015 1763.0557739257813 945.0123992919922 0.3514927455357143 1718.8471801757812 913.6126251220703 1783.5497924804688 964.9941253662109 0.7211216517857143 
961 1677.7449645996094 907.7484405517578 1754.7412414550781 939.6737396240235 0.3494466145833333 1718.265557861328 910.4932037353516 1782.1161560058595 968.7098602294922 0.7401181175595238 
962 1687.9851318359374 910.9208709716797 1757.7033447265626 941.069302368164 0.3672572544642857 1719.293145751953 911.7905426025391 1781.4743103027345 972.0873260498047 0.7413736979166666 
963 1678.7775390625 910.6877563476562 1765.866748046875 940.9797241210938 0.31677827380952384 1716.1327758789062 909.6683685302735 1782.3962768554688 974.0386016845703 0.7557663690476191 
964 1682.7853271484375 907.2920013427735 1755.1873291015625 939.6824249267578 0.34481956845238093 1718.6199035644531 911.1026947021485 1785.3059997558594 973.9780548095703 0.7431873139880952 
965 1683.3667602539062 907.9633697509765 1764.6945190429688 942.0075164794922 0.3388788132440476 1721.7027893066406 911.9642364501954 1786.0085144042969 974.3785980224609 0.7447684151785714 
966 1696.912908935547 912.1454193115235 1766.3535705566405 949.6809356689453 0.36771065848214285 1723.9818725585938 913.8778686523438 1784.0386352539062 973.9346313476562 0.7422572544642857 
967 1685.8531555175782 905.6680572509765 1763.4870544433593 941.6447479248047 0.3945196242559524 1724.0147033691405 911.3485565185547 1786.500555419922 973.8344879150391 0.7313058035714286 
968 1693.944140625 912.4011108398438 1763.84833984375 944.5192993164062 0.3653971354166667 1722.2110534667968 911.819857788086 1786.4472717285157 974.1667755126953 0.7389787946428571 
969 1698.6825744628907 910.5694458007813 1768.5590026855468 944.5633666992187 0.39278738839285715 1724.0327087402343 913.1117065429687 1788.2435363769532 975.4339477539063 0.7313523065476191 
970 1687.3189331054687 912.4194030761719 1743.8387817382813 944.4472961425781 0.45496186755952384 1724.3467346191405 913.0716033935547 1786.518377685547 977.127310180664 0.7272600446428571 
971 1689.7666259765624 914.6295379638672 1746.3896240234376 942.9409576416016 0.47693452380952384 1722.070782470703 910.27392578125 1788.1309997558594 976.333984375 0.7171223958333334 
972 1688.6616333007812 911.5137481689453 1756.6650268554688 945.5153656005859 0.40418061755952384 1725.424090576172 910.9325225830078 1789.6495178222656 975.1578704833985 0.7535109747023809 
973 1689.962664794922 914.2651336669921 1752.4678771972656 948.3589508056641 0.46007719494047616 1722.8179870605468 910.5497863769531 1791.0056213378907 976.8432800292969 0.7514415922619048 
974 1690.4803833007813 915.3768005371094 1754.8103881835937 951.3259582519531 0.45004417782738093 1725.192364501953 912.1020782470703 1791.4144470214844 976.432162475586 0.7432570684523809 
975 1681.1525390625 913.9921844482421 1749.90654296875 946.4594146728516 0.4647623697916667 1728.6046081542968 911.7150909423829 1793.5390686035157 976.6494720458984 0.7591843377976191 
976 1679.1463317871094 911.7835021972656 1747.4114074707031 945.9159606933594 0.47586495535714285 1722.6872009277345 909.0850189208984 1792.848321533203 979.2462188720704 0.7455822172619048 
977 1681.1922729492187 912.0800170898438 1750.8651000976563 945.9749145507812 0.47741117931547616 1724.8646240234375 911.0661010742188 1792.6544189453125 978.8558959960938 0.7474655877976191 
978 1680.5599243164063 914.4879974365234 1740.6998413085937 950.1960235595703 0.5164853050595238 1725.9540100097656 911.0183868408203 1793.6112976074219 976.7963714599609 0.7430245535714286 
979 1684.083935546875 914.3720153808594 1743.99248046875 948.0706115722656 0.47016834077380953 1725.4150817871093 910.6997344970703 1789.0679504394532 976.2247650146485 0.7298874627976191 
980 1683.786669921875 913.4814605712891 1756.674267578125 943.3840789794922 0.4207240513392857 1724.902783203125 910.8218505859375 1790.31474609375 976.2338134765625 0.7512555803571429 
981 1680.5646240234375 912.9869934082031 1754.0774658203125 945.0310729980469 0.4242466517857143 1727.8332763671874 910.0870727539062 1793.8063720703126 979.8300415039063 0.7642996651785714 
982 1681.0689331054687 910.5756378173828 1750.9220336914063 944.5582122802734 0.45292736235119047 1727.7586975097656 909.3412200927735 1795.7238464355469 979.1942413330078 0.7667643229166666 
983 1683.2158996582032 910.1290100097656 1765.4575622558593 943.7733337402344 0.40659877232142855 1728.2907165527345 908.9069122314453 1793.710137939453 978.0647064208985 0.7656715029761905 
984 1679.9081481933595 912.7872772216797 1755.585382080078 946.8420562744141 0.44803292410714285 1728.5890625 908.6395812988281 1798.590380859375 978.6410583496094 0.7757393973214286 
985 1689.064227294922 910.4785217285156 1764.8328674316406 946.4686218261719 0.37544177827380953 1729.0613586425782 908.0014831542969 1799.1472595214843 978.0873840332031 0.7867606026785714 
986 1688.3565551757813 913.4329223632812 1764.3846557617187 949.5463256835938 0.38197544642857145 1730.1720275878906 909.92392578125 1798.5973815917969 976.4486328125 0.7690662202380952 
987 1694.5847778320312 906.5243499755859 1773.6242065429688 947.9259063720704 0.34394763764880953 1732.2949584960938 909.0577087402344 1798.1610961914062 978.6875305175781 0.7903413318452381 
988 1698.5682556152344 909.6116485595703 1771.937481689453 945.3556976318359 0.3441801525297619 1729.3920471191407 908.8157745361328 1798.9986999511718 976.5412200927734 0.7802036830357143 
989 1696.0305969238282 912.7182403564453 1763.7170837402343 946.5614837646484 0.40513392857142855 1727.4150695800781 908.3793731689453 1798.8619079589844 979.8261322021484 0.7652529761904762 
990 1697.2415100097655 912.0618041992187 1770.645330810547 945.9405151367188 0.3538178943452381 1729.5276611328125 907.7183776855469 1799.1671630859375 979.2401184082031 0.7816220238095238 
991 1699.6534912109375 911.5185241699219 1767.5962646484375 947.3772277832031 0.38528878348214285 1728.2533569335938 909.0505401611329 1799.9707641601562 978.8805511474609 0.7718796502976191 
992 1696.0483154296876 909.23310546875 1765.8960205078124 943.2130615234375 0.39828636532738093 1727.7775329589845 907.7810028076171 1799.512872314453 979.5164215087891 0.7702520461309523 
993 1698.0610290527343 912.0892822265625 1769.9398254394532 946.137158203125 0.35242280505952384 1727.16171875 907.5059143066406 1799.040673828125 981.2763122558594 0.7794363839285714 
994 1696.0156494140624 910.9758514404297 1773.5732177734376 948.8087554931641 0.2983514694940476 1728.6830444335938 908.5021270751953 1800.5654907226562 980.384652709961 0.7761579241071429 
995 1697.3962707519531 909.5642242431641 1780.6656188964844 951.1988983154297 0.3092564174107143 1729.4957580566406 907.3077941894531 1799.5175476074219 981.1146911621094 0.7834123883928571 
996 1688.8348327636718 911.3899505615234 1772.4377502441407 947.4912139892579 0.3306245349702381 1731.513165283203 908.6860290527344 1799.9156677246094 980.8885559082031 0.7945498511904762 
997 1694.4244689941406 913.5061706542969 1777.7223815917969 951.3688293457031 0.3314848400297619 1732.7967895507813 909.7927185058594 1799.0564819335937 979.8386291503906 0.7922712053571429 
998 1694.9649169921875 913.1039306640625 1774.4242431640625 949.049755859375 0.30732654389880953 1729.5281921386718 910.8481750488281 1799.5280822753907 978.9561462402344 0.7750186011904762 
999 1701.7146118164062 913.1460113525391 1784.8127319335938 952.8065643310547 0.28037225632440477 1732.731134033203 911.330044555664 1798.8319763183595 979.3195526123047 0.8008510044642857 
1000 1700.9082458496093 912.8030456542969 1780.3636047363282 948.7471252441406 0.28829520089285715 1733.214337158203 912.2208923339844 1797.5352966308594 978.4337707519531 0.7924107142857143 
1001 1696.7679382324218 912.6159545898438 1781.7736877441407 950.3962524414062 0.2846040271577381 1732.3687316894532 912.0347351074219 1798.4841735839843 980.0392395019531 0.7968982514880952 
1002 1698.901873779297 913.4353851318359 1782.2623107910156 947.5374542236328 0.29105050223214285 1731.4736572265624 912.6338745117188 1797.7831787109376 978.9433959960937 0.7915969122023809 
1003 1701.3103759765625 912.9746246337891 1783.1564208984375 949.1392059326172 0.29179454985119047 1732.3504455566406 912.3890197753906 1798.969256591797 979.0078308105469 0.8012230282738095 
1004 1699.0546447753907 909.8901062011719 1786.2728698730468 953.4992980957031 0.26528785342261907 1731.8709289550782 911.6403625488281 1800.1287048339843 978.0020935058594 0.80517578125 
1005 1702.57509765625 908.1555816650391 1782.716162109375 957.7667205810546 0.23410179501488096 1733.471990966797 912.0452331542969 1800.2561584472655 978.8294006347656 0.8011067708333334 
1006 1683.1313842773438 907.9743041992188 1786.7311645507812 955.9371948242188 0.252685546875 1731.8321655273437 911.66376953125 1797.0616333007813 978.81181640625 0.7859002976190477 
1007 1697.6295043945313 910.4656005859375 1787.3558471679687 956.28330078125 0.23851376488095238 1734.04873046875 912.6684112548828 1800.866064453125 977.5767669677734 0.7888067336309523 
1008 1692.9651977539063 909.4364349365235 1785.6622436523437 945.3802764892578 0.25974818638392855 1736.767108154297 911.9830688476562 1802.9793518066406 976.3035522460938 0.7929454985119048 
1009 1694.1167297363281 910.0681640625 1775.3421325683594 940.2915771484375 0.30675688244047616 1733.6395629882813 911.9571319580078 1799.7532592773437 976.1818450927734 0.7846447172619048 
1010 1694.6827514648437 907.4589782714844 1773.8834106445313 943.2878479003906 0.3297526041666667 1735.3710021972656 911.2304382324219 1801.3715515136719 977.2309875488281 0.7882021949404762 
1011 1698.6416442871093 911.8953460693359 1785.3650695800782 955.2570587158203 0.2538364955357143 1737.507666015625 912.4029296875 1801.607568359375 976.50283203125 0.8000837053571429 
1012 1697.1661376953125 912.901821899414 1778.6287841796875 945.1080047607422 0.30581519717261907 1736.8045349121094 913.5576110839844 1803.1113586425781 977.9699768066406 0.7866443452380952 
1013 1700.4072143554688 912.3795349121094 1781.2817504882812 949.9955871582031 0.3007928757440476 1736.8658630371094 913.4645568847657 1802.694073486328 979.2927673339843 0.78369140625 
1014 1699.112286376953 915.8690826416016 1776.3412048339844 949.7745330810546 0.31782459077380953 1738.3062805175782 915.2895660400391 1802.3498474121093 979.3330535888672 0.7675083705357143 
1015 1698.7148315429688 915.1153594970704 1779.4782836914062 947.0451019287109 0.32228887648809523 1739.6745849609374 914.3207458496094 1803.5339111328126 978.1802307128906 0.7744140625 
1016 1700.7149536132813 914.9112396240234 1789.1558959960937 950.6640167236328 0.3023042224702381 1741.171923828125 914.5493743896484 1805.1505859375 978.5279571533204 0.7804594494047619 
1017 1698.331640625 914.0905395507813 1777.339013671875 947.9508422851562 0.3593168712797619 1740.58466796875 914.9587524414062 1804.543017578125 978.9171020507813 0.7750651041666666 
1018 1699.5646850585938 914.292138671875 1778.6206176757812 946.2909912109375 0.34957449776785715 1741.8436767578125 914.7265319824219 1805.8413818359375 980.6064758300781 0.7764834449404762 
1019 1702.7062866210938 914.2647369384765 1785.2883422851562 948.0483123779297 0.34061104910714285 1743.8529907226562 916.7913513183594 1807.6662963867188 978.7278137207031 0.7971307663690477 
1020 1702.9689819335938 916.7242248535156 1787.7346313476562 948.7467224121094 0.35049293154761907 1744.6997131347657 916.1446075439453 1806.8611999511718 978.3060150146484 0.7754836309523809 
1021 1704.085107421875 914.33740234375 1784.495947265625 951.73779296875 0.3074544270833333 1743.4274597167969 917.286279296875 1807.0079650878906 978.996923828125 0.78173828125 
1022 1704.1879638671876 914.0716552734375 1787.1023193359374 949.8756103515625 0.32213774181547616 1744.0506591796875 915.1587951660156 1808.1207275390625 979.2290222167969 0.8003859747023809 
1023 1721.8879028320312 922.9987609863281 1797.0444702148438 956.8192321777344 0.34340122767857145 1745.0851684570312 918.3014770507813 1807.0893920898438 980.3057006835937 0.7463727678571429 
1024 1714.31240234375 921.5430053710937 1791.23837890625 955.3153930664063 0.33371698288690477 1746.5694213867187 918.5121520996094 1806.6090454101563 978.5519348144531 0.7733444940476191 
1025 1711.0761352539062 918.9901733398438 1790.1333374023438 956.6365356445312 0.3120698474702381 1744.6682739257812 917.3974426269531 1808.6669311523438 981.3962585449219 0.7938755580357143 
1026 1718.473944091797 919.7091827392578 1795.7666564941405 953.6425628662109 0.35820079985119047 1747.9843872070312 916.4463623046875 1808.3102905273438 978.65751953125 0.7771344866071429 
1027 1712.2102416992188 918.3277801513672 1797.3764282226562 950.5017486572266 0.34679594494047616 1746.8590576171875 916.2896606445313 1809.3142822265625 978.7448852539062 0.7694847470238095 
1028 1711.3457092285157 916.0509704589844 1792.5660339355468 953.8279357910156 0.33164760044642855 1748.6140441894531 917.5765930175781 1809.0572204589844 979.9085144042969 0.7830636160714286 
1029 1708.3431762695313 919.3219360351562 1787.7932983398437 955.2636352539063 0.30628022693452384 1746.6859008789063 916.0478912353516 1809.1109741210937 980.3646453857422 0.7895042782738095 
1030 1704.809344482422 917.5857086181641 1787.9793518066406 949.7195281982422 0.3236723400297619 1747.9210083007813 915.3319305419922 1810.2984741210937 979.5996490478516 0.7959449404761905 
1031 1705.3689819335937 916.8753173828125 1794.0777954101563 950.84892578125 0.31894066220238093 1749.0701293945312 916.5123809814453 1811.3549194335938 978.797250366211 0.7809244791666666 
1032 1711.9252319335938 920.7607574462891 1790.5774536132812 954.4687957763672 0.2957356770833333 1748.4423095703125 917.5195892333984 1810.2405517578125 979.3177520751954 0.7887369791666666 
1033 1698.8776611328126 915.699560546875 1778.9609619140624 949.222802734375 0.27144949776785715 1746.6554626464845 916.7740234375 1809.976983642578 978.23330078125 0.7922014508928571 
1034 1711.5045349121094 920.2229736328125 1784.543682861328 952.060595703125 0.3004789806547619 1747.1596923828124 916.765493774414 1810.8349365234376 978.5679412841797 0.7791573660714286 
1035 1715.7352661132813 919.296664428711 1796.7215209960937 962.6148956298828 0.26682245163690477 1746.6664489746095 917.1235046386719 1810.702081298828 979.2757873535156 0.8005254836309523 
1036 1707.4648681640624 920.2938415527344 1778.4557861328126 950.1847961425781 0.27900623139880953 1745.690740966797 916.6293243408203 1809.2090393066405 978.279428100586 0.7795758928571429 
1037 1708.8845336914062 918.2761291503906 1785.9714233398438 952.1191345214844 0.2945963541666667 1746.5602416992188 916.2513427734375 1810.4859008789062 980.177001953125 0.7991536458333334 
1038 1713.9718627929688 919.7502197265625 1789.2788696289062 953.6384521484375 0.2878999255952381 1747.13583984375 916.27451171875 1811.146875 980.285546875 0.7832728794642857 
1039 1710.6141418457032 918.9968902587891 1793.5419860839843 954.8066375732421 0.2981770833333333 1747.5837341308593 915.7348663330079 1811.6644348144532 979.8154876708984 0.7762276785714286 
1040 1709.132635498047 915.2470489501953 1790.0498596191405 952.8830169677734 0.2883998325892857 1747.275164794922 916.5498931884765 1811.2562072753906 980.5308563232422 0.7984793526785714 
1041 1711.4487365722657 920.0062408447266 1786.8070007324218 953.9174041748047 0.2947474888392857 1747.5337951660156 916.3107879638671 1811.588153076172 982.2492095947266 0.7988048735119048 
1042 1708.330145263672 919.0468902587891 1796.8359924316405 954.8258514404297 0.25828334263392855 1747.3683044433594 915.7876770019532 1811.393780517578 979.8131530761718 0.7803664434523809 
1043 1713.4289184570312 919.1412475585937 1796.3454956054688 954.9461547851563 0.255126953125 1747.494287109375 915.879672241211 1811.566259765625 979.9515655517578 0.7857607886904762 
1044 1721.6938354492188 922.9261077880859 1803.1999633789062 958.9404083251953 0.31405784970238093 1750.1261779785157 918.6248046875 1812.6774108886718 979.28046875 0.7610677083333334 
1045 1722.0963623046875 921.9726531982421 1811.1450927734375 961.7603179931641 0.3024786086309524 1751.3906127929688 917.8918243408203 1813.9140747070312 980.4153656005859 0.7583240327380952 
1046 1725.7088012695312 923.210791015625 1816.3961791992188 962.8864990234375 0.30601283482142855 1752.2319641113281 917.6882019042969 1814.5794372558594 980.0356750488281 0.7587890625 
1047 1726.4456909179687 924.0412567138671 1822.7405883789063 961.8040191650391 0.29443359375 1747.3604248046875 916.8518157958985 1813.4452392578125 979.1603302001953 0.7635091145833334 
1048 1725.7676574707032 922.1759429931641 1823.5198181152343 961.6527313232422 0.31591796875 1748.4704223632812 916.6809814453125 1812.3852905273438 978.7159912109375 0.7478143601190477 
1049 1721.975164794922 922.6569915771485 1802.8225646972655 960.2604278564453 0.2607538132440476 1749.743914794922 918.8243347167969 1815.5499084472656 977.1096252441406 0.7574172247023809 
1050 1726.8798889160157 922.7080017089844 1817.1424499511718 962.1978820800781 0.29709588913690477 1750.1687927246094 919.0917572021484 1814.1047668457031 977.3863311767578 0.7424432663690477 
1051 1713.49541015625 910.5315002441406 1794.847607421875 953.0565124511719 0.28726050967261907 1747.131414794922 916.7182495117188 1808.1455627441405 979.5813110351562 0.7166573660714286 
1052 1711.4992553710938 910.8239135742188 1794.5764282226562 951.4393920898438 0.2656773158482143 1746.5052978515625 916.5753540039062 1809.2747314453125 981.1910034179688 0.7325148809523809 
1053 1712.563458251953 913.4209869384765 1797.4317810058594 952.1652557373047 0.22663225446428573 1750.811016845703 916.11748046875 1811.6947204589844 980.6912353515625 0.7685546875 
1054 1707.6079528808593 911.5309661865234 1792.8809387207032 954.1674591064453 0.2088681175595238 1748.6759094238282 917.7339630126953 1811.7038513183593 980.7618255615234 0.7796456473214286 
1055 1700.4359741210938 913.2939971923828 1793.1704711914062 948.533090209961 0.20347958519345238 1751.368603515625 917.0033752441407 1810.7185546875 981.9175231933593 0.7862025669642857 
1056 1708.045916748047 906.2254028320312 1800.5120666503906 952.4585571289062 0.22940499441964285 1754.7769592285156 917.1079956054688 1812.105975341797 979.9850219726562 0.7795293898809523 
1057 1755.4406799316407 908.5987609863281 1790.5294128417968 951.0745788574219 0.20127069382440477 1755.7247985839845 917.8326782226562 1812.974786376953 978.7762084960938 0.7732979910714286 
1058 1755.072216796875 910.9924926757812 1791.903857421875 953.3488159179688 0.19716680617559523 1755.3555969238282 917.367153930664 1814.2861267089843 978.1393768310547 0.7740420386904762 
1059 1761.4468139648438 922.19443359375 1795.2318969726562 963.48720703125 0.1937197730654762 1753.6502685546875 918.3683807373047 1817.4664306640625 980.3074615478515 0.7973167782738095 
1060 1743.4096069335938 920.5868225097656 1799.9878540039062 962.0774841308594 0.22555687313988096 1755.8133178710937 918.1931304931641 1818.0492309570313 980.4291229248047 0.7830403645833334 
1061 1758.1451599121094 926.4956848144532 1795.767559814453 954.7124450683593 0.19256301153273808 1753.6595520019532 918.2477508544922 1817.6174255371093 980.324575805664 0.7852957589285714 
1062 1757.9267456054688 916.403125 1792.9521606445312 951.4285400390625 0.20107305617559523 1758.423046875 917.6793426513672 1813.7263671875 978.5129791259766 0.7793433779761905 
1063 1720.2836303710938 917.151806640625 1801.2210083007812 958.5616943359375 0.21087937127976192 1757.4221557617188 917.6585968017578 1817.6547485351562 979.7733489990235 0.7738792782738095 
1064 1718.6818359375 914.8345245361328 1801.47685546875 961.877084350586 0.24257696242559523 1756.2435241699218 918.8874237060547 1814.5764221191407 980.983609008789 0.7746930803571429 
1065 1708.4935729980468 907.833871459961 1788.5614807128907 952.5228790283203 0.23319498697916666 1750.7476867675782 916.9292510986328 1812.1950622558593 982.100717163086 0.7685314360119048 
1066 1705.06845703125 909.0275482177734 1792.05166015625 953.4445587158203 0.20760672433035715 1750.7666748046875 918.0675476074218 1811.8400146484375 982.8423645019532 0.7827380952380952 
1067 1705.12138671875 910.9794891357421 1787.457470703125 954.0187408447266 0.2039853050595238 1752.1191467285157 918.4645416259766 1813.8712097167968 983.9591033935546 0.7935035342261905 
1068 1710.4231994628906 909.0228607177735 1798.852557373047 957.7492950439453 0.2385312034970238 1756.9978088378907 919.850961303711 1814.7476745605468 983.0148223876953 0.7946893601190477 
1069 1704.91064453125 926.2311889648438 1801.112548828125 961.6739624023437 0.27529180617559523 1756.8414733886718 919.220492553711 1819.2882873535157 981.6673858642578 0.8181966145833334 
1070 1770.7334350585938 930.8146331787109 1794.8700805664062 953.2271759033204 0.18460518973214285 1755.5485900878907 920.934536743164 1819.3382507324218 983.0000946044922 0.8482142857142857 
1071 1718.6816467285157 918.7137634277344 1805.5831237792968 959.3909729003906 0.2764485677083333 1760.7100830078125 920.633837890625 1816.1790771484375 981.6497314453125 0.7561383928571429 
1072 1705.7682678222657 914.9015686035157 1800.4449890136718 957.5989196777343 0.21371023995535715 1756.9623474121095 917.614794921875 1816.367364501953 986.3018310546875 0.7891787574404762 
1073 1712.0978759765626 917.3029266357422 1800.0395751953124 962.209341430664 0.22041829427083334 1755.2051940917968 919.2460083007812 1818.8225158691407 984.7344604492188 0.7835984002976191 
1074 1718.508935546875 918.2039184570312 1801.14462890625 958.6035766601562 0.2902250744047619 1761.451239013672 921.735317993164 1814.7053771972655 980.4985076904297 0.7724841889880952 
1075 1708.2966186523438 913.9144653320312 1797.8833129882812 960.5741821289063 0.24197823660714285 1752.9464477539063 918.7239807128906 1816.4036499023437 985.9140808105469 0.7738095238095238 
1076 1756.7439331054688 918.9235809326171 1811.2826782226562 964.0591461181641 0.22674269903273808 1757.1055969238282 919.863916015625 1821.0476013183593 981.9252685546875 0.7762276785714286 
1077 1729.255841064453 917.1828002929688 1800.8194763183594 968.0307006835938 0.21005394345238096 1759.5327697753905 919.7904327392578 1819.796942138672 985.7042572021485 0.8065476190476191 
1078 1721.7734008789062 917.2999725341797 1815.8523315429688 966.2209625244141 0.2549641927083333 1760.4181274414063 919.9052276611328 1820.6285034179687 983.8788909912109 0.7807384672619048 
1079 1743.1588439941406 920.6587646484375 1820.5058288574219 969.708056640625 0.27188546316964285 1764.2006958007812 920.3685485839844 1822.6826049804688 984.5098693847656 0.7531854538690477 
1080 1755.899755859375 917.2118194580078 1814.477197265625 968.2308685302735 0.2669096447172619 1771.7433532714845 920.0462036132812 1818.983087158203 984.2924194335938 0.7378394717261905 
1081 1756.8515869140624 917.9013854980469 1815.5439208984376 969.0204895019531 0.2576497395833333 1772.2892639160157 920.7413208007813 1823.4083679199218 985.1135375976562 0.7216099330357143 
1082 1725.3468078613282 909.2704925537109 1830.9706970214843 965.8546905517578 0.27390252976190477 1772.0649963378905 916.4523345947266 1824.877020263672 986.2394989013671 0.7367234002976191 
1083 1719.2366455078125 908.5382507324218 1826.2130615234375 968.5951721191407 0.24930826822916666 1771.4977233886718 919.2214202880859 1825.9242736816407 986.7854766845703 0.7402576264880952 
1084 1783.8211791992187 909.736703491211 1821.4351684570313 968.0382598876953 0.21932547433035715 1771.9583251953125 915.4511474609375 1824.6178466796875 986.9175048828125 0.7464425223214286 
1085 1782.9034240722656 916.7327545166015 1829.987322998047 965.6999237060547 0.23356119791666666 1771.0238342285156 912.2416809082031 1833.1745300292969 987.5758239746094 0.71337890625 
1086 1658.7433349609375 905.9214080810547 1711.3628662109375 943.5067535400391 0.22660319010416666 1764.415948486328 914.3781188964844 1828.3109802246095 991.4280334472656 0.7203311011904762 
1087 1650.157781982422 905.1193969726562 1702.5549865722655 951.9025756835938 0.3151448567708333 1761.3578369140625 914.4040405273438 1823.1116455078125 992.9997680664062 0.7199125744047619 
1088 1672.8850219726562 913.8922882080078 1724.8034545898438 960.2480316162109 0.22505696614583334 1759.6772888183593 919.6689270019531 1813.4500305175782 990.1296569824219 0.7505115327380952 
1089 1646.2839965820312 906.3211639404296 1703.6112670898438 954.4020416259766 0.23185221354166666 1755.8174621582032 921.8265655517578 1813.1445739746093 995.797152709961 0.7827613467261905 
1090 1664.2541381835938 912.3773345947266 1729.6181762695312 932.9203338623047 0.19785853794642858 1757.2722412109374 925.2346282958985 1813.2985595703126 996.2013458251953 0.7717168898809523 
1091 1754.5068725585938 926.9279205322266 1812.6098266601562 1001.8995330810546 0.8230794270833334 
1092 1753.9541076660157 930.7115539550781 1810.1837097167968 1003.8100524902344 0.83447265625 
1093 1754.069354248047 933.5806457519532 1812.3438537597656 1005.0138366699218 0.8348446800595238 
1094 1754.1930236816406 932.0363677978515 1810.4245300292969 1007.0117889404297 0.8377511160714286 
1095 1754.1804992675782 935.4876129150391 1808.5242126464843 1006.6966522216796 0.8420293898809523 
1096 1753.7344116210938 936.0407745361329 1808.2731567382812 1007.5053070068359 0.8330078125 
1097 1784.0791870117187 925.7049346923828 1789.7098754882813 963.2425140380859 0.16762288411458334 1753.688165283203 933.1402923583985 1809.9945739746095 1006.3385284423828 0.8281715029761905 
1098 1753.3971740722657 936.3646789550781 1809.4230163574218 1005.4632019042969 0.8482607886904762 
1099 1752.6998718261718 937.0067810058594 1810.7858459472657 1008.2089172363281 0.8347749255952381 
1100 1783.4774047851563 926.98154296875 1794.7340209960937 979.512841796875 0.19974190848214285 1753.7480529785157 938.021728515625 1810.0316101074218 1007.4381103515625 0.8310314360119048 
1101 1786.2286560058594 922.5054504394532 1805.138165283203 973.5610778808593 0.2740478515625 1752.3371337890626 936.1057708740234 1812.8474365234374 1007.9617950439454 0.8218703497023809 
1102 1784.14052734375 924.0585662841797 1801.014501953125 976.5555084228515 0.22499302455357142 1753.42109375 937.7596710205078 1811.5427734375 1009.0055267333985 0.8184988839285714 
1103 1774.3526000976562 929.8838317871093 1795.0031127929688 976.8169738769532 0.23826381138392858 1752.474609375 935.5158599853515 1812.548828125 1008.7313934326172 0.8302873883928571 
1104 1712.1723510742188 929.32109375 1803.0571411132812 970.9766357421875 0.2821568080357143 1753.5365783691407 935.8024993896485 1814.1263854980468 1009.6462921142578 0.8172200520833334 
1105 1727.5019592285157 928.9121978759765 1799.7943054199218 974.5706512451172 0.23245675223214285 1752.0140625 937.5463134765625 1814.794287109375 1009.838818359375 0.8232654389880952 
1106 1712.93369140625 932.7153594970703 1802.21474609375 976.406039428711 0.2836797805059524 1752.9712768554687 938.414111328125 1811.8588012695313 1008.699169921875 0.8217540922619048 
1107 1765.5080810546874 923.2233367919922 1790.2309326171876 970.767202758789 0.21390787760416666 1752.5615173339843 939.8270935058594 1813.4176086425782 1008.2902160644531 0.8184756324404762 
1108 1673.2320861816406 919.4254516601562 1796.6471862792969 963.0954223632813 0.23617117745535715 1751.8088073730469 938.2663452148438 1814.4657287597656 1008.5180786132812 0.8108258928571429 
1109 1696.1833801269531 921.7468658447266 1798.4544372558594 965.3067840576172 0.2347412109375 1751.9808654785156 935.9511779785156 1812.5859069824219 1007.9197937011719 0.8047107514880952 
1110 1624.28466796875 899.6717102050782 1710.971435546875 935.4770935058593 0.30187406994047616 1752.21279296875 935.9119232177734 1810.632177734375 1009.4072296142579 0.8002697172619048 
1111 1689.2306091308594 921.9395416259765 1798.029278564453 952.4794647216797 0.2840459914434524 1752.2193176269532 934.493212890625 1811.3904235839843 1008.9343994140625 0.7609281994047619 
1112 1632.7078857421875 898.9088470458985 1710.5396728515625 931.1805694580078 0.35646856398809523 1750.8428039550781 933.0788482666015 1817.2845153808594 1010.9107147216797 0.7725539434523809 
1113 1633.7511596679688 911.889111328125 1781.4785766601562 942.1921875 0.33271716889880953 1752.632305908203 934.3250213623047 1817.0262634277344 1010.082632446289 0.7699265252976191 
1114 1624.2793212890624 904.5685394287109 1751.0343994140626 931.0546905517579 0.3337518601190476 1752.7080139160157 935.4932556152344 1813.2476745605468 1009.2760314941406 0.7995489211309523 
1115 1636.8455749511718 907.8869873046875 1798.0009826660157 941.6171630859375 0.41255115327380953 1753.9643188476562 931.5269470214844 1812.0552124023438 1010.2307434082031 0.7862258184523809 
1116 1640.1134765625 908.4871551513672 1795.192431640625 943.5645416259765 0.4573451450892857 1752.8012329101562 928.0850250244141 1817.4175170898438 1014.8553436279296 0.78271484375 
1117 1654.6870239257812 913.6678527832031 1803.8420288085938 941.9883972167969 0.4870721726190476 1751.63056640625 928.917367553711 1815.823779296875 1013.8790802001953 0.7814127604166666 
1118 1649.6077819824218 914.5436187744141 1789.5080627441407 945.2066864013672 0.4407552083333333 1751.7689270019532 932.1601287841797 1811.1787048339843 1014.5672271728515 0.7927827380952381 
1119 1647.2245544433595 915.5804626464844 1790.485284423828 946.1426818847656 0.48320079985119047 1752.2090209960938 931.8901306152344 1813.3334594726562 1012.1160949707031 0.7794828869047619 
1120 1698.119970703125 924.5436614990234 1805.19033203125 953.2232452392578 0.5663364955357143 1753.1994323730469 933.2945983886718 1816.2943420410156 1013.5973693847657 0.7557431175595238 
1121 1652.0632080078126 917.4733764648438 1776.1484619140624 949.9264038085937 0.4531366257440476 1753.7543518066407 932.5251068115234 1811.0243347167968 1012.7032257080078 0.7659505208333334 
1122 1677.59921875 917.3464385986329 1786.148583984375 948.3605316162109 0.459716796875 1755.4327270507813 934.3445770263672 1809.7074096679687 1011.879849243164 0.7593238467261905 
1123 1679.3821533203125 921.9898834228516 1788.2089111328125 955.0266571044922 0.475830078125 1753.5278381347657 931.5570709228516 1815.7147155761718 1011.2338836669921 0.7433035714285714 
1124 1702.3227172851562 915.9923858642578 1794.7607788085938 948.7308197021484 0.48621186755952384 1755.6523498535157 931.1764709472657 1809.5745788574218 1012.0597351074218 0.7643461681547619 
1125 1665.0047607421875 911.5651031494141 1782.3094482421875 946.1795867919922 0.42045665922619047 1754.721435546875 933.3101013183593 1812.412109375 1010.2311584472657 0.7606956845238095 
1126 1688.5150573730468 911.1319976806641 1798.7438537597657 944.0072235107422 0.5474795386904762 1754.2656616210938 932.5529327392578 1810.3468872070312 1011.8403167724609 0.7798084077380952 
1127 1689.9153137207031 912.8082458496094 1790.5518493652344 947.6440246582031 0.5071149553571429 1754.5996887207032 926.5788177490234 1810.7239196777343 1009.7974639892578 0.7753673735119048 
1128 1670.4107971191406 911.4499267578125 1788.6208190917969 946.3315673828125 0.4122721354166667 1752.9192504882812 923.3007202148438 1814.9310913085938 1010.5048217773438 0.7563244047619048 
1129 1639.5614440917968 914.6521057128906 1790.1645080566407 945.5450378417969 0.36318824404761907 1752.0681213378907 920.0732177734375 1815.7847839355468 1006.959619140625 0.7626255580357143 
1130 1641.7005249023437 906.5743957519531 1786.7987426757813 946.6673034667969 0.3167201450892857 1754.636279296875 919.1309326171875 1811.91181640625 1003.1351806640625 0.7660667782738095 
1131 1632.905987548828 895.5989776611328 1752.6515075683594 937.4148773193359 0.3559686569940476 1753.9673706054687 918.7731658935547 1812.8898071289063 1000.5042388916015 0.7402808779761905 
1132 1623.7304260253907 892.4125244140625 1722.8885925292968 926.7365234375 0.38227771577380953 1756.1858520507812 916.6886688232422 1813.3925170898438 994.8710845947265 0.7203311011904762 
1133 1629.2689086914063 894.53291015625 1724.4066284179687 934.490771484375 0.4011346726190476 1755.1435119628907 918.3905364990235 1812.2262390136718 992.5980499267578 0.7206333705357143 
1134 1635.660626220703 904.7545654296875 1751.9720642089844 944.7962158203125 0.43896484375 1753.952215576172 920.3018615722656 1811.1545959472655 990.8514587402344 0.7182849702380952 
1135 1645.991943359375 906.2256286621093 1754.993896484375 946.3842346191407 0.4471958705357143 1756.6120910644531 916.9639709472656 1812.0691833496094 991.5443298339844 0.7056129092261905 
1136 1646.2208251953125 906.2874603271484 1753.1820068359375 946.3979034423828 0.41562034970238093 1753.3288208007812 918.9230133056641 1810.6294311523438 989.5937713623047 0.7241675967261905 
1137 1649.243475341797 909.8838012695312 1755.9290100097655 946.0806762695313 0.4284551711309524 1752.9248779296875 921.0213043212891 1811.9828369140625 987.6997039794921 0.7220284598214286 
1138 1658.7421997070312 909.9283569335937 1757.4968139648438 949.8100463867188 0.45300874255952384 1754.1369262695312 919.5701080322266 1811.1106323242188 989.8377899169922 0.7311895461309523 
1139 1643.621044921875 909.4305084228515 1751.803515625 947.3892547607422 0.4411737351190476 1752.9714721679688 920.3071136474609 1811.8075805664062 990.5308380126953 0.7240048363095238 
1140 1636.006524658203 907.5375305175781 1746.0617126464845 943.5901550292969 0.4442661830357143 1752.8490051269532 921.5498992919922 1811.6716247558593 987.9624908447265 0.7384672619047619 
1141 1649.6956481933594 908.933218383789 1753.6948547363281 946.7510467529297 0.45040457589285715 1753.840313720703 921.2239685058594 1812.4579040527344 991.1870422363281 0.7459309895833334 
1142 1631.6717468261718 903.4000549316406 1741.7697814941407 939.4666442871094 0.4296061197916667 1751.4800354003905 921.5793487548829 1810.325506591797 989.9160736083984 0.7343982514880952 
1143 1646.4211364746093 905.7394989013671 1752.5138000488282 947.4187652587891 0.41188848586309523 1752.4408752441407 919.9483215332032 1811.1708190917968 990.0453308105468 0.7493489583333334 
1144 1653.156884765625 909.4935607910156 1757.847509765625 947.5628356933594 0.3914155505952381 1750.453271484375 920.4018676757812 1811.364111328125 990.8300659179688 0.7373511904761905 
1145 1648.0465515136718 909.0725677490234 1756.5456115722657 945.2388946533204 0.3878696986607143 1750.176202392578 919.7614379882813 1811.0878356933595 990.1905883789062 0.7281901041666666 
1146 1635.9448608398438 902.8456329345703 1746.2477661132812 944.684701538086 0.4048549107142857 1749.9050720214843 921.7170776367187 1810.7617980957032 990.1809936523438 0.7509998139880952 
1147 1656.8687316894532 913.3095520019531 1761.2700622558593 949.3755065917969 0.3897181919642857 1749.2967407226563 921.0483917236328 1811.9376342773437 991.282113647461 0.7483491443452381 
1148 1651.2381774902344 909.1757629394531 1761.296856689453 947.1269714355469 0.37632533482142855 1753.2686401367187 920.0502319335938 1813.9906372070313 990.2600708007812 0.7215401785714286 
1149 1696.1496948242188 923.2171447753906 1772.0641723632812 955.4808532714844 0.48244512648809523 1752.1366638183595 919.8593933105469 1810.970391845703 993.8760803222656 0.7261672247023809 
1150 1689.254327392578 923.9112274169922 1772.4811462402345 954.175503540039 0.4921061197916667 1756.1122314453125 918.6731750488282 1814.7493408203125 994.3339050292968 0.7041480654761905 
1151 1696.9509216308593 927.3144836425781 1772.3875793457032 961.2609558105469 0.5367489769345238 1758.6058471679687 918.3926544189453 1815.1834594726563 991.9433441162109 0.7181454613095238 
1152 1701.7210205078125 924.1819885253906 1770.4464599609375 955.7585632324219 0.5356794084821429 1755.444024658203 922.7531860351562 1816.7396911621095 991.4786254882813 0.7529296875 
1153 1706.2942687988282 927.2416015625 1767.8520935058593 958.95322265625 0.5229259672619048 1753.2159606933594 919.8517425537109 1818.504620361328 990.7365753173829 0.7411411830357143 
1154 1666.5642639160155 922.2107818603515 1753.609197998047 952.4872772216797 0.4292573474702381 1751.134698486328 924.1030487060547 1811.6876892089845 988.4405914306641 0.7224934895833334 
1155 1675.0375366210938 925.9102172851562 1763.8682250976562 958.0404663085938 0.4336053757440476 1752.4554626464844 923.2205810546875 1812.935772705078 991.2611083984375 0.7278413318452381 
1156 1693.4378845214844 928.0785247802735 1768.765362548828 958.2095001220703 0.46437872023809523 1752.9031372070312 923.95 1815.0482788085938 989.8615234375 0.7141229538690477 
1157 1679.7000549316406 929.1635131835938 1776.152850341797 961.3143920898438 0.3918340773809524 1756.5858276367187 918.7616912841797 1817.1053344726563 990.6285064697265 0.6881975446428571 
1158 1685.8946533203125 929.8217895507812 1778.1705322265625 969.3686401367188 0.36376953125 1754.5583068847657 918.667593383789 1816.7032897949218 992.1116424560547 0.6971493675595238 
1159 1690.0411254882813 929.6131042480469 1768.8114135742187 961.4962707519531 0.4497651599702381 1751.1386657714843 924.0587738037109 1813.0294250488282 991.5761749267579 0.7211216517857143 
1160 1696.6143981933594 929.776577758789 1771.941876220703 961.7907440185547 0.47236560639880953 1753.1824157714843 922.7508361816406 1815.3277160644532 990.5455505371094 0.6861514136904762 
1161 1697.0765014648437 929.4101135253907 1772.5885375976563 963.3905456542968 0.4616001674107143 1752.5488342285157 920.4793823242187 1812.9583679199218 994.1036254882813 0.7180292038690477 
1162 1694.225848388672 930.0301940917968 1772.9778869628906 960.0309631347657 0.43917410714285715 1755.5255981445312 920.9434234619141 1815.5271362304688 992.1953094482421 0.6932896205357143 
1163 1686.8201110839843 922.7537689208984 1786.8545715332032 966.1649932861328 0.31553431919642855 1758.6154479980469 924.0604766845703 1815.2389221191406 993.895883178711 0.7062872023809523 
1164 1689.7270874023438 925.3494384765625 1767.7616821289062 965.318408203125 0.41672479538690477 1759.928955078125 923.519418334961 1813.220703125 992.0375274658203 0.7257486979166666 
1165 1689.2773559570312 926.8743865966796 1776.2158081054688 968.4536773681641 0.3493768601190476 1756.516583251953 923.6032897949219 1815.1056091308594 993.5320861816406 0.7535342261904762 
1166 1687.5382751464845 923.8691589355469 1780.608087158203 965.6556213378906 0.35202752976190477 1760.5915161132812 921.6045684814453 1815.6736206054688 995.6805267333984 0.7333519345238095 
1167 1683.4267883300781 919.1824401855469 1793.8704528808594 972.5000549316406 0.25973074776785715 1760.9132080078125 919.6950714111329 1821.8475341796875 993.9589202880859 0.7218656994047619 
1168 1646.4335021972656 918.024560546875 1798.5146179199219 967.4509033203125 0.23892647879464285 1761.810498046875 921.0222839355469 1826.444873046875 995.1617980957031 0.6982421875 
1169 1643.9593688964844 916.9842224121094 1796.674298095703 954.6916809082031 0.24998837425595238 1762.9552307128906 919.8848449707032 1827.0578308105469 995.2996032714843 0.7278180803571429 
1170 1647.3898498535157 908.6588134765625 1718.2882507324218 940.37646484375 0.38090587797619047 1762.8508850097655 915.9782592773438 1828.151922607422 996.2053344726562 0.7432803199404762 
1171 1653.64228515625 908.3464904785156 1719.31767578125 936.4931091308594 0.41077241443452384 1762.6924438476562 915.4913696289062 1833.9972534179688 994.3019653320313 0.7189825148809523 
1172 1684.5146911621093 920.2713653564454 1788.1197082519532 954.1784027099609 0.31802222842261907 1760.0810607910157 918.1702484130859 1824.1278015136718 995.4030548095703 0.7154017857142857 
1173 1633.471746826172 908.7288970947266 1800.4155822753905 942.8765106201172 0.25772530691964285 1766.1950073242188 920.1844146728515 1832.5930786132812 994.1708709716797 0.7505347842261905 
1174 1681.9564697265625 917.5637847900391 1800.2456787109375 965.2611053466796 0.29553803943452384 1763.7756713867188 915.2890441894531 1834.3676391601562 995.4204284667969 0.7099144345238095 
1175 1667.7831176757813 912.9213623046875 1793.1775756835937 950.9197021484375 0.30380394345238093 1761.828875732422 918.548062133789 1832.1258361816406 996.4446746826172 0.7167038690476191 
1176 1634.0946105957032 878.5724090576172 1731.1142517089843 924.2287994384766 0.46349516369047616 1765.502911376953 917.2778961181641 1839.6944763183594 995.2741668701171 0.7274460565476191 
1177 1634.3928100585938 872.7385833740234 1731.2317016601562 916.4110137939454 0.4165620349702381 1763.8764343261719 916.7761444091797 1839.8285217285156 996.5257965087891 0.7242140997023809 
1178 1635.2602294921876 875.4864501953125 1737.7888427734374 921.0546875 0.42275855654761907 1763.932196044922 917.0382354736328 1839.8792053222655 994.884066772461 0.7262602306547619 
1179 1631.2757934570313 879.4352447509766 1741.3152709960937 923.0716522216796 0.47887602306547616 1764.08212890625 916.1394653320312 1836.176904296875 995.8231811523438 0.7282366071428571 
1180 1626.861572265625 877.4845581054688 1740.79248046875 921.1580200195312 0.5387369791666666 1765.8426330566406 915.6805786132812 1839.897723388672 995.4322143554688 0.7273763020833334 
1181 1634.6025146484376 890.2487182617188 1751.9941650390624 930.0104370117188 0.39497302827380953 1763.4275024414062 916.0282928466797 1837.2707397460938 997.4451568603515 0.7220284598214286 
1182 1632.626239013672 891.3771606445313 1748.5691955566406 933.1926635742187 0.40856352306547616 1764.4328491210938 916.4518676757813 1840.4609497070312 994.3807739257812 0.7215866815476191 
1183 1634.4997253417969 896.4916625976563 1753.9078674316406 938.1897338867187 0.3234747023809524 1763.4575805664062 916.9033233642579 1839.2723999023438 996.5087249755859 0.7279808407738095 
1184 1636.01552734375 894.6258911132812 1744.752783203125 936.5946899414063 0.3860560825892857 1763.4626220703126 918.1049163818359 1835.9541259765624 998.2271759033204 0.7181454613095238 
1185 1633.3040405273437 897.4660400390625 1737.3805297851563 935.3120361328125 0.40516880580357145 1763.4359558105468 917.4079376220703 1837.2355529785157 996.8844818115234 0.7169363839285714 
1186 1640.518621826172 912.5592193603516 1823.7219787597655 948.4445037841797 0.2830810546875 1765.245166015625 917.9347717285157 1837.015576171875 995.3712585449218 0.7256091889880952 
1187 1636.7105407714844 915.9595642089844 1826.2571105957031 942.2333068847656 0.30226934523809523 1763.5320556640625 917.3309326171875 1842.3534423828125 994.275634765625 0.7087053571428571 
1188 1713.279278564453 916.3293182373047 1837.6522399902344 963.4402740478515 0.2833251953125 1762.854541015625 918.431201171875 1834.4630859375 997.577587890625 0.7096586681547619 
1189 1714.8821533203125 929.7145690917969 1836.8866455078125 961.6234436035156 0.31384858630952384 1765.7053100585938 920.6184173583985 1835.1540649414062 993.8210968017578 0.7073800223214286 
1190 1730.2479675292968 926.5261444091797 1845.5580627441407 970.0037017822266 0.33384486607142855 1764.3466491699219 921.8003234863281 1836.1791076660156 993.6327819824219 0.70947265625 
1191 1719.3828674316405 919.6146392822266 1828.600164794922 972.3402557373047 0.28451683407738093 1764.503759765625 920.5561981201172 1834.176904296875 990.2292633056641 0.7265392485119048 
1192 1732.0649536132812 923.8123291015625 1842.8388549804688 976.3829833984375 0.34347098214285715 1762.6107971191407 916.6633453369141 1833.9567077636718 993.6417694091797 0.7202845982142857 
1193 1729.4488342285156 925.0946533203125 1827.923358154297 976.2256591796875 0.328857421875 1762.5165161132813 919.5591033935547 1826.9036499023437 993.4149566650391 0.7217261904761905 
1194 1662.0291259765625 923.7974884033204 1813.9025146484375 968.7970550537109 0.24941289992559523 1759.7444641113282 920.3359893798828 1827.2436950683593 995.3352142333985 0.7337704613095238 
1195 1637.915106201172 919.9631042480469 1809.3816467285155 966.5572814941406 0.21076892671130953 1757.913037109375 919.6046539306641 1821.2810546875 994.1554168701172 0.7466982886904762 
1196 1642.928271484375 913.4930450439454 1768.050732421875 955.8139007568359 0.2614862351190476 1753.8966918945312 918.3762359619141 1812.7778686523438 991.9777069091797 0.7669270833333334 
1197 1651.2148376464843 931.2846282958984 1676.7589172363282 934.9338165283203 0.17360723586309523 1748.268621826172 917.2494049072266 1808.4797912597655 993.8818817138672 0.7615327380952381 
1198 1645.0810302734376 916.4164520263672 1782.4201904296874 952.5583404541015 0.21652948288690477 1743.637255859375 916.9725006103515 1797.850048828125 996.4845916748047 0.7957356770833334 
1199 1746.0208251953125 919.9935760498047 1747.8387939453125 938.1728668212891 0.17661249069940477 1737.141015625 914.8194610595704 1791.67880859375 1002.0801361083984 0.8046875 
