0 2020.5667236328125 1153.021954345703 2182.5392333984373 1250.5538513183594 0.8698149181547619 1933.7526550292969 1099.7678955078125 2012.1263732910156 1206.0079833984375 0.8428664434523809 
1 2017.8621704101563 1157.0802795410157 2183.865124511719 1253.9152038574218 0.8597470238095238 1926.9464050292968 1098.2875610351562 2004.7602600097657 1208.9560913085938 0.8424246651785714 
2 2014.81904296875 1160.6414184570312 2181.14921875 1256.6671752929688 0.8690708705357143 1922.4205810546875 1101.0209838867188 1997.8694580078125 1210.7646606445312 0.8550502232142857 
3 2013.613427734375 1164.4379028320313 2180.866552734375 1260.0110717773437 0.8638160342261905 1915.4802001953126 1108.905615234375 1988.8667236328124 1207.892236328125 0.8289388020833334 
4 2013.6279357910157 1166.2569519042968 2178.691278076172 1264.9545959472657 0.8710239955357143 1905.112811279297 1103.4255310058593 1978.2852600097656 1202.1231750488282 0.8171270461309523 
5 2011.3044555664062 1169.9838623046876 2178.1503784179686 1268.7292724609374 0.8817196800595238 1894.8792114257812 1108.8244873046874 1969.7894897460938 1204.1650146484376 0.8296130952380952 
6 2006.0351867675781 1175.7196166992187 2177.4671325683594 1272.4683715820313 0.8599097842261905 1887.025 1112.1343872070313 1958.313623046875 1205.4884155273437 0.8382859002976191 
7 1999.6255981445313 1183.4788391113282 2176.019665527344 1278.4602478027343 0.8524693080357143 1879.985528564453 1116.2220764160156 1951.2216247558595 1206.1152038574219 0.8517252604166666 
8 2006.719219970703 1187.9176025390625 2172.370989990234 1280.8853759765625 0.8190104166666666 1875.0040405273437 1114.3885803222656 1942.6170532226563 1202.2853698730469 0.8396577380952381 
9 2005.9481506347656 1193.7190551757812 2168.699676513672 1287.6786499023438 0.8262416294642857 1866.880224609375 1111.6980590820312 1937.35 1200.6239624023438 0.8264043898809523 
10 1997.1275512695313 1198.955615234375 2168.570446777344 1291.400341796875 0.8070824032738095 1862.6626403808593 1111.6179992675782 1933.2566711425782 1199.0203063964843 0.8226376488095238 
11 1998.2814514160157 1200.8724548339844 2166.470379638672 1291.694561767578 0.8055245535714286 1858.1671875 1110.5032958984375 1928.8064453125 1199.6434326171875 0.8285202752976191 
12 1993.670751953125 1200.6044311523438 2164.068505859375 1300.1436157226562 0.8402855282738095 1855.9121643066405 1118.1958740234375 1926.770574951172 1200.8639404296875 0.8241954985119048 
13 1991.9873291015624 1202.1046264648437 2159.5292724609376 1300.9544555664063 0.8111979166666666 1850.9298950195312 1115.8205200195312 1922.9729370117188 1202.9424194335938 0.8453078497023809 
14 1987.5336120605468 1204.332012939453 2155.3800842285154 1301.6830017089844 0.8064313616071429 1849.8995849609375 1116.98740234375 1923.7520263671875 1199.232080078125 0.8411923363095238 
15 1981.9519470214843 1209.939471435547 2149.116046142578 1303.5513732910156 0.80810546875 1850.0207580566407 1116.6489624023438 1923.5731140136718 1205.2460571289062 0.8487955729166666 
16 1976.3626098632812 1208.4229858398437 2149.3314819335938 1302.4644653320313 0.7746233258928571 1847.895330810547 1118.579852294922 1925.1436096191405 1207.5833557128906 0.8467959449404762 
17 1971.8835998535155 1210.0131286621095 2145.120184326172 1304.200128173828 0.7902715773809523 1846.9048950195313 1119.8370666503906 1925.9544799804687 1210.6601257324219 0.8497721354166666 
18 1967.3126159667968 1215.1958251953124 2142.0869201660157 1305.9438232421876 0.7853887648809523 1847.801806640625 1117.6609741210937 1926.786328125 1213.4505981445313 0.8543526785714286 
19 1963.6379089355469 1215.1018127441407 2141.0160217285156 1307.9351745605468 0.8099190848214286 1851.9955200195313 1120.546875 1924.9361206054687 1215.0380859375 0.8535621279761905 
20 1960.0346740722657 1216.0945678710937 2136.917352294922 1309.5419067382813 0.8226841517857143 1849.8361877441407 1123.4814819335938 1924.9278503417968 1218.5976196289062 0.8547944568452381 
21 1958.3825622558593 1216.8704956054687 2136.352911376953 1310.0137817382813 0.8226609002976191 1850.0139221191407 1121.999853515625 1924.8611999511718 1216.80654296875 0.8492373511904762 
22 1960.3450927734375 1218.23203125 2136.9591064453125 1313.203759765625 0.8126162574404762 1848.8399536132813 1123.7731689453126 1925.4837768554687 1215.4123779296874 0.8508882068452381 
23 1958.1953430175781 1219.2919128417968 2135.8987731933594 1313.9562561035157 0.8284737723214286 1848.5200622558593 1123.8609436035156 1924.9158508300782 1215.203875732422 0.8577938988095238 
24 1956.836572265625 1218.9777038574218 2136.499365234375 1317.1269104003907 0.8389834449404762 1848.4502014160157 1123.7718688964844 1924.9732604980468 1215.266827392578 0.8517950148809523 
25 1957.1280578613282 1220.2963500976562 2134.9406677246093 1318.3425659179688 0.8434942336309523 1848.855419921875 1124.8067993164063 1923.6365234375 1219.5293823242187 0.8557477678571429 
26 1954.317529296875 1220.7195861816406 2133.434423828125 1316.912127685547 0.8355189732142857 1850.2791076660155 1124.3358093261718 1924.911199951172 1215.5527404785157 0.8453311011904762 
27 1953.3724670410156 1219.6869812011719 2132.926239013672 1317.7765197753906 0.8402157738095238 1850.5512634277343 1124.3470764160156 1923.7027648925782 1217.4489440917969 0.8560035342261905 
28 1953.9459899902345 1220.3529663085938 2132.153741455078 1320.2825317382812 0.8450985863095238 1850.941552734375 1126.5087585449219 1922.55771484375 1218.1109924316406 0.8498418898809523 
29 1952.0701110839843 1220.4832885742187 2132.056475830078 1320.4756958007813 0.8407505580357143 1850.2829956054688 1125.105975341797 1923.6108032226562 1218.4322326660156 0.8506091889880952 
30 1952.1596740722657 1220.3860595703125 2130.108758544922 1320.1705810546875 0.8411690848214286 1850.5842834472655 1125.2071044921875 1922.096502685547 1218.3392822265625 0.8473539806547619 
31 1949.7611511230468 1220.9270141601562 2125.8087951660154 1320.5766479492188 0.8389601934523809 1850.6864990234376 1124.5992065429687 1922.1020751953124 1217.6053833007813 0.84716796875 
32 1946.4600036621093 1220.4762145996094 2124.192950439453 1321.800518798828 0.8474934895833334 1850.1188354492188 1125.6044372558595 1921.5442504882812 1218.623468017578 0.8443545386904762 
33 1945.0345397949218 1218.8608154296876 2119.7199768066407 1322.0083251953124 0.8434709821428571 1847.7738159179687 1125.1193237304688 1922.6390258789063 1219.9485473632812 0.8527948288690477 
34 1942.291033935547 1219.6391662597657 2117.305279541016 1322.9810729980468 0.8404715401785714 1848.6935729980469 1125.7212829589844 1923.6998596191406 1220.7290344238281 0.8515159970238095 
35 1942.5774353027343 1218.3533569335937 2116.057452392578 1323.4422973632813 0.8322172619047619 1848.9083740234375 1127.1221801757813 1922.3037841796875 1222.2027709960937 0.8525390625 
36 1941.9776245117187 1219.345361328125 2115.1515258789063 1324.2486328125 0.8348214285714286 1848.281982421875 1124.624822998047 1923.212890625 1217.8723693847655 0.8561662946428571 
37 1944.598095703125 1219.4322448730468 2113.029345703125 1324.4934143066407 0.8331938244047619 1849.0937133789062 1122.90166015625 1922.4697631835938 1219.62470703125 0.8621186755952381 
38 1943.5247497558594 1220.0353393554688 2113.568145751953 1325.0620727539062 0.8388206845238095 1848.0515869140625 1125.2033569335938 1923.0707275390625 1218.5605590820312 0.8546781994047619 
39 1947.6726501464843 1219.0875610351563 2113.960772705078 1323.8489624023437 0.8321242559523809 1848.2195678710937 1127.0534423828126 1923.0492309570313 1220.1748291015624 0.8553989955357143 
40 1942.874755859375 1220.0341674804688 2118.209716796875 1324.2426879882812 0.8284970238095238 1847.445751953125 1125.7503723144532 1923.53447265625 1220.0341735839843 0.8574916294642857 
41 1948.162579345703 1222.3630004882812 2116.715228271484 1323.1640991210938 0.8322405133928571 1848.4419189453124 1125.438916015625 1922.8034423828126 1217.977587890625 0.8548177083333334 
42 1947.3807373046875 1222.7828002929687 2119.3736572265625 1323.6632446289063 0.8306361607142857 1849.2354736328125 1124.31953125 1923.6553955078125 1218.584765625 0.8560267857142857 
43 1944.7036865234375 1223.0341247558595 2118.4764892578123 1323.987725830078 0.8265904017857143 1849.4150634765624 1125.963153076172 1922.2341064453126 1218.6419494628906 0.8541899181547619 
44 1949.4873779296875 1222.5919372558594 2117.9598876953123 1323.344952392578 0.8349144345238095 1850.0048828125 1125.713885498047 1922.67919921875 1218.2085998535156 0.8527483258928571 
45 1947.3239685058593 1222.8960266113281 2119.187872314453 1323.7007751464844 0.8340076264880952 1849.4429626464844 1125.7776306152343 1922.1545715332031 1219.9722473144532 0.8625604538690477 
46 1943.4445434570312 1223.2778930664062 2119.078161621094 1324.3500366210938 0.8268694196428571 1848.044091796875 1124.6273315429687 1922.60556640625 1219.0718872070313 0.8554454985119048 
47 1941.8784790039062 1222.4158325195312 2119.3605346679688 1325.2557983398438 0.8342168898809523 1847.8424255371094 1126.5934753417969 1922.484356689453 1219.4811096191406 0.8524460565476191 
48 1947.2589721679688 1223.7269165039063 2117.6602172851562 1324.6441772460937 0.8375186011904762 1847.8051879882812 1125.4184143066407 1920.5978881835938 1218.0638854980468 0.8593052455357143 
49 1944.8478271484375 1223.8978332519532 2118.8250244140627 1324.9704528808593 0.8430757068452381 1848.172509765625 1125.6294250488281 1921.07724609375 1216.7603454589844 0.8530505952380952 
50 1944.5088745117187 1224.3039916992188 2118.7491821289063 1323.8698364257812 0.8342866443452381 1847.6873718261718 1126.7804565429688 1920.7023986816407 1219.7085571289062 0.8545851934523809 
51 1945.7112182617188 1223.9390930175782 2118.075158691406 1325.0371032714843 0.83203125 1847.5455078125 1125.4545776367188 1920.46865234375 1218.2658813476562 0.8545619419642857 
52 1949.3606201171874 1225.0875305175782 2115.0173095703126 1326.1379333496093 0.8429827008928571 1849.3934387207032 1127.0315979003906 1920.6257263183593 1216.486102294922 0.8576543898809523 
53 1948.2153869628905 1225.3639282226563 2115.497869873047 1326.3960815429687 0.8347981770833334 1848.2661926269532 1125.8606689453125 1921.1418884277343 1216.9552490234375 0.8690011160714286 
54 1951.2624755859374 1225.187188720703 2114.9386962890626 1326.0382751464845 0.8323567708333334 1848.5674133300781 1124.3996704101562 1921.3123474121094 1216.9843627929688 0.8727213541666666 
55 1953.0833435058594 1226.4171569824218 2115.109649658203 1325.6169006347657 0.8292875744047619 1848.9235534667969 1126.8994506835938 1921.6700744628906 1217.8324829101562 0.8657691592261905 
56 1952.9934387207031 1226.240966796875 2114.8594665527344 1326.994140625 0.8274507068452381 1848.936749267578 1125.5511474609375 1921.6112243652344 1218.0460205078125 0.8582124255952381 
57 1951.9583557128906 1225.9988342285155 2115.2329284667967 1326.602362060547 0.8337053571428571 1848.0564025878907 1124.1901916503907 1922.2720886230468 1216.5474792480468 0.8669782366071429 
58 1949.0133117675782 1224.2470642089843 2115.9269958496093 1326.7088684082032 0.8428896949404762 1847.8227111816407 1122.2300170898438 1922.1901062011718 1216.4289184570312 0.8652111235119048 
59 1951.09775390625 1224.811016845703 2115.94765625 1327.0179626464844 0.8301711309523809 1847.4325439453125 1124.6964599609375 1921.6150634765625 1215.3638427734375 0.8602585565476191 
60 1950.6750549316407 1227.1798828125 2113.434197998047 1324.177783203125 0.8138950892857143 1847.1011291503905 1125.502880859375 1921.082586669922 1215.924609375 0.8634905133928571 
61 1948.9865966796874 1225.844482421875 2115.0241455078126 1324.480712890625 0.8075241815476191 1846.8727600097657 1125.627490234375 1922.4938171386718 1216.044140625 0.8642810639880952 
62 1950.6705017089844 1226.0854797363281 2114.912139892578 1324.6304626464844 0.8108258928571429 1847.3878356933594 1125.9612548828125 1921.296612548828 1216.2941162109375 0.8630254836309523 
63 1949.426690673828 1225.19873046875 2116.7313903808595 1325.253662109375 0.7976422991071429 1847.9208618164062 1125.2069091796875 1921.7317260742188 1217.0606689453125 0.8626302083333334 
64 1947.0354431152343 1224.532244873047 2117.297198486328 1326.0342834472656 0.8022693452380952 1847.1704650878905 1123.6597717285156 1922.478582763672 1215.339129638672 0.8592354910714286 
65 1947.2013671875 1224.3372741699218 2119.51103515625 1324.4409240722657 0.8280319940476191 1847.4763793945312 1123.223614501953 1921.3234252929688 1213.4810974121094 0.8530040922619048 
66 1945.6134399414063 1223.8117248535157 2121.1162963867187 1323.8649108886718 0.8217540922619048 1847.5789489746094 1124.0109924316407 1921.3887023925781 1214.2227722167968 0.8558872767857143 
67 1946.312353515625 1221.9084045410157 2123.622705078125 1323.6976745605468 0.8255208333333334 1845.659686279297 1123.4657592773438 1921.1807678222656 1213.7627563476562 0.8644903273809523 
68 1947.3795104980468 1221.0845031738281 2126.2861389160157 1322.8477478027344 0.8186383928571429 1846.9419311523438 1119.7629821777343 1922.4438110351562 1213.3196594238282 0.8595145089285714 
69 1949.9272033691407 1222.5561889648438 2128.843670654297 1322.6838012695312 0.8048270089285714 1848.2213623046875 1117.441162109375 1923.7273681640625 1209.361572265625 0.8558175223214286 
70 1952.881280517578 1220.1859802246095 2131.4403747558595 1323.389825439453 0.82470703125 1850.3074157714843 1115.6588806152345 1924.0244934082032 1207.395684814453 0.8476097470238095 
71 1955.4769165039063 1221.4253051757812 2130.690319824219 1322.9506713867188 0.8133835565476191 1849.8576965332031 1115.6800231933594 1925.1829528808594 1205.7429504394531 0.8528180803571429 
72 1956.46767578125 1219.872802734375 2132.09970703125 1323.282470703125 0.8160574776785714 1848.9544616699218 1118.420391845703 1927.7426818847657 1203.7743103027344 0.8531901041666666 
73 1956.2404418945312 1220.8431762695313 2130.502966308594 1321.1263061523437 0.8202427455357143 1852.353338623047 1117.208984375 1929.6206604003905 1205.984130859375 0.8445870535714286 
74 1955.247735595703 1218.7899963378907 2131.2868103027345 1322.4391296386718 0.8205217633928571 1852.7374694824218 1116.5328979492188 1930.0631896972657 1207.0203247070312 0.83740234375 
75 1955.1686462402345 1217.1667175292969 2129.409112548828 1320.7247619628906 0.8301246279761905 1855.277392578125 1116.7697387695312 1930.89130859375 1213.7527221679688 0.8368908110119048 
76 1951.1790832519532 1213.6400390625 2129.0869079589843 1319.0669921875 0.8299851190476191 1857.2833068847656 1118.0969848632812 1926.469744873047 1216.9347534179688 0.8257300967261905 
77 1949.5916625976563 1211.3106262207032 2125.750866699219 1316.6768005371093 0.8146158854166666 1856.8262329101562 1123.4209411621093 1925.9728393554688 1222.2017395019532 0.8361932663690477 
78 1948.5651550292969 1205.9460510253907 2129.4027404785156 1312.8045593261718 0.8268461681547619 1857.766912841797 1123.0516235351563 1926.8140197753905 1224.9781616210937 0.8345656622023809 
79 1954.562841796875 1205.1569580078126 2133.625146484375 1310.2944580078124 0.8300316220238095 1857.323291015625 1125.9247314453125 1926.319775390625 1227.7766845703125 0.8182663690476191 
80 1958.178887939453 1203.0965270996094 2131.7995056152345 1307.9241027832031 0.8265904017857143 1858.3279846191406 1134.5553771972657 1925.483172607422 1232.8312194824218 0.8393322172619048 
81 1958.1922546386718 1204.5228393554687 2136.9846252441407 1311.1421997070313 0.8360305059523809 1857.6924560546875 1131.9080139160155 1923.3043701171875 1233.606512451172 0.8304501488095238 
82 1957.8036682128907 1206.5167358398437 2136.828045654297 1314.9166137695313 0.8338216145833334 1856.794580078125 1139.6195434570313 1925.77646484375 1236.5225463867187 0.8425409226190477 
83 1965.4361450195313 1211.083721923828 2136.345837402344 1317.9022399902344 0.8372395833333334 1855.6469421386719 1138.1436157226562 1926.3114318847656 1241.6754760742188 0.8513764880952381 
84 1966.6872253417969 1212.7549865722656 2137.9017639160156 1319.763934326172 0.8230096726190477 1856.512255859375 1140.9513000488282 1928.949169921875 1244.6677185058593 0.8517950148809523 
85 1965.29697265625 1214.867010498047 2138.15126953125 1320.2258850097655 0.8205915178571429 1856.5823913574218 1135.7845947265625 1929.0166076660157 1246.0821044921875 0.8650251116071429 
86 1959.227850341797 1215.8907592773437 2139.1653381347655 1321.5421020507813 0.8372395833333334 1856.0525817871094 1138.0491149902343 1928.6880187988281 1247.0020324707032 0.8694196428571429 
87 1960.871759033203 1216.5775207519532 2137.5519470214845 1322.2553649902343 0.8292410714285714 1854.3683044433594 1135.7949096679688 1930.324200439453 1248.0776489257812 0.8747442336309523 
88 1959.4082580566405 1217.1087646484375 2137.824530029297 1324.4888916015625 0.8307756696428571 1854.1249145507813 1134.8263366699218 1931.7691284179687 1250.4665100097657 0.8728143601190477 
89 1959.7964599609375 1219.3152160644531 2138.3300048828123 1326.7659606933594 0.8274507068452381 1855.9062133789062 1135.7070922851562 1931.9482788085938 1251.4232788085938 0.8755580357142857 
90 1959.5009765625 1220.6157348632812 2139.76806640625 1326.4606811523438 0.8291945684523809 1855.5643676757813 1136.9703247070313 1933.2942749023437 1251.0843627929687 0.8661411830357143 
91 1957.8725219726562 1221.6603271484375 2137.854284667969 1325.6863525390625 0.8310081845238095 1856.831231689453 1137.7662353515625 1932.7868103027345 1253.3507080078125 0.8643740699404762 
92 1957.5802917480469 1221.6384338378907 2140.9696350097656 1327.3765808105468 0.8301246279761905 1858.3238342285156 1139.3483642578126 1932.670916748047 1253.3471923828124 0.8587239583333334 
93 1958.4603271484375 1222.5928833007813 2139.0543212890625 1326.9727905273437 0.8233351934523809 1857.266650390625 1139.4967224121094 1931.823681640625 1257.131329345703 0.86865234375 
94 1955.3213623046875 1221.1059936523438 2138.9584228515623 1328.6413208007812 0.8165457589285714 1855.5488586425781 1137.5594177246094 1933.3052673339844 1263.2929992675781 0.8740234375 
95 1958.5386840820313 1223.2843017578125 2137.230603027344 1329.1759033203125 0.82568359375 1857.1016784667968 1138.2655944824219 1933.2111877441407 1264.0118713378906 0.8757905505952381 
96 1957.9306945800781 1223.5750732421875 2139.2078552246094 1327.3973388671875 0.8209867931547619 1856.009765625 1140.1621459960938 1931.816650390625 1263.7602172851562 0.8714425223214286 
97 1957.6484313964843 1223.6683044433594 2140.633428955078 1327.5246887207031 0.8161969866071429 1855.88447265625 1139.8477355957032 1931.71611328125 1266.7832458496093 0.8805571056547619 
98 1957.5903930664062 1222.6422790527345 2140.7789916992188 1328.264581298828 0.8182896205357143 1855.71298828125 1137.0780212402344 1931.629052734375 1269.105938720703 0.8794642857142857 
99 1958.0452575683594 1223.576885986328 2139.660430908203 1327.5929138183594 0.8230096726190477 1854.6642272949218 1137.9764343261718 1930.6125061035157 1268.4091857910157 0.8857421875 
100 1956.5043701171876 1223.1665466308593 2139.5498291015624 1327.0572082519532 0.8188244047619048 1854.7067932128907 1140.5866577148438 1930.5633483886718 1267.5642211914062 0.8815569196428571 
101 1957.4164672851562 1223.8938537597655 2140.318151855469 1327.702947998047 0.8190104166666666 1855.8890075683594 1139.921484375 1930.0383605957031 1268.446923828125 0.87939453125 
102 1957.6352966308593 1223.07353515625 2138.922930908203 1328.55 0.8210565476190477 1855.8986450195312 1140.7335083007813 1930.0618041992188 1267.6348999023437 0.8798595610119048 
103 1956.0474792480468 1224.6384887695312 2138.9975646972657 1328.4750366210938 0.8203590029761905 1854.3027648925781 1140.4535705566407 1930.1199645996094 1270.6612976074218 0.88671875 
104 1955.3241271972656 1225.1173522949218 2139.632293701172 1327.1449768066407 0.8281017485119048 1855.1953002929688 1140.8750366210938 1930.8933227539062 1270.8778930664062 0.8826032366071429 
105 1955.121826171875 1224.9188354492187 2139.451416015625 1326.9583618164063 0.8261486235119048 1856.2472717285157 1142.3122619628907 1931.9540222167968 1269.0389343261718 0.8761858258928571 
106 1953.0281188964843 1225.0422424316407 2137.762530517578 1328.9554382324218 0.8203125 1856.093310546875 1143.7135131835937 1935.265087890625 1270.7183715820313 0.86767578125 
107 1953.134765625 1225.9148254394531 2137.8388671875 1329.8108825683594 0.8255673363095238 1856.0256042480469 1143.7113464355468 1936.8336486816406 1267.3971740722657 0.8642113095238095 
108 1951.7163452148438 1226.2799072265625 2137.949914550781 1328.4613037109375 0.8111281622023809 1855.9372436523438 1142.8614807128906 1938.3415649414062 1264.8197937011719 0.8615141369047619 
109 1957.0685668945312 1227.0400146484376 2134.987341308594 1327.5310302734374 0.8067568824404762 1856.5774658203125 1141.8190002441406 1938.9471923828125 1267.0209655761719 0.8698614211309523 
110 1954.9404541015624 1227.0063842773438 2136.3647216796876 1329.2636352539062 0.8109886532738095 1857.25048828125 1141.876531982422 1939.716064453125 1267.2241760253905 0.8686290922619048 
111 1954.1483520507813 1225.5807556152345 2135.7640014648437 1329.597100830078 0.8114304315476191 1856.3551818847657 1143.2822509765624 1938.9078796386718 1267.1110595703126 0.8666527157738095 
112 1953.648907470703 1227.1558837890625 2136.813861083984 1329.4642333984375 0.8069893973214286 1857.3700134277344 1143.443377685547 1939.876690673828 1267.2034729003906 0.8660016741071429 
113 1956.540478515625 1226.8586730957031 2136.429248046875 1329.1805114746094 0.8088727678571429 1857.328955078125 1142.944403076172 1939.84658203125 1268.3713928222655 0.8685128348214286 
114 1955.7943969726562 1227.1281433105469 2135.763464355469 1329.4960021972656 0.8083147321428571 1856.3476684570312 1143.17646484375 1940.5534545898438 1268.65947265625 0.8696056547619048 
115 1955.4054565429688 1227.5671020507812 2138.4004516601562 1329.7805541992188 0.8101515997023809 1856.2989196777344 1142.6640319824219 1942.0263977050781 1266.3092346191406 0.8779296875 
116 1955.60263671875 1225.9881103515625 2138.543359375 1329.8192626953125 0.8118489583333334 1856.5256225585938 1143.835986328125 1942.2275512695312 1267.44453125 0.8706984747023809 
117 1955.934228515625 1226.5252807617187 2138.681982421875 1330.2469360351563 0.8142671130952381 1856.96171875 1144.4596618652345 1942.573193359375 1267.937921142578 0.8748604910714286 
118 1953.5056640625 1226.491436767578 2138.270703125 1330.4217712402344 0.8157319568452381 1857.0624572753907 1145.3395446777345 1942.8461120605468 1270.715753173828 0.8753952752976191 
119 1956.4219543457032 1226.5297790527343 2139.3152282714846 1330.3341125488282 0.8090355282738095 1857.3704528808594 1145.0959899902343 1943.0503234863281 1273.6155578613282 0.8736281622023809 
120 1948.6283569335938 1226.9677490234376 2141.4749145507812 1329.1599365234374 0.8048967633928571 1856.83310546875 1148.0415161132812 1944.1908203125 1274.9575073242188 0.8768136160714286 
121 1951.0181823730468 1226.7719848632812 2137.6181701660157 1329.1542846679688 0.8095935639880952 1858.4803405761718 1150.4299072265626 1944.3493713378907 1275.9306884765624 0.8749302455357143 
122 1951.3325805664062 1226.9205200195313 2137.7902221679688 1329.2247436523437 0.8114769345238095 1858.674951171875 1150.4462341308595 1946.128515625 1277.501397705078 0.8807198660714286 
123 1949.709716796875 1227.4989501953125 2139.422119140625 1328.1289794921875 0.8101050967261905 1858.723876953125 1151.0430419921875 1946.156494140625 1276.4181396484375 0.8794875372023809 
124 1951.3734130859375 1227.594549560547 2137.8453369140625 1329.9065490722655 0.8142206101190477 1858.5183166503907 1152.5741088867187 1947.6287780761718 1277.9888793945313 0.8753720238095238 
125 1953.1619750976563 1226.7253784179688 2136.519421386719 1329.1413208007812 0.8166852678571429 1859.831365966797 1154.3607360839844 1949.0322814941405 1278.250958251953 0.8769996279761905 
126 1952.1318786621093 1227.0538818359375 2137.234454345703 1329.5215576171875 0.8161504836309523 1860.2161804199218 1154.6528381347657 1949.4621643066407 1278.6055847167968 0.8765811011904762 
127 1949.4794555664062 1227.871240234375 2137.592565917969 1330.1783203125 0.8125697544642857 1859.3579223632812 1155.7739685058593 1948.4640991210938 1277.8824035644532 0.8805106026785714 
128 1951.1192199707032 1227.1793640136718 2137.6052673339846 1329.4989807128907 0.8111049107142857 1859.5265808105469 1154.8827209472656 1948.6437072753906 1278.6564636230469 0.8764183407738095 
129 1950.4874145507813 1227.7471435546875 2138.484997558594 1329.9913818359375 0.8035481770833334 1859.1526916503906 1155.5038269042968 1948.204119873047 1279.1864807128907 0.8787667410714286 
130 1950.407177734375 1227.161199951172 2138.357470703125 1331.0283752441405 0.8051990327380952 1860.5538940429688 1153.6679138183595 1947.9341430664062 1278.967950439453 0.8734886532738095 
131 1952.2071105957032 1226.7997253417968 2140.0388610839846 1330.6015197753907 0.8078264508928571 1859.875555419922 1153.3527954101562 1947.2007385253905 1278.5739624023438 0.8730933779761905 
132 1950.6927612304687 1228.576708984375 2138.933459472656 1329.301953125 0.8063151041666666 1860.5100036621093 1154.7793334960938 1949.6766418457032 1278.6217895507812 0.8793015252976191 
133 1950.808056640625 1227.6248046875 2137.158740234375 1329.8703125 0.8084309895833334 1860.550390625 1153.92177734375 1949.6029296875 1279.25498046875 0.8773484002976191 
134 1951.6262512207031 1227.5372497558594 2138.3052673339844 1329.962872314453 0.8051292782738095 1859.938653564453 1153.7042724609375 1949.1481384277345 1279.2583740234375 0.8772786458333334 
135 1950.319189453125 1227.3947326660157 2138.484033203125 1329.7299011230468 0.8083379836309523 1858.7127502441406 1155.0870849609375 1949.493914794922 1278.8797119140625 0.8776274181547619 
136 1950.5188842773437 1227.2492736816407 2138.5272583007813 1329.4993835449218 0.8067568824404762 1858.9885375976562 1156.4606384277345 1949.6943237304688 1278.501153564453 0.8746512276785714 
137 1950.2899291992187 1227.4092834472656 2138.429064941406 1329.730487060547 0.8076404389880952 1860.155810546875 1155.1114868164063 1949.274365234375 1278.8872924804687 0.8749069940476191 
138 1951.666729736328 1227.2976196289062 2138.341937255859 1329.7211791992188 0.8044084821428571 1859.9812316894531 1156.3890319824218 1949.1888122558594 1278.6364807128907 0.8726515997023809 
139 1949.0208984375 1227.6858703613282 2138.706640625 1329.9512145996093 0.8085472470238095 1860.395196533203 1155.4276550292968 1949.4650329589845 1279.1356994628907 0.8763253348214286 
140 1951.229913330078 1227.3531555175782 2139.3549255371095 1329.6667419433593 0.7998279389880952 1859.833233642578 1153.410577392578 1948.9449645996094 1280.4774841308595 0.8706519717261905 
141 1949.451397705078 1227.4483947753906 2139.160784912109 1331.3761901855469 0.8078497023809523 1859.5456481933593 1153.912158203125 1948.6265930175782 1279.2853515625 0.8722795758928571 
142 1949.957745361328 1227.040234375 2138.181781005859 1331.058642578125 0.8024088541666666 1859.7830139160155 1154.9003479003907 1948.941717529297 1278.7318542480468 0.8721168154761905 
143 1949.955126953125 1228.3523376464843 2137.881298828125 1330.5576965332032 0.8035946800595238 1861.38134765625 1154.6781860351562 1948.75048828125 1279.9621948242188 0.8696521577380952 
144 1953.402197265625 1227.906231689453 2137.999658203125 1330.0941345214844 0.8024786086309523 1860.4696472167968 1157.1608764648438 1949.4718811035157 1279.1269653320312 0.8587472098214286 
145 1952.9153930664063 1227.9388732910156 2137.485241699219 1330.1115417480469 0.8050362723214286 1861.454412841797 1155.9364013671875 1948.7954650878905 1277.8843994140625 0.8628394717261905 
146 1950.2670837402343 1226.733953857422 2138.044561767578 1330.5059143066405 0.8046642485119048 1861.7632141113281 1157.299334716797 1949.0633239746094 1280.8372619628906 0.8625139508928571 
147 1953.2827880859375 1227.7150146484375 2137.9672119140623 1329.9510009765625 0.8043852306547619 1860.30634765625 1156.745947265625 1949.350634765625 1280.418603515625 0.8642113095238095 
148 1951.919744873047 1227.321337890625 2138.0969787597655 1329.471630859375 0.7986421130952381 1860.66875 1156.221612548828 1947.99091796875 1281.4381774902345 0.8610491071428571 
149 1951.9123901367188 1227.9428344726562 2138.088830566406 1330.0928100585938 0.8051292782738095 1860.471728515625 1155.5761779785157 1949.44111328125 1280.7921081542968 0.8645600818452381 
150 1952.2424621582031 1227.0469482421875 2138.2232360839844 1330.7352783203125 0.7988048735119048 1861.0878540039062 1156.21220703125 1948.3176635742188 1281.29658203125 0.8586309523809523 
151 1950.95869140625 1226.6905639648437 2138.553515625 1330.3614379882813 0.8038271949404762 1861.2752075195312 1157.1337280273438 1948.4904174804688 1282.1968383789062 0.8588169642857143 
152 1952.5033142089844 1227.3716369628905 2138.2165344238283 1330.910955810547 0.7967819940476191 1861.4797607421874 1156.4490905761718 1948.5842041015626 1282.9970764160157 0.8601655505952381 
153 1950.8922058105468 1227.7625427246094 2138.3173889160157 1329.6955871582031 0.7993396577380952 1861.2898193359374 1156.6244262695313 1948.4260009765626 1283.2185913085937 0.8575613839285714 
154 1952.228094482422 1227.7822631835938 2137.9927307128905 1329.7062622070312 0.8003859747023809 1861.1792297363281 1155.196142578125 1948.3079528808594 1283.4232421875 0.8605143229166666 
155 1952.3570251464844 1227.638916015625 2138.041046142578 1329.518798828125 0.8028971354166666 1861.3477905273437 1156.5379272460937 1948.4385864257813 1283.0660766601563 0.8667224702380952 
156 1952.0436767578126 1226.1204833984375 2136.7014404296874 1329.9903564453125 0.8082682291666666 1860.5392150878906 1156.4298400878906 1947.9218444824219 1281.7333679199219 0.8667224702380952 
157 1952.6832214355468 1227.9272521972657 2135.5507873535157 1330.0694519042968 0.8053617931547619 1861.0591857910156 1156.643017578125 1948.374530029297 1283.497119140625 0.8682105654761905 
158 1951.0752502441405 1227.3352111816407 2137.388006591797 1329.5599304199218 0.8058733258928571 1861.026171875 1156.1837585449218 1948.41181640625 1281.4914123535157 0.8676990327380952 
159 1950.980975341797 1227.1730102539063 2137.046490478516 1329.2620483398437 0.8081752232142857 1861.0515197753907 1156.1158935546875 1948.3211608886718 1281.2573974609375 0.8713030133928571 
160 1952.161309814453 1226.8659545898438 2139.4484313964845 1330.3667114257812 0.8009672619047619 1861.361181640625 1154.5165466308595 1948.433251953125 1282.660333251953 0.8729538690476191 
161 1952.262353515625 1227.1101806640625 2139.535986328125 1328.9608642578125 0.8008045014880952 1861.4687072753907 1154.7659973144532 1948.5345886230468 1281.2578063964843 0.8711867559523809 
162 1951.906787109375 1227.562030029297 2139.426708984375 1329.5464904785156 0.7954334077380952 1860.9938354492188 1154.9328552246093 1948.1741333007812 1283.2359680175782 0.8669782366071429 
163 1952.2627014160157 1227.1954650878906 2139.498406982422 1329.0253601074219 0.8016648065476191 1861.4874633789063 1153.2235534667968 1948.5357299804687 1282.9745666503907 0.8683268229166666 
164 1951.9830688476563 1227.7578247070312 2139.1021362304687 1329.5244018554688 0.7964564732142857 1861.26435546875 1154.021258544922 1948.258349609375 1282.0501525878906 0.8730003720238095 
165 1950.0205505371093 1226.531024169922 2139.033282470703 1330.0770080566406 0.8014787946428571 1860.6347412109376 1152.6959106445313 1947.7448974609374 1282.5394409179687 0.8653273809523809 
166 1952.9287414550781 1226.8729614257813 2138.8587341308594 1330.5330444335937 0.79931640625 1860.5333312988282 1154.4121215820312 1947.7394958496093 1282.7531616210938 0.8645833333333334 
167 1951.6224975585938 1227.109765625 2138.8894653320312 1328.956640625 0.8058268229166666 1860.8321105957032 1153.125341796875 1947.8948181152343 1282.898095703125 0.8717680431547619 
168 1954.597344970703 1227.3208129882812 2138.6915954589845 1329.2302124023438 0.8003162202380952 1860.8431701660156 1153.4807556152343 1947.9591979980469 1281.6892883300782 0.8692103794642857 
169 1953.7125244140625 1226.2331909179688 2139.1243896484375 1329.6044555664062 0.8000837053571429 1860.3123413085937 1153.9743896484374 1947.2755493164063 1281.9577392578126 0.8636067708333334 
170 1950.7966003417969 1226.8359680175781 2138.1722717285156 1328.7420349121094 0.7985723586309523 1861.2180114746093 1154.2626037597656 1948.3311828613282 1282.4670104980469 0.86572265625 
171 1949.1288940429688 1226.6579528808593 2138.2595336914064 1330.2686828613282 0.8021763392857143 1860.9521911621093 1154.231671142578 1948.1167785644532 1282.5116149902344 0.86572265625 
172 1953.1016235351562 1227.5046325683593 2139.6608276367188 1328.9666809082032 0.7990606398809523 1861.5844177246095 1153.7998413085938 1946.681573486328 1283.0822387695312 0.8583519345238095 
173 1952.115869140625 1227.6333312988281 2139.281591796875 1329.4251403808594 0.8066871279761905 1860.3011596679687 1152.2366149902343 1945.6749145507813 1283.5808898925782 0.8629324776785714 
174 1950.756329345703 1227.600164794922 2139.545306396484 1329.3821350097655 0.8014787946428571 1860.4028198242188 1152.2108764648438 1945.7683227539062 1283.5422973632812 0.8603980654761905 
175 1950.3832153320313 1226.7606262207032 2137.6927124023437 1330.2739196777343 0.8047572544642857 1859.5721313476563 1152.9490844726563 1946.6546752929687 1282.7513549804687 0.8619559151785714 
176 1950.0381958007813 1226.489013671875 2138.714978027344 1329.85107421875 0.8036876860119048 1859.5490966796874 1152.7852966308594 1946.5043701171876 1282.397930908203 0.8606073288690477 
177 1952.183740234375 1226.4860534667969 2137.959326171875 1330.0599670410156 0.8009905133928571 1859.865185546875 1152.8209289550782 1946.998828125 1281.0551696777343 0.8576311383928571 
178 1950.4489440917969 1226.9079345703126 2137.6595764160156 1330.3664794921874 0.8019903273809523 1859.68583984375 1154.5880004882813 1946.72236328125 1282.6795776367187 0.8618861607142857 
179 1950.6780090332031 1226.8999572753905 2137.8394470214844 1330.331365966797 0.8054780505952381 1858.4863403320312 1153.14658203125 1947.1418334960938 1282.846337890625 0.8641415550595238 
180 1951.6056579589845 1226.838067626953 2136.903741455078 1330.1456970214845 0.8114071800595238 1859.5243225097656 1151.7223388671875 1946.4340515136719 1282.9068115234375 0.8668387276785714 
181 1954.8610595703126 1226.3526000976562 2137.2844482421874 1328.2467651367188 0.8085239955357143 1859.8568054199218 1153.7879028320312 1945.3164123535157 1281.9772338867188 0.8645600818452381 
182 1956.561700439453 1226.22646484375 2137.3043884277345 1329.7427734375 0.8078962053571429 1860.3130737304687 1154.0558654785157 1944.1119750976563 1280.5756042480468 0.8670014880952381 
183 1951.425714111328 1227.5749877929688 2136.6815856933595 1329.2196899414062 0.8075939360119048 1859.365496826172 1153.9267639160157 1946.2552307128906 1281.8023620605468 0.8717447916666666 
184 1951.7987670898438 1227.521551513672 2138.3801879882812 1328.9956604003905 0.8031063988095238 1859.0117126464843 1152.7379150390625 1944.1190246582032 1280.3988037109375 0.8689546130952381 
185 1951.6430725097657 1227.6398559570312 2138.358270263672 1329.1868041992188 0.8030831473214286 1858.7893310546874 1152.6136840820313 1943.9577392578126 1282.0039916992187 0.8680478050595238 
186 1953.595458984375 1227.9821350097657 2135.785888671875 1329.7460144042968 0.8003394717261905 1857.2605834960937 1152.7953735351562 1944.2523559570313 1282.4624389648438 0.8696521577380952 
187 1953.363720703125 1227.36572265625 2136.210498046875 1331.1435546875 0.8190104166666666 1856.871759033203 1152.0981567382812 1942.5297302246095 1282.2324096679688 0.8603050595238095 
188 1952.1830993652343 1226.691583251953 2136.653448486328 1330.4562438964845 0.8213355654761905 1855.8933898925782 1151.24365234375 1941.5405700683593 1283.00830078125 0.8628394717261905 
189 1953.1589477539062 1227.2532287597655 2137.1498901367186 1330.748114013672 0.8111746651785714 1855.8559875488281 1152.1909973144532 1941.2803649902344 1281.9702575683593 0.8551432291666666 
190 1953.2009765625 1227.2679260253906 2137.204296875 1330.769793701172 0.8107561383928571 1856.08115234375 1152.3901611328124 1939.868310546875 1280.5353759765626 0.85595703125 
191 1954.2278442382812 1227.5058532714843 2136.4515991210938 1329.2884582519532 0.8029203869047619 1855.7285217285157 1152.4948852539062 1939.4529968261718 1280.5439331054688 0.8640252976190477 
192 1953.4841735839843 1227.1158386230468 2137.698077392578 1330.7360900878907 0.8189639136904762 1854.7981506347655 1151.9625061035156 1940.325994873047 1281.899188232422 0.8660249255952381 
193 1952.7322326660155 1227.960137939453 2137.089910888672 1331.6613220214845 0.8274739583333334 1855.4253234863281 1151.4820556640625 1939.3738708496094 1281.5201416015625 0.8628162202380952 
194 1956.963671875 1227.2854614257812 2136.282421875 1330.9284057617188 0.8195219494047619 1853.8901062011719 1152.1158447265625 1939.4366760253906 1282.0809326171875 0.8546781994047619 
195 1954.5901489257812 1227.3901428222657 2136.8646850585938 1330.8431335449218 0.8128720238095238 1853.3476318359376 1150.9055114746093 1938.7375732421874 1282.2745422363282 0.8583286830357143 
196 1954.1951477050782 1228.3411560058594 2138.0913513183596 1330.1408996582031 0.8141276041666666 1851.8902526855468 1151.8650695800782 1937.2705139160157 1281.5776794433593 0.8634440104166666 
197 1956.7086181640625 1227.5402221679688 2136.9852294921875 1330.7896118164062 0.8127790178571429 1851.6943115234376 1151.5845581054687 1936.9160400390624 1279.4171508789063 0.8602120535714286 
198 1955.6905456542968 1227.1560363769531 2137.5805725097657 1332.0296325683594 0.8167782738095238 1850.8800109863282 1151.2109069824219 1936.0898376464843 1280.6642150878906 0.8600260416666666 
199 1954.3614379882813 1227.4300231933594 2136.754040527344 1330.9499816894531 0.8189406622023809 1850.525341796875 1149.631903076172 1935.9705078125 1281.0859924316405 0.8616303943452381 
200 1955.585382080078 1227.425311279297 2136.7025817871095 1332.8025939941406 0.8262183779761905 1850.2712951660155 1146.5557189941405 1934.243963623047 1283.217108154297 0.8565383184523809 
201 1955.011376953125 1227.376708984375 2137.556005859375 1330.983154296875 0.8156389508928571 1847.2934692382812 1146.6041076660156 1932.8100463867188 1281.457049560547 0.8619094122023809 
202 1960.877911376953 1227.8990173339844 2135.213275146484 1333.1582336425781 0.8092680431547619 1846.0671020507812 1149.3342895507812 1929.9453491210938 1277.6188354492188 0.8670479910714286 
203 1959.1159606933593 1228.5750671386718 2135.105841064453 1332.1953186035157 0.8255440848214286 1844.488427734375 1147.2857360839844 1928.371435546875 1275.5774230957031 0.8729538690476191 
204 1958.0104064941406 1229.5749450683593 2135.469451904297 1331.4495910644532 0.8193591889880952 1843.8753173828125 1146.343505859375 1926.0323974609375 1279.43798828125 0.8798363095238095 
205 1959.2044250488282 1229.2618591308594 2134.9819763183596 1332.757061767578 0.8191266741071429 1843.6411987304687 1146.617333984375 1925.7801879882813 1276.3970703125 0.8812081473214286 
206 1959.3945861816405 1228.6265502929687 2135.367010498047 1332.2364868164063 0.8154064360119048 1842.4380615234375 1145.7006469726562 1924.6681396484375 1277.2688354492188 0.8811616443452381 
207 1956.8967590332031 1229.2176879882813 2134.8921813964844 1334.6963745117187 0.8257300967261905 1840.9588928222656 1143.9599243164062 1925.0121765136719 1274.1601928710938 0.8908807663690477 
208 1957.19150390625 1228.3898498535157 2133.7591796875 1334.0004089355468 0.8261951264880952 1841.1085815429688 1143.02548828125 1923.6170043945312 1273.38857421875 0.8760695684523809 
209 1954.7423278808594 1228.1749694824218 2134.9838684082033 1332.3512756347657 0.8160109747023809 1841.7255432128907 1143.5237915039063 1921.0980651855468 1275.8111694335937 0.8688151041666666 
210 1957.398974609375 1228.887188720703 2133.829541015625 1332.7667419433594 0.8179873511904762 1838.8697814941406 1141.7502014160157 1921.3139343261719 1275.3094909667968 0.8879510788690477 
211 1957.5613708496094 1229.2364868164063 2134.028594970703 1333.1377807617187 0.8202892485119048 1839.1976318359375 1142.4617919921875 1920.0096435546875 1272.7506103515625 0.8867885044642857 
212 1958.3301696777344 1229.6516235351562 2134.454620361328 1333.3510620117188 0.8171735491071429 1837.4743103027345 1142.8557678222655 1919.775323486328 1274.537420654297 0.8834867931547619 
213 1958.8680114746094 1228.8430725097655 2133.589630126953 1332.687078857422 0.8195219494047619 1836.3852478027343 1142.1161865234376 1918.8011535644532 1272.3332763671874 0.8883463541666666 
214 1957.367431640625 1228.3014343261718 2134.333740234375 1334.1503479003907 0.8259626116071429 1836.1246337890625 1141.4721313476562 1917.1651611328125 1272.1294311523438 0.8725120907738095 
215 1959.9965026855468 1227.9890563964843 2134.2160217285154 1332.5208312988282 0.8139880952380952 1835.6177673339844 1139.2201293945313 1915.2610168457031 1271.9588256835937 0.8731863839285714 
216 1958.3961242675782 1228.5574035644531 2134.3107849121093 1333.1104431152344 0.8140345982142857 1834.1833862304688 1138.6851013183593 1913.8429809570312 1269.7913391113282 0.8701171875 
217 1956.5183166503907 1228.3007873535157 2135.590936279297 1332.7598815917968 0.8167085193452381 1832.6087524414063 1138.31806640625 1913.8546264648437 1270.964404296875 0.8750232514880952 
218 1953.0032897949218 1227.6433410644531 2136.7976135253907 1332.9073181152344 0.8008975074404762 1831.2879028320312 1138.4452697753907 1911.4889526367188 1270.4430358886718 0.8834867931547619 
219 1958.3129577636719 1227.2413940429688 2134.6500549316406 1333.7090454101562 0.8105003720238095 1829.5793212890626 1138.6249694824219 1912.7571044921874 1270.0460510253906 0.8708844866071429 
220 1953.124530029297 1227.08623046875 2136.790631103516 1333.946484375 0.7983863467261905 1828.7322998046875 1136.8584594726562 1910.5472412109375 1268.7643432617188 0.8749534970238095 
221 1955.2670654296876 1226.43740234375 2134.6689697265624 1333.74326171875 0.8008975074404762 1827.1966125488282 1137.1234008789063 1909.3525817871093 1269.5789916992187 0.8864164806547619 
222 1960.8181213378907 1228.5192626953126 2135.364862060547 1331.5017333984374 0.8175223214285714 1822.7919799804688 1140.1717895507813 1913.5561645507812 1264.0999389648437 0.8753255208333334 
223 1960.231201171875 1229.6847839355469 2133.242919921875 1334.8487854003906 0.8009207589285714 1827.2756225585938 1136.915966796875 1908.6928833007812 1265.826708984375 0.8707682291666666 
224 1956.567529296875 1228.9784362792968 2135.417822265625 1334.9638244628907 0.8356584821428571 1826.4426635742188 1138.4069763183593 1907.5876098632812 1267.5765441894532 0.8840448288690477 
225 1953.937939453125 1228.1098388671876 2136.270556640625 1333.4948974609374 0.8125465029761905 1825.4557312011718 1137.715643310547 1905.7489807128907 1268.1921936035155 0.8803943452380952 
226 1952.8766235351563 1227.3382751464844 2137.2725463867187 1334.623028564453 0.8085239955357143 1824.3153381347656 1138.815362548828 1904.7790222167969 1264.5397399902345 0.8773251488095238 
227 1953.3607238769532 1228.626971435547 2136.5878845214843 1333.5662658691406 0.8191034226190477 1824.14072265625 1137.7181640625 1905.76015625 1264.311376953125 0.8572591145833334 
228 1956.5175659179688 1226.2392700195312 2136.6345336914064 1333.9726440429688 0.8049665178571429 1823.145684814453 1137.1518920898438 1902.2623962402345 1265.0854125976562 0.8815801711309523 
229 1957.7111572265626 1227.6924133300781 2135.6213623046874 1334.4385681152344 0.7971075148809523 1821.378466796875 1135.6092407226563 1904.403271484375 1260.9935424804687 0.8731166294642857 
230 1964.9539916992187 1229.1888732910156 2133.720080566406 1333.1960144042969 0.8283807663690477 1819.208319091797 1138.3148071289063 1903.5913635253905 1258.0211303710937 0.8720005580357143 
231 1952.041796875 1229.4189697265624 2134.75654296875 1329.7328857421876 0.82861328125 1819.6907470703125 1138.7505676269532 1907.4655029296875 1260.5603454589843 0.8542131696428571 
232 1960.7250610351562 1229.2806823730468 2133.756140136719 1327.3315002441407 0.8282412574404762 1817.3460083007812 1134.4833435058595 1900.0162963867188 1259.450128173828 0.8741396949404762 
233 1963.4159240722656 1228.4061401367187 2134.838348388672 1328.7064086914063 0.8064313616071429 1819.2078674316406 1137.7149169921875 1903.095477294922 1258.0753662109375 0.8620954241071429 
234 1958.9043395996093 1232.3773071289063 2133.730059814453 1329.0892456054687 0.8147088913690477 1817.9853210449219 1135.1645568847657 1899.8185119628906 1256.0545593261718 0.8801385788690477 
235 1959.52470703125 1231.3360412597656 2134.62861328125 1328.404559326172 0.8303106398809523 1816.5572937011718 1132.8767028808593 1898.3993713378907 1258.4947570800782 0.8922991071428571 
236 1962.9938842773438 1227.9446350097655 2137.2519653320314 1334.914862060547 0.8106398809523809 1814.0848754882813 1131.9234375 1898.6258178710937 1254.42177734375 0.8890671502976191 
237 1955.8874816894531 1226.8043395996094 2135.9014587402344 1333.793927001953 0.7959914434523809 1815.7168884277344 1130.2003356933594 1897.2326965332031 1259.267071533203 0.8840448288690477 
238 1961.7778015136719 1228.5734619140626 2136.9913635253906 1331.9494873046874 0.8150111607142857 1811.70087890625 1130.4541015625 1897.55546875 1254.85546875 0.8887416294642857 
239 1958.9409301757812 1231.3252502441405 2135.3908569335936 1328.935858154297 0.8194754464285714 1812.3807495117187 1129.8882629394532 1894.9742309570313 1255.6558044433593 0.8751395089285714 
240 1956.5034973144532 1230.034356689453 2136.4006774902346 1329.3524841308595 0.8272414434523809 1810.625506591797 1128.9863647460938 1893.0782287597656 1254.5395141601562 0.8748837425595238 
241 1955.696112060547 1230.7446594238281 2135.7732482910155 1329.1372985839844 0.8185918898809523 1811.3916381835938 1129.2103576660156 1893.0761352539062 1253.5934753417969 0.8661179315476191 
242 1959.6883850097656 1229.152783203125 2132.919891357422 1329.2419921875 0.8096168154761905 1810.442919921875 1130.2480590820312 1891.284130859375 1253.4348022460938 0.8740699404761905 
243 1964.632586669922 1230.8034729003907 2135.781109619141 1326.7217956542968 0.8149879092261905 1808.6748046875 1126.0599365234375 1889.547119140625 1252.0704345703125 0.8786039806547619 
244 1953.2243530273438 1229.283465576172 2135.4487426757814 1329.0272033691406 0.8285202752976191 1808.3301879882813 1129.2445007324218 1890.8106811523437 1252.0061096191407 0.8742559523809523 
245 1958.3239868164062 1228.5421020507813 2135.0912963867186 1326.9488647460937 0.8265438988095238 1806.2282470703126 1125.8599792480468 1891.8784423828124 1251.6018127441407 0.8849516369047619 
246 1953.0363159179688 1227.068377685547 2137.2500610351562 1328.2054260253906 0.8236374627976191 1807.7214599609374 1123.9170715332032 1890.7983154296876 1252.1443298339843 0.8861607142857143 
247 1958.8281616210938 1226.8719116210937 2138.631555175781 1331.6117309570313 0.8203357514880952 1806.2839721679688 1127.4361877441406 1888.3302856445312 1244.3957214355469 0.8833705357142857 
248 1955.2568054199219 1227.210711669922 2139.1983947753906 1333.0640686035156 0.8197312127976191 1805.7541748046874 1127.0307067871095 1885.5778564453126 1245.030938720703 0.8794642857142857 
249 1956.5306762695313 1227.7831298828125 2135.7532592773437 1332.9041259765625 0.8078497023809523 1804.8143371582032 1125.4459228515625 1885.8093200683593 1244.3533935546875 0.8683035714285714 
250 1958.4555725097657 1226.9403991699219 2135.738153076172 1331.9330139160156 0.8129185267857143 1805.600653076172 1124.331005859375 1884.7754455566405 1246.53544921875 0.8689081101190477 
251 1958.9449340820313 1226.9407531738282 2136.081677246094 1333.5669372558593 0.8076869419642857 1804.892724609375 1123.0928955078125 1884.002294921875 1246.9166259765625 0.8723028273809523 
252 1959.7832336425781 1227.0159912109375 2136.4393005371094 1332.6632080078125 0.8188011532738095 1801.379132080078 1125.8985229492187 1884.5113708496094 1241.9371704101563 0.8736049107142857 
253 1960.626806640625 1227.3628784179687 2139.149560546875 1331.3568481445313 0.8239629836309523 1801.1694030761719 1123.1023315429688 1882.6312561035156 1240.9621215820312 0.8736979166666666 
254 1958.4955139160156 1226.94736328125 2138.182586669922 1334.068505859375 0.8150344122023809 1801.468505859375 1121.6867248535157 1879.2177734375 1242.6300476074218 0.8771856398809523 
255 1959.0101989746095 1225.5662841796875 2136.735528564453 1332.5465087890625 0.8126860119047619 1800.4645751953126 1121.7716369628906 1879.8369384765624 1242.5556335449219 0.8822079613095238 
256 1959.946923828125 1226.7617614746093 2137.711767578125 1333.7659484863282 0.8075939360119048 1800.0382080078125 1120.2887878417969 1879.4283447265625 1241.0997619628906 0.8786504836309523 
257 1961.2877319335937 1227.402081298828 2137.264758300781 1332.6432067871094 0.8123837425595238 1798.5818359375 1121.1654541015625 1877.94404296875 1238.4834716796875 0.8790457589285714 
258 1956.9778259277343 1226.2535034179687 2136.551593017578 1333.3070434570313 0.8068731398809523 1798.5224853515624 1121.2586608886718 1877.9494384765626 1240.3989318847657 0.8722330729166666 
259 1959.021795654297 1225.5655700683594 2136.6677795410155 1332.498028564453 0.8102678571428571 1799.419122314453 1120.6893676757813 1877.0314392089845 1239.6949096679687 0.8663271949404762 
260 1958.932061767578 1226.3394592285156 2137.3324645996095 1333.726092529297 0.8133603050595238 1797.1193603515626 1118.553076171875 1876.7932373046874 1236.33193359375 0.8769298735119048 
261 1961.201434326172 1226.0534118652345 2137.244000244141 1331.678887939453 0.8322172619047619 1796.1277587890625 1118.8029174804688 1877.1073486328125 1238.5117797851562 0.8875093005952381 
262 1961.2489624023438 1227.520196533203 2136.1506958007812 1329.0758728027345 0.8337286086309523 1796.8355651855468 1120.1777465820312 1879.5847229003907 1236.7787963867188 0.8739769345238095 
263 1961.577099609375 1228.8678405761718 2137.987353515625 1327.5058166503907 0.8413783482142857 1797.4237487792968 1115.1278747558595 1878.9897033691407 1238.425225830078 0.8698614211309523 
264 1961.3599487304687 1228.3461059570313 2138.0123657226563 1326.8994995117187 0.8227074032738095 1794.5058471679688 1117.2768615722657 1880.0427368164062 1236.2847839355468 0.8862072172619048 
265 1962.3300354003907 1226.102557373047 2140.053143310547 1329.1819885253906 0.8235212053571429 1795.6803955078126 1115.6408081054688 1877.4331298828124 1240.0469360351562 0.8829985119047619 
266 1960.0338439941406 1227.7794128417968 2139.479705810547 1333.3356994628907 0.8177083333333334 1792.5646728515626 1116.5392578125 1875.2505126953124 1236.1697265625 0.8932291666666666 
267 1957.9733459472657 1225.9349792480468 2137.670574951172 1328.3625061035157 0.8328450520833334 1792.0297912597657 1114.038836669922 1876.4874206542968 1239.8270080566406 0.8949962797619048 
268 1962.2205932617187 1228.429705810547 2136.763049316406 1326.2501037597656 0.8407273065476191 1794.3177612304687 1111.9452026367187 1876.7938110351563 1234.7003051757813 0.8664434523809523 
269 1966.8528442382812 1226.407647705078 2136.1210327148438 1326.8524841308595 0.8254743303571429 1792.147509765625 1112.0120361328125 1875.851513671875 1236.6381103515625 0.8826497395833334 
270 1959.58359375 1228.4616760253907 2136.07509765625 1327.9727722167968 0.8340773809523809 1791.1077697753906 1113.2077880859374 1875.598406982422 1235.2497314453126 0.8730933779761905 
271 1956.4689086914063 1228.0209045410156 2138.1416870117187 1324.6552429199219 0.8475167410714286 1792.6364624023438 1112.3569580078124 1873.8093383789062 1232.1835693359376 0.85546875 
272 1972.567626953125 1225.9217895507813 2134.420166015625 1328.5598999023437 0.8327287946428571 1792.1158447265625 1113.0350158691406 1873.0421142578125 1233.437518310547 0.8566545758928571 
273 1963.5961853027343 1226.2131958007812 2136.005987548828 1329.2626342773438 0.8410760788690477 1791.1864501953125 1112.874005126953 1872.4370849609375 1233.7589294433594 0.8585379464285714 
274 1965.9003356933595 1225.9093994140626 2134.745294189453 1329.2029052734374 0.8307756696428571 1791.325213623047 1112.5311218261718 1870.7818420410156 1231.7158264160157 0.86572265625 
275 1974.0127746582032 1226.3113525390625 2134.4543884277346 1329.3109619140625 0.8274274553571429 1789.6497497558594 1113.2557983398438 1870.8608703613281 1232.1013793945312 0.8562825520833334 
276 1960.2191162109375 1228.6737365722656 2136.9473876953125 1327.2695007324219 0.8244047619047619 1786.352850341797 1106.4665100097657 1870.0662170410155 1234.8270690917968 0.8780459449404762 
277 1954.6897766113282 1224.880224609375 2139.5444763183596 1327.37392578125 0.8329613095238095 1786.5184265136718 1110.7011413574219 1867.0490783691407 1238.8182678222656 0.8730701264880952 
278 1956.5292419433595 1228.7679809570313 2137.714044189453 1327.7657104492187 0.8221726190476191 1785.2586547851563 1107.9301879882812 1869.3133666992187 1233.0783569335938 0.8803013392857143 
279 1961.029962158203 1228.6519897460937 2136.4660095214845 1328.6317016601563 0.8274274553571429 1785.956787109375 1109.9533752441407 1868.958740234375 1232.5699401855468 0.8753022693452381 
280 1960.89306640625 1228.3834838867188 2136.06298828125 1328.2114868164062 0.8211263020833334 1786.0853210449218 1108.1986694335938 1868.9614318847657 1232.5127563476562 0.8794875372023809 
281 1967.5546325683595 1226.8616333007812 2135.041192626953 1329.3239135742188 0.8340308779761905 1788.3213684082032 1107.6504821777344 1867.1384704589843 1231.7876281738281 0.8597470238095238 
282 1964.0703857421875 1227.212384033203 2136.0531494140623 1330.0064880371094 0.8404947916666666 1786.0053405761719 1105.8666076660156 1867.0545959472656 1232.3825378417969 0.8603980654761905 
283 1966.6811401367188 1225.9819763183593 2135.0549438476564 1328.9871398925782 0.8393322172619048 1786.4980102539062 1108.1200866699219 1865.7329467773438 1228.9532775878906 0.8581659226190477 
284 1967.9509399414062 1226.4966247558593 2134.9301635742186 1327.8767883300782 0.8400297619047619 1785.1455017089843 1106.2318969726562 1866.6473449707032 1229.4783081054688 0.8716285342261905 
285 1964.7831298828125 1227.7254577636718 2133.8980224609377 1329.9809631347657 0.8321475074404762 1786.1384216308593 1107.2423828125 1864.7965148925782 1231.128955078125 0.8486793154761905 
286 1958.4104370117188 1227.617724609375 2139.070764160156 1326.505322265625 0.8336356026785714 1782.35810546875 1106.2754333496093 1866.032275390625 1229.8850891113282 0.8659319196428571 
287 1958.9952392578125 1227.4374633789062 2137.3358154296875 1329.3462280273438 0.8435174851190477 1783.3682373046875 1105.629168701172 1863.7194091796875 1231.0555236816406 0.8547479538690477 
288 1955.6381469726562 1229.6585754394532 2138.076452636719 1326.7004333496093 0.83447265625 1780.2164733886718 1103.6536193847655 1865.6132385253907 1231.748846435547 0.8617466517857143 
289 1955.9665100097657 1226.2689697265625 2137.917156982422 1329.1905029296875 0.8287062872023809 1777.7624084472657 1106.3822875976562 1862.3050964355468 1231.3584350585938 0.8737909226190477 
290 1952.1930725097657 1226.210626220703 2137.926922607422 1328.1820739746095 0.8366117931547619 1779.275567626953 1106.0297912597657 1861.2169860839845 1229.8524108886718 0.8826264880952381 
291 1954.501171875 1226.6863098144531 2137.61455078125 1329.0144958496094 0.8336821056547619 1778.2924072265625 1104.058282470703 1860.8728759765625 1227.9291442871095 0.8853236607142857 
292 1952.8794738769532 1228.45830078125 2138.7878845214846 1327.222119140625 0.8520275297619048 1778.5160278320313 1103.6256958007812 1861.7874389648437 1225.6279663085938 0.8737444196428571 
293 1956.665106201172 1227.7035583496095 2134.8950744628905 1327.590753173828 0.8229864211309523 1777.6816345214843 1100.9989440917968 1861.9002746582032 1228.3061096191407 0.8727213541666666 
294 1957.1530151367188 1229.2450439453125 2135.8887329101562 1326.3838623046875 0.8455171130952381 1776.8482604980468 1102.0677673339844 1860.3877014160157 1226.405499267578 0.8770693824404762 
295 1958.8435852050782 1228.737890625 2138.1504333496096 1327.067529296875 0.8342168898809523 1777.1635986328124 1100.8203369140624 1860.0690673828126 1228.0705322265626 0.8708844866071429 
296 1958.9615478515625 1229.3727294921875 2136.2103271484375 1326.7622802734375 0.8434244791666666 1776.4687805175781 1100.3692626953125 1860.2237243652344 1225.0277099609375 0.8822312127976191 
297 1953.485791015625 1228.7633056640625 2137.119677734375 1330.3480224609375 0.8427036830357143 1775.86298828125 1099.37822265625 1857.912158203125 1228.312451171875 0.8704659598214286 
298 1959.6482788085937 1228.2965393066406 2135.1073364257813 1330.8119812011719 0.8436569940476191 1776.2276672363282 1097.7259094238282 1859.0285583496093 1227.8415954589843 0.8630254836309523 
299 1954.3442321777343 1229.7834838867188 2138.503546142578 1328.6479125976562 0.8424944196428571 1773.3909484863282 1098.4116760253905 1858.6858337402343 1224.415350341797 0.8813244047619048 
300 1966.4012756347656 1227.4744567871094 2134.687957763672 1330.4263000488281 0.8380533854166666 1775.422625732422 1098.0992919921875 1856.5962951660156 1226.7891357421875 0.8636997767857143 
301 1957.946875 1229.0830322265624 2138.08828125 1327.8703369140626 0.8380533854166666 1772.2178527832032 1097.3666381835938 1857.4460876464843 1227.1460571289062 0.8786737351190477 
302 1953.8139709472657 1229.462823486328 2137.368035888672 1329.0507263183595 0.8451218377976191 1769.809307861328 1095.176934814453 1855.7281677246094 1226.0080017089845 0.8684663318452381 
303 1956.23779296875 1228.058203125 2135.10205078125 1330.266259765625 0.8510277157738095 1772.3084289550782 1096.1400512695313 1854.8611267089843 1227.8313842773437 0.8590262276785714 
304 1972.8863342285156 1227.8628723144532 2132.7331726074217 1330.4805114746093 0.8360305059523809 1772.5087036132813 1093.8982788085937 1853.4187866210937 1226.1171020507813 0.8614443824404762 
305 1960.1906127929688 1229.0001403808594 2135.2383422851562 1330.448223876953 0.8479585193452381 1770.5302124023438 1095.7251953125 1852.0864868164062 1225.021875 0.8743257068452381 
306 1968.0102600097657 1227.0007263183593 2134.140008544922 1331.8206848144532 0.8399135044642857 1772.6709411621093 1092.9710815429687 1851.7803527832032 1225.4793579101563 0.8524460565476191 
307 1972.76904296875 1228.1767822265624 2132.64111328125 1330.8107666015626 0.8341471354166666 1770.841082763672 1092.6724365234375 1851.7640197753906 1224.9125244140625 0.8586774553571429 
308 1965.1613708496093 1228.0927795410157 2135.343145751953 1330.9935241699218 0.8424246651785714 1770.1675903320313 1093.9871215820312 1849.3219116210937 1224.5917358398438 0.8594912574404762 
309 1964.9496520996095 1228.0533630371094 2135.222833251953 1331.009014892578 0.8390531994047619 1771.6030578613281 1092.1242431640626 1848.8199157714844 1224.7788330078124 0.8577706473214286 
310 1959.4760375976562 1227.626934814453 2134.474890136719 1331.8397399902344 0.8446103050595238 1765.7220153808594 1093.0881713867188 1850.2720031738281 1222.8625122070312 0.8636997767857143 
311 1967.5883361816407 1228.2298767089844 2133.593670654297 1330.995098876953 0.8294270833333334 1765.8585693359375 1092.7805114746093 1848.8611572265625 1223.2132629394532 0.8565615699404762 
312 1965.7786926269532 1229.18359375 2134.2983337402343 1330.29541015625 0.8447730654761905 1765.156494140625 1093.3004272460937 1848.425048828125 1222.1683227539063 0.8709542410714286 
313 1963.3448852539063 1228.2117431640625 2134.0108276367187 1331.4049560546875 0.8408435639880952 1767.7965148925782 1093.9535034179687 1847.1760192871093 1222.9451782226563 0.8601190476190477 
314 1971.9716857910157 1227.3203674316405 2132.636102294922 1330.462957763672 0.8325892857142857 1764.2370910644531 1093.1283081054687 1847.5445251464844 1222.0565063476563 0.8579334077380952 
315 1964.273016357422 1228.1866821289063 2134.0732971191405 1330.8565307617187 0.8313569568452381 1764.7047302246094 1091.3441650390625 1847.630352783203 1221.6558349609375 0.8575613839285714 
316 1955.823797607422 1229.2389221191406 2135.4312072753905 1331.8717956542969 0.8478422619047619 1761.5651977539062 1092.6733825683593 1848.4084350585938 1220.9644348144532 0.8557710193452381 
317 1956.3181396484374 1228.400128173828 2135.3747314453126 1330.7181579589844 0.8482607886904762 1762.882421875 1090.2858276367188 1847.4916015625 1222.1187133789062 0.8591889880952381 
318 1954.7383972167968 1228.9776550292968 2134.9780334472657 1330.8523010253907 0.8338448660714286 1762.367120361328 1091.4619750976562 1846.6095642089845 1222.7235717773438 0.8571196056547619 
319 1954.0374694824218 1231.266534423828 2134.4421447753907 1328.2582458496095 0.8412853422619048 1762.0683471679688 1089.9570068359376 1847.4211547851562 1221.8657470703124 0.8761393229166666 
320 1958.4459350585937 1230.5715454101562 2135.749621582031 1327.8027221679688 0.8517950148809523 1762.223699951172 1090.0043518066407 1848.0159240722655 1223.4589050292968 0.8828125 
321 1956.0227966308594 1230.7410278320312 2136.152618408203 1328.4711303710938 0.85107421875 1763.6583068847656 1087.7574645996094 1847.974383544922 1223.812969970703 0.8826962425595238 
322 1950.7878356933593 1230.3792358398437 2136.845098876953 1329.2220825195313 0.8422619047619048 1762.8672241210938 1090.9108337402345 1846.2052856445312 1222.701348876953 0.8742327008928571 
323 1957.678533935547 1228.1070983886718 2134.2961975097655 1332.1151916503907 0.8481910342261905 1760.0026428222657 1090.81337890625 1844.3866394042968 1220.332861328125 0.86669921875 
324 1950.611865234375 1230.1670043945312 2138.372998046875 1328.8867065429688 0.8463541666666666 1761.6595947265625 1090.872412109375 1844.8938720703125 1222.498681640625 0.8673270089285714 
325 1953.3464477539062 1229.0799377441406 2135.9409057617186 1331.175799560547 0.8558175223214286 1761.2368286132812 1091.4920532226563 1841.7355834960938 1221.0753295898437 0.8623744419642857 
326 1955.1549682617188 1227.995867919922 2135.8203735351562 1332.0750549316406 0.8484235491071429 1761.2716918945312 1090.381884765625 1841.7856811523438 1221.953564453125 0.8572591145833334 
327 1948.168231201172 1230.4616088867188 2137.896343994141 1329.1978149414062 0.8532598586309523 1759.407861328125 1088.1655578613281 1842.656103515625 1219.8135681152344 0.8729771205357143 
328 1947.8224487304688 1229.0125549316406 2137.3174438476562 1330.597430419922 0.8433779761904762 1758.853692626953 1089.1080444335937 1840.9030212402345 1218.0425903320313 0.8708379836309523 
329 1958.0371032714843 1228.393212890625 2134.458624267578 1330.32578125 0.8470052083333334 1757.5648559570313 1089.5178344726562 1841.8550659179687 1218.8935424804688 0.8702334449404762 
330 1954.3735961914062 1229.0075927734374 2135.2326049804688 1331.2321533203126 0.8658389136904762 1755.0658752441407 1088.221990966797 1841.5636413574218 1217.9685607910155 0.8627464657738095 
331 1953.4553833007812 1228.7092895507812 2135.7870483398438 1332.6188354492188 0.8612351190476191 1756.645556640625 1088.3032287597657 1840.9494140625 1219.6605163574218 0.8600027901785714 
332 1950.7462280273437 1229.1234069824218 2136.358996582031 1330.7219299316407 0.8417736235119048 1756.7922302246093 1087.471533203125 1838.8526672363282 1218.37734375 0.8699311755952381 
333 1949.5246887207031 1229.6787414550781 2136.7686462402344 1331.1023864746094 0.8586774553571429 1755.90439453125 1086.545166015625 1839.774072265625 1219.17626953125 0.8667457217261905 
334 1957.2922973632812 1228.7687683105469 2135.7582397460938 1330.7494201660156 0.8520275297619048 1753.9346496582032 1086.3581298828126 1838.2646911621093 1219.7173095703124 0.8632347470238095 
335 1952.4419555664062 1230.1679260253907 2135.2623901367188 1329.3578308105468 0.8492140997023809 1756.1567504882812 1085.7218383789063 1837.8425170898438 1217.9749389648437 0.8722098214285714 
336 1955.135107421875 1229.9101989746093 2137.003076171875 1329.4590637207032 0.8464471726190477 1754.7856323242188 1088.1709106445312 1835.1904418945312 1216.4357788085938 0.8806966145833334 
337 1951.8218933105468 1231.6642944335938 2135.6289123535157 1328.4047973632812 0.8438197544642857 1755.2898681640625 1084.544287109375 1836.5519287109375 1218.0462890625 0.8863002232142857 
338 1954.601171875 1229.736083984375 2136.14541015625 1331.24462890625 0.8367047991071429 1756.0889831542968 1086.7080627441405 1836.1245178222657 1217.497869873047 0.8740234375 
339 1953.2447204589844 1228.0312866210938 2135.907257080078 1332.1293579101562 0.8501441592261905 1753.282861328125 1085.8597106933594 1835.775732421875 1217.4553527832031 0.8641880580357143 
340 1953.2345703125 1227.5417602539062 2135.87822265625 1333.5930053710938 0.8560732886904762 1753.2932495117188 1085.3847961425781 1835.7775512695312 1218.9307556152344 0.8660249255952381 
341 1952.3889465332031 1227.616033935547 2137.0621032714844 1333.7048889160155 0.8569800967261905 1752.6033569335937 1085.635302734375 1835.1168579101563 1217.264111328125 0.8670944940476191 
342 1955.7296508789063 1228.401025390625 2135.9361206054687 1332.215673828125 0.8512137276785714 1753.2984680175782 1085.1095336914063 1833.6079040527343 1216.3470092773437 0.8769298735119048 
343 1948.11640625 1229.666064453125 2136.9490234375 1330.895947265625 0.8574451264880952 1752.3204956054688 1085.75791015625 1834.0830688476562 1214.24208984375 0.8871372767857143 
344 1958.6636474609375 1228.1468200683594 2133.1918212890623 1332.0793762207031 0.8473772321428571 1752.3070007324218 1083.184259033203 1832.7075256347657 1214.5707458496095 0.8816964285714286 
345 1956.7607421875 1228.3798828125 2134.6728515625 1330.0439453125 0.8414713541666666 1751.251953125 1084.080078125 1833.365234375 1211.16015625 0.8813011532738095 
346 1949.8118713378906 1229.6520263671875 2136.6743347167967 1330.8692138671875 0.8578171502976191 1749.0992858886718 1084.4891174316406 1832.7980529785157 1211.010760498047 0.8898344494047619 
347 1950.86220703125 1231.0841064453125 2136.23154296875 1329.5616455078125 0.8453078497023809 1750.7137268066406 1083.4421691894531 1829.881854248047 1212.8145446777344 0.8831612723214286 
348 1958.1982421875 1229.9243408203124 2138.1416015625 1327.5531982421876 0.8525855654761905 1750.497784423828 1083.5548278808594 1828.9835388183594 1211.812237548828 0.8865327380952381 
349 1950.3627380371095 1231.393572998047 2138.910821533203 1329.5154846191406 0.8483537946428571 1749.6788635253906 1084.5065063476563 1830.4853210449219 1211.4878784179687 0.8811151413690477 
350 1954.056903076172 1228.9585876464844 2138.414898681641 1328.8191223144531 0.8491908482142857 1749.0916748046875 1083.8210998535155 1827.8280029296875 1212.487615966797 0.8826729910714286 
351 1952.9940002441406 1229.4675415039062 2138.5805847167967 1328.0602905273438 0.8486793154761905 1749.6369750976562 1081.4295288085937 1828.8979370117188 1212.8866333007813 0.8859514508928571 
352 1957.4839721679687 1230.721484375 2135.9327758789063 1329.4376953125 0.8364722842261905 1750.0484680175782 1084.3262878417968 1827.8823181152343 1211.5185607910157 0.8929268973214286 
353 1959.1494995117187 1229.8971862792969 2134.7609008789063 1331.8651428222656 0.8426804315476191 1747.8058349609375 1084.934375 1829.0025146484375 1209.56171875 0.8949962797619048 
354 1958.4669677734375 1230.4746643066405 2134.3738525390627 1330.722723388672 0.8373790922619048 1748.2224426269531 1083.3762329101562 1829.5557556152344 1210.1049682617188 0.8983909970238095 
355 1959.5222412109374 1230.9471740722656 2134.7956298828126 1328.9494323730469 0.8398902529761905 1746.9180419921875 1082.7113830566407 1829.8431884765625 1208.9835632324218 0.9006696428571429 
356 1955.7930541992187 1230.7944274902343 2135.5939086914063 1331.1043762207032 0.8418898809523809 1747.3116271972656 1083.6053833007813 1828.695086669922 1210.4121948242187 0.8988560267857143 
357 1956.3954711914062 1229.846417236328 2138.427526855469 1327.5687438964844 0.8477492559523809 1748.716729736328 1083.3364135742188 1827.2780212402345 1211.7168090820312 0.8892996651785714 
358 1960.4035339355469 1229.2988708496093 2138.5052795410156 1328.8826477050782 0.8507254464285714 1747.75673828125 1083.3112426757812 1828.189794921875 1209.7060913085938 0.8839983258928571 
359 1951.8394653320313 1229.396990966797 2137.913708496094 1328.2488830566406 0.8561197916666666 1749.438983154297 1082.6846008300781 1828.9083068847656 1212.5489196777344 0.8879045758928571 
360 1956.0413757324218 1231.306817626953 2137.3981994628907 1328.6666931152345 0.8450055803571429 1749.13330078125 1083.8719543457032 1827.403076171875 1211.7761169433593 0.8820452008928571 
361 1956.015087890625 1230.8871276855468 2137.135302734375 1330.0265686035157 0.8537016369047619 1745.7835876464844 1083.8644653320312 1829.670880126953 1211.6018432617188 0.8925316220238095 
362 1954.450018310547 1231.1426391601562 2136.5774475097655 1328.0189819335938 0.8427501860119048 1750.1899719238281 1082.996319580078 1829.6285095214844 1210.8731872558594 0.8738839285714286 
363 1953.0666015625 1230.2446228027343 2138.27470703125 1329.6722473144532 0.8467029389880952 1749.0377380371094 1082.9029846191406 1830.919171142578 1211.5739440917969 0.8871837797619048 
364 1953.4649230957032 1231.0822387695312 2138.4592712402346 1327.4336303710938 0.8464704241071429 1747.347186279297 1083.7390380859374 1830.2093322753906 1210.9225830078126 0.8861607142857143 
365 1952.9737060546875 1228.73095703125 2138.1088134765623 1330.068115234375 0.8437267485119048 1749.0249572753905 1084.8950317382812 1830.874334716797 1211.5666381835938 0.8813709077380952 
366 1952.4021484375 1230.1015930175781 2137.50361328125 1329.4717712402344 0.8605840773809523 1751.7133056640625 1082.8447814941405 1831.5991943359375 1211.441473388672 0.8868815104166666 
367 1958.317529296875 1228.9049987792969 2136.850439453125 1330.9237365722656 0.8480747767857143 1749.0732543945312 1084.3279052734374 1831.4731323242188 1209.8896240234376 0.8701869419642857 
368 1957.6017211914063 1228.5128601074218 2136.0498901367187 1330.4833557128907 0.8540736607142857 1749.9652282714844 1082.2697814941407 1832.325909423828 1209.7327819824218 0.8770926339285714 
369 1956.9902648925781 1229.0135559082032 2138.7815856933594 1328.7055603027343 0.8498651413690477 1750.464013671875 1082.783673095703 1832.563330078125 1211.7967712402344 0.8857886904761905 
370 1955.2920471191405 1227.8208129882812 2137.161444091797 1329.5112182617188 0.8585379464285714 1750.1812622070313 1081.7537231445312 1832.3158081054687 1210.8222045898438 0.8861607142857143 
371 1956.0227783203125 1226.6432312011718 2136.2511474609373 1330.4704162597657 0.8586774553571429 1750.1013671875 1082.2797607421876 1834.33857421875 1209.6150146484374 0.8759765625 
372 1952.1263549804687 1229.7919372558595 2139.186389160156 1328.142999267578 0.8485398065476191 1749.490460205078 1082.5618835449218 1828.5570251464844 1209.8398498535157 0.8783482142857143 
373 1952.6462158203126 1229.6195373535156 2138.8655029296874 1328.5485534667969 0.8605375744047619 1751.8038635253906 1083.2403076171875 1829.3952331542969 1209.3263427734375 0.8906715029761905 
374 1957.3243286132813 1227.759716796875 2139.367810058594 1327.40458984375 0.8466099330357143 1749.4117065429687 1085.0731384277344 1829.8939575195313 1207.712872314453 0.8838588169642857 
375 1957.1024780273438 1228.9051147460937 2138.0344848632812 1327.9415649414063 0.8459123883928571 1749.2136535644531 1084.5989135742188 1827.3001403808594 1202.6808715820312 0.8881370907738095 
376 1956.1166931152343 1229.5584899902344 2139.171514892578 1325.903057861328 0.8450288318452381 1749.7909606933595 1085.7085693359375 1832.647393798828 1195.5414306640625 0.8870442708333334 
377 1956.3704406738282 1226.9580444335938 2138.5781677246096 1328.8376098632812 0.8651413690476191 1753.8921447753905 1091.997540283203 1836.179510498047 1187.9996520996094 0.8480747767857143 
378 1958.9203857421876 1229.7356689453125 2138.3603759765624 1327.9554931640625 0.8433082217261905 1753.5451354980469 1100.7133666992188 1836.6542053222656 1183.8222778320312 0.8607468377976191 
379 1955.7290283203124 1226.8828186035157 2138.2704833984376 1326.8001647949218 0.8428431919642857 1752.0514343261718 1104.720477294922 1842.3612854003907 1187.3445861816406 0.8518647693452381 
380 1953.2919921875 1227.6618103027345 2137.869140625 1327.641046142578 0.8456101190476191 1751.558642578125 1102.465802001953 1851.538037109375 1185.1410095214844 0.8430292038690477 
381 1960.6293212890625 1227.6605834960938 2138.4785888671877 1325.1907348632812 0.8459821428571429 1754.683251953125 1102.4747436523437 1856.03818359375 1188.5308715820313 0.8584914434523809 
382 1955.1768737792968 1224.8020324707031 2135.8481506347657 1325.8226013183594 0.8520042782738095 1754.9289489746093 1102.5612365722657 1857.8922180175782 1188.0402038574218 0.8452380952380952 
383 1962.6993591308594 1225.0755920410156 2137.2407043457033 1325.6264343261719 0.8415643601190477 1759.1895263671875 1103.655584716797 1863.5348388671875 1181.4402404785155 0.84326171875 
384 1961.8763610839844 1225.1140197753907 2135.5544250488283 1324.0919128417968 0.8408900669642857 1764.854229736328 1100.206494140625 1865.6996032714844 1186.111865234375 0.8561895461309523 
385 1963.5865844726563 1222.1409240722655 2138.7974487304687 1324.347235107422 0.8477260044642857 1770.2648620605469 1098.6648376464843 1868.8209533691406 1188.0955383300782 0.8543294270833334 
386 1975.5539489746093 1221.0683837890624 2137.363165283203 1324.6989501953126 0.8234747023809523 1774.3062927246094 1099.6764099121094 1874.300762939453 1188.762432861328 0.8576776413690477 
387 1967.893017578125 1217.4257690429688 2140.812060546875 1324.3859985351562 0.8499581473214286 1782.4267700195312 1103.1291809082031 1875.1257202148438 1190.4800720214844 0.8279854910714286 
388 1971.3333923339844 1216.073486328125 2139.1017883300783 1322.326904296875 0.8483770461309523 1788.0069519042968 1104.9449523925782 1879.3476623535157 1192.5573669433593 0.8471214657738095 
389 1971.0343017578125 1213.9568786621094 2138.2156982421875 1322.4470520019531 0.8496791294642857 1792.6342834472657 1104.9880310058593 1881.5606628417968 1197.4713195800782 0.8452613467261905 
390 1979.9375793457032 1211.2485595703124 2133.9172790527346 1317.7038330078126 0.8498418898809523 1802.3416381835937 1108.5954223632812 1885.9850219726563 1192.2388061523438 0.8361467633928571 
391 1970.5841247558594 1209.8226379394532 2135.5151184082033 1315.7258239746093 0.8576078869047619 1805.4525939941407 1108.9941833496093 1885.3138854980468 1197.5362121582032 0.8336821056547619 
392 1965.5629516601562 1211.6109680175782 2134.398229980469 1312.9121032714843 0.8545619419642857 1807.4591735839845 1110.3097106933594 1889.211114501953 1200.947735595703 0.8256603422619048 
393 1966.2991333007812 1208.6831787109375 2135.1928100585938 1314.8947021484375 0.8581194196428571 1813.1429138183594 1111.5793151855469 1893.2368469238281 1200.3790588378906 0.8198009672619048 
394 1966.3486633300781 1209.6024291992187 2135.3748474121094 1314.8126098632813 0.8366350446428571 1818.0857360839843 1116.2663818359374 1892.2503234863282 1202.5043701171876 0.8094075520833334 
395 1968.7539306640624 1213.10048828125 2130.2275146484376 1313.325537109375 0.8618396577380952 1820.9149047851563 1116.5160522460938 1902.5797241210937 1200.0369262695312 0.8212425595238095 
396 1966.6689331054688 1212.3646423339844 2132.8781860351564 1318.738507080078 0.8472609747023809 1825.9664611816406 1116.0271789550782 1904.0846862792969 1204.1182067871093 0.8371698288690477 
397 1963.9122741699218 1213.6436645507813 2132.5395080566404 1321.1021850585937 0.8414248511904762 1829.4301635742188 1118.0118225097656 1907.1308715820312 1205.631854248047 0.8465169270833334 
398 1957.8738403320312 1215.2271484375 2133.2167358398438 1321.09462890625 0.8485165550595238 1833.1741088867188 1119.5392700195312 1909.2663208007812 1205.5566772460938 0.8355422247023809 
399 1960.3365844726563 1217.279071044922 2132.3228393554687 1321.4629943847656 0.8416573660714286 1836.7531188964845 1119.9642944335938 1911.170343017578 1207.6111450195312 0.8460053943452381 
400 1958.4614318847657 1216.9718017578125 2132.874871826172 1323.9234619140625 0.8465866815476191 1839.675390625 1120.525323486328 1913.718896484375 1207.7321228027345 0.8459821428571429 
401 1957.3044006347657 1217.5149169921874 2133.611981201172 1324.6176513671876 0.8467959449404762 1839.8083618164062 1122.009716796875 1913.9562866210938 1210.987353515625 0.8403785342261905 
402 1957.428692626953 1218.0146911621093 2133.992083740234 1325.2727844238282 0.8415876116071429 1839.571600341797 1120.9111083984376 1915.4773498535155 1211.6679931640624 0.8430757068452381 
403 1957.3161010742188 1217.8552124023438 2133.4619750976562 1324.8598754882812 0.8436104910714286 1841.1939880371094 1123.7039428710937 1915.274151611328 1212.6000122070313 0.8423781622023809 
404 1956.9675598144531 1217.5791137695312 2134.7471618652344 1324.5761596679688 0.8442847842261905 1841.2334228515624 1122.168035888672 1913.6620849609376 1211.0579162597655 0.8353794642857143 
405 1959.2532653808594 1217.755908203125 2133.232208251953 1326.082470703125 0.8440987723214286 1839.5006225585937 1124.2642578125 1913.3597290039063 1211.25380859375 0.8320777529761905 
406 1957.8288146972657 1216.959405517578 2133.622235107422 1325.3927673339845 0.8511439732142857 1839.4115478515625 1121.922344970703 1913.3433349609375 1210.6405212402344 0.8350074404761905 
407 1955.7911987304688 1217.146435546875 2133.6636352539062 1325.846240234375 0.8479352678571429 1838.5397521972657 1123.1425476074219 1912.6532409667968 1212.0787658691406 0.8345424107142857 
408 1956.3111389160156 1217.0553344726563 2133.7219421386717 1325.4729858398437 0.8411690848214286 1839.5536193847656 1123.295391845703 1911.8320007324219 1212.0008728027344 0.8386114211309523 
409 1957.4200500488282 1217.6233154296874 2133.3664489746093 1326.1510986328126 0.8410063244047619 1838.8995971679688 1122.1240661621093 1912.8958129882812 1214.2080871582032 0.8435872395833334 
410 1956.6915161132813 1217.6792236328124 2134.012341308594 1326.0419677734376 0.8455171130952381 1839.803692626953 1121.0622131347657 1913.6873962402344 1213.0062683105468 0.8389136904761905 
411 1958.0090942382812 1218.612109375 2132.4442749023438 1325.577099609375 0.8414946056547619 1839.0183837890625 1121.3941955566406 1914.7167236328125 1215.1943054199219 0.8480980282738095 
412 1964.543389892578 1217.7619567871093 2130.7562927246095 1324.7305969238282 0.8288457961309523 1840.80166015625 1120.7306823730469 1916.5025390625 1212.8883361816406 0.8418898809523809 
413 1961.5379577636718 1217.0350402832032 2134.0271057128907 1323.8142028808593 0.8336588541666666 1845.0919311523437 1121.8184448242187 1920.6585571289063 1210.5272583007813 0.8421223958333334 
414 1960.069189453125 1216.693798828125 2133.348779296875 1322.31181640625 0.8393322172619048 1845.2476745605468 1128.086407470703 1924.4611877441407 1220.5020935058594 0.8539574032738095 
415 1962.327978515625 1215.7550903320312 2134.020654296875 1321.4121459960938 0.8485630580357143 1851.2737609863282 1129.0833862304687 1928.8657653808593 1226.4859497070313 0.8622581845238095 
416 1968.4629516601562 1215.9313659667969 2133.0148315429688 1321.2445373535156 0.8407273065476191 1860.1118957519532 1132.4529418945312 1932.5146911621093 1226.2474975585938 0.8512369791666666 
417 1967.0673583984376 1214.5366149902343 2135.3735595703124 1320.1405090332032 0.8371233258928571 1864.9539916992187 1135.3337097167969 1939.2066528320313 1234.3373107910156 0.8570731026785714 
418 1968.0862243652343 1213.3716552734375 2134.444171142578 1320.4337646484375 0.8274739583333334 1870.6532775878907 1131.7130004882813 1948.0675476074218 1243.7164428710937 0.8806036086309523 
419 1964.0417053222657 1213.7820434570312 2135.791668701172 1321.1256713867188 0.8264508928571429 1879.1195373535156 1132.5437744140625 1950.1315612792969 1261.3561279296875 0.8706519717261905 
420 1959.1106994628906 1214.2983642578124 2135.8676940917967 1321.6740478515626 0.8277297247023809 1880.707452392578 1137.5469909667968 1955.0443786621095 1271.3535217285157 0.8746512276785714 
421 1959.2412963867187 1214.9817687988282 2136.4205688476563 1322.6140563964843 0.8193126860119048 1881.7333190917968 1143.6514709472656 1957.9037658691407 1284.401385498047 0.8743722098214286 
422 1957.2274353027344 1216.861798095703 2136.0217102050783 1322.8138610839844 0.8258928571428571 1882.0931518554687 1148.2222045898438 1961.5572387695313 1297.2172485351562 0.8863467261904762 
423 1957.6040893554687 1217.1409851074218 2136.0465454101563 1322.8845275878907 0.8161504836309523 1880.9655029296875 1149.9073913574218 1963.5777099609375 1298.6093322753907 0.8821382068452381 
424 1960.8241149902344 1217.3514099121094 2135.4225891113283 1324.4165344238281 0.8211030505952381 1881.5071838378906 1154.6960388183593 1963.865008544922 1299.6458801269532 0.8772088913690477 
425 1957.7203308105468 1217.6591247558595 2135.5732482910157 1324.700128173828 0.8291015625 1882.6014709472656 1156.6646850585937 1964.9408874511719 1298.2881958007813 0.8767438616071429 
426 1957.4966064453124 1218.4622497558594 2135.0361083984376 1323.6706848144531 0.8328450520833334 1882.3205139160157 1158.8398315429688 1966.1586120605468 1298.5698364257812 0.8854864211309523 
427 1958.4700744628906 1218.4332214355468 2135.7285339355467 1323.4753479003907 0.8407738095238095 1882.1503967285157 1156.88515625 1965.8558288574218 1302.959326171875 0.8913225446428571 
428 1958.9483642578125 1218.5864990234375 2134.6102294921875 1323.6554443359375 0.8330543154761905 1881.1569763183593 1159.7378967285156 1964.8836730957032 1304.207537841797 0.8903227306547619 
429 1960.4974609375 1218.8908264160157 2134.44736328125 1325.5582702636718 0.83154296875 1879.8340759277344 1160.2552368164063 1965.1679992675781 1304.6666381835937 0.8786969866071429 
430 1966.1827209472656 1220.1458679199218 2132.9865905761717 1324.8071350097657 0.8212658110119048 1881.4600830078125 1163.160906982422 1964.8619384765625 1303.7994201660156 0.8740466889880952 
431 1961.0991821289062 1219.6258422851563 2134.2203979492188 1324.1517456054687 0.8369373139880952 1881.008770751953 1164.1592834472656 1964.3028747558594 1302.982684326172 0.8626534598214286 
432 1961.7394409179688 1218.996240234375 2133.2134399414062 1325.146826171875 0.8331938244047619 1880.0224182128907 1163.9110107421875 1964.9427917480468 1301.0902099609375 0.8582589285714286 
433 1961.7428283691406 1219.6398864746093 2133.400115966797 1325.9039367675782 0.8313569568452381 1879.9383178710937 1163.2382080078125 1964.9496215820313 1300.5640380859375 0.8585379464285714 
434 1962.5351013183595 1220.4315002441406 2134.014337158203 1324.952166748047 0.8320079985119048 1879.370782470703 1163.7114624023438 1965.9269470214845 1302.5280395507812 0.8552129836309523 
435 1961.8142150878907 1219.7894104003906 2133.485467529297 1326.062030029297 0.8365652901785714 1880.0030822753906 1165.8984069824219 1965.0212097167969 1303.2355041503906 0.8613746279761905 
436 1960.956884765625 1221.3642211914062 2133.754052734375 1325.6946166992188 0.8361235119047619 1879.5742614746093 1163.6816650390624 1964.3426086425782 1300.6152099609376 0.8597237723214286 
437 1961.7327514648437 1220.1785827636718 2134.6210083007813 1326.1950744628907 0.8320545014880952 1879.0523559570313 1163.90830078125 1963.8656127929687 1300.914208984375 0.8599795386904762 
438 1961.759698486328 1220.632342529297 2134.5614685058595 1324.9654357910156 0.8284970238095238 1879.308984375 1164.2022399902344 1962.44931640625 1301.1394348144531 0.8612118675595238 
439 1960.1994689941407 1220.5358520507812 2134.536737060547 1324.8122924804688 0.8293108258928571 1879.2348388671876 1163.9483520507813 1962.3301025390624 1302.4405639648437 0.8632347470238095 
440 1961.159112548828 1220.9667114257813 2134.0497497558595 1325.3536010742187 0.8318219866071429 1877.22314453125 1164.3193908691405 1962.037353515625 1302.958074951172 0.8624441964285714 
441 1958.9856201171874 1221.4478637695313 2134.9953369140626 1327.3797729492187 0.8346819196428571 1876.7474487304687 1163.9688903808594 1961.4927856445313 1300.865460205078 0.8563290550595238 
442 1960.8230102539062 1222.1560363769531 2135.2670776367186 1326.4964294433594 0.8243582589285714 1878.3664001464845 1165.5337707519532 1963.142999267578 1304.1108825683593 0.8674200148809523 
443 1959.1487670898437 1222.4119689941406 2135.4203247070313 1326.869158935547 0.8259858630952381 1876.788311767578 1164.2826354980468 1961.6598083496094 1304.6469299316407 0.86669921875 
444 1961.4320434570313 1221.6931518554688 2136.3890014648437 1326.3402954101562 0.82421875 1877.6640197753907 1166.5395080566407 1961.0546081542968 1302.2538269042968 0.8583519345238095 
445 1958.9456604003906 1222.4292419433593 2135.4233581542967 1327.0086242675782 0.8213820684523809 1877.9342651367188 1165.8657287597657 1961.2710571289062 1303.1263366699218 0.8583286830357143 
446 1957.3027587890624 1221.7706665039063 2135.4325927734376 1326.3606811523437 0.8271484375 1877.728826904297 1168.0929626464845 1961.0740295410155 1302.098809814453 0.8633277529761905 
447 1958.9200805664063 1222.1557678222657 2135.4195190429687 1326.7481628417968 0.8306594122023809 1876.4530090332032 1167.030987548828 1961.4343200683593 1302.6742126464844 0.8614443824404762 
448 1958.1019409179687 1221.7908447265625 2136.598986816406 1328.2340576171875 0.8204287574404762 1875.6555480957031 1165.105047607422 1960.8101501464844 1304.3001037597655 0.8681408110119048 
449 1956.3540283203124 1221.4054870605469 2136.6738037109376 1326.3187561035156 0.8265671502976191 1876.7234008789062 1165.0397827148438 1960.3261596679688 1299.4599731445312 0.8697219122023809 
450 1956.9139221191406 1219.897882080078 2135.7466003417967 1326.5412048339845 0.8284970238095238 1877.215283203125 1165.1248107910155 1959.248583984375 1298.018865966797 0.8588402157738095 
451 1958.381854248047 1221.2103881835938 2135.560650634766 1326.2053833007812 0.8284737723214286 1877.2379516601563 1165.1794982910155 1959.2652221679687 1296.423162841797 0.8551199776785714 
452 1960.1538818359375 1220.7899230957032 2135.5262939453123 1327.3247009277343 0.8327752976190477 1878.8976623535157 1164.6229675292968 1960.8473327636718 1299.0204650878907 0.8614676339285714 
453 1960.7950317382813 1220.1978698730468 2136.160778808594 1326.7285217285157 0.8223121279761905 1879.3526977539063 1164.2219482421874 1962.9383178710937 1296.9755615234376 0.8540504092261905 
454 1959.0063110351562 1219.7521362304688 2135.953894042969 1326.2483520507812 0.8205450148809523 1880.1107238769532 1163.6052185058593 1965.3078552246093 1297.9544738769532 0.8490280877976191 
455 1964.27421875 1220.1945739746093 2136.17255859375 1326.6077941894532 0.8321940104166666 1881.0955688476563 1163.713641357422 1966.2262084960937 1301.2322814941406 0.8612816220238095 
456 1963.66357421875 1221.3920471191407 2136.81494140625 1325.9361999511718 0.8230794270833334 1883.3706176757812 1165.0362487792968 1968.3127319335938 1300.6169494628907 0.8556082589285714 
457 1963.5576293945312 1220.1601928710938 2136.7956420898436 1326.3910766601562 0.8257765997023809 1883.0358947753907 1165.4104736328125 1969.6549011230468 1299.4247314453125 0.8449125744047619 
458 1963.446710205078 1219.5160522460938 2136.9022888183595 1327.5166625976562 0.82861328125 1884.0826782226563 1167.2150634765626 1970.8103881835937 1303.0339599609374 0.8448660714285714 
459 1963.0779113769531 1220.0227966308594 2136.2237243652344 1327.8305969238281 0.8213355654761905 1884.92353515625 1168.8831665039063 1973.129931640625 1306.0931518554687 0.8400762648809523 
460 1964.3938598632812 1219.9029052734375 2135.8710327148438 1327.6886474609375 0.8230096726190477 1886.44384765625 1166.0728515625 1971.365966796875 1304.887841796875 0.8428664434523809 
461 1963.7538757324219 1220.2712890625 2134.9049377441406 1327.852001953125 0.8279854910714286 1885.5760803222656 1167.7975524902345 1973.5966491699219 1306.348321533203 0.8568405877976191 
462 1964.8812377929687 1221.3470642089844 2134.713732910156 1327.492413330078 0.8198939732142857 1885.3037170410157 1166.9555419921876 1971.8528991699218 1309.0268798828124 0.8672107514880952 
463 1963.561505126953 1220.869775390625 2134.558001708984 1328.353369140625 0.8201497395833334 1885.4541320800781 1169.8838989257813 1973.3953552246094 1306.6812866210937 0.8478887648809523 
464 1962.0111206054687 1220.5126098632813 2134.693713378906 1328.0320678710937 0.8211263020833334 1883.8779174804688 1170.9510375976563 1973.4773071289062 1306.1646850585937 0.8491443452380952 
465 1965.672344970703 1220.0828491210937 2133.939349365234 1327.9044555664063 0.8229864211309523 1884.8060668945313 1170.1932678222656 1969.7564331054687 1307.4208679199219 0.8564453125 
466 1962.53310546875 1220.7755065917968 2135.62607421875 1328.5502990722657 0.8293573288690477 1883.334912109375 1169.6515686035157 1969.881396484375 1306.8195007324218 0.8586542038690477 
467 1963.5362854003906 1220.345770263672 2134.939666748047 1328.0850158691405 0.8294503348214286 1882.7318969726562 1169.0503356933593 1970.8821166992188 1307.8054992675782 0.8562825520833334 
468 1964.2103149414063 1221.045147705078 2133.698132324219 1326.9749938964844 0.8310779389880952 1882.099072265625 1171.2768432617188 1970.10234375 1306.5412719726562 0.8483305431547619 
469 1963.5772216796875 1218.8304077148437 2133.4843017578123 1328.2897094726563 0.8239862351190477 1882.5196472167968 1170.5728576660156 1970.7404846191407 1306.171649169922 0.8435872395833334 
470 1965.080987548828 1217.6928649902343 2132.0746520996095 1327.3846496582032 0.8381928943452381 1882.4028564453124 1169.1438049316407 1969.1740478515626 1306.6678405761718 0.8483770461309523 
471 1967.14677734375 1218.4972229003906 2132.1388671875 1327.9474792480469 0.8306361607142857 1881.7604614257812 1168.7986328125 1969.9741577148438 1306.0197265625 0.8566313244047619 
472 1965.4555236816407 1219.727880859375 2133.600018310547 1327.47109375 0.8328915550595238 1880.5042358398437 1168.8073486328126 1968.6576293945313 1304.3025146484374 0.8543991815476191 
473 1966.6623962402343 1218.7137329101563 2133.382159423828 1328.2257202148437 0.8317057291666666 1881.6050537109375 1167.5410217285157 1968.2340576171875 1306.4742370605468 0.8548874627976191 
474 1965.2661682128905 1218.773419189453 2133.602362060547 1328.2738220214844 0.8298921130952381 1880.2180908203125 1167.6063598632813 1968.4720947265625 1306.5244995117187 0.8555850074404762 
475 1965.5250183105468 1218.9368774414063 2133.9135803222657 1328.4710815429687 0.83056640625 1880.4503967285157 1169.1999084472657 1968.7318542480468 1306.5265319824218 0.8573056175595238 
476 1966.7154846191406 1218.1725830078126 2133.472381591797 1327.7090087890624 0.8372163318452381 1880.1930114746094 1169.5037780761718 1968.476055908203 1308.4677795410157 0.8653971354166666 
477 1965.12021484375 1220.1638305664062 2133.55654296875 1328.0939819335938 0.8278227306547619 1881.4681030273437 1168.777606201172 1968.1393188476563 1307.7784240722656 0.8581194196428571 
478 1966.6423950195312 1220.0836853027345 2133.3397827148438 1327.946710205078 0.8343331473214286 1880.150860595703 1168.9180419921875 1968.4024841308594 1306.1981689453125 0.8584449404761905 
479 1965.6515380859375 1220.6760803222655 2134.8489501953127 1326.424383544922 0.8401460193452381 1881.5534301757812 1172.2446533203124 1966.1521362304688 1307.2770751953126 0.8628162202380952 
480 1964.2739379882812 1220.3330871582032 2133.9763061523436 1328.0288513183593 0.8407273065476191 1881.1799377441407 1170.3135131835938 1966.0311218261718 1309.0126586914062 0.8611188616071429 
481 1968.203143310547 1220.4440795898438 2133.035748291016 1328.1565063476562 0.8464936755952381 1882.2090270996093 1169.5379943847656 1965.4412414550782 1304.9945983886719 0.8546084449404762 
482 1968.9496643066407 1220.6226684570313 2134.180584716797 1328.5953491210937 0.8357282366071429 1880.0422119140626 1170.8521850585937 1965.1115966796874 1306.6358520507813 0.8628394717261905 
483 1969.2283508300782 1220.1174743652343 2134.4878356933596 1328.1087219238282 0.8434244791666666 1881.941668701172 1169.268359375 1963.7532775878906 1303.439404296875 0.8717447916666666 
484 1968.6448547363282 1219.6622802734375 2134.3105895996096 1327.9190185546875 0.8414946056547619 1882.2161499023437 1170.1391723632812 1965.8690551757813 1302.9997436523438 0.8732793898809523 
485 1969.508721923828 1220.0783386230469 2134.9345153808595 1328.1781311035156 0.8374953497023809 1884.465106201172 1167.9182006835938 1967.9969299316406 1302.2241333007812 0.8695824032738095 
486 1970.5913391113281 1218.8783630371095 2132.8318786621094 1328.677423095703 0.8397274925595238 1885.1220947265624 1169.3994079589843 1968.7004150390626 1303.7804016113282 0.8649088541666666 
487 1969.9930358886718 1219.1687744140625 2135.4426330566407 1328.9222900390625 0.8399135044642857 1884.55908203125 1168.2612670898438 1971.379150390625 1304.2245727539062 0.8713960193452381 
488 1967.4105712890625 1219.528741455078 2135.7954833984377 1327.4257263183595 0.8455868675595238 1886.2993041992188 1168.3467590332032 1972.9438598632812 1305.6702087402343 0.8656296502976191 
489 1968.6264221191407 1219.673779296875 2135.533123779297 1327.67216796875 0.8435872395833334 1885.8023864746094 1169.7023376464845 1974.164776611328 1307.154962158203 0.8695591517857143 
490 1968.0273071289062 1219.8017150878907 2136.538854980469 1327.7799499511718 0.8443080357142857 1885.5963439941406 1169.8397033691406 1972.3061218261719 1307.266619873047 0.8813011532738095 
491 1967.0193664550782 1219.7166748046875 2136.9697692871096 1327.5697021484375 0.8479817708333334 1884.6838989257812 1169.8125549316405 1972.9274291992188 1307.080145263672 0.8730933779761905 
492 1966.9627258300782 1219.8673706054688 2137.7002380371096 1328.2202758789062 0.8366815476190477 1883.17236328125 1169.7322265625 1970.182861328125 1307.635693359375 0.8623511904761905 
493 1967.7052673339845 1219.362353515625 2136.581964111328 1327.574658203125 0.8332170758928571 1884.0235961914063 1167.8417358398438 1969.2818237304687 1307.2061157226562 0.8670014880952381 
494 1965.6773376464844 1219.32880859375 2136.031768798828 1327.43828125 0.8403785342261905 1882.2641357421876 1165.1479858398438 1967.4414306640624 1306.0180297851562 0.8713960193452381 
495 1967.1246643066406 1219.2997131347656 2135.798553466797 1327.3820495605469 0.8401460193452381 1881.2131591796874 1165.5104675292969 1964.7311767578126 1303.0697326660156 0.8686988467261905 
496 1968.1620971679688 1219.2862670898437 2137.0691040039064 1327.5179321289063 0.8319149925595238 1879.4196655273438 1165.0442932128906 1964.6931274414062 1306.073504638672 0.8673735119047619 
497 1966.85107421875 1218.8033081054687 2136.009765625 1327.1962036132813 0.8367513020833334 1877.9764099121094 1166.3123107910155 1963.3769836425781 1302.624578857422 0.8640718005952381 
498 1965.0582458496094 1219.935302734375 2135.5561340332033 1326.49658203125 0.8274972098214286 1876.3412475585938 1164.63701171875 1963.2295532226562 1302.346875 0.8580031622023809 
499 1966.3830993652343 1219.9234741210937 2135.102374267578 1326.3968383789063 0.8330078125 1875.2193115234375 1163.5997436523437 1960.3978759765625 1299.5579711914063 0.8682570684523809 
500 1965.0235473632813 1219.1222595214845 2135.939587402344 1327.588311767578 0.8395647321428571 1873.5606750488282 1159.895849609375 1960.6621032714843 1299.58681640625 0.8853469122023809 
501 1966.8300659179688 1219.4606079101563 2136.0671508789064 1327.9036499023437 0.8419131324404762 1871.4053283691405 1159.1723388671876 1958.488348388672 1297.1906982421874 0.8899972098214286 
502 1964.4755065917968 1219.4400512695313 2136.5241271972654 1325.9464233398437 0.8395879836309523 1869.880194091797 1158.2462280273437 1955.0852600097655 1292.6080200195313 0.8902297247023809 
503 1964.1690002441405 1217.22275390625 2134.606268310547 1325.384912109375 0.8381696428571429 1869.5586975097656 1157.8471801757812 1953.138446044922 1288.9526245117188 0.8864862351190477 
504 1964.7350830078126 1214.5383422851562 2133.9045654296874 1322.9382202148438 0.8328450520833334 1868.463885498047 1156.1059631347657 1952.2273986816406 1289.1422058105468 0.8907412574404762 
505 1962.0543334960937 1210.7650573730468 2130.769641113281 1319.9337951660157 0.8287295386904762 1867.454168701172 1155.9263610839844 1951.8118225097655 1288.2519836425781 0.8750697544642857 
506 1960.628643798828 1209.7934631347657 2125.988421630859 1317.2772155761718 0.8199404761904762 1866.9461059570312 1153.6983154296875 1951.2794799804688 1284.3324462890625 0.8736746651785714 
507 1956.2517028808593 1207.9076904296876 2123.297735595703 1317.0664306640624 0.8201962425595238 1865.0952697753905 1153.073992919922 1951.099188232422 1285.3875549316406 0.8734421502976191 
508 1951.6490966796875 1207.7091064453125 2121.9763916015627 1315.1971435546875 0.8250558035714286 1864.7046142578124 1154.34677734375 1950.6950439453126 1283.332421875 0.8696521577380952 
509 1949.5017028808593 1209.6769714355469 2119.626348876953 1317.0372619628906 0.8225678943452381 1865.2016357421876 1153.4558471679688 1951.0898681640624 1285.5915161132812 0.8750930059523809 
510 1946.5755187988282 1210.7213317871094 2120.2456481933596 1318.231427001953 0.8279854910714286 1866.54736328125 1155.6939697265625 1950.9013671875 1288.0140380859375 0.8716285342261905 
511 1941.1143188476562 1212.0537719726562 2120.0499877929688 1319.7465209960938 0.8301943824404762 1866.4303466796875 1153.8104431152344 1952.5845458984375 1291.325909423828 0.8690243675595238 
512 1943.2713562011718 1212.9825378417968 2120.3244689941407 1320.5383361816407 0.8400995163690477 1867.2186340332032 1153.1587524414062 1953.2631774902343 1293.8085327148438 0.8733258928571429 
513 1944.8215270996093 1213.2069213867187 2120.132208251953 1320.7086059570313 0.8362862723214286 1867.5348083496094 1154.6852111816406 1951.882305908203 1295.2643737792969 0.8770228794642857 
514 1947.3643371582032 1212.7569152832032 2120.9709899902346 1321.8809020996093 0.8185221354166666 1868.6373413085937 1154.2521728515626 1952.9605590820313 1296.4441162109374 0.8772321428571429 
515 1947.5542846679687 1213.1286743164062 2120.9630493164063 1322.1284057617188 0.8200567336309523 1867.2654907226563 1153.2295837402344 1954.7955444335937 1296.9111633300781 0.8819521949404762 
516 1946.773126220703 1213.4425842285157 2120.9586853027345 1321.2716491699218 0.8258231026785714 1867.4007873535156 1154.742742919922 1955.3229675292969 1295.7500549316405 0.8794875372023809 
517 1947.0708862304687 1212.6778747558594 2120.8414672851563 1321.905010986328 0.8341703869047619 1867.8874816894531 1155.5817993164062 1955.6001892089844 1296.2531616210938 0.8814871651785714 
518 1947.2287170410157 1212.9243957519532 2120.698895263672 1321.9626892089843 0.8356584821428571 1868.372802734375 1155.9269897460938 1954.281982421875 1296.3552368164062 0.8841610863095238 
519 1949.3645385742188 1213.0303955078125 2120.700158691406 1321.7625732421875 0.8335425967261905 1867.8154296875 1154.7357788085938 1955.130615234375 1296.4170532226562 0.8863234747023809 
520 1948.4466979980468 1214.6393676757812 2121.0666076660154 1321.4993041992188 0.83642578125 1867.0687561035156 1155.0127685546875 1955.8446960449219 1296.3966552734375 0.8916945684523809 
521 1947.762432861328 1214.4106994628905 2120.688616943359 1321.460272216797 0.8363327752976191 1867.697039794922 1154.8683044433594 1954.9835021972656 1294.856182861328 0.8897414434523809 
522 1949.1940368652345 1215.0747497558593 2120.641534423828 1320.5808898925782 0.8287527901785714 1867.7817626953124 1155.4739318847655 1953.5055908203126 1293.950750732422 0.8884858630952381 
523 1951.0122375488281 1214.8717712402345 2121.2381286621094 1320.643243408203 0.8341471354166666 1866.4713439941406 1153.4683837890625 1954.0634460449219 1295.5987548828125 0.8916713169642857 
524 1951.5694946289063 1214.6320373535157 2121.5118041992187 1321.8771179199218 0.83203125 1865.9003173828125 1153.9019653320313 1953.3462646484375 1292.4957397460937 0.8930199032738095 
525 1952.512677001953 1214.7472839355469 2120.811419677734 1321.9964904785156 0.8330543154761905 1865.1903930664062 1154.0151489257812 1954.2895874023438 1292.6140014648438 0.8965308779761905 
526 1952.4888916015625 1214.9197387695312 2122.1395263671875 1321.9808959960938 0.8323567708333334 1864.2425720214844 1152.8370239257813 1953.185772705078 1292.8399780273437 0.8990187872023809 
527 1951.103778076172 1215.033056640625 2122.334820556641 1322.05263671875 0.8325427827380952 1864.348388671875 1151.8980407714844 1953.2568359375 1290.1999816894531 0.8932291666666666 
528 1949.4023132324219 1216.3611145019531 2121.8927307128906 1321.4981384277344 0.8329380580357143 1863.2203430175782 1153.5570251464844 1950.2868591308593 1288.263653564453 0.8825567336309523 
529 1952.865655517578 1214.7356018066407 2120.8305114746095 1321.7718444824218 0.8224051339285714 1863.5633422851563 1156.340673828125 1949.1922729492187 1286.430810546875 0.8697916666666666 
530 1951.8110107421876 1212.9141052246093 2119.6728759765624 1321.5305969238282 0.8348446800595238 1862.942938232422 1154.5548461914063 1945.2280822753905 1286.2112670898437 0.8765345982142857 
531 1952.3363098144532 1211.9627746582032 2118.3295837402343 1320.4335876464843 0.8359607514880952 1862.1335205078126 1156.7791259765625 1944.3083740234374 1283.3285400390625 0.8747442336309523 
532 1947.589581298828 1209.3789489746093 2118.522601318359 1317.8557922363282 0.83349609375 1860.479443359375 1152.7384765625 1942.658740234375 1280.93828125 0.8835332961309523 
533 1946.3126098632813 1207.457568359375 2117.184216308594 1315.89521484375 0.8265206473214286 1860.687188720703 1150.647723388672 1941.1940368652345 1280.4444396972656 0.8772786458333334 
534 1945.8083068847657 1206.7601440429687 2115.146160888672 1315.2679321289063 0.8291480654761905 1859.9378967285156 1146.8153015136718 1940.4967956542969 1281.6279357910157 0.8764880952380952 
535 1943.2156188964843 1206.7398681640625 2114.581866455078 1313.8438720703125 0.8294038318452381 1858.6097534179687 1146.8503845214843 1939.3497192382813 1278.6707336425782 0.8735816592261905 
536 1935.151434326172 1206.478369140625 2114.4985900878905 1316.719384765625 0.8354724702380952 1857.9446533203125 1146.6748962402344 1938.5687744140625 1281.5967102050781 0.8718377976190477 
537 1933.5487487792968 1207.1681213378906 2112.9416076660154 1317.4372253417969 0.8349841889880952 1857.5882873535156 1147.3493896484374 1938.2328796386719 1282.3056396484376 0.8733491443452381 
538 1933.2774353027344 1208.461004638672 2111.141143798828 1317.1555725097655 0.8358909970238095 1856.8872802734375 1148.4130432128907 1939.2316162109375 1283.4576843261718 0.8711170014880952 
539 1932.6225463867188 1208.569287109375 2112.1682250976564 1318.932177734375 0.8346354166666666 1857.6745971679688 1150.3467529296875 1940.0351196289062 1282.1234619140625 0.8719540550595238 
540 1931.9873168945312 1209.0191833496094 2112.7599975585936 1320.769512939453 0.8368443080357143 1858.8564819335938 1152.3854370117188 1939.3825317382812 1283.8565063476562 0.8656063988095238 
541 1932.6515808105469 1210.8956726074218 2112.0228576660156 1319.5058166503907 0.8455403645833334 1859.4220031738282 1152.3499938964844 1938.4111267089843 1285.644268798828 0.8750697544642857 
542 1935.5066772460937 1210.8765563964844 2111.7020629882813 1321.2043762207031 0.8477492559523809 1858.9359375 1152.4826416015626 1941.2701171875 1285.8640380859374 0.8787434895833334 
543 1935.4771728515625 1211.5911193847655 2111.6976318359375 1320.287908935547 0.8480980282738095 1860.3522705078126 1152.998876953125 1941.0512939453124 1286.39931640625 0.8794410342261905 
544 1935.798077392578 1211.8369995117187 2113.142230224609 1320.2140258789063 0.8506556919642857 1859.631103515625 1153.60654296875 1941.73486328125 1284.97255859375 0.8724423363095238 
545 1936.8947875976562 1211.730157470703 2112.5956909179686 1320.1063903808595 0.8516787574404762 1859.08623046875 1153.5000854492187 1942.831494140625 1284.8651489257813 0.8730236235119048 
546 1936.8013854980468 1211.403546142578 2112.5976623535157 1321.4815856933594 0.8520972842261905 1859.1401916503905 1153.3313232421874 1941.287908935547 1284.7677978515626 0.87353515625 
547 1937.3486328125 1211.2296203613282 2113.0009765625 1321.2175231933593 0.8541666666666666 1858.2988647460938 1154.0890747070312 1942.0209594726562 1288.7009643554688 0.88134765625 
548 1937.7156555175782 1211.6629028320312 2112.1221130371096 1321.9010620117188 0.8537946428571429 1857.2202758789062 1156.2273742675782 1939.4874877929688 1286.2097595214843 0.8800920758928571 
549 1937.0458129882813 1211.189141845703 2113.1707397460937 1321.4728454589845 0.8506789434523809 1856.517266845703 1154.0846008300782 1940.4645446777345 1287.4128356933593 0.8802083333333334 
550 1939.9759948730468 1212.2917236328126 2112.9259826660154 1322.6501708984374 0.8535388764880952 1856.66865234375 1152.8045288085937 1939.02568359375 1284.5758422851563 0.8806268601190477 
551 1938.7107482910155 1213.7816955566407 2113.394598388672 1322.5470397949218 0.8485863095238095 1855.3619567871094 1153.8846435546875 1939.407940673828 1287.3695068359375 0.8793480282738095 
552 1938.3510620117188 1214.4030456542969 2112.8820922851564 1321.4269104003906 0.8510044642857143 1855.075146484375 1153.10185546875 1939.04765625 1286.469921875 0.8867885044642857 
553 1941.3481323242188 1214.5775024414063 2112.8449829101564 1321.7630737304687 0.8517950148809523 1855.2191650390625 1153.5642333984374 1937.6695068359375 1283.8359130859376 0.8907412574404762 
554 1939.1243957519532 1214.6503967285157 2113.7949157714843 1321.7596374511718 0.8549339657738095 1854.514422607422 1150.7652282714844 1938.5540588378906 1284.2397766113281 0.8905319940476191 
555 1939.8515258789062 1215.141375732422 2112.819128417969 1322.2166564941406 0.8556082589285714 1853.8111999511718 1150.0093933105468 1937.8241760253907 1283.4414123535157 0.89599609375 
556 1941.8171508789062 1215.592059326172 2111.0878784179686 1322.4134338378906 0.8539109002976191 1853.073193359375 1150.803973388672 1936.88701171875 1282.2764709472656 0.8935081845238095 
557 1938.820068359375 1213.6039245605468 2111.565185546875 1320.5414611816407 0.8490978422619048 1852.8904602050782 1148.745361328125 1936.7952087402343 1280.36083984375 0.8832775297619048 
558 1941.0052368164063 1209.6359130859375 2112.371960449219 1318.3877685546875 0.8302873883928571 1851.3292175292968 1148.8589660644532 1932.0693420410157 1279.0317810058593 0.8780459449404762 
559 1938.92890625 1209.3219909667969 2109.99443359375 1316.2379455566406 0.8375418526785714 1850.6758056640624 1147.1968933105468 1931.2739013671876 1277.1408752441407 0.8775809151785714 
560 1939.4268005371093 1208.1073059082032 2107.365313720703 1313.4804626464843 0.828125 1848.3651733398438 1147.1883666992187 1927.3950805664062 1275.6119262695313 0.8830915178571429 
561 1934.120831298828 1206.7160705566407 2107.415179443359 1313.9935241699218 0.8341238839285714 1847.2196655273438 1147.4913024902344 1926.4400024414062 1272.9233703613281 0.8733491443452381 
562 1935.2836669921876 1204.41728515625 2105.9638916015624 1312.128125 0.8380068824404762 1846.7567993164062 1144.7620056152343 1922.9829467773438 1272.3579895019532 0.8698846726190477 
563 1928.4003112792968 1203.8946228027344 2105.5207092285154 1313.1465148925781 0.8407738095238095 1845.6337341308595 1145.767022705078 1923.434259033203 1273.2274841308595 0.8720935639880952 
564 1925.2436279296876 1206.406671142578 2103.6616455078124 1312.1359313964845 0.8540271577380952 1845.3748413085937 1143.8204772949218 1923.0196899414063 1274.3300354003907 0.8841610863095238 
565 1923.8423461914062 1207.548516845703 2102.4161987304688 1315.0233825683595 0.8522832961309523 1844.9849426269532 1145.2892456054688 1924.3511169433593 1274.2593383789062 0.8810686383928571 
566 1924.0376831054687 1207.9906188964844 2102.4166625976563 1315.348370361328 0.8568870907738095 1846.5368103027345 1144.1477416992188 1925.816339111328 1276.2802368164062 0.8843703497023809 
567 1923.3667846679687 1209.8074890136718 2101.3966430664063 1315.3066467285157 0.8532598586309523 1847.2856750488281 1145.8993896484376 1926.4100036621094 1277.7732177734374 0.8810918898809523 
568 1926.4662353515625 1208.4657653808595 2101.9414794921877 1316.068536376953 0.8517485119047619 1848.406561279297 1144.477069091797 1927.8669982910155 1276.9112365722656 0.8838355654761905 
569 1926.7622314453124 1209.6911071777345 2102.0673583984376 1315.535577392578 0.85205078125 1848.7782348632813 1145.3828552246093 1928.1617065429687 1279.3423645019532 0.8884858630952381 
570 1926.4416015625 1209.1519836425782 2101.81083984375 1316.6896911621093 0.8541899181547619 1848.2380493164062 1144.6293151855468 1929.3049194335938 1281.9467346191407 0.8856724330357143 
571 1925.4016723632812 1210.1059997558593 2102.1981811523438 1315.8533508300782 0.8502371651785714 1848.7603149414062 1145.66611328125 1929.7230834960938 1281.154931640625 0.8859514508928571 
572 1927.7525329589844 1209.3012939453124 2103.204132080078 1316.8896240234376 0.8429827008928571 1848.048028564453 1144.748468017578 1930.8082946777345 1282.1303161621095 0.8860444568452381 
573 1926.867901611328 1209.8649963378907 2102.542620849609 1317.5899597167968 0.8407273065476191 1848.3369140625 1146.8872497558593 1931.202392578125 1281.1292297363282 0.8817196800595238 
574 1927.6518310546876 1209.0390014648438 2103.3720947265624 1316.7920532226562 0.8404250372023809 1847.6341186523437 1145.853692626953 1932.1788696289063 1281.7882751464845 0.8835332961309523 
575 1925.9642822265625 1209.310479736328 2103.3374755859377 1318.7182067871095 0.8429594494047619 1847.4151550292968 1144.6604125976562 1931.9575256347657 1283.9067260742188 0.8919735863095238 
576 1927.7169616699218 1209.1777282714843 2101.6762268066404 1318.5235656738282 0.8383091517857143 1847.5554321289062 1144.7554504394532 1932.0500366210938 1282.2661560058593 0.8864164806547619 
577 1925.7580261230469 1210.1543579101562 2103.2250061035156 1317.9613647460938 0.8417736235119048 1845.7003356933594 1145.8530151367188 1931.945782470703 1280.1970336914062 0.8827194940476191 
578 1927.2533081054687 1210.3324462890625 2102.868518066406 1318.0210693359375 0.8441452752976191 1844.5434020996095 1145.9105712890625 1930.694268798828 1281.7637451171875 0.8929036458333334 
579 1929.3848266601562 1210.321112060547 2102.8869018554688 1317.7271057128905 0.8491675967261905 1845.8115112304688 1144.7971557617188 1928.4316528320312 1280.2939086914062 0.8954148065476191 
580 1928.6182189941405 1211.1793701171875 2102.464178466797 1318.7981689453125 0.8427734375 1843.6056213378906 1145.90751953125 1926.3893737792969 1278.3615234375 0.8900902157738095 
581 1931.9492065429688 1211.374005126953 2102.6906860351564 1317.4657165527344 0.8408203125 1842.816796875 1145.83173828125 1924.043310546875 1278.446337890625 0.8895089285714286 
582 1933.3558715820313 1211.0712646484376 2102.4920288085937 1317.1958251953124 0.8470284598214286 1841.6448791503906 1144.2332458496094 1921.238299560547 1276.8889465332031 0.8880905877976191 
583 1932.6060302734375 1211.507177734375 2103.4208251953123 1317.64443359375 0.8423781622023809 1839.7996643066406 1142.1096923828125 1919.402606201172 1274.7814208984375 0.8839285714285714 
584 1934.2164978027345 1211.0685485839845 2103.093194580078 1317.030450439453 0.8499813988095238 1839.0162353515625 1140.3211608886718 1916.8321533203125 1274.4292053222657 0.9004603794642857 
585 1933.3752868652343 1212.3961242675782 2103.617999267578 1316.5251403808593 0.8441220238095238 1838.5274780273437 1139.0353210449218 1916.2110473632813 1272.9154846191407 0.8919735863095238 
586 1930.8726135253905 1211.0178955078125 2102.725408935547 1318.4259521484375 0.8448195684523809 1837.1288452148438 1139.5185302734376 1918.0979614257812 1271.7129150390624 0.8789295014880952 
587 1931.5230590820313 1210.9263854980468 2103.645153808594 1316.8476623535157 0.8392392113095238 1838.9055786132812 1136.386785888672 1920.0016479492188 1270.4434143066405 0.8810453869047619 
588 1925.957958984375 1211.86201171875 2103.491748046875 1316.39140625 0.8374720982142857 1840.062518310547 1135.4751586914062 1921.3631408691406 1271.5292358398438 0.8852074032738095 
589 1926.6821533203124 1212.3731628417968 2101.1493896484376 1317.0534729003907 0.8337286086309523 1840.2791931152344 1135.8757934570312 1921.697247314453 1272.1266479492188 0.8831380208333334 
590 1925.2517883300782 1211.4532897949218 2102.4448669433596 1315.7819396972657 0.8379603794642857 1840.7952575683594 1139.2256652832032 1921.9397277832031 1273.3625915527343 0.8888578869047619 
591 1928.9781494140625 1210.9462646484376 2102.3294677734375 1314.9570556640624 0.8371698288690477 1840.5879272460938 1138.9387268066407 1921.4853149414062 1272.6668640136718 0.8895321800595238 
592 1923.9171020507813 1210.2589294433594 2103.650036621094 1314.141339111328 0.8416573660714286 1841.8513305664062 1141.0674682617187 1919.3508178710938 1272.9816040039063 0.8863467261904762 
593 1921.4415222167968 1209.5163696289062 2102.5761779785157 1313.2570678710938 0.8469819568452381 1840.754327392578 1138.5825561523438 1919.7948669433595 1275.2567993164062 0.8885788690476191 
594 1923.8582580566406 1209.8546875 2102.0180847167967 1313.7810546875 0.8484468005952381 1840.1079895019532 1140.2530822753906 1919.2900817871093 1275.5224304199219 0.8954380580357143 
595 1922.8487121582032 1209.7154296875 2102.8093688964846 1313.72939453125 0.8526320684523809 1839.0279602050782 1138.5948608398437 1919.9277282714843 1275.6290161132813 0.896484375 
596 1923.189190673828 1210.2429931640625 2101.288714599609 1314.1344482421875 0.8518647693452381 1839.46728515625 1139.7770874023438 1918.62255859375 1271.7026489257812 0.8958333333333334 
597 1923.2764465332032 1211.7876525878905 2100.9138610839846 1314.717596435547 0.8394019717261905 1837.331231689453 1136.0588806152343 1918.6791442871095 1275.5122863769532 0.8942754836309523 
598 1925.0444580078124 1210.3734375 2101.0732177734376 1314.99423828125 0.8439592633928571 1836.1360290527343 1134.8139038085938 1919.1682922363282 1274.3084106445312 0.8983212425595238 
599 1924.5993957519531 1211.3487731933594 2101.1158142089844 1316.259503173828 0.8357282366071429 1836.9178405761718 1134.4912536621093 1918.5148986816407 1272.7068664550782 0.8936476934523809 
600 1927.194024658203 1211.3808471679688 2101.8429626464845 1316.1701782226562 0.8420526413690477 1835.3914489746094 1135.8915283203125 1918.5576477050781 1273.9473388671875 0.8984840029761905 
601 1926.184796142578 1212.4284973144531 2101.148577880859 1317.4068298339844 0.8472144717261905 1835.4984313964844 1134.2393676757813 1918.814434814453 1272.5443237304687 0.8909272693452381 
602 1928.2881469726562 1211.7838500976563 2103.1867065429688 1316.7229858398437 0.8453776041666666 1833.7916748046875 1135.0974365234374 1917.0767333984375 1271.6850341796876 0.8937872023809523 
603 1928.8912536621094 1211.4644592285156 2101.8837707519533 1316.258074951172 0.8491908482142857 1834.71767578125 1135.0765075683594 1914.560400390625 1269.8110656738281 0.8894856770833334 
604 1929.15341796875 1211.0226196289063 2101.95693359375 1315.7015014648437 0.8498651413690477 1833.61318359375 1133.4399353027343 1915.030126953125 1268.0272277832032 0.8925548735119048 
605 1930.0748168945313 1210.4419555664062 2101.390759277344 1315.2274780273438 0.8431454613095238 1833.1579650878907 1133.3562133789062 1912.9945007324218 1263.0905639648438 0.8819056919642857 
606 1931.8902465820313 1210.8443603515625 2101.124157714844 1315.3712158203125 0.8458426339285714 1832.8514221191406 1134.1403869628907 1909.172625732422 1261.8953796386718 0.8781854538690477 
607 1932.6803588867188 1211.5194702148438 2102.0723266601562 1314.4832153320312 0.8450288318452381 1832.0799255371094 1131.8057434082032 1910.1330871582031 1261.3406188964843 0.8881138392857143 
608 1929.4215087890625 1211.3995300292968 2103.3060302734375 1314.0739807128907 0.8516787574404762 1831.1418823242188 1132.1005493164062 1907.3197875976562 1259.6157592773438 0.8778366815476191 
609 1930.0736083984375 1210.751531982422 2101.6221923828125 1316.3198791503905 0.8510509672619048 1829.453924560547 1133.4152404785157 1905.3311096191405 1260.4269226074218 0.8818591889880952 
610 1931.4862121582032 1211.3123352050782 2101.1674743652343 1315.0979431152343 0.8485165550595238 1829.5381469726562 1133.6949768066406 1905.3180541992188 1262.1913757324219 0.8833240327380952 
611 1930.6734191894532 1211.6668701171875 2102.4202087402346 1314.0545654296875 0.8436104910714286 1829.93720703125 1133.4788391113282 1905.9021484375 1263.9404724121093 0.8790457589285714 
612 1930.2575073242188 1211.2889465332032 2102.5249633789062 1315.6433044433593 0.8426106770833334 1828.8336853027345 1131.3984924316405 1908.341729736328 1265.568426513672 0.8865792410714286 
613 1928.0602722167969 1212.1300109863282 2102.6454162597656 1316.8810974121093 0.8412620907738095 1830.2798828125 1130.6570251464843 1910.090234375 1265.3369934082032 0.8879743303571429 
614 1928.9399658203124 1212.5118103027344 2103.2294677734376 1315.4255676269531 0.8440755208333334 1830.0481506347655 1130.7936889648438 1909.723455810547 1266.9055297851562 0.8966006324404762 
615 1927.4375061035157 1211.811767578125 2103.494989013672 1316.44970703125 0.8441685267857143 1829.9542541503906 1131.5126953125 1909.6784362792969 1267.7080078125 0.8966471354166666 
616 1928.595281982422 1213.1783630371094 2102.8643127441405 1316.080059814453 0.8424479166666666 1828.247021484375 1131.6613647460938 1909.57255859375 1266.0974243164062 0.8976934523809523 
617 1929.213330078125 1211.6758911132813 2102.957568359375 1315.9224975585937 0.8452380952380952 1829.3581848144531 1131.8682495117187 1908.7840270996094 1265.8993286132813 0.8876023065476191 
618 1929.3763793945313 1212.9904052734375 2102.7273803710937 1315.3501708984375 0.8456798735119048 1827.0166564941405 1133.3632568359376 1907.913885498047 1265.4402099609374 0.8879045758928571 
619 1929.7625549316406 1211.7384521484375 2102.9331237792967 1315.6406982421875 0.8441917782738095 1826.0505737304688 1130.9253845214844 1908.5126586914062 1264.5141906738281 0.8914388020833334 
620 1931.322332763672 1212.7713256835937 2102.7666564941405 1314.9784301757813 0.8420991443452381 1824.9304504394531 1131.8045166015625 1907.3555603027344 1265.3331787109375 0.8871605282738095 
621 1930.2074768066407 1212.2710815429687 2103.493572998047 1316.2428344726563 0.8410993303571429 1823.8870971679687 1130.1345764160155 1906.4044067382813 1263.812567138672 0.8953218005952381 
622 1930.3553649902344 1212.0226745605469 2103.4494445800783 1315.8790588378906 0.8402855282738095 1824.1530334472657 1131.6258666992187 1906.5787780761718 1261.8585083007813 0.8877883184523809 
623 1930.7580993652343 1212.900146484375 2102.340167236328 1315.189453125 0.8337518601190477 1823.0116638183595 1130.5991455078124 1905.503106689453 1264.2350830078126 0.8923223586309523 
624 1932.9208435058595 1212.3010131835938 2104.653985595703 1316.3317993164062 0.8229399181547619 1824.1902465820312 1130.6897521972655 1903.4518432617188 1259.489569091797 0.8924851190476191 
625 1931.3368530273438 1211.6174194335938 2104.9119262695312 1315.7624633789062 0.8331705729166666 1822.8682678222656 1132.8410339355469 1900.563739013672 1258.4762268066406 0.8985305059523809 
626 1934.5605224609376 1213.1447998046874 2103.0444580078124 1315.5566162109376 0.8316359747023809 1821.6026550292968 1133.5405883789062 1900.8891662597657 1254.1222534179688 0.8982514880952381 
627 1934.7205993652344 1213.6861389160156 2103.5617492675783 1316.315203857422 0.8373093377976191 1821.5231872558593 1132.8308715820312 1900.9779113769532 1252.0128784179688 0.8978329613095238 
628 1934.1502014160155 1213.8200317382812 2105.095281982422 1316.7190307617188 0.8350074404761905 1819.3783813476562 1133.3265991210938 1900.7016967773438 1247.8430786132812 0.8991117931547619 
629 1933.9200012207032 1213.9006286621093 2105.7048767089846 1317.3050598144532 0.8367745535714286 1818.7767944335938 1131.7287109375 1898.8318481445312 1246.80791015625 0.9002278645833334 
630 1935.2234375 1213.0861694335938 2103.94794921875 1315.6442993164062 0.8315662202380952 1818.0959777832031 1131.396044921875 1899.1499938964844 1247.187451171875 0.8924618675595238 
631 1935.2089416503907 1213.697772216797 2104.038983154297 1316.3201721191406 0.8316359747023809 1816.734912109375 1131.95654296875 1897.83955078125 1247.8203125 0.9022274925595238 
632 1935.3809692382813 1213.5483703613281 2103.586560058594 1315.7908630371094 0.8364955357142857 1816.267071533203 1131.728826904297 1895.4225036621094 1250.4622131347655 0.9032970610119048 
633 1938.1593505859375 1214.3469848632812 2102.9451416015627 1316.5140991210938 0.8283110119047619 1816.2178833007813 1132.5879333496093 1895.3150756835937 1251.2337219238282 0.9016694568452381 
634 1935.7059387207032 1214.1309204101562 2102.2895446777343 1316.3900756835938 0.8313104538690477 1817.6512084960937 1130.6488464355468 1896.8194946289063 1252.7001525878907 0.8994605654761905 
635 1937.4842224121094 1214.3506713867187 2102.754180908203 1316.8180297851563 0.8284505208333334 1819.1888916015625 1130.5078369140624 1896.8657958984375 1254.4604248046876 0.8945079985119048 
636 1930.8196166992188 1213.4339782714844 2102.821740722656 1315.973858642578 0.8353562127976191 1819.5652465820312 1130.61357421875 1897.2970581054688 1256.30732421875 0.8928338913690477 
637 1936.2655639648438 1213.9076354980468 2103.0613403320312 1316.2970764160157 0.8330078125 1819.5212646484374 1131.2084228515625 1897.1391357421876 1256.7180908203125 0.8903692336309523 
638 1934.447735595703 1214.0623107910155 2103.120989990234 1316.589178466797 0.8330078125 1819.0097595214843 1131.2522277832031 1896.7315734863282 1256.9302673339844 0.8975539434523809 
639 1934.941717529297 1214.2382080078125 2103.7263732910155 1316.8328369140625 0.8334030877976191 1817.9635192871094 1131.3733703613282 1897.391583251953 1257.1345642089843 0.8983212425595238 
640 1934.4478759765625 1214.8459594726562 2103.4002685546875 1317.5424682617188 0.8365420386904762 1817.3533264160155 1133.9372863769531 1896.860418701172 1253.1978454589844 0.89306640625 
641 1933.2867553710937 1214.8390014648437 2103.779406738281 1317.4656860351563 0.8388904389880952 1817.7362976074219 1133.9854614257813 1897.1891174316406 1253.1649291992187 0.8928571428571429 
642 1934.9235595703126 1214.4282958984375 2103.8835693359374 1317.1295654296875 0.8345191592261905 1816.5494567871094 1134.9813049316406 1896.060040283203 1252.590838623047 0.8871837797619048 
643 1935.537042236328 1214.57490234375 2103.0893005371095 1317.428515625 0.8364955357142857 1815.1370056152343 1133.733868408203 1898.0835754394532 1251.5179626464844 0.89892578125 
644 1934.1447631835938 1215.1140869140625 2103.8579223632814 1316.6093017578125 0.8368908110119048 1815.0511840820313 1132.561328125 1896.5801635742187 1250.69501953125 0.8939499627976191 
645 1934.8859008789063 1214.2991149902343 2103.9649291992187 1317.0725891113282 0.8367745535714286 1814.7709411621095 1133.5212036132812 1897.652764892578 1251.2134155273438 0.8998790922619048 
646 1936.4004638671875 1214.2224243164062 2103.8256103515623 1316.9982788085938 0.8338216145833334 1814.8163757324219 1133.8253112792968 1897.7001037597656 1248.2048400878907 0.8928803943452381 
647 1936.2428588867188 1214.1001403808593 2103.1211547851562 1316.5403625488282 0.84033203125 1813.7849914550782 1132.3133056640625 1896.3979919433593 1249.6237060546875 0.9055059523809523 
648 1936.0603820800782 1215.9076293945313 2105.0395935058596 1319.6375366210937 0.8395414806547619 1816.3076538085938 1136.8233764648437 1896.6147094726562 1245.5723754882813 0.8829985119047619 
649 1929.137628173828 1214.5021606445312 2102.9804138183595 1317.3122924804688 0.8594215029761905 1811.7328491210938 1138.077618408203 1893.9810180664062 1242.7569763183594 0.8620024181547619 
650 1947.4401794433593 1217.9981262207032 2099.620001220703 1313.5984313964843 0.8424479166666666 1810.643377685547 1139.732000732422 1886.7332092285155 1237.2832580566405 0.8680710565476191 
651 1941.1793273925782 1218.032421875 2100.4821716308593 1312.434130859375 0.8503301711309523 1806.308770751953 1135.8847106933595 1888.9103454589845 1234.219903564453 0.8699776785714286 
652 1943.9968322753907 1218.9580383300781 2100.065545654297 1312.5994567871094 0.8529110863095238 1807.6618103027345 1135.9716186523438 1883.745294189453 1233.5144653320312 0.8612351190476191 
653 1947.6489624023438 1218.6729370117187 2099.928918457031 1312.3837036132813 0.8483072916666666 1806.256854248047 1137.35185546875 1882.3968322753906 1233.01484375 0.8644438244047619 
654 1939.7188232421875 1217.4034851074218 2101.2977783203123 1315.5050842285157 0.8560965401785714 1805.735546875 1134.5425415039062 1884.6013671875 1232.6439819335938 0.8590727306547619 
655 1929.0622863769531 1215.4233154296876 2103.9219665527344 1313.1943603515624 0.8557942708333334 1807.0654602050781 1136.6713928222657 1886.0342712402344 1240.0831237792968 0.8552594866071429 
656 1951.1876892089845 1218.747607421875 2098.933038330078 1314.004345703125 0.8441917782738095 1806.5078979492187 1135.8277099609375 1886.2125610351563 1236.9166748046875 0.8770228794642857 
657 1940.3963500976563 1219.3788452148438 2099.620007324219 1312.5830688476562 0.8457263764880952 1805.9671508789063 1132.6720825195312 1887.5208862304687 1239.4685424804688 0.8807431175595238 
658 1946.9810119628905 1218.3075805664062 2099.517889404297 1314.1321166992188 0.8450520833333334 1804.6732360839844 1136.1723327636719 1886.808575439453 1239.8192443847656 0.8778366815476191 
659 1946.4680969238282 1217.742724609375 2098.7275817871096 1315.344921875 0.8524693080357143 1806.1460693359375 1135.5315734863282 1886.1798583984375 1242.8940856933593 0.8859979538690477 
660 1940.6067260742188 1217.1158752441406 2101.582971191406 1316.0290222167969 0.8466564360119048 1803.3517272949218 1135.4341918945313 1886.7489807128907 1244.0448120117187 0.8849748883928571 
661 1939.3408569335938 1217.92109375 2101.815148925781 1316.5662109375 0.8499813988095238 1804.1686767578126 1133.4851440429688 1887.3401123046874 1241.8012329101562 0.8832542782738095 
662 1927.411151123047 1216.0370849609376 2104.805767822266 1315.0046630859374 0.8729073660714286 1803.16298828125 1134.3062133789062 1887.1919921875 1244.4777221679688 0.8837425595238095 
663 1938.9776733398437 1218.0252197265625 2103.465441894531 1316.7179443359375 0.8461216517857143 1802.4752197265625 1133.5485778808593 1885.6866455078125 1241.9168762207032 0.8778599330357143 
664 1932.2462890625 1215.2987243652344 2104.092578125 1315.080548095703 0.8515857514880952 1803.1838012695312 1135.0612182617188 1886.3352416992188 1240.3862915039062 0.8721633184523809 
665 1938.1241333007813 1214.2784606933594 2102.971813964844 1315.993145751953 0.8442150297619048 1797.2884948730468 1132.7314880371093 1884.9735900878907 1239.7071105957032 0.8981352306547619 
666 1941.2781616210937 1216.9580871582032 2103.6991333007813 1317.8301208496093 0.8263346354166666 1798.9129760742187 1133.7090576171875 1884.3978149414063 1238.0004150390625 0.8933221726190477 
667 1938.1806396484376 1214.3685302734375 2103.7065673828124 1318.9112548828125 0.8357514880952381 1795.774725341797 1130.868426513672 1882.8936096191405 1238.8958557128906 0.9037620907738095 
668 1938.4762756347657 1214.3426696777344 2104.183270263672 1318.999493408203 0.8350539434523809 1796.317401123047 1132.2942138671874 1880.0428283691406 1238.6955322265626 0.8966238839285714 
669 1938.7911254882813 1216.508447265625 2104.279919433594 1319.9390625 0.8264276413690477 1797.1706909179688 1131.8412658691407 1879.9152465820312 1233.5480163574218 0.8858351934523809 
670 1936.7633178710937 1214.3108764648437 2105.002551269531 1320.1107543945313 0.8418898809523809 1797.3423828125 1130.2580200195312 1878.86025390625 1236.0578979492188 0.8961123511904762 
671 1935.782208251953 1219.4174072265625 2102.843157958984 1319.2698486328125 0.8592354910714286 1796.34326171875 1132.48955078125 1878.91357421875 1230.421826171875 0.8437965029761905 
672 1935.8896911621093 1217.548681640625 2102.292071533203 1317.747705078125 0.8495163690476191 1793.2297302246093 1134.6228088378907 1871.9576477050782 1225.8756042480468 0.8738374255952381 
673 1940.5238342285156 1217.9696105957032 2101.790008544922 1317.8012634277343 0.8593517485119048 1794.7639404296874 1130.8386474609374 1875.3969482421876 1230.6701416015626 0.8437732514880952 
674 1930.0172180175782 1216.7226013183595 2104.2434020996093 1317.092218017578 0.8594912574404762 1792.1366088867187 1129.53671875 1873.5684692382813 1228.012353515625 0.8568405877976191 
675 1934.6084594726562 1219.4209228515624 2100.9821166992188 1318.0844482421876 0.8575613839285714 1792.6401245117188 1130.13271484375 1873.8923461914062 1228.796240234375 0.8434012276785714 
676 1937.642352294922 1216.7635498046875 2102.589215087891 1319.6336669921875 0.8507719494047619 1790.7729248046876 1130.6065185546875 1868.8122802734374 1235.2501708984375 0.8854864211309523 
677 1936.0570678710938 1217.0896057128907 2102.1101684570312 1318.1653991699218 0.8513532366071429 1792.1490356445313 1129.2037353515625 1869.7608764648437 1233.8892822265625 0.8743489583333334 
678 1942.3028747558594 1216.2636840820312 2103.1650207519533 1320.0456420898438 0.8335890997023809 1790.4884826660157 1128.2486694335937 1871.7843444824218 1233.7603637695313 0.9013671875 
679 1938.7885498046876 1216.8827758789062 2103.9843994140624 1321.8511108398438 0.8354957217261905 1790.8005249023438 1126.872296142578 1873.3984497070312 1231.8404724121094 0.8960425967261905 
680 1941.3177673339844 1217.74921875 2103.3859680175783 1319.47294921875 0.8316359747023809 1791.5174743652344 1127.1661682128906 1872.551495361328 1232.3381042480469 0.9005301339285714 
681 1938.6615295410156 1216.045751953125 2105.494598388672 1322.681298828125 0.8333565848214286 1791.1446228027344 1126.0802978515626 1871.9812316894531 1232.7158447265624 0.8983909970238095 
682 1937.0752868652344 1217.819921875 2100.796417236328 1319.171044921875 0.8554920014880952 1790.3710510253907 1127.4134582519532 1874.1805847167968 1232.6628356933593 0.8509579613095238 
683 1938.8385070800782 1218.5338073730468 2098.9728942871093 1318.1296447753907 0.8598167782738095 1788.3932067871094 1127.951190185547 1872.366192626953 1231.4527404785156 0.8601190476190477 
684 1939.6430297851562 1219.0124450683593 2100.632604980469 1317.1768859863282 0.8561895461309523 1788.3943359375 1128.1726440429688 1872.815625 1228.3002563476562 0.83447265625 
685 1945.4520751953125 1218.4404296875 2100.7354248046877 1316.72119140625 0.8593284970238095 1789.0346435546876 1129.0050170898437 1871.5903564453124 1229.2513305664063 0.8509114583333334 
686 1940.3978881835938 1218.9772216796875 2101.3347778320312 1317.1094482421875 0.8545851934523809 1787.9154724121095 1130.1296936035155 1870.346612548828 1226.299383544922 0.8347749255952381 
687 1941.4082275390624 1217.9685974121094 2100.1332763671876 1315.9470520019531 0.8542364211309523 1787.4312316894532 1127.526806640625 1869.7331970214843 1225.505419921875 0.8400762648809523 
688 1943.6745849609374 1219.2689880371095 2100.7111572265626 1317.416925048828 0.8584216889880952 1785.9585876464844 1128.897607421875 1870.3657531738281 1225.082373046875 0.8350771949404762 
689 1942.5279296875 1219.303973388672 2101.3412109375 1317.3370178222656 0.8617001488095238 1781.7538513183595 1123.83505859375 1869.983575439453 1225.789208984375 0.8462844122023809 
690 1941.595263671875 1218.7534301757812 2100.353955078125 1316.7526733398438 0.8613746279761905 1781.1029052734375 1123.5435302734375 1867.3421630859375 1223.5026123046875 0.8420061383928571 
691 1934.7449157714843 1218.1755310058593 2101.572589111328 1317.1080383300782 0.8596075148809523 1781.2726501464845 1127.59912109375 1868.566094970703 1222.652099609375 0.8294968377976191 
692 1938.029718017578 1218.0744689941407 2103.5316833496095 1316.9952331542968 0.8514229910714286 1781.892803955078 1125.299627685547 1867.4974548339844 1216.6111389160155 0.8265438988095238 
693 1939.827294921875 1217.7110961914063 2101.450048828125 1318.9685913085937 0.8594447544642857 1780.82607421875 1122.070654296875 1866.50546875 1221.381005859375 0.8453776041666666 
694 1939.473291015625 1217.0847961425782 2099.832861328125 1316.8205993652343 0.8614443824404762 1779.5649536132812 1125.3217346191407 1865.6115600585938 1225.0575378417968 0.8434942336309523 
695 1939.7446899414062 1217.7316284179688 2100.4435424804688 1315.7188110351562 0.8635137648809523 1779.271795654297 1122.3072082519532 1867.4602600097655 1224.2139099121093 0.8449590773809523 
696 1940.6882873535155 1218.280859375 2101.293035888672 1316.210595703125 0.8635835193452381 1780.5354919433594 1123.36435546875 1866.7136535644531 1221.294091796875 0.8449590773809523 
697 1940.5276123046874 1218.2564758300782 2101.2013916015626 1316.2282653808593 0.8634440104166666 1780.0800476074219 1121.56591796875 1868.2545471191406 1221.4970703125 0.8423781622023809 
698 1935.6935424804688 1217.9737426757813 2101.5879516601562 1317.5103881835937 0.8676525297619048 1781.2841247558595 1121.8901245117188 1867.158868408203 1221.4267700195312 0.8351469494047619 
699 1929.5001220703125 1216.0694885253906 2105.6190185546875 1314.5446472167969 0.8690941220238095 1780.986151123047 1120.3620971679688 1868.0986877441405 1215.0497680664062 0.8475632440476191 
700 1928.2512268066407 1216.0931884765625 2103.648553466797 1316.8533447265625 0.8711635044642857 1780.699237060547 1116.8400329589845 1866.5320861816406 1219.466241455078 0.8566313244047619 
701 1941.521466064453 1216.8383483886719 2102.393450927734 1314.9310607910156 0.8606538318452381 1779.5932983398438 1120.028497314453 1865.9147583007812 1220.0829528808595 0.8394717261904762 
702 1939.9713745117188 1217.278271484375 2102.0508422851562 1316.869189453125 0.8622116815476191 1777.2911865234375 1121.3676147460938 1865.1656005859375 1219.0056762695312 0.8391229538690477 
703 1940.612744140625 1217.3193664550781 2101.185595703125 1317.1878356933594 0.8658854166666666 1778.9855895996093 1117.4509765625 1865.1466125488282 1221.235791015625 0.8408668154761905 
704 1941.1041015625 1218.154473876953 2101.09169921875 1315.7079528808595 0.8609793526785714 1778.3400329589845 1118.6501770019531 1866.138116455078 1220.1055603027344 0.84521484375 
705 1943.2272094726563 1217.3246643066407 2102.1563354492187 1315.4291198730468 0.8598400297619048 1779.5436279296875 1118.767510986328 1865.8755615234375 1220.7960876464845 0.8365652901785714 
706 1940.010791015625 1215.9567565917969 2102.260693359375 1317.6073303222656 0.8658854166666666 1776.9337463378906 1116.4865783691407 1866.8554382324219 1220.0919128417968 0.8414946056547619 
707 1942.7164794921875 1215.8208557128905 2101.0276611328127 1317.452703857422 0.8681175595238095 1777.9406005859375 1116.3690246582032 1865.8911865234375 1219.9553161621093 0.8404017857142857 
708 1941.4443298339843 1217.5444274902343 2100.892218017578 1315.9691223144532 0.8687220982142857 1778.9679870605469 1115.4100341796875 1863.6131896972656 1219.7401123046875 0.8274042038690477 
709 1941.915350341797 1218.039239501953 2101.1785217285155 1314.3834899902345 0.8667457217261905 1779.6272705078125 1115.7961791992188 1864.1742431640625 1220.0053344726562 0.8355422247023809 
710 1943.081884765625 1217.644384765625 2102.447412109375 1314.05068359375 0.8710007440476191 1779.4029357910156 1114.049139404297 1862.036883544922 1216.3579650878905 0.8439825148809523 
711 1944.2686340332032 1217.3597778320313 2101.8093688964846 1313.8533569335937 0.8622581845238095 1780.2140991210938 1113.4434326171875 1862.9231079101562 1217.8141357421875 0.84033203125 
712 1940.7034484863282 1217.4519409179688 2101.7100036621096 1313.6630493164062 0.8692801339285714 1778.8662109375 1112.5559448242188 1863.29638671875 1214.6576782226562 0.8492606026785714 
713 1945.0622680664062 1216.2403991699218 2101.7963745117186 1314.1991760253907 0.8572126116071429 1778.3816650390625 1113.3084350585937 1864.5853759765625 1215.1854614257813 0.8353794642857143 
714 1946.8307006835937 1218.005926513672 2101.149523925781 1313.7227111816405 0.8663736979166666 1777.4104736328125 1110.1931762695312 1863.3602783203125 1215.6769409179688 0.8498418898809523 
715 1933.3264282226562 1215.6275634765625 2104.7426635742186 1315.4635009765625 0.8627464657738095 1779.3705627441407 1115.8642150878907 1866.0206726074218 1213.8163269042968 0.8493536086309523 
716 1943.3424255371094 1215.3192626953125 2102.3954895019533 1314.7273681640625 0.8479585193452381 1776.9206909179688 1115.4245300292969 1860.0619750976562 1213.0252990722656 0.8541201636904762 
717 1938.6161254882813 1214.3226440429687 2105.4226928710937 1316.5589477539063 0.8530505952380952 1775.8795532226563 1117.19111328125 1858.3860717773437 1212.252978515625 0.8541666666666666 
718 1937.8788635253907 1214.5562561035156 2106.124920654297 1315.138201904297 0.8473074776785714 1777.3697814941406 1119.3199523925782 1861.4928894042969 1216.2443786621093 0.8529343377976191 
719 1942.6480346679687 1216.1162841796875 2103.2599243164063 1315.3707763671875 0.8561662946428571 1778.2881408691405 1116.3759033203125 1859.496405029297 1213.8257568359375 0.8594215029761905 
720 1936.5665710449218 1215.0898315429688 2107.2060119628904 1316.4069946289062 0.8417271205357143 1775.7032775878906 1119.2417785644532 1859.2455749511719 1209.8940856933593 0.8635835193452381 
721 1940.6407104492187 1215.751239013672 2105.4674438476563 1316.7740295410156 0.8405877976190477 1777.1091247558593 1117.2504028320313 1858.6363586425782 1209.4117065429687 0.8623744419642857 
722 1938.8758361816406 1215.5999755859375 2104.8418151855467 1317.3211669921875 0.8445405505952381 1775.5867065429688 1120.1935302734375 1857.6774536132812 1204.0689208984375 0.8583984375 
723 1944.1433349609374 1215.9049255371094 2103.2175048828126 1317.134014892578 0.8560500372023809 1776.5176330566405 1116.831365966797 1857.862371826172 1209.0220275878905 0.8619791666666666 
724 1936.7024780273437 1216.6680786132813 2103.7762817382813 1317.9788940429687 0.8446103050595238 1777.2165954589843 1118.2968994140624 1857.1988098144532 1207.1659912109376 0.8660946800595238 
725 1937.6868774414063 1215.3065185546875 2105.060925292969 1316.7991943359375 0.8462611607142857 1776.5451171875 1118.3337951660155 1856.670947265625 1205.581854248047 0.8625139508928571 
726 1935.7698181152343 1215.7501159667968 2104.857257080078 1317.2026428222657 0.8563988095238095 1776.2661865234375 1117.0359313964843 1856.3602783203125 1207.8091613769532 0.8665132068452381 
727 1937.4589294433595 1216.341534423828 2105.174005126953 1316.2569763183594 0.8520042782738095 1775.9885559082031 1118.5534973144531 1856.2776794433594 1209.5479431152344 0.8604910714285714 
728 1939.3302978515626 1215.4623291015625 2103.9104248046874 1314.9339111328125 0.8466564360119048 1775.0281494140625 1115.5037780761718 1856.4139892578125 1213.1667541503907 0.8617466517857143 
729 1939.7555603027345 1216.155010986328 2104.531671142578 1318.2445251464844 0.8573288690476191 1775.6684997558593 1116.6143371582032 1858.0564758300782 1209.7485778808593 0.8619326636904762 
730 1942.4486755371095 1217.3704833984375 2104.165216064453 1316.1971435546875 0.8521902901785714 1776.4473449707032 1115.5027770996094 1855.5088317871093 1210.7358703613281 0.8680710565476191 
731 1938.7091979980469 1216.593731689453 2104.9090881347656 1316.6710388183594 0.8501209077380952 1776.7710266113281 1115.4854064941405 1857.1902770996094 1210.201483154297 0.8635370163690477 
732 1932.7931823730469 1214.308203125 2104.1918029785156 1316.41787109375 0.85400390625 1776.192333984375 1113.3205139160157 1858.244677734375 1215.4303405761718 0.8488885788690477 
733 1934.471630859375 1218.001708984375 2105.473681640625 1317.596435546875 0.8517717633928571 1775.3224853515626 1111.0350341796875 1859.8840576171874 1210.6297607421875 0.8512369791666666 
734 1935.847344970703 1216.5899353027344 2104.8913024902345 1317.2566223144531 0.8659784226190477 1777.6880981445313 1106.3532348632812 1861.2603881835937 1212.7180541992188 0.8444242931547619 
735 1941.4609802246093 1217.9784851074219 2101.198321533203 1315.3793029785156 0.8567475818452381 1774.6807495117187 1109.4139038085937 1860.3934692382813 1212.6588500976563 0.8409830729166666 
736 1943.3042114257812 1217.863214111328 2101.4538452148436 1315.4865173339845 0.8643275669642857 1772.9140319824219 1109.0507568359376 1858.8224182128906 1212.5315185546874 0.8410993303571429 
737 1939.873583984375 1219.167724609375 2102.244091796875 1313.068603515625 0.8659319196428571 1772.6123474121093 1108.8640869140625 1858.6883117675782 1206.6776611328125 0.8375186011904762 
738 1941.3702331542968 1217.9391723632812 2103.5444396972657 1314.4714721679688 0.8620024181547619 1772.0675354003906 1110.1942626953125 1857.0158386230469 1200.9346435546875 0.8342168898809523 
739 1947.2462890625 1216.1304077148438 2101.2556640625 1313.6046997070312 0.8694428943452381 1770.6679260253907 1109.058612060547 1856.4452331542968 1198.7349670410156 0.8468889508928571 
740 1939.4392578125 1214.4816650390626 2103.16181640625 1309.9865966796874 0.8738606770833334 1771.5186279296875 1108.706768798828 1857.2780029296875 1198.3643981933594 0.8481212797619048 
741 1934.7978942871093 1211.4932495117187 2107.363848876953 1307.5812133789063 0.8889508928571429 1769.7739990234375 1109.8241027832032 1856.0570556640625 1198.0681091308593 0.841796875 
742 1938.0765686035156 1206.4257385253907 2113.453582763672 1304.9523132324218 0.8909040178571429 1772.4762451171875 1111.4614501953124 1859.1795166015625 1192.2531494140626 0.8324962797619048 
743 1940.2025756835938 1207.2319702148438 2113.2888793945312 1304.4713989257812 0.8907180059523809 1773.5491577148437 1110.9650085449218 1861.0646118164063 1186.8117248535157 0.8399600074404762 
744 1945.3974731445312 1203.3671569824219 2121.1555053710936 1304.9161682128906 0.9068312872023809 1778.5024353027343 1111.8828735351562 1864.4285949707032 1186.0917358398438 0.8195219494047619 
745 1951.5653686523438 1202.3775634765625 2129.2092895507812 1306.9901123046875 0.8918573288690477 1780.9058898925782 1110.974432373047 1871.7016540527343 1191.9011779785155 0.8172433035714286 
746 1958.110577392578 1204.7916748046875 2132.134906005859 1307.6243408203125 0.9011114211309523 1785.1509887695313 1114.9652770996095 1876.1182983398437 1192.089776611328 0.79931640625 
747 1966.5776794433593 1206.2252807617188 2140.540118408203 1310.9981079101562 0.89404296875 1792.1591186523438 1110.5004455566407 1883.0940551757812 1201.4352233886718 0.7691592261904762 
748 1973.695782470703 1210.8546752929688 2145.079486083984 1312.1267700195312 0.8734654017857143 1803.8103637695312 1112.87841796875 1889.5021362304688 1206.3603515625 0.8233119419642857 
749 1976.9807556152343 1211.2241149902343 2149.610186767578 1310.8866027832032 0.8765578497023809 1813.3864624023438 1118.3382995605468 1897.0317504882812 1216.2209045410157 0.8191499255952381 
750 1982.1038940429687 1208.3564514160157 2150.806506347656 1312.5552917480468 0.8688616071428571 1827.5868713378907 1122.4148254394531 1902.0145690917968 1221.6517028808594 0.8642113095238095 
751 1985.4752380371094 1209.48896484375 2152.1391418457033 1312.428271484375 0.8636300223214286 1835.3397216796875 1122.3864318847657 1908.8677978515625 1228.5936706542968 0.8895554315476191 
752 1984.010321044922 1208.5962951660156 2149.9893127441405 1314.367449951172 0.8563988095238095 1842.3771545410157 1126.4829650878905 1912.3487976074218 1238.763006591797 0.8673270089285714 
753 1982.3113342285155 1209.305682373047 2150.158758544922 1315.2288635253906 0.8386114211309523 1849.6253540039063 1132.9658447265624 1918.0680053710937 1248.6664794921876 0.8612816220238095 
754 1978.972674560547 1210.4826049804688 2150.000592041016 1319.0195922851562 0.8442615327380952 1858.1018432617188 1144.5128234863282 1925.5263305664062 1254.6943298339843 0.8492373511904762 
755 1976.985284423828 1212.063330078125 2149.4252380371095 1320.45400390625 0.8515159970238095 1861.141180419922 1145.6139404296875 1931.7593322753905 1260.5738037109375 0.8559802827380952 
756 1974.401922607422 1213.1001098632812 2149.8579650878905 1321.3254272460938 0.8588634672619048 1863.7800903320312 1148.8965148925781 1937.5700073242188 1266.9605407714844 0.8515625 
757 1973.8678161621094 1212.1275024414062 2150.9482238769533 1323.6224975585938 0.857421875 1868.3006225585937 1149.19072265625 1943.7237915039063 1270.5236328125 0.8458193824404762 
758 1971.0794250488282 1214.5092163085938 2150.7544372558596 1323.9475708007812 0.8622116815476191 1869.8709106445312 1149.6126770019532 1946.6410522460938 1277.0185485839843 0.8639555431547619 
759 1971.7482971191407 1215.9576538085937 2152.509393310547 1323.4371215820313 0.8610258556547619 1874.7911987304688 1154.8269653320312 1951.3296508789062 1281.8483276367188 0.8692568824404762 
760 1972.7829895019531 1217.0402526855469 2153.2476501464844 1324.3434143066406 0.8559802827380952 1875.6098205566407 1160.0744262695312 1955.2743347167968 1295.0163940429688 0.8640485491071429 
761 1974.8269897460937 1217.9742248535156 2152.8695434570313 1325.779803466797 0.8569568452380952 1877.512957763672 1165.5793151855469 1962.4507873535156 1302.7862854003906 0.8707217261904762 
762 1973.6360168457031 1217.3041748046876 2154.6592712402344 1324.9394775390624 0.8444242931547619 1882.058038330078 1173.083233642578 1965.2309020996095 1305.1812927246094 0.8691638764880952 
763 1975.455224609375 1217.8552490234374 2153.658056640625 1325.7577880859376 0.8500279017857143 1881.826416015625 1174.7822204589843 1966.840576171875 1307.2081359863282 0.8768601190476191 
764 1975.203680419922 1218.2124267578124 2154.7412658691405 1324.3027099609376 0.8410760788690477 1883.1749389648437 1177.7222290039062 1968.0472290039063 1308.2951049804688 0.876953125 
765 1975.0602233886718 1217.8002136230468 2154.3769104003904 1323.7602111816407 0.8368210565476191 1884.3986572265626 1178.99013671875 1969.1665283203124 1306.141943359375 0.8658854166666666 
766 1975.2581420898437 1218.4212219238282 2154.7035278320313 1324.4570739746093 0.8414481026785714 1885.7864013671874 1181.0263610839843 1970.6152099609376 1306.6380676269532 0.8647693452380952 
767 1975.9010192871094 1217.3673095703125 2154.5302551269533 1325.5281982421875 0.8424479166666666 1885.8300415039062 1181.25068359375 1971.0476440429688 1307.43828125 0.8649088541666666 
768 1975.4010925292969 1218.8191162109374 2155.0834045410156 1324.9950927734376 0.8354724702380952 1885.6228637695312 1179.7413513183594 1972.1969604492188 1308.785870361328 0.8616768973214286 
769 1975.7730773925782 1218.6328063964843 2155.2233825683593 1324.6715148925782 0.8329148065476191 1887.5538452148437 1181.0486633300782 1972.3848754882813 1308.2952087402343 0.8614908854166666 
770 1976.0769836425782 1217.993426513672 2155.4282653808596 1323.9737365722656 0.8382393973214286 1886.4640014648437 1180.2417846679687 1972.8787719726563 1309.0487426757813 0.8658621651785714 
771 1973.2796997070313 1217.8316528320313 2156.1077514648437 1325.5694702148437 0.8341006324404762 1885.0049743652344 1180.0353942871093 1973.1540832519531 1310.6268371582032 0.8659086681547619 
772 1973.9571533203125 1218.8797302246094 2153.5545654296875 1325.0054016113281 0.830078125 1885.2887817382812 1182.7090209960938 1973.4548706054688 1308.4272094726562 0.8438895089285714 
773 1972.569561767578 1218.5067810058595 2155.106097412109 1324.443292236328 0.8254510788690477 1885.6892700195312 1182.2126159667969 1973.6979370117188 1309.3363342285156 0.8427966889880952 
774 1974.632879638672 1219.28916015625 2153.7832580566405 1323.522119140625 0.8301478794642857 1884.932391357422 1180.1391845703124 1972.8790100097656 1308.8017333984376 0.8558175223214286 
775 1974.5156616210938 1218.4945678710938 2153.982629394531 1324.5432739257812 0.8329148065476191 1884.844903564453 1179.4636535644531 1971.3153747558595 1308.3536071777344 0.8579566592261905 
776 1974.145703125 1219.1023071289062 2155.3865234375 1323.6015502929688 0.8348911830357143 1884.5927856445312 1180.0407592773438 1971.1313354492188 1307.3991821289062 0.8652808779761905 
777 1975.2303039550782 1218.6149169921875 2155.1846130371096 1324.9514892578125 0.8352864583333334 1884.0578125 1181.113916015625 1970.76298828125 1307.081884765625 0.8588169642857143 
778 1975.385076904297 1217.7137878417968 2154.0085998535155 1324.2323791503907 0.8289155505952381 1883.867333984375 1179.95966796875 1970.721044921875 1307.781787109375 0.8490280877976191 
779 1976.1181884765624 1216.7264587402344 2155.3398193359376 1325.245831298828 0.8418898809523809 1883.029345703125 1180.4899963378907 1970.173779296875 1307.0960632324218 0.8495628720238095 
780 1976.280780029297 1217.8783752441407 2154.525982666016 1324.1713073730468 0.8343796502976191 1883.8876892089843 1180.3926940917968 1968.9220031738282 1306.3090881347657 0.8590727306547619 
781 1976.379248046875 1217.60029296875 2154.394189453125 1325.389208984375 0.8362165178571429 1884.1054382324219 1178.9068664550782 1969.0299377441406 1306.2936950683593 0.8583519345238095 
782 1975.4408386230468 1218.4205017089844 2156.6872131347654 1324.5556945800781 0.8381928943452381 1883.3733947753906 1178.1018005371093 1969.914324951172 1307.0968078613282 0.8552362351190477 
783 1976.7256164550781 1218.1725830078126 2155.9017028808594 1325.0207763671874 0.8480980282738095 1883.6600463867187 1179.4163879394532 1970.7825805664063 1304.3466735839843 0.8517252604166666 
784 1976.5052978515625 1217.2951538085938 2156.2525146484377 1324.4838989257812 0.8479120163690477 1884.6019775390625 1179.4936401367188 1970.3531005859375 1306.4712036132812 0.8549572172619048 
785 1976.4716064453125 1216.659912109375 2156.3267333984377 1323.9130859375 0.8408668154761905 1885.78232421875 1180.295361328125 1971.58486328125 1305.6990234375 0.8578171502976191 
786 1974.7287475585938 1218.0496704101563 2156.9404418945314 1323.1087768554687 0.8410295758928571 1884.6961791992187 1178.9682189941407 1971.6981079101563 1305.3673522949218 0.8619094122023809 
787 1976.5826232910156 1216.9322998046875 2156.6657897949217 1323.3450439453125 0.826171875 1885.344580078125 1179.404541015625 1972.111962890625 1305.462646484375 0.8463774181547619 
788 1975.7141662597655 1216.9825561523437 2156.136297607422 1323.5955688476563 0.8215215773809523 1885.7554748535156 1180.4565856933593 1971.045916748047 1308.3921691894532 0.8486095610119048 
789 1976.7814819335938 1216.2744445800781 2156.3081176757814 1323.3316345214844 0.8328450520833334 1884.6108764648438 1179.786279296875 1973.5507446289062 1306.6080078125 0.8468191964285714 
790 1975.1539978027345 1217.4289001464845 2156.256280517578 1322.797296142578 0.8226376488095238 1884.4763916015625 1179.688720703125 1973.3810302734375 1304.813720703125 0.8520740327380952 
791 1976.88974609375 1216.5995300292968 2156.3646484375 1323.6259338378907 0.8392624627976191 1884.74580078125 1180.1219299316406 1973.6599609375 1306.907000732422 0.8461216517857143 
792 1978.2513061523437 1215.9928405761718 2157.3031372070313 1324.4093811035157 0.8581194196428571 1885.0611267089844 1177.074072265625 1973.7656555175781 1305.202783203125 0.8587239583333334 
793 1978.3477111816405 1217.18681640625 2157.614569091797 1322.444287109375 0.8407040550595238 1885.2353149414062 1176.3868041992187 1972.4016479492188 1306.3141235351563 0.8539806547619048 
794 1976.9283203125 1215.88857421875 2157.8568359375 1322.80087890625 0.8363792782738095 1885.2620544433594 1178.1846496582032 1972.4367980957031 1304.8345153808593 0.8524925595238095 
795 1978.024151611328 1216.7520629882813 2157.596331787109 1322.1888549804687 0.8440057663690477 1884.7530883789063 1178.987451171875 1972.0679565429687 1304.193701171875 0.85498046875 
796 1978.25341796875 1215.7894653320313 2157.87939453125 1322.9058471679687 0.8514462425595238 1884.954412841797 1176.3654235839845 1972.2954650878905 1306.553155517578 0.8615606398809523 
797 1977.5637329101562 1216.3997741699218 2157.4477416992186 1323.6699279785157 0.8553989955357143 1884.1307434082032 1178.379132080078 1971.5971618652343 1307.1034118652344 0.8558175223214286 
798 1978.5655822753906 1215.879412841797 2158.436737060547 1323.1419494628906 0.8512137276785714 1883.8697204589844 1176.5919677734375 1971.3301086425781 1305.3072021484375 0.8599562872023809 
799 1978.706964111328 1215.7809692382812 2158.5736755371095 1323.0408081054688 0.8486560639880952 1884.013671875 1177.763983154297 1971.4716796875 1306.4758850097655 0.8611421130952381 
800 1978.7173645019532 1217.1837524414063 2158.7605407714846 1322.8973022460937 0.8440987723214286 1882.4697692871093 1176.20712890625 1971.6656066894532 1306.69716796875 0.8605840773809523 
801 1978.401611328125 1217.738104248047 2157.691162109375 1321.3640686035155 0.8394484747023809 1884.0122314453124 1176.9329833984375 1971.1896728515626 1305.2318115234375 0.8648390997023809 
802 1980.5580627441407 1219.4266479492187 2154.605877685547 1321.2281372070313 0.8467261904761905 1885.9558471679688 1176.1672973632812 1971.3378540039062 1302.5983276367188 0.8636532738095238 
803 1980.8528686523437 1218.6457458496093 2155.9374145507813 1321.7327941894532 0.8530040922619048 1886.7654296875 1177.1717590332032 1971.85322265625 1301.5307556152343 0.8662341889880952 
804 1981.324755859375 1217.312646484375 2156.428662109375 1322.047705078125 0.8446568080357143 1885.7792663574219 1176.0228271484375 1972.5128479003906 1300.3956298828125 0.8631882440476191 
805 1981.1304992675782 1216.7655883789062 2156.8420349121093 1321.8640502929688 0.8350539434523809 1885.2534423828124 1178.237841796875 1972.2880615234376 1299.7580078125 0.8551432291666666 
806 1980.2971069335938 1216.280322265625 2157.6084106445314 1321.3537109375 0.8434244791666666 1886.9687438964843 1178.8353393554687 1975.6243957519532 1301.9681274414063 0.8568405877976191 
807 1978.8616455078125 1215.7535400390625 2158.1315185546873 1322.6575927734375 0.8449125744047619 1888.0879455566405 1178.0524658203126 1976.900701904297 1304.6926513671874 0.8608863467261905 
808 1981.5061157226562 1217.4151611328125 2157.2895385742186 1320.9136962890625 0.8472144717261905 1889.1916259765626 1179.3771850585938 1977.9045654296874 1305.8755004882812 0.8580496651785714 
809 1981.9211364746093 1217.2622375488281 2155.721075439453 1320.5584411621094 0.8398204985119048 1889.408544921875 1177.6590759277344 1979.58779296875 1307.189190673828 0.8582589285714286 
810 1979.2272705078126 1218.27216796875 2158.3498779296874 1321.801806640625 0.8282180059523809 1889.6028076171874 1180.2227844238282 1979.9858154296876 1306.7590270996093 0.8380301339285714 
811 1980.4295471191406 1218.0329162597657 2156.2851745605467 1321.5741394042968 0.8281482514880952 1889.1514404296875 1179.9793334960937 1979.5446044921875 1306.5296997070313 0.8392159598214286 
812 1979.6537048339844 1217.5442504882812 2157.2990539550783 1322.8153686523438 0.8441685267857143 1889.9454528808594 1180.7245544433595 1978.768048095703 1309.023858642578 0.8372860863095238 
813 1980.5909729003906 1218.2374572753906 2156.812225341797 1321.9938659667969 0.8439825148809523 1889.3133361816406 1179.9148681640625 1978.247332763672 1308.3749267578125 0.8387276785714286 
814 1979.4051391601563 1218.6471618652345 2157.163952636719 1322.339776611328 0.8400297619047619 1889.639581298828 1180.537939453125 1978.5189880371095 1307.27333984375 0.8284272693452381 
815 1980.0937927246093 1219.8562255859374 2155.643145751953 1323.2170166015626 0.8482840401785714 1888.9747985839845 1178.776953125 1979.210382080078 1310.0287109375 0.8471447172619048 
816 1977.7277404785157 1219.4307373046875 2156.136395263672 1322.5477783203125 0.8428664434523809 1888.4602905273437 1178.448419189453 1978.4830688476563 1309.3905700683595 0.8462146577380952 
817 1977.8864990234374 1219.0758056640625 2154.9753173828126 1322.3775634765625 0.8377976190476191 1888.4591186523437 1179.4703857421875 1977.0035278320313 1309.0076416015625 0.8413318452380952 
818 1977.1651306152344 1219.8016418457032 2156.336456298828 1323.3593688964843 0.8404482886904762 1887.705908203125 1179.0234130859376 1976.46962890625 1307.2378173828124 0.8452380952380952 
819 1978.4945251464844 1219.8470825195313 2153.6833312988283 1321.3584838867187 0.8485630580357143 1886.491961669922 1179.0411071777344 1974.9051330566406 1306.7488098144531 0.8523995535714286 
820 1976.6931579589843 1219.2035034179687 2155.181475830078 1322.3665649414063 0.8440755208333334 1885.055615234375 1177.321142578125 1973.481005859375 1305.04677734375 0.8489815848214286 
821 1976.6084289550781 1219.8200561523438 2155.5877380371094 1323.2668579101562 0.8400762648809523 1884.908428955078 1178.0119506835938 1971.9349548339844 1304.4467895507812 0.8535621279761905 
822 1977.500799560547 1220.808642578125 2154.2898498535155 1322.298779296875 0.8485398065476191 1883.5658386230468 1176.422509765625 1968.6864807128907 1302.466650390625 0.8581194196428571 
823 1975.594061279297 1219.375341796875 2154.2810607910155 1322.652978515625 0.8479817708333334 1881.5218811035156 1176.3743957519532 1968.4062194824219 1302.6027770996093 0.8588169642857143 
824 1975.1645080566407 1218.957080078125 2155.572674560547 1322.281689453125 0.8376348586309523 1878.5263244628907 1175.7473754882812 1967.0902526855468 1303.6732788085938 0.8659319196428571 
825 1975.1012023925782 1216.6739379882813 2155.6496520996093 1321.7203491210937 0.8307059151785714 1877.125311279297 1176.3347412109374 1965.7581115722655 1302.7184814453126 0.8710472470238095 
826 1975.0267700195313 1215.2338989257812 2155.8680053710937 1322.0944702148438 0.8372628348214286 1877.0817443847657 1177.737841796875 1964.2142761230468 1302.682568359375 0.8671642485119048 
827 1974.7310729980468 1213.5173217773438 2155.4023498535157 1320.2776000976562 0.83837890625 1876.8779357910157 1177.1303405761719 1963.9285827636718 1303.6002502441406 0.8734188988095238 
828 1973.825616455078 1212.9204833984375 2151.6420349121095 1316.6468994140625 0.8301246279761905 1875.5452453613282 1174.6089721679687 1961.1606872558593 1303.0318969726563 0.8656296502976191 
829 1974.03115234375 1209.8427185058595 2150.74228515625 1313.887628173828 0.8308919270833334 1873.9879272460937 1173.7636413574219 1959.8663208007813 1304.2325744628906 0.8639787946428571 
830 1973.1222351074218 1209.0399108886718 2149.9315979003904 1313.1425842285157 0.8331008184523809 1873.0235717773437 1171.4790344238281 1958.9495727539063 1303.6729431152344 0.8676060267857143 
831 1973.0542297363281 1206.2401916503907 2149.8816833496094 1312.0062683105468 0.8322870163690477 1872.9450134277345 1171.599298095703 1958.880059814453 1302.1542419433595 0.8640485491071429 
832 1967.836602783203 1202.8740783691405 2148.6935485839845 1305.746893310547 0.8375186011904762 1872.813250732422 1169.880810546875 1959.0936096191406 1304.2791015625 0.8598400297619048 
833 1966.8428771972656 1200.211602783203 2144.0759460449217 1306.2201599121095 0.8371000744047619 1874.1490966796875 1171.6707397460937 1960.2810791015625 1304.1815551757813 0.8533296130952381 
834 1959.9979370117187 1200.1900573730468 2142.322619628906 1306.2700256347657 0.8254975818452381 1872.5331176757813 1169.9726806640624 1962.0379272460937 1305.8874267578126 0.8483072916666666 
835 1956.677911376953 1200.953192138672 2140.7912048339845 1307.1086975097655 0.8151041666666666 1872.9783996582032 1169.438299560547 1964.2058044433593 1305.4500061035155 0.8373790922619048 
836 1956.6827270507813 1203.670672607422 2135.120739746094 1307.7593811035156 0.8045479910714286 1874.009130859375 1171.0078430175781 1964.8802734375 1304.8362731933594 0.8324730282738095 
837 1952.4691040039063 1206.4066772460938 2131.116589355469 1310.6177368164062 0.7898995535714286 1873.324755859375 1175.5505676269531 1965.95673828125 1304.5738220214844 0.8387509300595238 
838 1951.6113159179688 1207.2368103027343 2128.3640258789064 1312.9581359863282 0.7958054315476191 1872.3838317871093 1172.419940185547 1964.8899719238282 1304.5716369628906 0.8351934523809523 
839 1953.6456726074218 1210.0839050292968 2127.0019104003904 1315.7487365722657 0.7902018229166666 1870.26953125 1171.285089111328 1962.726318359375 1305.0170349121095 0.8395414806547619 
840 1949.048681640625 1212.297216796875 2127.501611328125 1318.047265625 0.7907366071428571 1869.48193359375 1168.1923400878907 1955.40380859375 1303.6844909667968 0.8380766369047619 
841 1950.0822204589845 1216.0186401367187 2127.655206298828 1321.2472290039063 0.8090587797619048 1868.3783569335938 1169.7915588378905 1953.8765258789062 1302.971258544922 0.8665597098214286 
842 1949.366436767578 1218.449041748047 2130.144671630859 1320.3420959472655 0.8216843377976191 1868.2690551757812 1166.427783203125 1952.0844604492188 1302.833203125 0.8688616071428571 
843 1950.3935119628907 1219.7928955078125 2130.008221435547 1321.9590576171875 0.8109654017857143 1868.8887939453125 1168.0127319335938 1952.9285888671875 1301.4877563476562 0.8640950520833334 
844 1947.481640625 1220.4625549316406 2131.78203125 1322.4860534667969 0.8116164434523809 1869.1920166015625 1168.9445678710938 1953.1143798828125 1300.5876586914062 0.8631184895833334 
845 1947.1274475097657 1219.5759399414062 2131.525750732422 1321.6535522460938 0.83056640625 1870.0625854492187 1169.1069946289062 1954.0296997070313 1302.4664916992188 0.8643973214285714 
846 1945.051043701172 1219.8970581054687 2130.050152587891 1322.3072875976563 0.8215215773809523 1870.0859252929688 1164.8802368164063 1955.9782836914062 1303.6295288085937 0.8538411458333334 
847 1944.6058227539063 1220.1821655273438 2129.810437011719 1322.7060180664062 0.8146623883928571 1869.55732421875 1166.3761291503906 1955.54521484375 1305.2795104980469 0.8580496651785714 
848 1944.1907165527343 1220.5672119140625 2130.232745361328 1322.6432373046875 0.8198939732142857 1869.6599914550782 1168.4526306152343 1955.2722595214843 1305.1029113769532 0.8527715773809523 
849 1943.0509460449218 1219.8936706542968 2128.8358947753904 1323.4726623535157 0.8095703125 1869.888006591797 1167.8511291503905 1955.3818908691405 1305.956610107422 0.8467959449404762 
850 1943.7778686523438 1220.926043701172 2130.836633300781 1322.6597717285156 0.8105933779761905 1869.3077575683594 1171.8893005371094 1957.914532470703 1304.799542236328 0.84765625 
851 1946.8395202636718 1220.4555419921876 2132.0722229003904 1323.7268310546874 0.8085007440476191 1869.9220397949218 1169.8286743164062 1956.8009826660157 1307.5236206054688 0.86474609375 
852 1942.8178833007812 1220.786669921875 2132.7502319335936 1322.302197265625 0.7978980654761905 1868.8853576660156 1174.5630187988281 1957.302020263672 1305.5508728027344 0.8509347098214286 
853 1947.0974426269531 1221.1100463867188 2131.0152282714844 1322.9216918945312 0.8133835565476191 1868.4018676757812 1168.940966796875 1957.0764038085938 1306.879345703125 0.8605375744047619 
854 1946.0286682128906 1220.2449523925782 2128.9174987792967 1322.3992126464843 0.8238699776785714 1868.3356201171875 1168.0906066894531 1955.6609619140625 1304.8453063964844 0.8673037574404762 
855 1946.6264282226562 1219.2479736328125 2128.886999511719 1322.6931884765625 0.8266369047619048 1866.6741821289063 1167.2727294921874 1953.6995971679687 1305.1996826171876 0.8757440476190477 
856 1944.6277709960937 1216.2508056640625 2129.0370239257813 1321.6276123046875 0.8237072172619048 1864.8354064941407 1167.425555419922 1950.4540222167968 1300.7928283691406 0.8648856026785714 
857 1946.8887268066405 1214.905029296875 2126.968084716797 1318.987548828125 0.8031994047619048 1863.9022644042968 1168.8367553710937 1948.1596252441407 1297.7008422851563 0.8570498511904762 
858 1944.0035827636718 1211.8549499511719 2126.8432189941404 1317.2760314941406 0.8083844866071429 1861.4533203125 1167.3804992675782 1947.107958984375 1295.8622985839843 0.8665597098214286 
859 1941.7884155273437 1209.3655517578125 2124.5726684570313 1313.1078369140625 0.7976422991071429 1858.8831909179687 1165.9811767578126 1947.8052856445313 1294.4240966796874 0.8560965401785714 
860 1941.6312377929687 1205.6024169921875 2123.168811035156 1311.2242431640625 0.8028738839285714 1857.9717651367187 1163.5822448730469 1950.3907836914063 1292.3087463378906 0.8553292410714286 
861 1939.4741577148438 1204.1265380859375 2121.448449707031 1308.3480712890625 0.8065941220238095 1858.5401489257813 1164.9320129394532 1947.8729370117187 1289.0053649902343 0.8399600074404762 
862 1934.2750549316406 1203.6673400878906 2118.100799560547 1308.000750732422 0.8012462797619048 1858.3498413085938 1165.8958251953125 1949.4345825195312 1288.4462158203125 0.8257765997023809 
863 1933.8928161621093 1204.5994079589843 2113.665899658203 1306.8555480957032 0.7970610119047619 1857.8984375 1166.6021362304687 1948.609619140625 1290.2992309570313 0.8357979910714286 
864 1928.6133972167968 1205.8321838378906 2112.4458068847657 1310.1694030761719 0.8055245535714286 1858.163397216797 1165.5112609863281 1945.9392639160155 1288.0662536621094 0.8273111979166666 
865 1924.2831115722656 1207.5252990722656 2111.143035888672 1311.7038269042969 0.8111514136904762 1856.8658081054687 1164.5309448242188 1944.5082153320313 1288.5530395507812 0.8271716889880952 
866 1921.5051818847655 1208.0422912597655 2110.096746826172 1312.263983154297 0.8156389508928571 1856.9870910644531 1162.2942260742188 1943.0113220214844 1288.0219360351562 0.8338216145833334 
867 1923.1204345703125 1207.7035522460938 2108.4523193359373 1311.9526977539062 0.8051292782738095 1854.002734375 1162.13427734375 1943.359326171875 1286.240478515625 0.8336123511904762 
868 1927.6668518066406 1209.020263671875 2110.2129089355467 1313.5693359375 0.7992931547619048 1852.8614135742187 1157.6393676757812 1942.4747680664063 1287.0810913085938 0.8398670014880952 
869 1929.6556701660156 1210.743408203125 2109.609344482422 1313.1025390625 0.7915969122023809 1852.5054138183593 1158.1670837402344 1941.6568176269532 1286.9411926269531 0.8435872395833334 
870 1928.8976928710938 1211.6546508789063 2110.9062622070314 1314.2413452148437 0.7973167782738095 1850.4940002441406 1155.6519714355468 1939.843768310547 1291.3310607910157 0.8504231770833334 
871 1926.6554809570312 1212.8722412109375 2111.626501464844 1315.2669189453125 0.8018508184523809 1850.240740966797 1156.2757873535156 1937.7715881347656 1286.7463073730469 0.8584681919642857 
872 1927.9850036621094 1214.0174743652344 2112.6762512207033 1317.906231689453 0.8140113467261905 1849.3391174316407 1158.2675537109376 1935.0884948730468 1283.5937744140624 0.8753487723214286 
873 1928.928533935547 1215.7832763671875 2113.0999084472655 1319.3795654296875 0.8326357886904762 1846.5195007324219 1159.304931640625 1933.6720275878906 1280.989501953125 0.8783482142857143 
874 1928.9257507324219 1215.0003967285156 2113.0768127441406 1318.5854187011719 0.8473539806547619 1845.8301208496093 1155.4295837402344 1928.0403625488282 1282.033428955078 0.8789295014880952 
875 1932.9898193359375 1215.3021362304687 2115.3573486328123 1318.8079711914063 0.8283342633928571 1845.4711364746095 1153.6283630371095 1921.046807861328 1276.849542236328 0.8583054315476191 
876 1933.4119750976563 1215.014892578125 2114.363659667969 1317.005859375 0.8332868303571429 1844.5177734375 1153.8328369140625 1918.543505859375 1270.6290771484375 0.8553524925595238 
877 1935.9298217773437 1215.5531860351562 2113.569934082031 1317.5317749023438 0.8251720610119048 1841.4160461425781 1151.8481567382812 1917.0777282714844 1268.6301147460938 0.8539109002976191 
878 1934.4802001953126 1215.4312805175782 2114.6692138671874 1318.6303649902343 0.8245210193452381 1839.4716003417968 1148.2070007324219 1914.8231994628907 1266.1488342285156 0.8519345238095238 
879 1933.3435974121094 1215.284844970703 2115.714141845703 1318.7924255371095 0.8272414434523809 1838.4299682617188 1148.04912109375 1912.3639770507812 1264.700634765625 0.8484933035714286 
880 1936.9623291015625 1214.8430297851562 2115.8780029296877 1319.8945190429688 0.8198939732142857 1837.9715759277344 1147.481378173828 1911.835919189453 1267.3056091308595 0.8429594494047619 
881 1939.0767456054687 1215.4304443359374 2114.8468383789063 1318.9213623046876 0.8288225446428571 1834.1958129882812 1147.826513671875 1911.4033081054688 1267.74453125 0.8410528273809523 
882 1939.043145751953 1215.2124084472657 2114.8029235839845 1318.6971374511718 0.8334495907738095 1832.7154296875 1145.7803466796875 1911.5609375 1270.6190673828125 0.8580496651785714 
883 1935.507794189453 1216.0618469238282 2114.610247802734 1317.9368103027343 0.8343796502976191 1833.3168701171876 1146.0387329101563 1912.1877685546874 1274.2039428710937 0.8634905133928571 
884 1936.5606018066405 1215.6160217285155 2114.564276123047 1317.803289794922 0.8331008184523809 1833.6759216308594 1148.1038391113282 1914.436993408203 1275.0139587402343 0.8670247395833334 
885 1936.2407958984375 1216.7772094726563 2114.0887939453123 1318.8751342773437 0.8353562127976191 1833.4463134765624 1148.0574523925782 1914.1364501953126 1274.8564880371093 0.8694428943452381 
886 1933.297918701172 1216.1675720214844 2116.8535705566405 1319.4177551269531 0.8272181919642857 1834.4603088378906 1146.5147644042968 1913.126971435547 1274.3481506347657 0.8760463169642857 
887 1935.4640808105469 1216.749493408203 2116.5047912597656 1319.5023376464844 0.8238234747023809 1835.847589111328 1144.7346313476562 1912.5045837402345 1273.5834838867188 0.8767206101190477 
888 1935.675 1217.0541687011719 2116.75078125 1320.7613830566406 0.8231724330357143 1834.9436889648437 1144.5605529785157 1912.3124145507813 1272.9598327636718 0.8901134672619048 
889 1936.3895874023438 1217.864990234375 2116.5217895507812 1320.32568359375 0.8055943080357143 1835.0730224609374 1144.8968322753906 1912.7448486328126 1273.798846435547 0.8849283854166666 
890 1935.9136840820313 1216.6992431640624 2113.532849121094 1319.6188720703126 0.8221493675595238 1835.037158203125 1146.341082763672 1913.0568359375 1272.5005920410156 0.8829985119047619 
891 1934.4262573242188 1216.4662963867188 2115.0256469726564 1320.8493774414062 0.8208937872023809 1836.8619567871094 1144.5834716796876 1913.078106689453 1275.4765869140624 0.89111328125 
892 1936.681201171875 1216.2209045410157 2115.904736328125 1320.0699890136718 0.8241489955357143 1834.7003356933594 1144.6473693847656 1915.099591064453 1276.9714050292969 0.8835332961309523 
893 1936.3863464355468 1216.7324584960938 2114.4487365722657 1319.2023559570312 0.8233351934523809 1835.2086303710937 1144.9519470214843 1915.8406860351563 1275.9788391113282 0.8807198660714286 
894 1935.7569702148437 1217.1584350585938 2114.990344238281 1317.6630981445312 0.8276599702380952 1835.0589538574218 1143.7127990722656 1915.4626525878907 1277.7189636230469 0.8903227306547619 
895 1933.9265380859374 1218.252392578125 2115.2809814453126 1319.74443359375 0.8248697916666666 1837.0418762207032 1147.156884765625 1915.2407165527343 1276.933447265625 0.8889276413690477 
896 1937.2278747558594 1216.9518981933593 2115.256622314453 1320.1087707519532 0.8289155505952381 1835.7348754882812 1146.047589111328 1917.2619506835938 1275.8255798339844 0.8866489955357143 
897 1941.3869934082031 1215.873358154297 2113.9234313964844 1318.0552307128905 0.8300083705357143 1837.5299926757812 1148.5467529296875 1916.2602905273438 1275.8553466796875 0.8767903645833334 
898 1939.21650390625 1216.0723571777344 2113.41142578125 1319.9192199707031 0.8381696428571429 1836.4647888183595 1146.1753479003905 1918.537286376953 1275.146551513672 0.8853701636904762 
899 1934.4668518066405 1216.0502380371095 2115.492010498047 1316.619805908203 0.8352864583333334 1837.7653686523438 1145.5227355957031 1918.2209594726562 1276.2630310058594 0.8843005952380952 
900 1932.724072265625 1216.4630493164063 2115.729541015625 1318.8789916992187 0.8475399925595238 1837.3468200683594 1146.205499267578 1917.936505126953 1275.4845642089845 0.8972284226190477 
901 1936.6342163085938 1216.41875 2114.9129028320312 1317.33125 0.8381463913690477 1837.9210876464845 1144.1628479003907 1918.651055908203 1277.0308776855468 0.8994373139880952 
902 1937.2638427734375 1216.3134521484376 2114.6687744140627 1316.7314697265624 0.8428896949404762 1837.5537658691405 1144.4115417480468 1919.561834716797 1276.6286193847657 0.8914853050595238 
903 1938.2517211914062 1215.7859924316406 2115.3618041992186 1318.678485107422 0.8447498139880952 1839.0572326660156 1143.5147827148437 1920.021746826172 1276.7689086914063 0.8998790922619048 
904 1937.1398376464845 1217.93349609375 2113.513116455078 1316.2955078125 0.8409830729166666 1838.3212097167968 1141.8790100097656 1921.4201232910157 1277.550799560547 0.9040876116071429 
905 1935.6463500976563 1216.5047180175782 2113.633679199219 1316.5166442871093 0.8464006696428571 1836.873193359375 1143.4844055175781 1921.62900390625 1277.3985290527344 0.9073195684523809 
906 1932.3932861328126 1217.5194091796875 2113.8391357421874 1315.8731689453125 0.8469819568452381 1836.9744506835937 1139.9711608886719 1918.3707641601563 1277.3273010253906 0.9120861235119048 
907 1935.6268737792968 1218.3845947265625 2113.9215881347654 1316.8710205078125 0.8336123511904762 1834.2668334960938 1139.4256225585937 1917.4709594726562 1276.9669555664063 0.9104352678571429 
908 1937.7500366210938 1219.0269836425782 2113.408410644531 1317.9414001464843 0.8327287946428571 1832.735369873047 1140.118359375 1918.0064514160156 1274.846728515625 0.9109235491071429 
909 1937.43955078125 1218.7857299804687 2113.81044921875 1318.1014770507813 0.8416573660714286 1835.2260498046876 1141.0718566894532 1915.7060791015624 1274.6343200683593 0.9008556547619048 
910 1936.3913269042969 1219.6505310058594 2113.7567443847656 1317.804180908203 0.8372395833333334 1833.4028686523438 1141.1010864257812 1916.0585571289062 1277.1386596679688 0.9105282738095238 
911 1936.066180419922 1218.7321716308593 2112.032574462891 1318.7913879394532 0.8353097098214286 1832.6893005371094 1141.7634887695312 1915.4968566894531 1276.3258666992188 0.9031808035714286 
912 1939.5253540039062 1219.5593017578126 2112.061315917969 1317.9048095703124 0.8296130952380952 1833.2831481933595 1140.856427001953 1914.374932861328 1277.1598083496094 0.9052269345238095 
913 1938.3012329101562 1217.3046447753907 2112.360632324219 1318.2591979980468 0.8227074032738095 1832.2588195800781 1142.7269287109375 1915.8074645996094 1275.0120849609375 0.8963216145833334 
914 1937.1184387207031 1216.7252319335937 2116.0088806152344 1318.4473754882813 0.8243582589285714 1831.8211853027344 1143.536688232422 1917.758770751953 1271.5662170410155 0.8936941964285714 
915 1945.8088745117188 1216.332257080078 2113.665979003906 1317.7457458496094 0.8096168154761905 1831.5505920410155 1143.1638061523438 1917.227606201172 1272.5534790039062 0.9003441220238095 
916 1941.600927734375 1218.8095825195312 2113.217431640625 1318.6274291992188 0.8189639136904762 1831.8146362304688 1143.9799072265625 1915.8718872070312 1273.5679443359375 0.89111328125 
917 1942.0735595703125 1219.3609497070313 2113.0978271484373 1318.8341186523437 0.8240559895833334 1832.8678649902345 1141.5005432128905 1914.889581298828 1275.876776123047 0.8892066592261905 
918 1939.5801635742187 1220.0834167480468 2114.3663696289063 1319.7116271972657 0.8258696056547619 1834.8428833007813 1141.1607604980468 1915.2445190429687 1272.2504943847657 0.88427734375 
919 1937.3384521484375 1219.7725769042968 2115.5863525390623 1321.8757385253907 0.8367978050595238 1833.8376037597657 1138.7689331054687 1916.9044616699218 1273.7527954101563 0.8858351934523809 
920 1936.2979858398437 1218.9463500976562 2117.156359863281 1322.2941284179688 0.8449358258928571 1835.2027893066406 1138.5206787109375 1916.1584167480469 1272.8726318359375 0.8824637276785714 
921 1936.4272888183593 1218.755224609375 2116.877032470703 1323.588037109375 0.8321475074404762 1830.999737548828 1138.9078002929687 1916.9281188964844 1271.2377075195313 0.8869977678571429 
922 1935.850567626953 1220.0936279296875 2115.981341552734 1324.7410888671875 0.8198939732142857 1830.8073791503907 1142.3008544921875 1914.8682800292968 1269.2501708984375 0.8732096354166666 
923 1936.0303527832032 1219.5886291503907 2115.1213806152346 1323.6319519042968 0.8164760044642857 1828.575830078125 1143.5570434570313 1915.562841796875 1269.7735229492187 0.8830450148809523 
924 1935.009588623047 1220.32080078125 2116.8513732910155 1323.987548828125 0.8190104166666666 1828.3361572265626 1143.4530456542968 1915.0083251953124 1267.5133850097657 0.8784412202380952 
925 1934.3210571289062 1221.3911071777343 2116.5410034179686 1323.5704406738282 0.8141043526785714 1827.2293395996094 1142.85712890625 1915.7846984863281 1267.175341796875 0.8795572916666666 
926 1936.3467651367187 1221.487744140625 2116.9728149414063 1323.72880859375 0.806640625 1826.1754577636718 1141.398779296875 1916.4884826660157 1267.496240234375 0.8792782738095238 
927 1935.0115966796875 1221.095458984375 2117.4273681640625 1323.384765625 0.8185453869047619 1824.984881591797 1141.165545654297 1915.3404357910156 1265.6175354003906 0.8766973586309523 
928 1938.1229736328125 1221.9479370117188 2117.2100341796877 1324.2832641601562 0.8107561383928571 1823.7171142578125 1138.9643310546876 1914.1134521484375 1266.8835693359374 0.8755812872023809 
929 1937.5426696777345 1222.0414123535156 2116.550225830078 1324.3315124511719 0.8136160714285714 1823.384259033203 1137.5865356445313 1912.0357849121094 1267.1539428710937 0.8870675223214286 
930 1941.1397033691405 1221.6570617675782 2115.055487060547 1323.9604919433593 0.8148251488095238 1824.146795654297 1136.9945556640625 1909.3994689941405 1268.2837646484375 0.8947870163690477 
931 1934.9307800292968 1222.5546264648438 2116.8208068847657 1322.8491821289062 0.8227771577380952 1824.6983032226562 1135.3364379882812 1907.9938354492188 1266.2292358398438 0.8825567336309523 
932 1937.6508056640625 1222.7300903320313 2115.7412841796877 1322.7999389648437 0.8110816592261905 1823.3598510742188 1134.5980651855468 1906.4687622070312 1263.5016662597657 0.8870210193452381 
933 1941.09248046875 1221.7013610839845 2115.573046875 1323.340509033203 0.8085239955357143 1824.1423461914062 1133.483740234375 1905.4536010742188 1265.6146484375 0.8995535714285714 
934 1934.763897705078 1221.3983032226563 2116.786273193359 1322.5218627929687 0.8305199032738095 1821.9724060058593 1134.9247314453125 1902.8712219238282 1266.3853271484375 0.8924153645833334 
935 1938.6171020507813 1221.9176513671875 2114.4563842773437 1323.3633544921875 0.8062453497023809 1820.5887573242187 1132.5673095703125 1903.4361450195313 1264.4468505859375 0.9007393973214286 
936 1939.3044189453126 1220.974951171875 2115.0056396484374 1324.030419921875 0.8140113467261905 1820.4591552734375 1134.6837463378906 1899.8626220703125 1264.7702331542969 0.8951590401785714 
937 1935.3160522460937 1221.5327392578124 2115.641223144531 1322.6496337890626 0.8134300595238095 1818.4481079101563 1133.7683715820312 1899.3416870117187 1265.2203979492188 0.8999953497023809 
938 1936.6261901855469 1220.938330078125 2114.2899475097656 1324.152490234375 0.8112444196428571 1818.8994689941405 1131.7160217285157 1900.117254638672 1263.6947448730468 0.8893926711309523 
939 1937.8390991210938 1220.0888366699219 2113.4555786132814 1323.0946350097656 0.8206147693452381 1817.7521423339845 1133.8392944335938 1897.117364501953 1263.8630981445312 0.8967168898809523 
940 1937.587225341797 1221.0186279296875 2113.8748107910155 1324.4181396484375 0.8191499255952381 1817.0413696289063 1131.636053466797 1896.7098510742187 1263.8518615722655 0.8948567708333334 
941 1941.5593017578126 1218.4723388671875 2114.6770263671874 1322.3428466796875 0.8259858630952381 1816.3153015136718 1129.849383544922 1897.6806701660157 1263.1500061035156 0.9085286458333334 
942 1940.5758422851563 1218.460009765625 2113.9141479492187 1323.149365234375 0.8131277901785714 1816.8100219726562 1130.6025939941405 1895.7561401367188 1264.467840576172 0.9056454613095238 
943 1936.7218139648437 1220.7362060546875 2113.720812988281 1322.8509521484375 0.8405877976190477 1814.5768920898438 1132.1057434082031 1892.8647583007812 1264.8550720214844 0.9075288318452381 
944 1938.8033752441406 1217.994140625 2114.656463623047 1322.14013671875 0.8411225818452381 1816.0741149902344 1130.592950439453 1894.610333251953 1263.7631286621095 0.9096214657738095 
945 1936.461444091797 1215.7530334472656 2116.261822509766 1321.920916748047 0.8435407366071429 1814.882061767578 1132.4388244628906 1895.3641540527344 1264.292498779297 0.9036690848214286 
946 1937.264892578125 1215.6558044433593 2115.818115234375 1318.6673156738282 0.8476795014880952 1815.3679138183593 1133.0485046386718 1894.3433898925782 1265.2465393066407 0.9072963169642857 
947 1937.288885498047 1213.332342529297 2108.7839904785155 1314.5144592285155 0.8348679315476191 1816.0549011230469 1133.6529602050782 1894.9427795410156 1262.2744079589843 0.9084821428571429 
948 1932.9129943847656 1210.9016967773437 2106.290496826172 1310.4650024414063 0.8408435639880952 1815.9194702148438 1133.984356689453 1893.1669555664062 1259.2967712402344 0.9056687127976191 
949 1932.880029296875 1205.157861328125 2104.417822265625 1304.649755859375 0.8343098958333334 1816.1682739257812 1132.65009765625 1889.9296264648438 1254.441943359375 0.8949265252976191 
950 1925.197900390625 1198.4757385253906 2102.315283203125 1299.9311218261719 0.8365187872023809 1816.9303039550782 1132.9991577148437 1889.1528259277343 1251.6505004882813 0.8835797991071429 
951 1922.4910827636718 1195.7610778808594 2095.7419494628907 1294.5139465332031 0.8173595610119048 1817.9409606933593 1134.3904357910155 1892.4388000488282 1245.270819091797 0.8630022321428571 
952 1918.1696228027345 1191.594744873047 2091.711846923828 1291.2527893066406 0.8045014880952381 1820.3619995117188 1133.3728454589843 1890.8098754882812 1245.0584289550782 0.8600725446428571 
953 1913.3408508300781 1192.3723205566407 2088.6131286621094 1290.3187194824218 0.8070359002976191 1822.5322509765624 1132.4282165527343 1891.2665771484376 1245.8397277832032 0.8610723586309523 
954 1903.2787536621095 1195.22607421875 2085.898126220703 1291.7041015625 0.8049200148809523 1821.9085083007812 1132.2766418457031 1894.2670288085938 1245.9830017089844 0.8537946428571429 
955 1898.224871826172 1197.2261962890625 2082.227398681641 1293.5264892578125 0.7926199776785714 1821.1714477539062 1130.7552612304687 1893.3966674804688 1252.8502075195313 0.8621419270833334 
956 1895.008154296875 1197.6294189453124 2078.723291015625 1298.9303955078126 0.7958519345238095 1823.555889892578 1129.9413146972656 1893.9515563964844 1256.9967956542969 0.8662341889880952 
957 1893.6974548339845 1198.6182434082032 2075.897882080078 1298.3127868652343 0.7915736607142857 1824.4136047363281 1130.6566040039063 1896.6062927246094 1257.8531616210937 0.8617466517857143 
958 1892.2573608398438 1199.565362548828 2074.199914550781 1300.8353942871095 0.7880394345238095 1822.8735900878905 1131.8980712890625 1896.680487060547 1258.9146728515625 0.8578636532738095 
959 1887.642559814453 1202.391534423828 2074.711322021484 1303.6488708496095 0.7977585565476191 1824.3401184082031 1131.8941162109375 1896.4217224121094 1260.6112548828125 0.8587472098214286 
960 1889.488720703125 1205.6172912597656 2076.588427734375 1305.970721435547 0.7997814360119048 1824.1346008300782 1133.1324157714844 1897.2737243652343 1260.7004699707031 0.8734188988095238 
961 1893.8387878417968 1208.7412536621093 2080.3791076660154 1308.7947570800782 0.7969215029761905 1823.266534423828 1133.146875 1897.8827575683595 1255.245947265625 0.8849516369047619 
962 1893.2039978027344 1212.4091918945312 2080.4470031738283 1307.7328979492188 0.8025948660714286 1823.6752868652343 1131.4234008789062 1898.5723937988282 1259.0890502929688 0.8794875372023809 
963 1903.284197998047 1212.750018310547 2079.974224853516 1309.5897033691406 0.7895740327380952 1823.368505859375 1132.1156127929687 1899.820947265625 1259.5362426757813 0.8834867931547619 
964 1901.2920043945312 1212.8631774902344 2078.1926147460936 1310.759747314453 0.7985258556547619 1821.6272277832031 1129.8296325683593 1898.9139099121094 1260.3582336425782 0.8897879464285714 
965 1907.1186584472657 1213.4697021484376 2077.882196044922 1310.0632568359374 0.8004557291666666 1816.628466796875 1130.0781005859376 1897.698193359375 1259.4446044921874 0.8743024553571429 
966 1902.5513061523438 1215.2288879394532 2076.610070800781 1309.0842224121093 0.7918991815476191 1817.7534423828124 1128.1996154785156 1896.2504638671876 1259.5968933105469 0.8887881324404762 
967 1899.8741271972656 1216.435772705078 2078.6369812011717 1310.0733825683594 0.7927362351190477 1815.6656188964844 1128.4947875976563 1895.6833801269531 1257.8850952148437 0.8855794270833334 
968 1898.8464782714843 1216.6312866210938 2077.169757080078 1310.0386352539062 0.7802036830357143 1815.2369812011718 1130.6049377441407 1891.6613342285157 1256.2804382324218 0.8855561755952381 
969 1896.884588623047 1216.042950439453 2077.0378967285155 1309.5186950683594 0.7964099702380952 1814.717352294922 1128.450213623047 1891.1975646972655 1255.9173400878906 0.8857421875 
970 1903.9991577148437 1212.6755859375 2076.313586425781 1309.922314453125 0.8161504836309523 1810.9521362304688 1125.8622924804688 1891.1379516601562 1258.9367797851562 0.8955775669642857 
971 1893.9702453613281 1216.2894958496095 2080.2366638183594 1309.422784423828 0.7642996651785714 1811.1922973632813 1126.2173156738281 1890.7788940429687 1254.9104919433594 0.8879045758928571 
972 1898.6298461914062 1213.666943359375 2081.417272949219 1311.15361328125 0.8005022321428571 1808.9099060058593 1127.2278137207031 1887.2474426269532 1254.3086853027344 0.8884858630952381 
973 1891.7828002929687 1214.7077880859374 2085.2692016601563 1310.5116943359376 0.8116861979166666 1806.3108703613282 1129.308056640625 1888.9651306152343 1251.4109375 0.8942289806547619 
974 1892.0192443847657 1212.7573974609375 2082.882000732422 1310.0599853515625 0.8273809523809523 1806.8795227050782 1129.3448791503906 1887.3413024902343 1250.9731140136719 0.9019717261904762 
975 1890.5728454589844 1216.8544067382813 2082.788604736328 1309.1934448242187 0.7913643973214286 1804.6120239257812 1129.9514221191407 1887.5286010742188 1246.7884460449218 0.8921130952380952 
976 1890.0558654785157 1215.4070251464843 2083.514813232422 1309.3191711425782 0.8004324776785714 1804.5957763671875 1129.0079162597656 1887.2384521484375 1245.459002685547 0.8905087425595238 
977 1893.0233459472656 1215.5188903808594 2083.983856201172 1309.1269836425781 0.7734840029761905 1803.0875 1130.8394897460937 1887.33486328125 1246.9136840820313 0.8865327380952381 
978 1889.1225891113281 1216.4192626953125 2082.2698669433594 1310.1798583984375 0.8023390997023809 1803.8003479003905 1130.1593383789063 1886.309881591797 1246.4226928710937 0.88525390625 
979 1891.7502502441407 1217.9931274414062 2081.461541748047 1310.0312866210938 0.7825753348214286 1802.7464111328125 1132.0233276367187 1887.2711669921875 1242.8448364257813 0.8825567336309523 
980 1888.2221435546876 1216.6668823242187 2082.8711181640624 1310.2481567382813 0.7992001488095238 1803.06318359375 1128.9164428710938 1887.28642578125 1246.8289184570312 0.8859514508928571 
981 1890.328662109375 1216.22900390625 2082.971142578125 1311.615234375 0.7958751860119048 1801.9202270507812 1127.5328857421875 1887.9547729492188 1243.4925048828125 0.8808826264880952 
982 1893.6599609375 1214.2863342285157 2082.54462890625 1311.5338562011718 0.7779482886904762 1802.16669921875 1129.1227966308593 1886.323291015625 1241.3314270019532 0.8791620163690477 
983 1890.1921630859374 1216.0986206054688 2082.0519775390626 1309.2876098632812 0.7906203497023809 1801.6415771484376 1126.4235778808593 1883.8672119140624 1241.5394348144532 0.8928803943452381 
984 1887.177734375 1214.5503295898438 2084.9833984375 1309.7902465820312 0.8153134300595238 1800.250341796875 1124.4529357910155 1884.50087890625 1243.502752685547 0.8934616815476191 
985 1898.6467041015626 1215.7007446289062 2082.4729248046874 1312.0756225585938 0.8157087053571429 1799.1828979492188 1128.318096923828 1881.2799926757812 1244.3248474121094 0.8757672991071429 
986 1892.0250732421875 1214.8755187988281 2080.6907470703127 1312.8365173339844 0.8269624255952381 1797.692333984375 1123.0546325683595 1884.76884765625 1242.784600830078 0.8903924851190477 
987 1898.6306579589843 1217.036798095703 2080.534014892578 1313.1366638183595 0.8233119419642857 1797.712664794922 1124.5011413574218 1881.7999084472656 1244.6259338378907 0.8822079613095238 
988 1900.9518981933593 1218.6811889648438 2080.471075439453 1312.7150512695312 0.7967122395833334 1797.7776916503906 1123.8581970214843 1879.843524169922 1241.8279602050782 0.88134765625 
989 1900.6531921386718 1217.7010070800782 2079.9089416503907 1311.5969665527343 0.8014090401785714 1795.923114013672 1123.0172119140625 1881.2830627441406 1240.8138427734375 0.8838588169642857 
990 1900.3505065917968 1218.1873107910155 2080.2892639160154 1313.249334716797 0.7935732886904762 1796.4090270996094 1122.5377258300782 1881.2859191894531 1243.0627380371093 0.88720703125 
991 1901.1257446289062 1218.9784851074219 2081.4604370117186 1314.2496643066406 0.7901553199404762 1795.6470153808593 1122.2023376464845 1880.7105285644532 1239.590020751953 0.8833705357142857 
992 1903.4024719238282 1217.9149841308595 2082.0021911621093 1313.168389892578 0.7968982514880952 1796.6350341796874 1120.960760498047 1879.9816650390626 1240.0273986816405 0.8878348214285714 
993 1898.2248962402343 1219.1456176757813 2081.423175048828 1314.1373413085937 0.7906668526785714 1794.751727294922 1121.3485168457032 1879.5657775878906 1238.3918395996093 0.8896949404761905 
994 1900.29892578125 1219.5103454589844 2081.45595703125 1314.3213195800781 0.7943870907738095 1796.110772705078 1121.8990905761718 1875.6845153808595 1238.7199279785157 0.8855096726190477 
995 1900.875067138672 1217.9265380859374 2081.6885314941405 1314.2477783203126 0.7913643973214286 1795.5846069335937 1120.6954040527344 1875.0074340820313 1237.2947082519531 0.8867420014880952 
996 1902.5547424316405 1217.9273315429687 2082.500799560547 1312.1046508789063 0.8069661458333334 1796.6699157714843 1119.4810729980468 1874.0299133300782 1237.2026428222657 0.8962983630952381 
997 1899.6291625976562 1219.071600341797 2080.6430541992186 1312.1160217285155 0.7902250744047619 1797.0198974609375 1121.7326232910157 1874.8389892578125 1235.0778015136718 0.88232421875 
998 1903.2188049316405 1217.3733642578125 2083.799627685547 1311.8829833984375 0.7895740327380952 1798.4535339355468 1118.3851501464844 1874.3986389160157 1238.209698486328 0.8929966517857143 
999 1899.9635009765625 1217.9562683105469 2083.6043701171875 1312.3038635253906 0.7887602306547619 1798.1640380859376 1118.9432006835937 1875.6638427734374 1240.2472290039063 0.8957635788690477 
1000 1903.7034057617188 1218.6695739746094 2083.183068847656 1311.795880126953 0.7829938616071429 1797.8131896972657 1117.2727355957031 1879.0868347167968 1242.5699157714844 0.8981352306547619 
1001 1905.1886779785157 1218.1172790527344 2080.740887451172 1310.1543273925781 0.7883882068452381 1798.0087951660157 1119.06591796875 1879.8194519042968 1240.07763671875 0.8914388020833334 
1002 1903.8996520996093 1215.5938903808594 2080.505255126953 1309.897686767578 0.7916434151785714 1796.999951171875 1118.586199951172 1882.73076171875 1242.0384338378906 0.9020647321428571 
1003 1904.5329833984374 1215.1269836425781 2080.9870361328126 1311.0630798339844 0.7991303943452381 1797.9226623535155 1119.9155822753905 1881.866766357422 1241.548895263672 0.9013439360119048 
1004 1903.3429931640626 1217.5793823242188 2082.4465576171874 1309.6899047851562 0.7912946428571429 1796.2744201660157 1118.4491943359376 1879.8560729980468 1239.5573974609374 0.8867652529761905 
1005 1903.460693359375 1218.4039794921875 2080.414306640625 1310.2837646484375 0.7938755580357143 1796.6601623535157 1118.0167419433594 1878.3311706542968 1240.523175048828 0.8919968377976191 
1006 1905.3466918945312 1216.309326171875 2082.8122436523436 1308.521728515625 0.8058965773809523 1794.1965637207031 1119.8140930175782 1879.4495544433594 1236.3845153808593 0.8960193452380952 
1007 1904.095770263672 1217.0521057128906 2082.8335510253905 1310.845233154297 0.7898065476190477 1795.3282897949218 1115.7718078613282 1878.5033752441407 1237.8799255371093 0.8943917410714286 
1008 1903.419989013672 1220.2411743164062 2083.0591369628905 1310.0608276367188 0.77978515625 1793.1334716796875 1115.9514099121093 1877.8689697265625 1239.6651672363282 0.9010881696428571 
1009 1905.0315368652343 1215.8338562011718 2084.776690673828 1311.9353088378907 0.7985026041666666 1794.4876098632812 1115.5571594238281 1876.3517456054688 1238.3533630371094 0.8994373139880952 
1010 1904.801953125 1216.7496826171875 2083.90361328125 1310.7337158203125 0.7984095982142857 1789.9476257324218 1117.24111328125 1876.8386291503907 1234.2779296875 0.8964611235119048 
1011 1903.6337341308595 1216.9474731445312 2083.447442626953 1310.3122924804688 0.7916899181547619 1792.4471862792968 1116.8661315917968 1875.4381896972657 1236.1657287597657 0.8956473214285714 
1012 1907.2463623046874 1217.4678039550781 2082.3674072265626 1310.9790954589844 0.7818312872023809 1791.1746765136718 1117.352032470703 1872.7844299316407 1239.7667419433594 0.8971121651785714 
1013 1905.4357421875 1218.548046875 2080.71611328125 1310.442431640625 0.7844819568452381 1789.0622924804688 1118.5374450683594 1872.4479614257812 1237.6599426269531 0.8990885416666666 
1014 1905.0421020507813 1217.952880859375 2081.975720214844 1311.523681640625 0.7777157738095238 1788.8966979980469 1116.8572204589843 1872.2596740722656 1235.9473449707032 0.8951125372023809 
1015 1905.4575805664062 1216.1929870605468 2082.3429565429688 1312.5166076660157 0.8046875 1787.9830749511718 1116.9728088378906 1873.7987854003907 1232.5612487792969 0.8989955357142857 
1016 1895.8512268066406 1217.5791748046875 2083.860076904297 1312.5331298828125 0.7986653645833334 1788.1148559570313 1115.3940002441407 1871.6744506835937 1235.0360534667968 0.8823939732142857 
1017 1894.4605773925782 1213.641796875 2086.2761169433593 1311.42998046875 0.7980375744047619 1788.4268676757813 1114.1175354003906 1871.1707885742187 1234.472430419922 0.8801618303571429 
1018 1889.3119506835938 1214.4517761230468 2087.5984497070312 1311.7243713378907 0.8034319196428571 1787.578662109375 1113.366015625 1869.886181640625 1238.69794921875 0.8849283854166666 
1019 1901.7244873046875 1215.6294189453124 2084.4259033203125 1312.3537353515626 0.7768089657738095 1784.745947265625 1113.7382934570312 1870.723046875 1233.7480346679688 0.90234375 
1020 1905.0438842773438 1216.902032470703 2081.8880004882812 1312.2592224121095 0.7999441964285714 1784.7472534179688 1114.2765014648437 1871.4356079101562 1232.1724731445313 0.8949265252976191 
1021 1903.75634765625 1216.4339599609375 2085.064453125 1311.5758056640625 0.7865048363095238 1783.5516357421875 1112.9376586914063 1869.7178955078125 1231.4163452148437 0.8976469494047619 
1022 1895.1863342285155 1214.900701904297 2085.447332763672 1311.8965393066405 0.8011532738095238 1785.9225952148438 1113.0982421875 1866.1306274414062 1234.342919921875 0.8786504836309523 
1023 1905.7994812011718 1216.2665771484376 2082.4755432128904 1313.6186767578124 0.8166155133928571 1783.069384765625 1112.3273803710938 1869.604443359375 1233.1159790039062 0.9055059523809523 
1024 1897.4099548339843 1214.2906066894532 2085.337237548828 1312.9060485839843 0.8240327380952381 1785.3404907226563 1114.6017150878906 1865.3492065429687 1233.6845397949219 0.8816964285714286 
1025 1900.1462097167969 1217.4015808105469 2084.3544006347656 1314.2533264160156 0.8189406622023809 1784.8883239746094 1113.9763549804688 1866.547589111328 1233.6166625976562 0.8787202380952381 
1026 1897.3377685546875 1215.3041259765625 2085.0665283203125 1313.9092529296875 0.8148716517857143 1783.9273254394532 1113.927685546875 1867.3623474121093 1231.495166015625 0.8804873511904762 
1027 1899.9271911621095 1217.9642456054687 2082.997247314453 1313.3133422851563 0.8116164434523809 1783.9680114746093 1112.2001586914062 1865.9681457519532 1234.2468627929688 0.8865094866071429 
1028 1897.2494812011719 1218.1390625 2081.3941955566406 1314.047705078125 0.8218470982142857 1783.560791015625 1111.754083251953 1866.042236328125 1234.5172790527345 0.8844168526785714 
1029 1897.4076232910156 1217.9647399902344 2083.004364013672 1313.633282470703 0.8093377976190477 1782.7525817871094 1115.2316162109375 1865.027569580078 1233.8604248046875 0.8829287574404762 
1030 1894.6404357910155 1218.8239990234374 2082.571844482422 1314.7072509765626 0.8045014880952381 1781.2029968261718 1114.384814453125 1865.5803283691407 1233.280224609375 0.884765625 
1031 1896.01484375 1219.6713256835938 2082.04814453125 1313.6467895507812 0.8149181547619048 1782.5657287597655 1113.5247436523437 1865.034002685547 1232.4325317382813 0.8790922619047619 
1032 1899.7620788574218 1217.3025695800782 2083.1565002441407 1314.7309997558593 0.8211495535714286 1781.907452392578 1113.7021911621093 1865.9632751464844 1230.2342102050782 0.8729073660714286 
1033 1900.9065063476562 1217.1804443359374 2084.4213745117186 1314.6728271484376 0.8251488095238095 1783.1952575683595 1114.9826904296874 1865.394708251953 1231.5910400390626 0.8692801339285714 
1034 1897.120343017578 1217.223126220703 2086.182269287109 1314.6185485839844 0.8287527901785714 1781.6559814453126 1117.0364868164063 1863.7737060546874 1229.7096069335937 0.8650948660714286 
1035 1900.8464599609374 1217.8033447265625 2082.7594970703126 1315.4620361328125 0.8148251488095238 1781.2404907226562 1113.7373107910157 1863.5800659179688 1232.4595886230468 0.8733491443452381 
1036 1897.6604553222655 1218.9243591308593 2083.636785888672 1314.7884094238282 0.8071986607142857 1781.2961791992188 1116.6447509765626 1863.7392211914062 1229.7644287109374 0.8706984747023809 
1037 1901.3943786621094 1217.7864013671874 2083.180938720703 1315.3771728515626 0.8178013392857143 1782.0922790527343 1115.70625 1862.4610656738282 1230.51884765625 0.86767578125 
1038 1892.0455505371094 1216.5777587890625 2085.3315246582033 1313.2208251953125 0.8100120907738095 1781.0444763183593 1113.5938781738282 1862.5279113769532 1231.0815368652343 0.8748372395833334 
1039 1898.4873291015624 1219.8253845214845 2084.6025146484376 1315.761163330078 0.8087565104166666 1780.5603149414062 1117.912127685547 1863.0649291992188 1227.2789123535156 0.8733258928571429 
1040 1896.6689514160157 1218.8567199707031 2082.901727294922 1314.8531188964844 0.8095703125 1779.9225952148438 1116.8791381835938 1864.3994262695312 1226.3149536132812 0.8664202008928571 
1041 1899.9039245605468 1218.8523803710937 2082.5493225097657 1314.9816040039063 0.8207310267857143 1779.8162353515625 1116.0681030273438 1862.4874755859375 1231.4231079101562 0.8689081101190477 
1042 1894.995654296875 1217.832501220703 2084.451611328125 1315.4310485839844 0.8201497395833334 1779.2905212402343 1117.6577880859375 1861.5794738769532 1228.6522705078125 0.8663736979166666 
1043 1899.29794921875 1217.7527893066406 2083.1146484375 1315.405291748047 0.8151506696428571 1780.1410705566407 1117.522528076172 1860.5609558105468 1228.5784240722655 0.8659086681547619 
1044 1892.8294189453125 1219.6199584960937 2083.3346435546873 1315.8348754882813 0.8055013020833334 1779.4439880371094 1115.4860534667969 1862.188702392578 1229.0194396972656 0.8743722098214286 
1045 1893.1702087402343 1221.0715209960938 2084.245928955078 1315.6442993164062 0.7968284970238095 1777.960693359375 1118.1104431152344 1860.953125 1230.0537414550781 0.8725353422619048 
1046 1894.4291442871095 1220.1127136230468 2083.326348876953 1314.5612365722657 0.8061058407738095 1779.3708435058593 1117.2867004394532 1860.3267883300782 1229.0830505371093 0.8729771205357143 
1047 1895.479180908203 1220.173565673828 2082.7345642089845 1314.7664978027344 0.8018043154761905 1778.5374877929687 1116.9678344726562 1859.6170532226563 1230.8654174804688 0.8690941220238095 
1048 1895.3384704589844 1221.4802307128907 2082.685577392578 1316.1195007324218 0.8040829613095238 1778.339288330078 1116.7381225585937 1859.4586853027345 1230.6915649414063 0.8709774925595238 
1049 1895.1903503417968 1222.2775817871093 2082.3019592285154 1314.8687805175782 0.7947591145833334 1778.3383666992188 1117.2220153808594 1859.3557250976562 1232.9612121582031 0.8722098214285714 
1050 1894.1393798828126 1221.3270141601563 2082.8279052734374 1315.6712768554687 0.8065476190476191 1777.505078125 1118.6148071289062 1860.296923828125 1230.2875366210938 0.8694428943452381 
1051 1893.1321105957031 1220.7504943847657 2083.8164978027344 1315.1295104980468 0.8075009300595238 1776.6769592285157 1119.4818725585938 1859.4994323730468 1231.1958618164062 0.8671642485119048 
1052 1891.3930908203124 1220.2309814453124 2082.2118896484376 1314.6764892578126 0.8141973586309523 1778.0436218261718 1119.113262939453 1858.9970275878907 1228.9786560058594 0.8662341889880952 
1053 1892.308416748047 1219.9893432617187 2081.3801818847655 1314.5253051757813 0.8173363095238095 1777.1436950683594 1118.7751098632812 1858.174542236328 1228.7453979492188 0.8641648065476191 
1054 1894.8011962890625 1221.624609375 2082.1846435546877 1316.28212890625 0.8128022693452381 1776.293408203125 1120.2800170898438 1857.428515625 1230.3918579101562 0.8639322916666666 
1055 1896.274395751953 1222.0997497558594 2081.991107177734 1313.023419189453 0.8011532738095238 1775.8859985351562 1120.6102600097656 1857.1369506835938 1227.0104675292969 0.8638857886904762 
1056 1893.3268005371094 1221.2098388671875 2082.8740051269533 1315.9835205078125 0.8212425595238095 1774.896795654297 1123.1629211425782 1856.1314025878905 1229.5415466308593 0.8626302083333334 
1057 1893.9074157714845 1220.1270446777344 2084.416925048828 1316.3440246582031 0.8089657738095238 1774.5984497070312 1122.5778869628907 1857.3449096679688 1230.3409362792968 0.8525623139880952 
1058 1896.7266357421875 1218.8725036621095 2084.6356689453123 1316.661798095703 0.8200334821428571 1773.1993225097656 1121.8942016601563 1855.649188232422 1229.2708374023437 0.8531203497023809 
1059 1894.7641296386719 1221.381170654297 2084.9835510253906 1315.5300842285155 0.8058500744047619 1774.3805908203126 1117.4034301757813 1855.0796142578124 1228.8451049804687 0.8644903273809523 
1060 1891.0121826171876 1220.81923828125 2082.1001220703124 1315.398046875 0.8188011532738095 1772.602960205078 1121.4891784667968 1857.5309509277345 1227.6491271972657 0.8571428571428571 
1061 1889.509783935547 1221.4312683105468 2080.355084228516 1313.9621643066407 0.8208705357142857 1772.9563781738282 1120.5220764160156 1855.8486755371093 1226.547137451172 0.8634905133928571 
1062 1893.4261596679687 1221.0775817871095 2082.212756347656 1315.470880126953 0.8139183407738095 1773.7675720214843 1120.4606079101563 1856.6024230957032 1226.4121948242187 0.8562825520833334 
1063 1892.24931640625 1220.4921508789062 2082.94306640625 1314.8757690429688 0.8054547991071429 1774.5291259765625 1121.3671264648438 1855.4293701171875 1227.3079223632812 0.8607235863095238 
1064 1891.7193786621094 1221.078955078125 2082.4980285644533 1315.50478515625 0.8187081473214286 1775.428759765625 1120.4272033691407 1856.365185546875 1226.4154479980468 0.8471214657738095 
1065 1892.4466674804687 1220.9452758789062 2081.195178222656 1315.3193725585938 0.8163364955357143 1774.5160217285156 1123.5339477539062 1855.4081726074219 1227.5380737304688 0.8380068824404762 
1066 1897.357275390625 1219.8457092285157 2083.605126953125 1315.8497253417968 0.8159412202380952 1773.4380249023438 1122.7338073730468 1856.0016723632812 1228.3383361816407 0.8462379092261905 
1067 1891.0101318359375 1218.6827758789063 2084.2740478515625 1316.2713256835937 0.8203357514880952 1772.593896484375 1123.81728515625 1856.787939453125 1227.146337890625 0.85107421875 
1068 1893.5003295898437 1218.6115417480469 2082.7147583007813 1315.9742736816406 0.7952008928571429 1772.5387329101563 1116.7973205566407 1858.8792358398437 1227.0194519042968 0.8600725446428571 
1069 1891.5406921386718 1218.6812866210937 2085.3300354003904 1315.5760375976563 0.8176850818452381 1772.9433532714843 1119.6674743652343 1854.6388000488282 1226.0616516113282 0.8716052827380952 
1070 1891.046697998047 1221.2781921386718 2082.0291076660155 1313.8757385253907 0.8224283854166666 1772.7027221679687 1120.2963500976562 1857.5838989257813 1226.3977416992188 0.8503534226190477 
1071 1883.292578125 1222.9562133789063 2082.50869140625 1313.8606811523437 0.8288690476190477 1771.4844848632813 1118.7358093261719 1856.5865600585937 1223.1793518066406 0.8429827008928571 
1072 1891.0823303222655 1221.1085815429688 2082.320867919922 1313.8303833007812 0.8081287202380952 1771.093768310547 1120.4371215820313 1856.0887268066406 1222.8175170898437 0.8576078869047619 
1073 1892.7912719726562 1221.5461730957031 2081.8095581054686 1312.1978454589844 0.8100120907738095 1771.2796264648437 1120.8057434082032 1856.1449340820313 1223.0298278808593 0.8543759300595238 
1074 1893.1770874023437 1219.7807189941407 2081.9471801757813 1316.0919616699218 0.8106398809523809 1770.3434020996094 1121.098858642578 1855.097149658203 1225.1148864746094 0.8519577752976191 
1075 1894.3333740234375 1220.7067260742188 2083.4078369140625 1315.2439575195312 0.8104073660714286 1769.8172241210937 1121.8654418945312 1854.7079223632813 1224.1201538085938 0.8488188244047619 
1076 1893.2007873535156 1220.9293212890625 2082.1325866699217 1315.3951416015625 0.8064778645833334 1770.2617736816405 1120.457342529297 1855.088201904297 1224.5625549316405 0.8423316592261905 
1077 1893.521173095703 1221.1678649902344 2082.1730407714845 1315.493878173828 0.8106398809523809 1772.6892578125 1119.586181640625 1853.539990234375 1221.612060546875 0.8527483258928571 
1078 1887.0210083007812 1220.2130310058594 2083.4787475585936 1314.589825439453 0.8245675223214286 1771.235302734375 1117.3171997070312 1854.055712890625 1217.4721069335938 0.8469354538690477 
1079 1884.563427734375 1220.5398193359374 2083.209521484375 1313.1127685546876 0.8394484747023809 1768.6246337890625 1117.5078369140624 1853.4832763671875 1215.8666748046876 0.84521484375 
1080 1891.9825744628906 1221.305975341797 2084.155487060547 1315.4707580566405 0.8243117559523809 1770.3222534179688 1115.0935119628907 1851.0349243164062 1207.3365417480468 0.8426804315476191 
1081 1892.2403991699218 1221.3573486328125 2084.6078674316404 1315.6175048828125 0.8260788690476191 1769.1992126464843 1115.4812561035155 1848.0699523925782 1203.970281982422 0.8558640252976191 
1082 1893.6634704589844 1220.2442626953125 2085.4260070800783 1316.1256103515625 0.8065243675595238 1767.6166198730468 1115.143817138672 1850.0744201660157 1201.4368713378906 0.8534691220238095 
1083 1895.4926147460938 1219.8349304199219 2084.2512817382812 1314.2142639160156 0.8222191220238095 1768.4435424804688 1114.269384765625 1851.2661743164062 1199.018212890625 0.8500046502976191 
1084 1890.671435546875 1219.9839111328124 2082.120556640625 1312.8075927734376 0.8140113467261905 1767.57578125 1111.0201049804687 1852.664208984375 1194.1747192382813 0.8408203125 
1085 1896.274188232422 1216.6429138183594 2084.859722900391 1313.7929992675781 0.8331705729166666 1772.089208984375 1108.722900390625 1855.904931640625 1188.728759765625 0.8361700148809523 
1086 1900.200421142578 1218.0542846679687 2084.704730224609 1312.2284301757813 0.8189871651785714 1765.9615905761718 1104.5131896972657 1858.2138244628907 1183.3118835449218 0.83056640625 
1087 1904.7292907714843 1215.3364624023438 2086.448565673828 1308.1293579101562 0.8444707961309523 1765.614306640625 1101.129864501953 1864.20673828125 1178.4571716308594 0.8271251860119048 
1088 1911.794287109375 1211.2627563476562 2088.057275390625 1308.1105346679688 0.8486328125 1765.3306640625 1100.260400390625 1867.989404296875 1177.738623046875 0.8314732142857143 
1089 1916.352032470703 1209.221435546875 2092.077532958984 1303.8427734375 0.8651878720238095 1770.7805541992188 1096.403564453125 1869.2641235351562 1177.507568359375 0.8244280133928571 
1090 1924.4896118164063 1204.6015625 2100.877331542969 1303.171142578125 0.8035714285714286 1777.3001953125 1099.6468505859375 1868.952734375 1174.0064697265625 0.8481677827380952 
1091 1929.1252075195312 1202.6292907714844 2104.441442871094 1301.570050048828 0.8215215773809523 1778.3105773925781 1102.0862243652343 1872.0440368652344 1169.7825500488282 0.8446800595238095 
1092 1928.2205505371094 1202.2789672851563 2107.696563720703 1296.3731323242187 0.8091517857142857 1781.4496215820313 1099.2043518066407 1873.8013549804687 1168.9036804199218 0.8354957217261905 
1093 1933.3119018554687 1199.3605895996093 2112.411975097656 1297.6900695800782 0.8337053571428571 1780.9552368164063 1099.54541015625 1875.7730346679687 1173.29248046875 0.8321242559523809 
1094 1936.6961608886718 1200.5820617675781 2115.1774963378907 1298.4034118652344 0.8388206845238095 1782.9014526367187 1099.8563537597656 1875.5743774414063 1166.7868347167969 0.8421921502976191 
1095 1939.1812622070313 1198.5192810058593 2115.334118652344 1297.7120422363282 0.8406575520833334 1783.090838623047 1103.602117919922 1875.4427307128906 1170.3005920410155 0.8468656994047619 
1096 1938.7674377441406 1198.9471435546875 2115.7529479980467 1295.9488525390625 0.8320079985119048 1782.1377197265624 1105.6107788085938 1875.7358154296876 1171.9802856445312 0.8453078497023809 
1097 1936.0593688964843 1197.3564575195312 2115.804522705078 1296.6442749023438 0.8138485863095238 1784.1646057128905 1105.1793212890625 1876.605047607422 1170.2301025390625 0.8440057663690477 
1098 1935.9016174316407 1195.6127380371095 2109.991326904297 1292.329278564453 0.8307524181547619 1781.3581176757812 1105.727099609375 1876.3161987304688 1172.54951171875 0.8380766369047619 
1099 1931.2889892578125 1194.0229431152343 2110.7442138671877 1294.8597473144532 0.8013392857142857 1782.0715270996093 1108.7652954101563 1876.0719055175782 1173.7110229492187 0.8512369791666666 
1100 1929.4554931640625 1191.1978271484375 2108.5615966796877 1291.0839111328125 0.8123604910714286 1783.0705505371093 1107.5398986816406 1876.0679992675782 1174.704608154297 0.8540736607142857 
1101 1926.5587280273437 1191.6257873535155 2104.979602050781 1290.182196044922 0.8087797619047619 1780.4235595703126 1107.7745300292968 1877.2805419921874 1174.0451721191407 0.8505161830357143 
1102 1923.5596435546875 1188.7078430175782 2101.8519775390623 1284.7112243652343 0.8110584077380952 1782.9172485351562 1109.1884460449219 1877.2062866210938 1174.3336486816406 0.8506324404761905 
1103 1923.5404663085938 1189.1327514648438 2093.6433715820312 1282.6892700195312 0.8170805431547619 1781.7008850097657 1108.5301818847656 1876.9584167480468 1174.8703308105469 0.8534458705357143 
1104 1916.4817504882812 1188.476171875 2092.7640991210938 1280.007470703125 0.7988513764880952 1782.2490661621093 1106.4631958007812 1878.8653137207032 1174.2640991210938 0.8485863095238095 
1105 1910.7767761230468 1184.4813903808595 2086.9450256347654 1279.341241455078 0.8230096726190477 1784.6446166992187 1106.6259521484376 1879.5043090820313 1176.0769287109374 0.8527948288690477 
1106 1905.2435607910156 1184.2645446777344 2081.725067138672 1275.899151611328 0.8116164434523809 1784.1082885742187 1109.273095703125 1879.1368286132813 1172.05966796875 0.8492373511904762 
1107 1899.0491149902343 1181.9031494140625 2073.481280517578 1273.3531982421875 0.8305896577380952 1784.4762145996094 1109.6681640625 1879.313214111328 1172.32841796875 0.8474469866071429 
1108 1894.2437561035156 1179.1708984375 2066.7922546386717 1270.52001953125 0.8212658110119048 1783.5057373046875 1109.2275390625 1878.2381591796875 1175.201904296875 0.8443545386904762 
1109 1886.584912109375 1177.6015747070312 2061.008349609375 1269.0468627929688 0.8208705357142857 1785.239678955078 1109.9945861816407 1878.3783630371095 1177.7318542480468 0.84716796875 
1110 1877.7620971679687 1177.9205810546875 2050.825549316406 1264.4524658203125 0.8079892113095238 1785.1612976074218 1111.0966430664062 1878.4799377441407 1177.2681030273438 0.8467494419642857 
1111 1866.291015625 1176.5296630859375 2043.365234375 1265.0667724609375 0.7973400297619048 1782.5343139648437 1111.1744812011718 1879.5845825195313 1175.8747131347657 0.8433779761904762 
1112 1859.9280090332031 1176.0100891113282 2036.9109802246094 1262.7998474121093 0.7804129464285714 1782.9560302734376 1111.9977172851563 1878.2546630859374 1174.9629760742187 0.8359375 
1113 1854.4984008789063 1173.5476379394531 2029.2484252929687 1265.1641540527344 0.7773670014880952 1784.2852294921875 1111.6216735839844 1877.5983154296875 1174.3960266113281 0.8323800223214286 
1114 1848.8056091308595 1172.3849304199218 2024.896417236328 1262.1234924316407 0.7935267857142857 1782.4460021972657 1111.3001220703125 1878.9571960449218 1177.3341552734375 0.8304036458333334 
1115 1847.1084899902344 1173.3744262695313 2020.6462707519531 1261.8445678710937 0.7995954241071429 1782.8497985839845 1111.7985107421875 1878.125421142578 1178.1511962890625 0.8317057291666666 
1116 1839.369891357422 1174.9735107421875 2017.1041076660156 1263.8406982421875 0.7781808035714286 1781.7903564453125 1112.0040710449218 1877.4933349609375 1176.9455139160157 0.8251255580357143 
1117 1838.1905212402344 1176.3961242675782 2014.2292785644531 1263.5610290527343 0.7856910342261905 1781.723944091797 1113.2246948242187 1877.4343811035155 1178.1710571289063 0.8275669642857143 
1118 1835.50712890625 1177.8509582519532 2015.23212890625 1265.1459899902343 0.7957821800595238 1781.9845458984375 1112.3467834472656 1877.8379638671875 1173.966815185547 0.8207775297619048 
1119 1837.6268737792968 1180.0141296386719 2013.8649475097657 1267.2777404785156 0.7966657366071429 1780.8990417480468 1113.020086669922 1878.4287170410157 1176.3289123535155 0.8290318080357143 
1120 1837.0353576660157 1180.6588073730468 2015.2472351074218 1268.0512756347657 0.80224609375 1780.4214782714844 1112.2475830078124 1878.0952453613281 1175.6498779296876 0.8217075892857143 
1121 1836.8656188964844 1182.3867736816405 2015.212384033203 1268.130438232422 0.8008045014880952 1780.208966064453 1112.6047119140626 1877.9566833496094 1174.3401123046874 0.8210565476190477 
1122 1836.9025268554688 1182.5143188476563 2016.5713500976562 1268.0708862304687 0.8108026413690477 1779.0530822753906 1113.8058166503906 1878.298846435547 1178.8288269042969 0.8314499627976191 
1123 1836.8299987792968 1182.3641967773438 2014.7057678222657 1267.8814086914062 0.7982235863095238 1780.3228454589844 1113.8846618652344 1877.8125305175781 1177.167462158203 0.8263113839285714 
1124 1834.4403381347656 1182.6442321777345 2015.5238952636719 1269.769464111328 0.7954799107142857 1781.219091796875 1113.1282348632812 1876.885888671875 1176.3366088867188 0.8236374627976191 
1125 1834.63994140625 1182.9980773925781 2015.3361328125 1268.2320251464844 0.7898763020833334 1780.024658203125 1111.926025390625 1877.19140625 1176.703857421875 0.8346121651785714 
1126 1837.531103515625 1180.7266540527344 2016.917138671875 1267.8569641113281 0.7984793526785714 1778.6557006835938 1112.3233642578125 1876.0366821289062 1177.2440185546875 0.8225446428571429 
1127 1838.6127807617188 1180.783837890625 2016.4826782226562 1266.298193359375 0.8019438244047619 1777.9634216308593 1110.9908569335937 1877.1599914550782 1174.2715942382813 0.8189639136904762 
1128 1839.334521484375 1181.1346435546875 2019.161083984375 1265.9583740234375 0.7916201636904762 1779.9579528808595 1111.7095458984375 1874.960626220703 1176.1757080078125 0.8286830357142857 
1129 1844.4511596679688 1181.3120727539062 2020.3342407226562 1267.5624389648438 0.7875279017857143 1776.868798828125 1112.4939392089843 1873.2662109375 1175.0677062988282 0.8358909970238095 
1130 1843.1557983398438 1180.1616455078124 2018.2904907226562 1266.8788818359376 0.791015625 1774.8152770996094 1112.082763671875 1873.4348449707031 1176.695556640625 0.8265206473214286 
1131 1843.0949340820312 1181.0218627929687 2019.5981811523438 1267.5762817382813 0.7769019717261905 1775.470233154297 1111.7652099609375 1870.5103576660156 1176.2567626953125 0.8262648809523809 
1132 1838.4126525878905 1181.3337158203126 2018.917303466797 1271.5859619140624 0.7847609747023809 1778.091650390625 1112.7603149414062 1868.343896484375 1184.2809448242188 0.8181966145833334 
1133 1840.9864318847656 1179.433349609375 2017.740252685547 1269.509765625 0.7964332217261905 1781.1750122070312 1113.7389343261718 1864.4534057617188 1195.3175842285157 0.8384021577380952 
1134 1834.8403259277343 1183.8361022949218 2017.6729797363282 1267.1064025878907 0.7605561755952381 1783.875537109375 1109.965069580078 1865.33564453125 1205.9068786621094 0.8273344494047619 
1135 1836.5503295898438 1180.9378662109375 2018.1596313476562 1269.1480712890625 0.7675316220238095 1783.3315734863281 1109.9572814941407 1861.1641540527344 1213.7340026855468 0.8314732142857143 
1136 1830.195623779297 1184.4735534667968 2015.1128479003905 1267.8676330566407 0.7572777157738095 1785.7792358398438 1109.2375793457031 1860.1087036132812 1216.1995544433594 0.8294503348214286 
1137 1834.9874938964845 1181.0975341796875 2018.041680908203 1270.8978271484375 0.7791341145833334 1783.5780883789062 1111.1570129394531 1859.5630249023438 1219.9534606933594 0.8252650669642857 
1138 1830.1223937988282 1182.6789916992188 2016.8655212402343 1269.0036254882812 0.7725771949404762 1786.4179809570312 1108.9574462890625 1858.6489135742188 1223.4697998046875 0.8362630208333334 
1139 1838.9184692382812 1181.2082397460938 2014.7590209960938 1268.2749145507812 0.7845052083333334 1782.2528869628907 1113.5772766113282 1857.3693054199218 1217.7158142089843 0.8319382440476191 
1140 1831.4865844726562 1182.978826904297 2016.0995971679688 1271.8020568847655 0.7859468005952381 1785.4002258300782 1110.5001281738282 1858.5488708496093 1223.7062927246093 0.8166155133928571 
1141 1828.249774169922 1185.365478515625 2017.8065002441406 1270.214599609375 0.7559291294642857 1787.6304870605468 1111.0009460449219 1859.8425354003907 1226.5401916503906 0.8319614955357143 
1142 1831.5204040527344 1186.2718505859375 2015.202374267578 1270.7655029296875 0.7699265252976191 1784.6815307617187 1117.9563049316407 1859.9910766601563 1218.9813171386718 0.8116164434523809 
1143 1833.681982421875 1185.8578857421876 2014.49306640625 1268.8833251953124 0.7719029017857143 1783.1569213867188 1116.5988891601562 1860.6475219726562 1221.7646362304688 0.8099888392857143 
1144 1830.4429870605468 1187.2614501953126 2016.4113830566407 1270.1186767578124 0.7707868303571429 1783.4906188964844 1114.8853515625 1860.823956298828 1223.52041015625 0.8287760416666666 
1145 1830.10498046875 1185.9308044433594 2015.9072265625 1274.232891845703 0.7754603794642857 1785.034197998047 1116.3081420898438 1858.6192443847656 1219.3271118164062 0.8240559895833334 
1146 1830.8090087890625 1187.7686950683594 2016.9451416015625 1270.700665283203 0.7752743675595238 1782.183984375 1115.53994140625 1861.430029296875 1222.430029296875 0.8140345982142857 
1147 1835.0260192871094 1189.5335876464844 2016.870343017578 1266.679669189453 0.7739490327380952 1785.3613891601562 1115.7078857421875 1858.8339233398438 1220.4061279296875 0.8237537202380952 
1148 1832.5348571777345 1187.2852294921875 2017.978936767578 1273.5809814453125 0.7980375744047619 1786.3504333496094 1115.5369201660155 1857.9575500488281 1223.865545654297 0.8280552455357143 
1149 1831.8410522460938 1188.0590942382812 2017.1250122070312 1274.2802612304688 0.7933175223214286 1785.6964233398437 1114.749853515625 1857.2418090820313 1224.819482421875 0.8279157366071429 
1150 1832.982733154297 1188.3500244140625 2017.9316955566405 1274.4153564453125 0.7846214657738095 1787.1328552246093 1115.1733276367188 1856.7176086425782 1225.0439575195312 0.8229399181547619 
1151 1834.0242614746094 1186.9005798339845 2018.8291320800781 1276.558526611328 0.8000372023809523 1786.5914306640625 1114.2032165527344 1857.9517822265625 1223.9883117675781 0.8379603794642857 
1152 1831.39697265625 1186.8391174316407 2020.052490234375 1273.2327819824218 0.7717168898809523 1784.9452087402344 1113.4654541015625 1858.996807861328 1224.5430908203125 0.8062918526785714 
1153 1831.0537414550781 1186.620379638672 2020.7828063964844 1275.1605041503906 0.7659272693452381 1786.227783203125 1112.8136413574218 1858.50537109375 1226.6510803222657 0.8274507068452381 
1154 1830.1279235839843 1186.9621887207031 2018.4068664550782 1273.1831970214844 0.7611142113095238 1785.122412109375 1112.381573486328 1859.02626953125 1223.2372009277344 0.8078962053571429 
1155 1831.6184143066407 1186.177197265625 2020.1903015136718 1275.12626953125 0.7778785342261905 1784.749090576172 1115.4969055175782 1857.6873107910155 1224.0146911621093 0.8205450148809523 
1156 1831.7945129394532 1187.205810546875 2021.0068786621093 1273.8544921875 0.7773670014880952 1783.8452697753905 1113.8197875976562 1858.115545654297 1223.4568237304688 0.8251488095238095 
1157 1827.16953125 1185.6225830078124 2022.586572265625 1277.0561279296876 0.7677873883928571 1784.9005126953125 1115.564764404297 1856.6131591796875 1228.5122619628905 0.8194289434523809 
1158 1829.97333984375 1188.1348571777344 2019.68193359375 1275.1572570800781 0.7740187872023809 1779.9018920898438 1116.308038330078 1858.2221313476562 1222.4752868652345 0.8125465029761905 
1159 1829.8045837402344 1187.2953002929687 2019.650128173828 1276.1221801757813 0.7819242931547619 1779.6971496582032 1115.4167358398438 1858.0737243652343 1223.4021118164062 0.8084077380952381 
1160 1829.1766235351563 1186.00400390625 2022.0142944335937 1276.230859375 0.7862258184523809 1782.7703674316406 1114.149267578125 1858.844012451172 1225.605859375 0.8199869791666666 
1161 1829.3510803222657 1186.2687683105469 2019.8621765136718 1276.3285217285156 0.7822498139880952 1777.9930541992187 1118.2575927734374 1859.3931762695313 1220.4408935546876 0.8069428943452381 
1162 1835.5345397949218 1187.2765869140626 2019.1447814941407 1275.6816650390624 0.7807384672619048 1777.9927673339844 1115.807275390625 1859.5974426269531 1222.91318359375 0.8111514136904762 
1163 1836.3895751953125 1186.4016235351562 2020.2278564453125 1276.6186401367188 0.8010602678571429 1777.2706481933594 1116.545703125 1860.678692626953 1222.082470703125 0.8279157366071429 
1164 1834.7834777832031 1184.7841491699219 2024.2173767089844 1276.8941955566406 0.7909923735119048 1776.1619201660155 1116.5371826171875 1859.582342529297 1220.8126708984375 0.8191499255952381 
1165 1834.6600769042968 1185.7840209960937 2024.9962951660157 1279.2218383789063 0.7968517485119048 1776.494384765625 1118.234600830078 1859.55029296875 1220.3241149902344 0.8134998139880952 
1166 1845.574560546875 1184.934130859375 2025.804833984375 1277.6740234375 0.7896670386904762 1775.7167114257813 1116.624200439453 1861.4573608398437 1218.1132263183595 0.8316824776785714 
1167 1853.7870361328125 1189.4317321777344 2026.1424072265625 1281.1101379394531 0.7914109002976191 1776.706591796875 1121.9423828125 1859.217236328125 1211.787109375 0.8397972470238095 
1168 1861.4852600097656 1187.2428344726563 2029.6925964355469 1284.3521362304687 0.8235444568452381 1773.5131713867188 1121.0137145996093 1860.2180297851562 1202.5161926269532 0.8475632440476191 
1169 1871.2330383300782 1190.1231201171875 2030.5231872558593 1285.3309814453125 0.8309849330357143 1774.0534423828126 1125.6887451171874 1860.1067138671874 1193.4328369140626 0.8387044270833334 
1170 1869.2571960449218 1192.2322875976563 2034.7480529785157 1287.8492553710937 0.8462379092261905 1769.0430969238282 1126.1067016601562 1859.1437927246093 1194.1418334960938 0.8452380952380952 
1171 1875.0616577148437 1191.1740966796874 2031.6212036132813 1289.4789794921876 0.8697219122023809 1767.5845458984375 1123.8870849609375 1860.4279052734375 1198.5260009765625 0.8467261904761905 
1172 1880.5621276855468 1188.0987731933594 2028.8857482910157 1289.959454345703 0.8804640997023809 1764.4051208496094 1125.6213012695312 1859.1177062988281 1197.1025756835938 0.8307989211309523 
1173 1884.8048278808594 1185.1561767578125 2026.201885986328 1291.2039306640625 0.8541434151785714 1760.7425231933594 1123.362860107422 1857.9529113769531 1199.3638244628905 0.8362397693452381 
1174 1872.3981628417969 1187.067315673828 2027.2420959472656 1284.9572204589845 0.8178943452380952 1759.6537109375 1124.0207214355469 1859.32333984375 1198.7731018066406 0.8354724702380952 
1175 1863.458477783203 1184.2463134765626 2024.2511169433594 1277.1487060546874 0.8128022693452381 1759.355535888672 1123.2962585449218 1857.6177307128905 1196.5461486816407 0.8374255952380952 
1176 1876.8249755859374 1178.8719421386718 2016.6974853515626 1272.7104553222657 0.8300316220238095 1758.9478942871094 1122.1466125488282 1858.098126220703 1200.0502868652343 0.8485863095238095 
1177 1871.0407958984374 1173.234112548828 2012.9350341796876 1267.8302185058594 0.8264276413690477 1761.7567138671875 1120.9502563476562 1858.1046142578125 1201.5321655273438 0.8474237351190477 
1178 1864.8842895507812 1168.362078857422 2009.0119506835938 1265.6048400878906 0.8395182291666666 1760.7623474121094 1119.6070251464844 1858.005108642578 1199.4851379394531 0.84619140625 
1179 1858.08525390625 1164.9557067871094 2005.789501953125 1267.479718017578 0.8596540178571429 1760.9748107910157 1119.2408813476563 1858.2858093261718 1200.9126831054687 0.8461449032738095 
1180 1852.9139709472656 1164.9188415527344 2003.4906921386719 1269.972393798828 0.8753487723214286 1760.8574279785157 1119.4630310058594 1857.1566101074218 1198.253155517578 0.8406575520833334 
1181 1851.1287414550782 1167.2193969726563 2002.3884704589843 1271.5364624023437 0.8730933779761905 1762.5929321289063 1119.2067565917969 1858.2168823242187 1199.1832580566406 0.8444940476190477 
1182 1853.0265808105469 1166.8790954589845 2003.3160705566406 1276.017999267578 0.8725818452380952 1764.8760131835938 1121.0491577148437 1856.1232543945312 1197.9830688476563 0.8274042038690477 
1183 1856.9964172363282 1170.7875366210938 2004.3840759277343 1274.3098754882812 0.8787202380952381 1760.087664794922 1121.1859497070313 1858.3460510253906 1198.3890014648437 0.8360072544642857 
1184 1859.5773498535157 1171.9714477539062 2010.2784851074218 1277.1118041992188 0.8838123139880952 1760.502880859375 1119.5361755371093 1858.633837890625 1200.1436340332032 0.8448660714285714 
1185 1862.8122253417969 1175.1777893066405 2014.0379943847656 1281.395819091797 0.8790457589285714 1764.2108459472656 1119.9222839355468 1857.8268737792969 1200.9359924316407 0.8412853422619048 
1186 1870.9131164550781 1179.787774658203 2018.7000427246094 1282.5177673339845 0.8889741443452381 1763.261572265625 1121.4909545898438 1858.782373046875 1200.7912719726562 0.8474237351190477 
1187 1880.4238342285157 1182.4415161132813 2026.3934265136718 1283.3587768554687 0.8909737723214286 1764.4661254882812 1122.7645202636718 1858.1749877929688 1200.2546447753907 0.8432849702380952 
1188 1888.2508972167968 1183.5537109375 2031.5985900878907 1287.480712890625 0.8859514508928571 1765.854150390625 1123.8715515136719 1859.030126953125 1195.5453186035156 0.8443080357142857 
1189 1893.461669921875 1182.200830078125 2039.692626953125 1290.046240234375 0.8877185639880952 1765.7907348632812 1122.7242797851563 1860.8408569335938 1197.6675659179687 0.8405180431547619 
1190 1897.6548767089844 1185.1123657226562 2045.7544250488281 1292.4845581054688 0.8690011160714286 1765.7180786132812 1124.448504638672 1860.1315307617188 1202.2007873535156 0.8424014136904762 
1191 1904.6511535644531 1187.5382873535157 2051.0987243652344 1291.3492858886718 0.8455171130952381 1766.6168212890625 1123.7260009765625 1861.1588134765625 1199.7302978515625 0.8366582961309523 
1192 1912.247247314453 1188.1254821777343 2058.0873474121095 1292.8311828613282 0.8084309895833334 1765.4003051757813 1125.4171752929688 1862.6270385742187 1200.2068481445312 0.8312872023809523 
1193 1919.0806396484375 1188.6165893554687 2061.7911865234373 1291.8939086914063 0.8107793898809523 1765.175762939453 1122.5335571289063 1864.6976501464844 1197.6444213867187 0.8237072172619048 
1194 1918.6262084960938 1184.5997253417968 2066.3193481445314 1283.6623596191407 0.8392159598214286 1769.685968017578 1121.2136779785155 1863.3451599121095 1193.259100341797 0.8381463913690477 
1195 1921.4914306640626 1180.8175842285157 2070.7356201171874 1281.4706237792968 0.8487258184523809 1771.312921142578 1119.0107360839843 1868.4950622558595 1188.4266418457032 0.8481677827380952 
1196 1922.8003845214844 1177.1422546386718 2071.090362548828 1274.8788635253907 0.8231259300595238 1778.8530151367188 1115.8301025390624 1871.5341918945312 1183.2345947265626 0.8397972470238095 
1197 1921.197998046875 1174.9060119628907 2072.684814453125 1269.1644226074218 0.8151739211309523 1785.5720336914062 1114.1817626953125 1878.1472045898438 1184.8756103515625 0.8390997023809523 
1198 1913.7151245117188 1167.3866149902344 2070.743127441406 1261.941143798828 0.8241489955357143 1792.5345642089844 1110.7576904296875 1885.400616455078 1178.2967529296875 0.8293108258928571 
1199 1895.494140625 1163.3942565917969 2071.248046875 1261.4107971191406 0.7918991815476191 1802.937255859375 1108.2110778808594 1890.814208984375 1177.498760986328 0.8047340029761905 
