0 2197.407922363281 551.7213989257813 2457.230505371094 797.1094116210937 0.7368861607142857 2265.694543457031 332.42667388916016 2511.082556152344 505.64171600341797 0.5828683035714286 
1 2193.528430175781 544.8089019775391 2449.591931152344 792.1923797607421 0.8691173735119048 2247.612268066406 346.3345489501953 2468.955358886719 519.9369964599609 0.7701357886904762 
2 2169.3760620117187 566.7235137939454 2448.3780883789063 781.3403900146484 0.7536504836309523 2245.8675537109375 325.6921890258789 2481.9464111328125 483.07792205810546 0.6564360119047619 
3 2156.214807128906 572.9662017822266 2441.599401855469 779.8700408935547 0.7552315848214286 2236.341931152344 319.9617324829102 2493.188098144531 484.0578903198242 0.6186058407738095 
4 2149.2311279296873 567.0349151611329 2436.0379150390627 789.3102386474609 0.7549990699404762 2214.8657348632814 306.7024673461914 2458.6515991210936 442.93574676513674 0.5800083705357143 
5 2140.544189453125 574.8819854736328 2427.147216796875 782.6691009521485 0.7512090773809523 2195.9358764648437 296.5464096069336 2432.3832153320313 432.6828079223633 0.6018415178571429 
6 2133.4286987304686 563.2538757324219 2402.6223266601564 792.7303771972656 0.8317754836309523 2204.5460205078125 273.69252014160156 2416.3704833984375 423.73484802246094 0.7513950892857143 
7 2116.4913940429688 579.3135620117188 2397.5322875976562 790.0941528320312 0.8182198660714286 2199.9254150390625 258.7513793945312 2401.9237060546875 408.0542846679688 0.7424200148809523 
8 2091.8374755859377 581.6206970214844 2393.2743408203123 794.3996887207031 0.8126627604166666 2188.338269042969 243.35669708251953 2392.251330566406 402.9409408569336 0.7351422991071429 
9 2080.4358642578127 576.6334228515625 2375.9567138671873 790.3177490234375 0.8218470982142857 2186.4036499023437 233.72417526245118 2381.9022583007813 388.30434341430663 0.7187267485119048 
10 2071.0468505859376 579.5930450439453 2366.1601806640624 789.7494232177735 0.8040829613095238 2172.341516113281 233.57456741333007 2364.612341308594 372.18835678100584 0.6880115327380952 
11 2068.0529907226564 572.3022399902344 2352.8828002929686 793.8365539550781 0.8262183779761905 2165.4306396484376 221.39465942382813 2359.8384033203124 379.63347778320315 0.7224934895833334 
12 2059.340771484375 568.4832794189454 2344.086474609375 794.4719818115234 0.8253813244047619 2163.1218383789064 219.24371719360352 2361.9916870117186 368.3962821960449 0.7305850074404762 
13 2053.1395263671875 567.0417541503906 2330.3638916015625 788.8214050292969 0.8220796130952381 2153.544567871094 220.68878936767578 2361.463000488281 363.92147064208984 0.7327938988095238 
14 2046.3840698242188 554.5225433349609 2318.926721191406 785.4908233642578 0.8236142113095238 2152.8072509765625 215.88738861083985 2365.2982177734375 363.7071243286133 0.74169921875 
15 2044.9975952148438 543.4750762939453 2311.687707519531 791.4501556396484 0.8323102678571429 2147.030859375 216.50066146850585 2371.61220703125 366.22146072387693 0.7636951264880952 
16 2032.5745239257812 538.5300903320312 2302.6181030273438 784.8858032226562 0.8358677455357143 2143.7260131835938 220.92798309326173 2366.3938598632812 377.26912994384764 0.75927734375 
17 2030.8120483398438 529.2474029541015 2298.974816894531 783.2962371826172 0.8458193824404762 2141.732275390625 222.72408142089844 2358.144189453125 373.2715240478516 0.7588588169642857 
18 2015.9151977539063 525.7537658691406 2288.1309448242187 778.8667175292969 0.8311709449404762 2132.736462402344 237.1902763366699 2347.643664550781 380.4617774963379 0.7586960565476191 
19 2019.7663208007812 528.0075378417969 2286.146032714844 780.3673400878906 0.8143136160714286 2138.2172119140623 238.98018569946288 2343.8438232421877 379.1800163269043 0.7351655505952381 
20 2005.145086669922 526.4135375976563 2288.6826721191405 781.1167358398437 0.8277994791666666 2136.563037109375 244.5394317626953 2338.403271484375 379.09966735839845 0.7495814732142857 
21 1999.2984619140625 554.4775024414063 2316.3924560546875 822.2457641601562 0.7277018229166666 2137.78994140625 249.30844116210938 2335.09287109375 390.2391052246094 0.7088448660714286 
22 2009.3840942382812 526.1843872070312 2277.8217163085938 780.2413940429688 0.8390997023809523 2130.8815185546873 241.33819580078125 2337.0032470703127 375.5570068359375 0.7607654389880952 
23 2010.9581420898437 520.2900512695312 2273.142687988281 782.4745971679688 0.8318917410714286 2133.7672607421873 242.61937713623047 2330.4055908203127 383.07535552978516 0.7472795758928571 
24 2010.5022705078125 527.3984130859375 2279.5533935546873 787.0093017578125 0.8365420386904762 2125.9656616210937 243.8234115600586 2338.3744262695313 380.70915069580076 0.7692057291666666 
25 2017.0399169921875 532.4116149902344 2275.9259033203125 781.8835510253906 0.8347516741071429 2128.01689453125 246.00770416259766 2335.12568359375 373.097184753418 0.7606491815476191 
26 2011.8025207519531 530.5775451660156 2278.9571228027344 778.9843444824219 0.8514229910714286 2125.911096191406 244.31482849121093 2341.509558105469 380.2355255126953 0.7679734002976191 
27 2009.792657470703 533.8397766113281 2271.5314392089845 776.8831237792969 0.8351702008928571 2127.1796020507813 244.2371810913086 2337.5057006835937 379.78054962158205 0.7619745163690477 
28 2011.6520263671875 532.264926147461 2273.3919189453127 775.3089874267578 0.8448660714285714 2125.4441772460937 242.12205505371094 2335.7709106445313 382.3397979736328 0.7777390252976191 
29 2010.4317626953125 533.9795501708984 2272.4027099609375 777.2381622314454 0.8541899181547619 2123.7846069335938 243.5805206298828 2338.9749145507812 383.9220428466797 0.7790411086309523 
30 2009.3177062988282 533.5007354736329 2270.8140075683596 776.3186614990234 0.8473772321428571 2126.5959228515626 240.57455444335938 2336.7268310546874 375.9922790527344 0.76220703125 
31 2009.4511352539062 528.2978973388672 2265.242956542969 774.7881011962891 0.8390066964285714 2125.7199584960936 247.82129669189453 2335.0044067382814 382.69332122802734 0.7715308779761905 
32 2007.266534423828 524.1644256591796 2268.6625427246095 771.5569488525391 0.8424246651785714 2123.4225830078126 245.71319885253905 2342.8083740234374 385.7467010498047 0.7807849702380952 
33 2005.1359436035157 528.5216552734375 2264.991375732422 760.5354736328125 0.8469122023809523 2127.746301269531 247.07097473144532 2345.839392089844 381.6389862060547 0.77099609375 
34 2003.2153686523438 521.8873107910156 2264.230676269531 759.5976745605469 0.8405180431547619 2123.863427734375 251.01222534179686 2333.607763671875 381.51987915039064 0.7520228794642857 
35 2000.871649169922 523.18447265625 2261.8369689941405 751.5290283203125 0.8411458333333334 2128.1279418945314 247.16353759765624 2342.4924194335936 382.30625 0.7615559895833334 
36 2001.731134033203 526.5054565429688 2254.7418884277345 746.7186645507812 0.8284970238095238 2121.929345703125 252.04990997314454 2332.771826171875 383.2407699584961 0.7663922991071429 
37 2004.5561645507812 529.2108001708984 2256.1496459960936 748.1902618408203 0.8397042410714286 2127.6650146484376 245.0033416748047 2337.3261962890624 380.1183624267578 0.7752511160714286 
38 1999.9860534667969 530.115365600586 2260.5692443847656 748.8190216064453 0.8380533854166666 2124.550500488281 249.8453369140625 2329.294470214844 384.7901611328125 0.7622535342261905 
39 2006.548077392578 526.2709503173828 2253.246722412109 749.6961517333984 0.8324730282738095 2125.9588134765627 246.45233154296875 2330.7653076171873 381.43841552734375 0.7574172247023809 
40 2006.7087524414062 528.8086700439453 2257.8515502929686 752.0466156005859 0.8377278645833334 2126.0193725585937 246.18372039794923 2335.3050903320313 376.40584869384764 0.7655087425595238 
41 2010.8195495605469 532.0236999511719 2260.3514709472656 758.4507873535156 0.8313802083333334 2128.298547363281 247.6567810058594 2345.483923339844 381.66469116210936 0.7637648809523809 
42 2009.7785217285157 538.0206878662109 2257.395672607422 752.9338409423829 0.8365187872023809 2126.040002441406 248.89434204101562 2331.609167480469 384.38300170898435 0.7686244419642857 
43 2009.0884704589844 534.9441101074219 2260.508819580078 753.7730529785156 0.8215448288690477 2129.0682373046875 247.88780212402344 2333.9293212890625 378.2539825439453 0.7519298735119048 
44 2005.5124267578126 531.4160186767579 2260.8957763671874 754.2959564208984 0.8237072172619048 2129.8108032226564 249.78008728027345 2329.4741088867186 375.1500274658203 0.7490699404761905 
45 2005.7139831542968 539.4580596923828 2265.5595764160157 757.5429779052735 0.8389834449404762 2125.2858276367188 245.7038803100586 2338.7305297851562 380.26685333251953 0.7730887276785714 
46 2011.6703125 543.1814697265625 2257.31064453125 751.744189453125 0.8332635788690477 2126.4687622070314 245.13290710449218 2335.0314819335936 379.5400054931641 0.7685081845238095 
47 2008.2962707519532 542.2551177978515 2258.8466735839843 751.0470672607422 0.8243815104166666 2132.5008056640627 247.9833511352539 2327.3732177734373 377.8983322143555 0.7479073660714286 
48 2011.5758056640625 538.0190704345703 2261.9305419921875 760.5565521240235 0.8262648809523809 2126.9457275390623 245.58203582763673 2335.5747802734377 375.3955337524414 0.7718331473214286 
49 2002.860498046875 549.84384765625 2263.481298828125 754.617333984375 0.8372628348214286 2123.8629760742188 250.5594253540039 2328.6367797851562 380.86986541748047 0.7684151785714286 
50 2006.4805236816405 549.1163513183594 2259.710272216797 750.7621887207031 0.8325660342261905 2126.7825561523437 246.46723327636718 2337.8075317382813 382.46092834472654 0.7756231398809523 
51 2005.2743408203125 552.9531555175781 2263.4341552734377 754.7872009277344 0.81884765625 2123.1613037109373 246.4108673095703 2329.6892822265627 382.53151550292966 0.76220703125 
52 1998.40048828125 545.4841461181641 2261.4740234375 752.1848602294922 0.8309151785714286 2126.6849365234375 246.45467071533204 2342.7813720703125 382.68921966552733 0.7816452752976191 
53 1998.3679138183593 550.7916442871094 2271.051641845703 757.6552551269531 0.814453125 2125.306884765625 248.45252990722656 2332.170654296875 380.09300231933594 0.7714378720238095 
54 2004.0780029296875 549.6513061523438 2261.7515869140625 751.1052856445312 0.8201032366071429 2123.72509765625 247.83081817626953 2343.9189453125 379.01009368896484 0.7697405133928571 
55 1995.874267578125 544.5930603027343 2262.374267578125 754.9878723144532 0.8293573288690477 2128.7646240234376 248.0622085571289 2334.4839111328124 378.97456512451174 0.7628115699404762 
56 2000.2461364746093 540.4122131347656 2257.819903564453 751.1545593261719 0.8237537202380952 2123.9896484375 246.9940170288086 2339.41513671875 378.12259063720705 0.7643926711309523 
57 2002.8095764160157 549.1648468017578 2260.739129638672 750.8188568115235 0.8275437127976191 2126.1830200195313 247.04460601806642 2346.5955444335937 378.35416717529296 0.7684849330357143 
58 2003.9662658691407 545.3034027099609 2261.574627685547 751.3901397705079 0.8249162946428571 2128.2667602539063 248.2431884765625 2339.0371948242187 374.7054809570312 0.7620907738095238 
59 1996.8608642578124 548.1490325927734 2259.4399169921876 749.7724151611328 0.8259858630952381 2124.9041748046875 246.07464447021485 2340.5943603515625 377.36428985595705 0.7694149925595238 
60 2003.4719482421874 548.5607666015625 2256.0217041015626 749.6653076171875 0.8269624255952381 2127.5882568359375 247.2636474609375 2333.3697509765625 378.215478515625 0.7635091145833334 
61 1999.815203857422 544.7383636474609 2261.620953369141 755.1180206298828 0.8337518601190477 2128.0208251953127 244.09323120117188 2338.4005615234373 379.6712341308594 0.7809942336309523 
62 1999.3996520996093 544.6288757324219 2261.495489501953 755.2417297363281 0.8311244419642857 2127.74736328125 243.65060272216797 2338.36005859375 379.3788467407227 0.7770879836309523 
63 1999.5132385253905 544.681039428711 2261.921697998047 750.8591827392578 0.8311476934523809 2127.47333984375 242.80316009521485 2343.0232421875 378.69326934814455 0.78125 
64 2001.3225463867188 551.9166931152344 2268.660119628906 758.2826477050781 0.8342168898809523 2126.3325073242186 242.54818115234374 2342.0788696289064 378.562109375 0.7771577380952381 
65 2009.31201171875 543.5272033691406 2256.4580078125 753.3681823730469 0.8258231026785714 2131.4502075195314 240.0649787902832 2345.9543334960936 375.2957847595215 0.7741117931547619 
66 2005.2564270019532 531.3543212890625 2260.0178649902346 758.3236572265625 0.8254045758928571 2134.775 231.51971282958985 2347.848046875 370.48050079345705 0.7658575148809523 
67 2003.3620666503907 525.2465454101563 2261.939080810547 769.9712280273437 0.8254278273809523 2137.090466308594 232.0386215209961 2344.875598144531 370.56205596923826 0.7661597842261905 
68 2003.712713623047 517.0623931884766 2263.1355529785155 776.4851531982422 0.8277529761904762 2138.413037109375 232.16061096191407 2342.245166015625 366.5045501708984 0.7513020833333334 
69 2005.501416015625 514.6123229980469 2260.292529296875 774.0361145019531 0.8234049479166666 2139.1333251953124 225.0768814086914 2347.5986083984376 368.6864547729492 0.77099609375 
70 2003.0089233398437 517.3229217529297 2259.448840332031 778.4254302978516 0.8274972098214286 2141.6298706054686 226.98977661132812 2346.7819946289064 362.2035827636719 0.7451404389880952 
71 2002.2997436523438 521.3675323486328 2259.0291137695312 782.7647308349609 0.8229166666666666 2140.538708496094 223.52552871704103 2350.589953613281 358.8919364929199 0.7548828125 
72 1997.6981201171875 517.3337493896485 2258.5518798828125 778.1874298095703 0.8191499255952381 2139.7702514648436 223.6943161010742 2349.3847778320314 358.7792251586914 0.7407924107142857 
73 1995.8340209960938 516.6827239990234 2262.632043457031 783.4806671142578 0.8226841517857143 2135.5339599609374 217.48015289306642 2346.1637939453126 362.5807907104492 0.7578590029761905 
74 1998.1010620117188 513.4138061523438 2255.0564086914064 779.7129028320312 0.8169875372023809 2121.5473876953124 233.81767730712892 2336.4555419921876 369.3032028198242 0.7533249627976191 
75 2006.0699157714844 516.6909851074219 2262.828643798828 778.1180969238281 0.8215448288690477 2117.5715942382812 228.5106071472168 2341.6517944335938 373.22921524047854 0.7712286086309523 
76 2009.8343383789063 505.6644256591797 2259.308972167969 773.6185943603516 0.8357514880952381 2115.5590209960938 231.13581924438478 2341.9338989257812 383.5924980163574 0.7786923363095238 
77 2011.72470703125 502.5742431640625 2269.68837890625 774.3573974609375 0.8366117931547619 2110.587158203125 240.535595703125 2340.911865234375 387.943408203125 0.7860863095238095 
78 2016.7773376464843 494.673876953125 2263.911749267578 769.2677734375 0.8372860863095238 2099.3313598632812 240.32256317138672 2332.7362670898438 400.5022964477539 0.7821335565476191 
79 2013.7653686523438 497.6156921386719 2273.1645629882814 770.6672668457031 0.8532133556547619 2087.454248046875 245.2180374145508 2314.997412109375 399.94727630615233 0.7577892485119048 
80 2010.9835876464845 502.2587127685547 2270.561944580078 770.9450836181641 0.8503534226190477 2081.745739746094 248.6356170654297 2304.892199707031 408.02582092285155 0.7632068452380952 
81 2010.3183959960938 511.5849670410156 2270.064172363281 775.8875671386719 0.8457263764880952 2078.146838378906 246.23077239990235 2296.879772949219 410.28067169189455 0.7475353422619048 
82 2011.5521911621095 520.2676544189453 2271.206719970703 779.9221038818359 0.8517020089285714 2067.2675537109376 249.92578582763673 2299.5898681640624 423.0287124633789 0.7548363095238095 
83 2007.1133422851562 528.9855438232422 2271.6915893554688 793.5637115478515 0.8518182663690477 2060.9764770507813 255.81039428710938 2284.4993530273437 424.5929870605469 0.7559058779761905 
84 2011.751885986328 528.3158660888672 2266.8383239746095 797.0676177978515 0.8556780133928571 2056.9526611328124 252.55628204345703 2284.7084716796876 421.0954818725586 0.7545572916666666 
85 2006.0825500488281 537.5760101318359 2269.0350036621094 795.9947296142578 0.8614211309523809 2047.5829467773438 257.5352279663086 2283.3333129882812 434.3480422973633 0.7918526785714286 
86 2006.6551330566406 532.0911315917969 2265.8174011230467 795.8002258300781 0.8605840773809523 2048.274853515625 260.337825012207 2280.157275390625 424.01932220458986 0.7957124255952381 
87 2003.4529113769531 532.6662292480469 2264.3233337402344 793.5366516113281 0.8643275669642857 2045.3470947265625 258.0658325195312 2278.7573974609377 427.402734375 0.8137555803571429 
88 1997.301007080078 531.3299377441406 2263.486956787109 797.5158874511719 0.8744652157738095 2043.3714599609375 261.0841827392578 2277.4317626953125 421.71360778808594 0.8110816592261905 
89 1997.281201171875 534.4634338378906 2258.546923828125 795.7293151855469 0.8708147321428571 2038.7099975585938 264.5591522216797 2277.057824707031 420.40196838378904 0.8084077380952381 
90 1998.053515625 539.8525756835937 2264.46845703125 801.6740356445313 0.8606770833333334 2029.500390625 259.65770263671874 2268.355078125 438.79871826171876 0.7967819940476191 
91 1997.2895385742188 539.0008422851563 2254.7146118164064 796.4259155273437 0.8729073660714286 2030.5774536132812 265.8708465576172 2265.8104858398438 434.52862854003905 0.8098260788690477 
92 1998.6040954589844 541.8482269287109 2259.050811767578 802.2950225830078 0.8635602678571429 2029.8859375 267.16649627685547 2262.91728515625 440.7977066040039 0.8054780505952381 
93 1994.8960021972657 542.994482421875 2261.261590576172 796.04189453125 0.8653273809523809 2017.9468139648438 271.6771072387695 2262.115441894531 449.25425872802737 0.8130115327380952 
94 1996.9128723144531 552.193960571289 2263.6358337402344 800.5222869873047 0.8700474330357143 2024.8586669921874 273.6205490112305 2263.9894775390626 452.9687759399414 0.8184523809523809 
95 1995.2026672363281 550.9964660644531 2262.6175231933594 800.5836120605469 0.8671409970238095 2014.9159301757813 281.0103393554688 2260.0462280273437 463.7438110351562 0.8107096354166666 
96 1997.9230163574218 551.1166442871094 2256.0902893066404 795.9303527832031 0.8709077380952381 2020.5212280273438 281.9927352905273 2260.8838012695314 455.58792266845705 0.8248697916666666 
97 1992.1862365722657 553.857943725586 2259.360516357422 798.0001495361328 0.8625372023809523 2020.7107849121094 281.36839294433594 2255.639923095703 461.02015686035156 0.8193591889880952 
98 1992.2785949707031 550.287319946289 2255.4849548339844 795.6493865966797 0.8693498883928571 2022.8200561523438 283.9922729492188 2259.2597778320314 457.9762939453125 0.8142671130952381 
99 1992.4287658691405 550.0320648193359 2255.783026123047 795.5317169189453 0.8693731398809523 2022.9876098632812 283.0726715087891 2259.5599975585938 461.6178802490234 0.8127092633928571 
100 1994.0443115234375 546.601171875 2252.4161376953125 796.0637451171875 0.8668387276785714 2024.02763671875 284.11717376708987 2260.126171875 462.30473175048826 0.7975260416666666 
101 1994.571112060547 547.500277709961 2261.4651428222655 801.0497100830078 0.8736281622023809 2021.6026977539063 286.4230667114258 2261.8072143554687 459.9042343139648 0.8178478422619048 
102 1995.9031982421875 554.5929931640625 2258.3629150390625 794.810205078125 0.8695126488095238 2022.4230102539063 285.1186218261719 2262.6402221679687 458.6087951660156 0.8123837425595238 
103 1994.6367431640624 551.1624084472656 2261.4941162109376 795.7815612792969 0.8762323288690477 2021.6646118164062 281.7392105102539 2261.8361206054688 459.644059753418 0.8306826636904762 
104 1993.2608581542968 556.1835845947265 2259.9111389160157 791.7245574951172 0.8730003720238095 2019.7549865722656 282.52528228759763 2264.1843444824217 460.29207000732424 0.8174990699404762 
105 1992.5314514160157 551.0705108642578 2262.911297607422 794.8558197021484 0.8772553943452381 2016.0574584960937 285.97535705566406 2259.8426879882813 463.2737274169922 0.8406110491071429 
106 1993.132635498047 551.0165496826172 2263.6194396972655 794.8981842041015 0.8744652157738095 2017.1798217773437 289.22755737304686 2256.627062988281 466.5959899902344 0.8327752976190477 
107 1993.2415771484375 551.1831359863281 2259.3004150390625 795.0704040527344 0.8697684151785714 2016.2658813476562 289.89964752197267 2260.1533081054686 462.83793182373046 0.8241257440476191 
108 1992.1512145996094 550.9816986083985 2258.875762939453 795.4790557861328 0.8726050967261905 2015.7461486816405 291.9513412475586 2255.798162841797 469.767561340332 0.8243350074404762 
109 1992.7151611328125 549.0653594970703 2259.5953857421873 793.705697631836 0.8703031994047619 2016.323712158203 292.79173431396487 2256.516009521484 475.1600173950195 0.8262416294642857 
110 1989.6566101074218 557.6141784667968 2257.4685119628907 789.7179748535157 0.8668852306547619 2016.7811584472656 292.5488845825195 2257.811981201172 471.09024505615236 0.8373790922619048 
111 1988.2324462890624 557.1551513671875 2260.2695068359376 789.0556640625 0.8720703125 2015.8477478027344 292.3219909667969 2256.667510986328 470.7070007324219 0.8327055431547619 
112 1985.878076171875 555.9484100341797 2262.234716796875 792.1887359619141 0.8768368675595238 2013.9936462402343 294.67818450927734 2254.691534423828 477.43018341064453 0.8306594122023809 
113 1988.6541687011718 552.8597198486328 2260.1731018066407 793.2207855224609 0.8652808779761905 2020.1545104980469 296.4060546875 2256.0643615722656 474.45130615234376 0.83056640625 
114 1990.6054382324219 561.0982696533204 2258.7042541503906 793.4504974365234 0.8647925967261905 2014.8373901367188 299.18643646240236 2251.6579711914064 477.91894073486327 0.8439592633928571 
115 1985.8147827148437 563.0902038574219 2261.5223754882813 789.8819641113281 0.8604213169642857 2014.3775268554687 298.4998153686523 2250.0631469726563 476.3757034301758 0.8346354166666666 
116 1987.8956909179688 555.6016662597656 2260.2212524414062 792.2122985839844 0.8674897693452381 2009.1871765136718 301.3052703857422 2245.7978088378904 479.8793609619141 0.8328450520833334 
117 1990.0241394042969 551.3865051269531 2262.3758850097656 796.9495544433594 0.8664899553571429 2007.8832702636719 304.44964599609375 2244.5167541503906 487.5057373046875 0.8213355654761905 
118 1990.173651123047 559.1220153808594 2261.6126037597655 798.3561340332031 0.853515625 2008.045458984375 311.7482421875 2247.279736328125 486.5731689453125 0.8412155877976191 
119 1994.7399475097657 560.9951965332032 2262.974285888672 796.8564880371093 0.8468424479166666 2005.0566833496093 314.8172836303711 2245.542559814453 495.18177032470703 0.8504696800595238 
120 1989.2800903320312 556.4641845703125 2257.1654663085938 793.096240234375 0.8615373883928571 2003.1894653320312 315.8825393676758 2239.8215209960936 494.47277679443357 0.8242420014880952 
121 1985.9101501464843 556.3336669921875 2257.635382080078 792.4226806640625 0.8607003348214286 2003.7281982421875 315.79014282226564 2239.8172119140627 498.42506713867186 0.8383324032738095 
122 1990.2360107421875 559.8468231201172 2256.9905517578127 791.0340972900391 0.8508649553571429 2000.1537841796876 323.18772888183594 2240.2329345703124 501.02406311035156 0.8341238839285714 
123 1991.2967163085937 553.7693237304687 2258.5555786132813 794.3023315429688 0.8616768973214286 1997.8068786621093 324.54339904785155 2238.339727783203 502.71600036621095 0.8474934895833334 
124 1989.8405212402345 554.324594116211 2262.304620361328 791.0555938720703 0.8626302083333334 2000.8354064941407 327.9012390136719 2237.566326904297 502.0994934082031 0.8453311011904762 
125 1989.9060668945312 559.5950714111328 2262.6347045898438 792.0850433349609 0.8539341517857143 2000.9115356445313 325.04151916503906 2237.8723999023437 503.87998962402344 0.8467261904761905 
126 1989.9960815429688 559.4799285888672 2263.3156860351564 792.473745727539 0.8516090029761905 2001.0253784179688 328.3817840576172 2238.4997680664064 503.1271270751953 0.84619140625 
127 1989.6766296386718 556.9392303466797 2262.5983947753907 794.0679107666016 0.8521205357142857 2001.2060180664062 326.1775466918945 2233.860632324219 505.14261322021486 0.8407970610119048 
128 1987.3736083984375 560.7218963623047 2259.6810791015623 792.852749633789 0.8458891369047619 1998.3621032714843 326.5306732177734 2234.956866455078 505.0928619384766 0.8386346726190477 
129 1990.3354431152343 560.6845001220703 2262.752569580078 792.908822631836 0.8472609747023809 1997.89296875 326.39896087646486 2234.58310546875 505.03307647705077 0.8394717261904762 
130 1989.7537841796875 560.8645202636719 2261.9508056640625 792.9013488769531 0.8560035342261905 2001.2526611328126 326.7682357788086 2233.2893310546874 505.25810089111326 0.8463541666666666 
131 1986.4898193359375 555.72724609375 2258.6830322265623 792.2228271484375 0.8533761160714286 1997.4737670898437 325.06678314208983 2233.969348144531 508.01619415283204 0.8323567708333334 
132 1990.6030517578124 556.3565521240234 2257.5239013671876 792.1366729736328 0.8538411458333334 1997.6182189941405 326.9071990966797 2233.398260498047 504.8544586181641 0.8400530133928571 
133 1987.0175415039062 556.06640625 2258.900671386719 792.2928466796875 0.8507486979166666 1997.9888122558593 326.18275299072263 2234.215411376953 504.46687469482424 0.8277529761904762 
134 1987.2056762695313 555.2291137695313 2258.770153808594 791.1784790039062 0.8563290550595238 1997.6505493164063 325.10133972167966 2238.0518432617187 507.62827453613284 0.8241722470238095 
135 1986.5761413574219 555.6440277099609 2257.9566955566406 791.4336700439453 0.8579566592261905 2001.462713623047 330.12096099853517 2232.8035217285155 503.6265670776367 0.8274042038690477 
136 1987.6737670898438 555.4596771240234 2254.4578247070312 791.1188751220703 0.8584216889880952 1997.5926025390625 329.5482772827148 2237.6984130859373 507.40432891845705 0.8256370907738095 
137 1987.704345703125 555.491357421875 2254.343994140625 791.023046875 0.8587937127976191 1998.1306396484374 325.77100982666013 2233.6623291015626 507.97480926513674 0.8249395461309523 
138 1986.712384033203 559.5123657226562 2257.620989990234 790.4508911132813 0.8549339657738095 1997.1319763183594 326.0116683959961 2236.9526184082033 508.0977981567383 0.8257533482142857 
139 1987.5556091308595 554.8144439697265 2258.578790283203 790.2935272216797 0.8607468377976191 1994.0491455078125 324.1201232910156 2238.4142333984373 515.1691833496094 0.8319149925595238 
140 1987.2100769042968 555.0524688720703 2258.3671936035157 790.6480316162109 0.8612351190476191 1997.6391723632812 324.7569519042969 2237.6799194335936 511.4553283691406 0.8288457961309523 
141 1987.1816284179688 553.9070983886719 2258.7302368164064 789.8426574707031 0.8534226190476191 1998.1394409179688 327.2172348022461 2234.075158691406 509.7334182739258 0.8232189360119048 
142 1986.5363037109375 555.0774658203125 2257.9309814453127 790.8795654296875 0.8542829241071429 1996.97451171875 328.5158981323242 2237.22568359375 510.9287734985352 0.8302873883928571 
143 1988.1275207519532 552.4431732177734 2260.2180603027346 793.3103057861329 0.8465401785714286 1995.1613830566407 325.30074920654295 2236.028436279297 512.6417861938477 0.82958984375 
144 1986.876531982422 549.2547302246094 2258.6773010253905 794.3210754394531 0.8407738095238095 2001.786114501953 327.32396240234374 2233.485247802734 505.55408935546876 0.8194289434523809 
145 1989.6081115722657 552.7910858154297 2260.889324951172 792.9418853759765 0.8404250372023809 1997.1341247558594 330.25826873779295 2232.837677001953 512.5949722290039 0.8324032738095238 
146 1987.7838195800782 557.6047821044922 2262.7092224121093 792.6215972900391 0.8518880208333334 1999.210546875 328.38661041259763 2234.22744140625 510.19209442138674 0.8377976190476191 
147 1987.10595703125 556.8518188476562 2258.1064453125 792.3111450195313 0.8516555059523809 1998.0417175292969 322.75945434570315 2233.5008850097656 513.7924865722656 0.8335890997023809 
148 1987.117608642578 557.474154663086 2257.6859802246095 792.5582550048828 0.8491675967261905 1998.035791015625 327.67863006591796 2233.119970703125 513.9716690063476 0.8383556547619048 
149 1987.60068359375 560.0113128662109 2257.6693359375 790.2337432861328 0.8510974702380952 1997.9880432128907 322.80725250244143 2237.065057373047 513.1835006713867 0.8321707589285714 
150 1985.9792114257812 557.2175872802734 2260.896520996094 792.2274200439454 0.8493071056547619 1997.4056884765625 327.4945922851563 2232.4156005859377 513.7287963867187 0.8324265252976191 
151 1986.455548095703 557.5743804931641 2260.626849365234 791.9464324951172 0.8510974702380952 1998.3613647460938 328.9850540161133 2228.311242675781 510.2917709350586 0.8400297619047619 
152 1989.367364501953 563.1406555175781 2263.9982360839845 789.0466003417969 0.8464471726190477 1997.3746337890625 329.2274917602539 2232.1395263671875 515.2676559448242 0.8361002604166666 
153 1989.7475646972657 561.3618896484375 2260.734246826172 792.366748046875 0.8491908482142857 1997.2654846191406 327.2814971923828 2232.7129089355467 513.8623626708984 0.8371233258928571 
154 1986.3647399902343 561.0002563476562 2262.285772705078 792.4177124023438 0.8459123883928571 1997.8329284667968 326.50177307128905 2233.7008850097654 513.4158905029296 0.8257068452380952 
155 1985.8248474121094 560.7870635986328 2262.2143371582033 792.5975189208984 0.8478422619047619 1997.3124877929688 325.89044494628905 2233.5808227539064 513.1219451904296 0.8314499627976191 
156 1986.5034973144532 553.409146118164 2258.6130798339846 794.2929412841797 0.8503534226190477 1997.4839660644532 326.2508377075195 2233.9070251464846 513.6049667358399 0.8272879464285714 
157 1987.0670227050782 554.6026611328125 2259.9421325683593 791.6907958984375 0.8508882068452381 1998.078387451172 326.289241027832 2235.166363525391 514.1703842163085 0.8206380208333334 
158 1984.482733154297 557.9119445800782 2262.0408264160155 790.7025573730468 0.8441220238095238 1995.5023010253906 325.9822692871094 2237.2466003417967 509.5287170410156 0.8158017113095238 
159 1988.4358520507812 557.6540893554687 2261.1073608398438 790.0954223632813 0.8462379092261905 1995.4847290039063 326.072265625 2236.866101074219 509.3433837890625 0.8183128720238095 
160 1987.583154296875 555.9967956542969 2260.499365234375 793.1206359863281 0.8524925595238095 1998.5962219238281 328.6814559936523 2235.7200622558594 507.6427932739258 0.8163829985119048 
161 1987.5026306152345 552.5797760009766 2260.506280517578 794.2551239013671 0.8546549479166666 1998.5192138671875 325.1915756225586 2235.7190673828127 508.685774230957 0.8158017113095238 
162 1990.9172729492188 551.9865539550781 2260.146447753906 794.2926208496094 0.8547014508928571 1998.5109252929688 327.9742233276367 2231.8428344726562 507.46019439697267 0.8131277901785714 
163 1991.2423828125 551.8827972412109 2260.3474609375 794.0772247314453 0.8538876488095238 1998.8325256347657 327.97369689941405 2232.057000732422 507.3769500732422 0.8126627604166666 
164 1987.3577819824218 551.5375305175781 2260.6159729003907 793.4382995605469 0.8493303571428571 1998.384698486328 327.38306579589846 2235.8056091308595 511.04845275878904 0.8097795758928571 
165 1991.5455078125 554.6896484375 2260.42080078125 792.19609375 0.8450055803571429 1999.1292053222655 325.97347259521484 2232.154364013672 514.1860427856445 0.8090355282738095 
166 1990.926953125 550.9421844482422 2258.97197265625 792.1828765869141 0.8455868675595238 1997.9716491699219 323.4474899291992 2234.7447814941406 511.07909088134767 0.8101283482142857 
167 1991.5685791015626 553.6771545410156 2259.8884521484374 790.6930847167969 0.8467494419642857 1995.1805908203125 325.43323211669923 2232.1963623046877 513.2571670532227 0.8096865699404762 
168 1988.714044189453 553.7700439453125 2260.0695251464845 793.9863037109375 0.84814453125 1991.7937316894531 323.8194213867188 2236.4585876464844 510.6542724609375 0.8179640997023809 
169 1990.0508605957032 553.9817199707031 2256.8474548339846 789.6519470214844 0.8467029389880952 1996.5498168945312 327.54676666259763 2236.6667358398436 509.857682800293 0.8326125372023809 
170 1989.130859375 553.9154479980468 2256.697265625 790.2658264160157 0.8456798735119048 1991.7036010742188 326.3124465942383 2236.9729125976564 513.6089706420898 0.8251023065476191 
171 1991.0488159179688 550.3281219482421 2258.7951782226564 795.7623931884766 0.8551199776785714 1997.5709289550782 324.11673431396486 2238.5427185058593 507.07677764892577 0.8164527529761905 
172 1987.2244445800782 554.0519165039062 2259.5434997558596 795.1213012695313 0.8540271577380952 1997.6982177734376 319.8506484985352 2238.7676025390624 507.3490280151367 0.8204287574404762 
173 1988.4060852050782 553.7639862060547 2259.2143981933596 793.4958404541015 0.8507254464285714 1999.334033203125 325.3015380859375 2234.626416015625 502.880712890625 0.8223353794642857 
174 1988.3146240234375 551.7426940917969 2259.9060791015627 792.1679504394531 0.8507486979166666 1999.2741760253907 322.6195343017578 2235.247186279297 500.7123138427734 0.8179873511904762 
175 1991.4912536621093 555.5909393310546 2259.462481689453 792.2987701416016 0.8521437872023809 1998.0187927246093 321.8032760620117 2239.192755126953 500.45072174072266 0.8222423735119048 
176 1990.8280456542968 551.7429656982422 2258.8976623535154 793.0058746337891 0.8568173363095238 1997.8734191894532 321.30604553222656 2234.6684509277343 504.4871063232422 0.8285667782738095 
177 1991.1559692382812 556.8240783691406 2258.982946777344 793.4045593261719 0.8577706473214286 1994.2462768554688 322.6471542358398 2235.2905883789062 505.66226348876955 0.8321940104166666 
178 1986.0909118652344 558.1329528808594 2262.540069580078 789.9936340332031 0.8520042782738095 1993.6365844726563 323.1853530883789 2234.414929199219 510.45743865966796 0.8383091517857143 
179 1987.497491455078 557.0140197753906 2259.6273864746095 793.4548522949219 0.8581194196428571 1995.047100830078 322.97545471191404 2231.487933349609 505.88245544433596 0.8358444940476191 
180 1989.5006896972657 560.9234649658204 2261.848309326172 793.0884368896484 0.8536783854166666 1997.0564208984374 322.7482284545898 2233.6862548828126 505.80142364501955 0.8486560639880952 
181 1989.5459106445312 557.2762817382812 2262.5246459960936 794.4545532226563 0.853515625 1997.6354736328126 323.0239990234375 2230.3386474609374 502.02647705078124 0.8394717261904762 
182 1986.9783874511718 557.0761688232421 2260.0588439941407 789.8659088134766 0.8570265997023809 1997.998095703125 321.70369110107424 2235.264599609375 505.2494644165039 0.8376348586309523 
183 1986.5376892089844 555.5204498291016 2260.339874267578 793.4141815185546 0.8589099702380952 1997.5864807128905 320.5614501953125 2235.480291748047 500.103955078125 0.8405412946428571 
184 1990.4006652832031 556.6303131103516 2259.2627868652344 789.6442840576171 0.8582124255952381 1997.4669860839845 321.0311981201172 2234.961846923828 504.7537139892578 0.8391927083333334 
185 1985.4034790039063 558.1022064208985 2263.2115112304687 791.1026885986328 0.8535853794642857 2000.913800048828 319.5869735717773 2233.914202880859 498.8180862426758 0.8276134672619048 
186 1988.3572631835937 558.8061920166016 2261.9701293945313 792.0499481201172 0.8534923735119048 1995.947979736328 320.0418472290039 2233.677386474609 499.4601364135742 0.8348214285714286 
187 1984.5693481445312 558.8184478759765 2262.4357788085936 791.8676483154297 0.8524228050595238 1996.6354553222657 319.7361145019531 2229.684735107422 503.4864807128906 0.8381928943452381 
188 1988.2959594726562 558.86279296875 2260.8786010742188 791.228271484375 0.8555850074404762 1999.8111572265625 317.0445358276367 2232.1766357421875 500.2557876586914 0.8309616815476191 
189 1986.3424255371094 556.177603149414 2259.6977355957033 789.2017303466797 0.8619791666666666 1997.8901977539062 317.6380950927734 2230.9142456054688 496.8874176025391 0.8258928571428571 
190 1987.221630859375 559.2685607910156 2260.839892578125 792.5168395996094 0.8619791666666666 1998.7806030273437 317.0492965698242 2232.0287231445313 496.4709976196289 0.8280552455357143 
191 1987.2512939453125 556.0766754150391 2260.7203857421873 789.1979217529297 0.8638392857142857 1998.8039001464845 313.47193450927733 2231.925225830078 497.2790725708008 0.8221958705357143 
192 1987.5034606933593 558.7008514404297 2260.241778564453 791.1992340087891 0.8592122395833334 1995.5858520507813 313.305029296875 2228.0843139648437 496.6210571289063 0.8246605282738095 
193 1987.93623046875 559.173226928711 2260.60234375 791.6100372314453 0.8564220610119048 1999.4549133300782 313.32667388916013 2231.8916442871096 501.06404266357424 0.8301478794642857 
194 1985.1896850585938 557.7245452880859 2258.0205200195314 790.3016387939454 0.8576078869047619 1996.7153381347657 312.24562377929686 2229.292352294922 495.6236999511719 0.8265438988095238 
195 1984.6438781738282 557.6203643798829 2257.9277770996096 790.5835540771484 0.8583286830357143 1995.6717895507813 311.73390197753906 2233.1150756835937 495.4164276123047 0.8291248139880952 
196 1987.6847290039063 561.6710632324218 2256.1236206054687 789.8440734863282 0.8533296130952381 1998.6976196289063 308.7190887451172 2231.344616699219 492.1523101806641 0.8209867931547619 
197 1985.61474609375 558.5949523925781 2258.46875 786.7187683105469 0.8574451264880952 1997.1413940429688 305.69746856689454 2229.738244628906 489.0911361694336 0.8314267113095238 
198 1985.3444580078126 555.4178649902344 2257.7649169921874 787.6451232910156 0.8583519345238095 1997.3680541992187 302.9221817016602 2225.129260253906 490.4903854370117 0.8175455729166666 
199 1985.4258728027344 554.3091369628906 2258.669464111328 791.7173522949219 0.8639322916666666 1998.0027587890625 301.56761932373047 2221.9728271484373 489.70243072509766 0.8225213913690477 
200 1985.2785217285157 552.0475219726562 2257.981610107422 788.9861694335938 0.8639787946428571 1997.3145446777344 299.2900695800781 2225.312042236328 491.5232849121094 0.8132905505952381 
201 1988.8702697753906 563.5692077636719 2267.428436279297 795.7009338378906 0.8510044642857143 1998.3340087890624 301.61735382080076 2225.8232177734376 482.68016204833987 0.8191499255952381 
202 1988.302716064453 561.3350952148437 2256.596087646484 792.6224243164063 0.8546316964285714 1995.597119140625 292.15218048095704 2231.510302734375 481.8078109741211 0.8100818452380952 
203 1987.4218872070312 553.5524841308594 2254.9733764648436 789.8895324707031 0.8621186755952381 1994.9682373046876 295.09104309082034 2226.8462158203124 482.37697448730466 0.8040132068452381 
204 1987.0030334472656 560.4578582763672 2254.7790710449217 788.067593383789 0.861328125 1994.5557556152344 289.9352767944336 2226.628448486328 481.84154815673827 0.8117792038690477 
205 1985.5766540527343 549.5001953125 2253.112432861328 794.741259765625 0.8654668898809523 2001.0114868164062 284.7084274291992 2223.9579956054686 476.4423599243164 0.8161969866071429 
206 1985.5968017578125 552.6722839355468 2253.0140380859375 788.8909484863282 0.8671875 1996.5677185058594 283.5407241821289 2228.329376220703 475.1898361206055 0.8132440476190477 
207 1984.558367919922 552.1829071044922 2252.902203369141 789.2198638916016 0.8628394717261905 1999.5237060546874 283.1511520385742 2227.6159423828126 466.5193496704102 0.7954566592261905 
208 1986.134344482422 556.2768432617188 2259.4522033691405 793.7496459960937 0.8692568824404762 1998.1976379394532 278.82313232421876 2226.7089782714843 471.48973388671874 0.8036411830357143 
209 1983.7379577636718 551.0826812744141 2252.4296447753904 792.9052947998047 0.8648158482142857 1998.722589111328 278.2571716308594 2227.1107849121095 466.3414001464844 0.7989443824404762 
210 1985.4250244140626 554.9781555175781 2253.5989013671874 791.8652282714844 0.8595842633928571 1996.4269775390626 274.7707290649414 2228.8445068359374 466.9620895385742 0.810546875 
211 1985.5286499023437 555.0167602539062 2254.0253051757813 792.1886840820313 0.8647925967261905 1997.0602416992188 273.95602264404295 2225.2822875976562 470.8534561157227 0.8206380208333334 
212 1984.7000610351563 552.2280517578125 2253.617565917969 789.7719482421875 0.8638160342261905 2000.214422607422 274.691389465332 2224.3125549316405 467.41563568115237 0.81640625 
213 1983.0899536132813 557.1293975830079 2252.128063964844 790.2957122802734 0.8675362723214286 1998.0939147949218 273.6046615600586 2226.7763244628904 452.963362121582 0.7949683779761905 
214 1982.5791870117187 555.8770538330078 2252.4151977539063 789.7349456787109 0.8650716145833334 1997.6277160644531 272.03039703369143 2226.9883728027344 447.42379608154295 0.7982235863095238 
215 1981.7497619628907 558.9228424072265 2255.275506591797 787.6083465576172 0.8669317336309523 1996.7540405273437 266.42614288330077 2229.923449707031 459.23941497802736 0.8207775297619048 
216 1992.2071044921875 561.5300537109375 2251.2225830078123 788.1686767578125 0.8629092261904762 2003.0586181640624 259.8194915771484 2229.6972412109376 449.4559600830078 0.8094773065476191 
217 1987.9109680175782 556.6009918212891 2256.6499450683596 792.9059051513672 0.86669921875 1999.8508911132812 260.0613952636719 2226.8890991210938 440.76520385742185 0.8098260788690477 
218 1991.0287658691407 556.482553100586 2254.127850341797 791.8868927001953 0.8611421130952381 1998.3075805664062 260.54068145751955 2229.095983886719 445.17150726318357 0.8048502604166666 
219 1990.96982421875 560.2211242675781 2254.043359375 795.6028503417969 0.8646298363095238 2002.330584716797 257.2071258544922 2228.481549072266 441.8202178955078 0.8136858258928571 
220 1992.2018249511718 561.3544189453125 2251.1054260253904 787.894970703125 0.8673502604166666 2002.5153747558593 253.1952163696289 2233.679083251953 438.126286315918 0.8195917038690477 
221 1987.7976989746094 546.3286315917969 2248.447540283203 789.0025451660156 0.8741629464285714 1997.822735595703 261.8263687133789 2231.508685302734 423.60896453857424 0.7893647693452381 
222 1984.559326171875 557.0563446044922 2253.281005859375 789.948599243164 0.8747674851190477 1998.5121704101562 257.6727584838867 2235.883093261719 427.8632217407227 0.7989211309523809 
223 1986.7973693847657 556.4189422607421 2255.778192138672 794.0186187744141 0.8765578497023809 2001.2810119628907 253.8155776977539 2234.397576904297 424.17004852294923 0.8015485491071429 
224 1986.7290100097657 555.9584014892578 2256.084344482422 793.888949584961 0.8741396949404762 2001.7507751464843 253.45164184570314 2230.702960205078 419.55409545898436 0.7984793526785714 
225 1987.4627319335937 552.5833740234375 2252.5570434570313 790.7188720703125 0.8740699404761905 1998.0042663574218 249.2975845336914 2231.6467346191407 420.03624725341797 0.7955729166666666 
226 1987.9964538574218 551.8513763427734 2253.2185119628907 790.1016876220704 0.8673037574404762 1999.0618286132812 252.91456756591796 2228.3217163085938 414.74500885009763 0.7941545758928571 
227 1985.0544189453126 554.4785797119141 2250.5178466796874 788.4462860107421 0.8702799479166666 2003.0519287109375 247.82858428955078 2232.5203369140627 409.8062118530273 0.7843889508928571 
228 1985.6091369628907 557.9609008789063 2256.411737060547 792.6562866210937 0.8600492931547619 2000.1908630371095 247.40599975585937 2234.886407470703 405.37409057617185 0.7771809895833334 
229 1987.7057495117188 554.7256378173828 2249.9893188476562 789.8762298583985 0.8643740699404762 2001.7939147949219 246.5252258300781 2232.4225158691406 409.3218200683594 0.7980143229166666 
230 1987.5698181152343 552.2419067382813 2253.607550048828 791.2251342773437 0.8753022693452381 2005.6061889648438 241.97993011474608 2235.5713012695314 404.30818634033204 0.80029296875 
231 1985.4044555664063 559.4234985351562 2256.0586791992187 789.4796997070313 0.8663504464285714 2007.9589477539062 242.09856567382812 2233.504187011719 395.4693664550781 0.7893647693452381 
232 1984.6330871582031 552.62646484375 2250.4039001464844 791.3697509765625 0.8734421502976191 2009.5815795898438 235.74583587646484 2239.315637207031 397.911116027832 0.7972237723214286 
233 1978.2105651855468 558.5280395507813 2272.0986389160157 831.9123901367187 0.6910807291666666 1985.0452270507812 206.0199447631836 2265.2640991210938 390.55436553955076 0.7317243303571429 
234 1987.4818176269532 556.1529479980469 2252.6826110839843 789.8890441894531 0.87158203125 2008.9192138671874 228.54201126098633 2238.1603759765626 394.85427474975586 0.8060360863095238 
235 1985.1483581542968 548.5163787841797 2254.2335998535154 790.6930328369141 0.8690011160714286 2009.9869873046875 226.13164749145508 2243.1941650390627 392.06749496459963 0.80615234375 
236 1984.456591796875 553.1626861572265 2253.785107421875 791.0694305419922 0.8665597098214286 2013.2886047363281 222.54479751586913 2242.2176208496094 393.1194328308105 0.8086635044642857 
237 1985.732373046875 548.6160095214843 2250.673388671875 791.1045715332032 0.8688151041666666 2010.0847717285155 221.84375 2243.592352294922 392.48382568359375 0.8070591517857143 
238 1990.5603454589843 552.4854095458984 2254.900714111328 789.9438507080079 0.8635835193452381 2007.4477600097657 219.04419631958007 2244.906121826172 389.2974021911621 0.8090587797619048 
239 1986.653985595703 553.3325500488281 2256.2511657714845 791.4767761230469 0.8659784226190477 2007.5650512695313 220.48373718261718 2245.709118652344 377.7487457275391 0.8055710565476191 
240 1989.522235107422 551.6750457763671 2250.375836181641 790.0412017822266 0.8672340029761905 2009.9338623046874 217.99702987670898 2243.8024658203126 379.9061225891113 0.7997116815476191 
241 1988.6315856933593 552.6145751953125 2253.723516845703 790.7478515625 0.8613513764880952 2005.5671691894531 215.2878303527832 2243.7002868652344 381.53185653686523 0.7943173363095238 
242 1985.716815185547 553.3210906982422 2255.108013916016 791.2832183837891 0.8640950520833334 2010.0656677246093 208.81125030517578 2248.027716064453 379.42565765380857 0.7998976934523809 
243 1986.6883850097656 557.7392395019531 2260.168426513672 790.8697692871094 0.8555617559523809 2007.5528869628906 206.31920166015624 2249.650115966797 376.6837890625 0.8055013020833334 
244 1987.6656005859375 552.4626312255859 2255.9105712890623 789.4123077392578 0.8623744419642857 2007.9559509277344 205.97958068847657 2249.3762023925783 375.8680145263672 0.8016880580357143 
245 1987.8411865234375 552.5249176025391 2252.2115478515625 790.0101776123047 0.8657924107142857 2012.1412475585937 206.8099021911621 2245.145617675781 363.6397590637207 0.8091285342261905 
246 1988.0888671875 551.5263488769531 2253.560546875 794.5005065917969 0.86572265625 2008.5098388671875 204.37094497680664 2246.9843017578123 366.35371017456055 0.8100120907738095 
247 1987.7988586425781 551.5199157714844 2252.9095153808594 794.1636779785156 0.8628162202380952 2008.1918640136719 205.35496520996094 2246.3424377441406 362.6240997314453 0.8013625372023809 
248 1988.2926513671875 552.6020233154297 2253.2952392578127 790.655239868164 0.8626069568452381 2008.677471923828 198.63177337646485 2246.730609130859 360.32827911376955 0.8018275669642857 
249 1987.4450134277345 553.7214324951171 2257.376397705078 792.1605865478516 0.8639090401785714 2007.8629638671875 199.17718582153321 2250.8010986328127 361.1359092712402 0.7916434151785714 
250 1986.3420776367188 549.0590362548828 2256.491662597656 792.1937103271484 0.8631649925595238 2007.2959411621093 197.69135589599608 2245.928302001953 364.28365020751954 0.7971075148809523 
251 1986.278582763672 550.3234802246094 2256.418804931641 788.9472717285156 0.8626302083333334 2006.7122375488282 194.98543395996094 2249.8384216308596 361.5718170166016 0.7839704241071429 
252 1987.3518005371093 551.7014862060547 2257.788458251953 795.094351196289 0.85986328125 2007.8079406738282 194.066552734375 2251.2007263183596 351.8212036132812 0.78076171875 
253 1987.8904113769531 552.5185974121093 2257.9585876464844 795.5800354003907 0.8574683779761905 2008.8380859375 187.926424407959 2247.3982421875 349.9673896789551 0.7913876488095238 
254 1992.9139587402344 555.8179016113281 2254.1706359863283 793.7478942871094 0.8671177455357143 2013.0106689453125 180.9794921875 2255.6060302734377 339.5994873046875 0.7847842261904762 
255 1984.9795776367187 546.2694580078125 2259.1192993164063 793.4446533203125 0.8528878348214286 2005.37578125 179.30928726196288 2252.5509765625 341.09670333862306 0.7693219866071429 
256 1986.0310119628907 550.3015563964843 2255.094354248047 792.4584533691407 0.8528878348214286 2010.3501831054687 183.0992904663086 2248.0226196289063 349.0215896606445 0.7805757068452381 
257 1990.939697265625 552.969580078125 2251.288818359375 790.0732666015625 0.8607235863095238 2010.9665405273438 179.43296279907227 2252.7192504882814 337.5020805358887 0.7837844122023809 
258 1988.6184875488282 553.1054565429688 2252.7363708496096 789.4213989257812 0.8603283110119048 2012.6777404785157 183.83955307006835 2253.627313232422 346.0171516418457 0.7864815848214286 
259 1989.3385314941406 550.6420867919921 2253.512908935547 787.9513580322266 0.8486793154761905 2005.182196044922 176.59586639404296 2251.4463439941405 342.2645767211914 0.7773670014880952 
260 1988.7843811035157 551.4623382568359 2252.746746826172 788.5811798095704 0.8578171502976191 2008.056640625 177.20001831054688 2254.12353515625 347.20977172851565 0.7851795014880952 
261 1990.0938720703125 551.7824584960938 2254.8514404296875 789.6154907226562 0.8614443824404762 2009.942041015625 180.88038482666016 2252.262548828125 342.42732391357424 0.7886672247023809 
262 1987.534979248047 549.0158050537109 2252.1248107910155 791.1826202392579 0.8563523065476191 2010.3029418945312 177.83136138916015 2256.954138183594 348.2450241088867 0.7958751860119048 
263 1990.1546142578125 546.50380859375 2254.0070068359373 787.995947265625 0.8530738467261905 2005.97890625 166.03329772949218 2251.94296875 335.9721954345703 0.7818545386904762 
264 1987.7701049804687 549.7513244628906 2250.5538696289063 785.8112976074219 0.8544224330357143 2006.4424682617187 162.4279022216797 2255.8644165039063 340.5863800048828 0.7936197916666666 
265 1989.7832458496093 548.1618133544922 2252.993731689453 789.0663970947265 0.8532598586309523 2012.4324584960937 164.67055969238282 2257.7982543945313 338.6571990966797 0.7988048735119048 
266 1989.0583374023438 551.8094757080078 2252.8183715820314 788.746615600586 0.8557012648809523 2011.7546997070312 160.1238639831543 2257.6327514648438 334.47380752563475 0.7975725446428571 
267 1987.6693359375 552.8999694824219 2251.1529296875 789.5886779785156 0.8593982514880952 2010.3420532226562 165.06028442382814 2255.9623901367186 339.22743530273436 0.8104538690476191 
268 1987.49482421875 553.0210968017578 2251.21708984375 789.9242767333984 0.8606305803571429 2009.6721923828125 160.36014709472656 2259.9850341796873 343.6248382568359 0.8140811011904762 
269 1987.0154235839843 552.7036590576172 2255.824542236328 790.1516265869141 0.8582821800595238 2010.277734375 159.6566131591797 2256.6861328125 338.86261291503905 0.8102911086309523 
270 1992.860205078125 548.1460571289062 2257.095361328125 789.9885864257812 0.8529808407738095 2008.7073791503906 155.7549186706543 2255.0283386230467 334.897501373291 0.8036876860119048 
271 1988.3479919433594 549.00751953125 2257.345001220703 791.1049072265625 0.8527715773809523 2012.1439514160156 156.72014770507812 2254.241180419922 331.5682434082031 0.8063616071428571 
272 1987.5036743164062 554.2508666992187 2252.6430541992186 787.9328491210938 0.8534923735119048 2010.3188903808593 153.0852424621582 2257.482501220703 328.34674911499025 0.8018740699404762 
273 1992.3686096191407 551.0534515380859 2257.086346435547 788.8505401611328 0.859375 2011.6961547851563 150.5258056640625 2258.466687011719 329.9953125 0.8052687872023809 
274 1989.2142639160156 550.5163726806641 2253.763153076172 788.1619110107422 0.8582821800595238 2012.4959655761718 153.6931297302246 2254.6252502441407 333.0482795715332 0.8023390997023809 
275 1989.484796142578 555.7279602050781 2254.4926208496095 789.2942565917969 0.8520740327380952 2015.7437744140625 147.33243255615236 2262.7850341796875 326.9988357543945 0.8151971726190477 
276 1989.4152893066407 552.8641540527344 2252.568963623047 784.7962463378906 0.8519810267857143 2011.5448913574219 140.46416091918945 2261.3180236816406 318.8734703063965 0.7884579613095238 
277 1990.2053100585938 548.3400512695313 2253.4511840820314 789.2767700195312 0.8578404017857143 2008.9105529785156 143.68983154296876 2258.770965576172 322.16148681640624 0.8020135788690477 
278 1988.6568725585937 552.0398498535156 2252.060168457031 788.6561950683594 0.8606305803571429 2006.858172607422 139.76423568725585 2261.332379150391 318.3425910949707 0.7982235863095238 
279 1993.0954223632812 551.9013061523438 2252.784704589844 789.2036743164062 0.8578636532738095 2015.3101989746094 142.3911117553711 2261.5673645019533 317.0098587036133 0.8042922247023809 
280 1991.6303161621095 551.2419891357422 2250.827813720703 788.0948638916016 0.8532133556547619 2013.2874755859375 134.6010269165039 2263.5469970703125 317.8267990112305 0.7998744419642857 
281 1991.3295349121095 550.8102874755859 2250.971368408203 788.0694122314453 0.8512137276785714 2013.0237121582031 140.85825424194337 2263.7124938964844 319.92172927856444 0.8006417410714286 
282 1986.935400390625 567.2062469482422 2289.173974609375 835.099478149414 0.7145647321428571 1953.646990966797 134.45558319091796 2269.623638916016 306.18202056884763 0.6856398809523809 
283 1992.4044921875 551.9665954589843 2252.4578125 785.1177551269532 0.8552362351190477 2010.1667114257812 136.88155975341797 2265.736364746094 320.7123428344727 0.7998744419642857 
284 1988.6632141113282 546.4206665039062 2253.1022888183593 788.4498168945313 0.8553524925595238 2010.3837829589843 133.04044876098632 2265.859014892578 312.32129135131834 0.7970842633928571 
285 1989.1775146484374 550.0024353027344 2252.8801025390626 791.3573059082031 0.8527483258928571 2010.8376098632812 124.02138595581054 2265.601110839844 302.80278701782225 0.8088727678571429 
286 1989.9390930175782 550.1066497802734 2253.5529724121093 791.3803497314453 0.8532366071428571 2003.6868957519532 119.80085983276368 2267.3007751464843 307.4581886291504 0.8065011160714286 
287 1992.3226318359375 552.5245483398437 2252.0211181640625 785.3575317382813 0.8533993675595238 2009.5440673828125 124.22896423339844 2269.2425537109375 307.80881652832034 0.8184291294642857 
288 1987.8651733398438 573.2563385009765 2283.1819458007812 834.2339569091797 0.7029389880952381 1938.7337585449218 116.28137512207032 2247.7863830566407 308.5806854248047 0.7141229538690477 
289 1980.8493591308593 573.4010284423828 2283.246466064453 827.689486694336 0.7118210565476191 1933.269384765625 121.39133987426757 2235.666650390625 306.9531883239746 0.6373000372023809 
290 1981.06171875 567.82568359375 2276.71904296875 822.2286376953125 0.7351190476190477 1943.2450256347656 131.4796127319336 2245.778289794922 317.12503204345705 0.6542503720238095 
291 1988.2680236816407 573.3463531494141 2276.910076904297 827.6262420654297 0.7001953125 1938.3107482910157 116.06554260253907 2247.569989013672 301.62110290527346 0.6921968005952381 
292 1982.1708129882813 573.9467529296875 2277.3777709960937 827.9621826171875 0.6980561755952381 1939.130859375 117.14150161743164 2241.203125 302.5041130065918 0.6618536086309523 
293 1987.9734680175782 551.4489227294922 2253.6338317871096 794.595816040039 0.8527018229166666 2009.2747131347655 118.84131927490235 2270.432684326172 298.95015411376954 0.8056408110119048 
294 1990.402813720703 551.8492584228516 2251.059954833984 790.0359344482422 0.8587472098214286 2012.181866455078 116.09553146362305 2263.850726318359 295.859073638916 0.8121047247023809 
295 1992.26181640625 551.1638763427734 2252.402734375 793.3640167236329 0.8602585565476191 2006.062353515625 109.37290573120117 2266.203271484375 293.26559829711914 0.7914806547619048 
296 1989.3089904785156 551.4256072998047 2253.724578857422 788.9516510009765 0.8521902901785714 2003.6156311035156 116.88054122924805 2263.549774169922 296.14547500610354 0.7983863467261905 
297 1985.4618408203125 554.6773162841797 2254.2349365234377 787.6140045166015 0.8578171502976191 1991.836572265625 112.92449264526367 2265.089208984375 292.10658950805663 0.7686011904761905 
298 2000.8092712402345 580.9490295410156 2271.927667236328 824.2605651855469 0.7333984375 1961.7723571777344 129.08477401733398 2246.7946594238283 302.8787422180176 0.6198614211309523 
299 1997.5279357910156 577.9954071044922 2279.3894226074217 832.3582916259766 0.7035202752976191 1947.5543701171875 128.23321151733398 2250.0398681640627 293.2253608703613 0.6060732886904762 
300 2000.4156311035156 582.3659240722657 2264.5608093261717 818.7064636230468 0.7432803199404762 1954.4307556152344 123.5872817993164 2246.380889892578 304.3182662963867 0.6654343377976191 
301 2000.093487548828 582.3317565917969 2264.108538818359 818.5558166503906 0.7479771205357143 1943.4423583984376 117.63309707641602 2235.2485595703124 305.2227836608887 0.6901739211309523 
302 1990.055615234375 582.1254638671875 2278.971728515625 829.7678466796875 0.7057989211309523 1965.9792724609374 125.2041015625 2234.2585205078126 297.177978515625 0.6358351934523809 
303 1999.7869689941406 576.974365234375 2263.4941589355467 819.8626708984375 0.7216099330357143 1954.6790649414063 121.3586524963379 2239.205456542969 287.91061935424807 0.58544921875 
304 1987.4704833984374 575.3711639404297 2289.8810791015626 836.543814086914 0.650390625 1935.394512939453 106.15904808044434 2230.932025146484 264.23726081848145 0.59716796875 
305 1985.4663146972657 582.9518371582031 2269.681512451172 825.5746520996094 0.7186337425595238 1952.672296142578 118.76908569335937 2243.8197692871095 271.2748596191406 0.6343005952380952 
306 1995.1503662109376 574.7995239257813 2276.8320556640624 822.1299194335937 0.7405133928571429 1958.949169921875 126.11700057983398 2233.760791015625 277.2633247375488 0.5741722470238095 
307 1995.285205078125 576.1501403808594 2276.725048828125 816.4036926269531 0.7427920386904762 1959.115087890625 126.26875305175781 2233.690576171875 284.14964294433594 0.5854027157738095 
308 1990.108544921875 575.1224639892578 2278.563818359375 822.3697845458985 0.7295851934523809 1964.4857421875 114.43941192626953 2246.0728515625 279.2709457397461 0.6051432291666666 
309 1990.9859497070313 574.9367309570313 2272.624157714844 822.2290405273437 0.7339797247023809 1958.489080810547 114.17005615234375 2246.9968811035155 279.03154296875 0.6236746651785714 
310 2000.3680236816406 587.8615234375 2277.9956237792967 830.785693359375 0.6705031622023809 1970.7365112304688 135.38177413940429 2227.5420532226562 274.1956336975098 0.4637974330357143 
311 2002.1175903320313 574.5634643554688 2270.1311889648437 821.9608276367187 0.7384207589285714 1970.399920654297 119.68016510009765 2238.413677978516 277.73954315185546 0.6049339657738095 
312 2005.931982421875 582.3450073242187 2276.730615234375 825.3694702148438 0.6718052455357143 1970.1460510253905 134.2186264038086 2227.057440185547 280.0332962036133 0.45958891369047616 
313 1994.8005065917969 581.7515899658204 2279.5301818847656 831.7582366943359 0.6770600818452381 1965.1522827148438 123.67328872680665 2229.0481567382812 269.51047286987307 0.47903878348214285 
314 1995.1592041015624 583.25751953125 2272.6235107421876 826.0388671875 0.6771995907738095 1959.4088745117188 124.90765151977538 2223.0000610351562 270.5764640808105 0.47831798735119047 
315 1993.7658569335938 583.1591430664063 2271.2876098632814 825.9906372070312 0.7055199032738095 1962.5446655273438 106.30204048156739 2233.1284301757814 272.81507835388186 0.5367140997023809 
316 2000.4545654296876 582.8450714111328 2271.0722900390624 825.7071136474609 0.6835007440476191 1951.6153442382813 112.06624755859374 2229.172009277344 271.66132202148435 0.5170200892857143 
317 2000.415478515625 583.771841430664 2270.904345703125 819.5825897216797 0.6896856398809523 1946.264404296875 100.9466724395752 2223.688720703125 267.40131187438965 0.5472005208333334 
318 2000.8611938476563 583.8518249511719 2264.345104980469 819.6004455566406 0.7060779389880952 1957.39169921875 107.28758850097657 2227.80947265625 266.7645965576172 0.5744745163690477 
319 1994.6794860839843 582.7446014404297 2272.222979736328 825.5950592041015 0.6789899553571429 1953.5817321777345 106.6509822845459 2217.247979736328 266.23842964172366 0.5475725446428571 
320 1999.4355529785157 578.0365661621094 2262.716180419922 820.5317932128906 0.7221447172619048 1965.8594177246093 108.76825981140136 2242.996661376953 261.1938449859619 0.6327659970238095 
321 2000.655535888672 583.9049560546875 2264.067242431641 819.589306640625 0.7205403645833334 1967.8622497558595 107.47071495056153 2238.206231689453 266.9042316436768 0.6034923735119048 
322 1999.9506713867188 582.5199523925781 2270.5280883789064 825.3458923339844 0.7121698288690477 1967.9296752929688 106.47444381713868 2238.5070922851564 266.04577407836916 0.5714285714285714 
323 1993.090966796875 577.8334716796875 2263.214208984375 820.2517333984375 0.7204706101190477 1982.435205078125 107.11577262878419 2252.558447265625 273.3454471588135 0.6599004836309523 
324 1988.436102294922 571.07861328125 2276.4043518066405 831.621337890625 0.6770600818452381 1973.404718017578 102.20716514587403 2254.5165466308595 266.7604633331299 0.6677129836309523 
325 1991.8379821777344 571.6140625 2261.945831298828 820.944287109375 0.7153552827380952 1976.6544616699218 108.6483081817627 2239.8363830566404 261.01678428649905 0.5961681547619048 
326 1999.7902404785157 576.7410400390625 2263.111492919922 826.2032958984375 0.7220749627976191 1978.4687072753907 102.06971435546875 2241.789959716797 261.4484130859375 0.6316266741071429 
327 1990.8567138671874 578.168701171875 2267.6037353515626 820.322265625 0.7091006324404762 1972.761737060547 104.23963088989258 2221.834088134766 256.45041732788087 0.5477818080357143 
328 1984.0699157714844 577.7964050292969 2267.926788330078 820.1132629394531 0.7084728422619048 1983.5373107910157 109.67225532531738 2225.854168701172 255.06235618591307 0.5587332589285714 
329 1991.4211120605469 577.2223480224609 2261.7416076660156 819.8176300048829 0.7020786830357143 1984.7564819335937 109.36005401611328 2220.420520019531 247.98592376708984 0.5446661086309523 
330 1998.7684448242187 582.9507354736328 2262.101916503906 825.494760131836 0.7038922991071429 1997.4357360839845 102.92683944702148 2226.120050048828 255.38308181762696 0.5436430431547619 
331 1990.2224243164062 571.8987731933594 2267.1240112304686 821.1101379394531 0.7090541294642857 1999.541162109375 98.50375328063964 2241.829931640625 250.79956855773926 0.5914015997023809 
332 1996.6730407714845 577.2034973144531 2266.991632080078 819.7971130371094 0.6992420014880952 1993.7406616210938 103.21283798217773 2243.2654418945312 248.76901931762694 0.5567801339285714 
333 1988.9878723144532 577.5979705810547 2272.9993103027346 820.0466217041015 0.7094494047619048 1992.1850036621095 103.89067764282227 2248.487969970703 249.35985641479493 0.5796828497023809 
334 1990.7607177734376 571.646240234375 2267.8022705078124 820.9837646484375 0.7121465773809523 1998.4859313964844 104.13846130371094 2254.749542236328 249.5853240966797 0.6251395089285714 
335 1989.1901062011718 571.3010162353515 2272.8368713378904 827.2750946044922 0.7083565848214286 1991.5848693847656 94.4761516571045 2254.477020263672 239.75871925354005 0.5609654017857143 
336 1988.5967407226562 582.5819885253907 2272.7194213867188 825.1257751464843 0.7125883556547619 1991.7951171875 103.35816802978516 2248.19853515625 248.88441619873046 0.5474097842261905 
337 1991.2411682128907 576.9142303466797 2268.413006591797 826.3687896728516 0.7041015625 1998.9700988769532 97.7269443511963 2255.3539978027343 250.1713939666748 0.6062360491071429 
338 1998.661083984375 583.6219787597656 2261.869189453125 819.1239929199219 0.7055199032738095 2001.8579223632812 98.49849929809571 2237.3600952148436 243.95561752319335 0.60302734375 
339 1998.5464172363281 582.6211761474609 2261.8670349121094 825.1532989501953 0.7029622395833334 2000.9450988769531 98.08985862731933 2243.4771423339844 243.60915412902833 0.5770554315476191 
340 1999.122137451172 583.7189453125 2262.2773986816405 819.1735107421875 0.7107514880952381 2012.1733703613281 93.36628608703613 2254.5530700683594 238.7940761566162 0.5632440476190477 
341 1999.6869567871095 583.3522247314453 2269.669122314453 825.643930053711 0.7166108630952381 2020.9873901367187 76.40358200073243 2290.9693969726563 235.62380752563476 0.5996558779761905 
342 1993.7963989257812 583.2124328613281 2264.0583374023436 818.8255310058594 0.7219122023809523 2016.7179382324218 80.2691780090332 2273.1205627441404 239.65448226928712 0.5954008556547619 
343 1999.5050842285157 583.3736206054688 2262.902508544922 819.0449584960937 0.7234235491071429 2013.9013610839843 74.974072265625 2291.161749267578 234.39879150390624 0.5661737351190477 
344 2000.2409057617188 583.4034820556641 2270.6431274414062 819.1386932373047 0.7130766369047619 2026.9079345703126 76.46611557006835 2297.3098388671874 222.06728591918946 0.5496186755952381 
345 1995.0555786132813 583.214877319336 2265.5701538085937 819.0480010986328 0.7031947544642857 2020.1328857421875 82.20274276733399 2304.5199462890623 220.9281318664551 0.5444568452380952 
346 1990.2139465332032 582.229116821289 2274.8093688964846 825.1762176513672 0.7151925223214286 2021.4500122070312 77.11264724731446 2312.9867553710938 208.99823837280275 0.6366722470238095 
347 1994.9053161621093 581.9397430419922 2272.544024658203 824.8736724853516 0.6946614583333334 2015.4612426757812 82.19002914428711 2300.0409545898438 214.06843948364258 0.5710100446428571 
348 1999.417901611328 582.9808135986328 2263.3910583496095 812.2207855224609 0.7188197544642857 2024.5326904296876 69.72901153564453 2302.3994384765624 208.66234588623047 0.5621279761904762 
349 1988.1904663085938 586.7254150390625 2280.188684082031 830.057421875 0.7004510788690477 2026.4284423828126 70.11290969848633 2311.4743896484374 202.20741806030273 0.6320219494047619 
350 1989.8252258300781 551.4990417480469 2248.9881286621094 788.3204162597656 0.8609793526785714 2040.0080078125 57.920757675170904 2281.29765625 223.24886665344238 0.8138718377976191 
351 1989.4796997070312 551.6533447265625 2248.483435058594 788.32919921875 0.8587239583333334 2039.6315551757812 58.37823143005372 2280.772985839844 223.6047779083252 0.8141276041666666 
352 1999.9459106445313 580.3682891845704 2277.953259277344 830.5748870849609 0.6989164806547619 2031.2218627929688 65.52023048400879 2316.1792602539062 190.62349967956544 0.6043759300595238 
353 1985.093359375 549.9205871582031 2249.5189453125 791.9372009277344 0.8547014508928571 2034.9101196289062 58.81985015869141 2285.890417480469 224.64606170654298 0.8011067708333334 
354 1987.8831359863282 551.1096343994141 2247.5449645996096 788.3870086669922 0.8561895461309523 2037.6458251953125 53.137137222290036 2283.8771240234373 218.7836009979248 0.8056175595238095 
355 1987.0410461425781 555.0167510986328 2247.8035583496094 788.8038665771485 0.8580031622023809 2040.4731689453124 55.452545928955075 2287.7480224609376 212.8092185974121 0.8059663318452381 
356 1987.9156677246094 556.5452728271484 2247.3505676269533 789.1420440673828 0.8596772693452381 2045.0324951171874 55.567650985717776 2286.5754150390626 216.59617500305177 0.8170107886904762 
357 1991.3195739746093 556.4349334716796 2246.877325439453 789.5753814697266 0.8607468377976191 2044.6038208007812 54.28621826171875 2286.7113647460938 215.69116821289063 0.8141508556547619 
358 1990.0326782226562 555.5685302734375 2250.889929199219 789.440625 0.8547944568452381 2040.0245727539063 55.30376014709473 2287.3892456054687 217.21518363952637 0.8132672991071429 
359 1990.1161071777344 555.3867126464844 2250.3508117675783 788.7006896972656 0.8565150669642857 2039.9886840820313 52.34659881591797 2286.7630249023437 218.35847930908204 0.8097795758928571 
360 1989.7093811035156 579.7285247802735 2275.294403076172 830.4862579345703 0.716796875 2028.8232421875 79.01679725646973 2300.4775390625 211.36115531921388 0.6477864583333334 
361 1990.877862548828 552.9125732421875 2251.7914489746095 791.3333984375 0.8589797247023809 2036.382177734375 55.48151245117188 2292.797021484375 226.42476806640624 0.80712890625 
362 1987.4903930664063 556.2336456298829 2252.9268432617187 790.1775482177734 0.8557245163690477 2041.477490234375 52.354486083984376 2288.918017578125 214.3156494140625 0.8115234375 
363 1987.9147094726563 551.9411499023438 2253.2940307617187 790.3327758789062 0.85595703125 2041.8900634765625 55.60894508361817 2289.2779052734377 217.53536491394044 0.8079659598214286 
364 1987.3040771484375 555.9458129882812 2252.9058837890625 790.0356323242188 0.8503534226190477 2040.8052124023438 54.69567947387695 2292.902062988281 221.25962753295897 0.8062918526785714 
365 1987.8569763183593 552.1404815673828 2253.676348876953 790.9273284912109 0.8546781994047619 2041.4020141601563 54.465876770019534 2293.7051635742187 221.16608123779298 0.8086867559523809 
366 1991.1124206542968 555.8199279785156 2252.3354553222657 790.0200378417969 0.8519345238095238 2040.6547973632812 54.33375473022461 2292.8703491210936 220.97613601684571 0.8085704985119048 
367 1988.1799560546874 551.2513000488282 2253.6027587890626 789.6818054199218 0.8560267857142857 2041.6451538085937 54.319134902954104 2293.571887207031 220.77064018249513 0.80712890625 
368 1988.022637939453 556.3919616699219 2253.2970642089845 790.1931213378906 0.8520042782738095 2041.97685546875 55.76013450622558 2289.26630859375 222.1186267852783 0.8052920386904762 
369 1996.3540100097657 557.7884490966796 2259.044305419922 797.0242340087891 0.8431919642857143 2037.12880859375 58.20776519775391 2290.437109375 217.69830169677735 0.7903878348214286 
370 1984.8706481933593 550.8738830566406 2259.240313720703 793.2339050292969 0.8559337797619048 2044.3172973632813 60.877558898925784 2291.2503295898437 220.9266098022461 0.7868071056547619 
371 1998.20439453125 549.6994110107422 2260.99482421875 798.4116119384765 0.8453078497023809 2040.0775512695313 66.53350524902343 2284.0970092773437 216.69937438964843 0.7711123511904762 
372 1988.6153869628906 552.0755889892578 2258.616912841797 794.6192962646485 0.8443312872023809 2039.4828491210938 53.61125373840332 2295.7551879882812 222.93424034118652 0.7958519345238095 
373 1992.6596313476562 554.4952880859375 2254.196081542969 793.0900390625 0.8454241071428571 2043.6609741210937 58.775821685791016 2291.4325317382813 219.36845016479492 0.7853422619047619 
374 1992.1142944335938 573.0884552001953 2278.336145019531 824.4052581787109 0.7362816220238095 2038.2964965820313 75.82493934631347 2296.594372558594 215.44537773132325 0.6662481398809523 
375 1995.5508666992187 567.7587982177735 2274.5338500976563 818.8434356689453 0.7187034970238095 2039.276025390625 70.14973106384278 2311.284521484375 216.61577949523925 0.6476934523809523 
376 2006.6104919433594 579.6662017822266 2271.4662902832033 823.6124237060546 0.7307012648809523 2035.8303955078125 66.30677490234375 2279.7765380859373 205.704638671875 0.6318591889880952 
377 1972.6234558105468 581.0223846435547 2289.4303771972654 828.9582672119141 0.7038690476190477 2038.8456176757813 64.75407562255859 2286.7815795898437 195.60914459228516 0.6527157738095238 
378 1972.3626953125 581.0434722900391 2289.12216796875 828.9420623779297 0.6938941592261905 2077.2429931640627 37.57351951599121 2311.3693115234373 175.29495735168456 0.5727074032738095 
379 1995.9110778808595 554.1930450439453 2257.450860595703 792.380990600586 0.8589099702380952 2070.6366333007813 46.202324104309085 2276.1321655273437 172.3018529891968 0.7277948288690477 
380 1991.8658142089844 552.4368957519531 2253.797882080078 790.9822937011719 0.8564685639880952 2073.3596923828127 42.0647912979126 2283.8409912109373 182.38562908172608 0.7119838169642857 
381 1991.0142639160156 554.3850708007812 2253.0329772949217 793.0093383789062 0.8596075148809523 2091.610888671875 47.4436653137207 2292.803662109375 187.81083602905272 0.6895693824404762 
382 1983.8530395507812 550.6634521484375 2257.3649780273436 796.360595703125 0.8505161830357143 2077.99541015625 61.230410766601565 2277.33466796875 191.03268127441407 0.6219540550595238 
383 1991.8404235839844 543.2784484863281 2249.830596923828 792.0546813964844 0.8423549107142857 2079.195666503906 49.09258041381836 2286.509167480469 219.5503791809082 0.7227492559523809 
384 1989.8992980957032 535.6201324462891 2247.4194274902343 793.1401824951172 0.8490280877976191 2087.7075439453124 49.409637451171875 2294.6430419921876 228.75393676757812 0.7256789434523809 
385 1986.2869079589843 522.1946563720703 2253.077471923828 798.1847991943359 0.8514694940476191 2083.5911254882812 65.21873245239257 2304.3832397460938 253.81198348999024 0.7596028645833334 
386 1985.655450439453 525.0352996826172 2255.2780212402345 799.2279449462891 0.8422154017857143 2089.8837646484376 72.09026412963867 2309.2378173828124 250.31545181274413 0.7570219494047619 
387 1989.84423828125 525.4104248046875 2255.068359375 799.7802490234375 0.8284040178571429 2093.0846313476563 75.6901081085205 2317.1534057617187 254.03049583435057 0.7528134300595238 
388 1995.5048828125 532.2042114257813 2255.96826171875 797.2369506835937 0.8167550223214286 2094.10146484375 84.74176216125488 2322.577734375 267.52297019958496 0.7605794270833334 
389 1997.7425354003906 524.9273010253906 2257.1015808105467 793.3866638183594 0.8267066592261905 2092.9457153320313 94.41223831176758 2315.9036499023437 271.8684471130371 0.7412806919642857 
390 1997.5522094726562 518.6636138916016 2261.538854980469 791.7531951904297 0.8573521205357143 2097.3349365234376 102.55211524963379 2315.8066650390624 280.0603649139404 0.7399553571428571 
391 2001.7678466796874 520.7528381347656 2260.3034423828126 783.8243103027344 0.8455868675595238 2096.6690185546877 116.0275047302246 2318.9188720703123 288.3846809387207 0.7156110491071429 
392 2003.2437255859375 529.540493774414 2261.4720947265623 783.2386199951172 0.8554222470238095 2106.569921875 122.33408432006836 2314.96474609375 280.8954231262207 0.7083100818452381 
393 2012.662530517578 530.6446868896485 2261.5536560058595 775.0106475830078 0.8506324404761905 2108.390002441406 129.28577728271483 2312.028210449219 292.1964309692383 0.6957077752976191 
394 2014.7997436523438 538.2410217285156 2262.6487426757812 777.0774597167969 0.8432849702380952 2110.1263061523437 138.04265975952148 2312.9120239257813 300.2711982727051 0.7225399925595238 
395 2014.7166625976563 540.0874481201172 2262.693249511719 770.0293121337891 0.8432152157738095 2108.531640625 146.09970703125 2324.94736328125 303.9029174804688 0.7151460193452381 
396 2018.5317138671876 549.7136871337891 2262.3496337890624 770.9559295654296 0.8365420386904762 2107.966442871094 151.5124382019043 2329.208605957031 332.1183143615723 0.7132161458333334 
397 2014.3878784179688 546.086865234375 2267.0103149414062 776.153857421875 0.8329845610119048 2104.2631225585938 156.22216415405273 2329.8191528320312 336.6668891906738 0.7185872395833334 
398 2016.4014465332032 553.8616973876954 2264.5295837402346 774.9214447021484 0.8338448660714286 2113.223583984375 171.95243148803712 2334.283251953125 334.36362380981444 0.7062174479166666 
399 2010.4292114257812 548.4508911132813 2267.7419311523436 783.1922973632812 0.8397274925595238 2107.8328857421875 180.71251373291017 2333.5460205078125 352.25431365966796 0.7171921502976191 
400 2012.6440124511719 547.5103820800781 2261.5284729003906 778.2941833496094 0.8350771949404762 2109.7610717773437 182.36380844116212 2331.4945434570313 349.7952033996582 0.73095703125 
401 2012.6992614746093 544.522265625 2266.432696533203 780.13203125 0.8390299479166666 2107.50068359375 186.40244064331054 2324.98662109375 354.04783096313474 0.7275855654761905 
402 2005.8081604003905 549.2651428222656 2269.721014404297 781.3264099121094 0.8509579613095238 2113.0884765625 190.1476318359375 2326.9486328125 349.40540771484376 0.7178664434523809 
403 2013.6708374023438 556.7491668701172 2264.4334106445312 775.5965972900391 0.8332868303571429 2113.0991088867186 195.33533096313477 2322.8278930664064 354.9115409851074 0.7269345238095238 
404 2005.6949645996094 540.6008850097656 2262.5273254394533 784.1488708496094 0.8630719866071429 2105.157849121094 191.1181198120117 2326.565051269531 363.8157485961914 0.7390718005952381 
405 2004.4005432128906 544.4818664550781 2266.861053466797 784.3164733886719 0.8594680059523809 2104.128527832031 187.34056091308594 2316.812145996094 354.7722930908203 0.7286086309523809 
406 2007.14345703125 544.9589752197265 2264.65390625 784.7100311279297 0.8525623139880952 2100.55068359375 187.2107162475586 2318.10263671875 360.36426544189453 0.7301664806547619 
407 2011.8780639648437 547.8271545410156 2265.290148925781 783.4558044433594 0.8523297991071429 2097.0326171875 189.59635696411132 2323.76962890625 358.5376609802246 0.7429082961309523 
408 2010.1707153320312 539.0719970703125 2258.5624389648438 783.027978515625 0.8557477678571429 2101.952685546875 189.51540832519532 2323.730908203125 358.0668670654297 0.7426292782738095 
409 2006.7864562988282 548.8895629882812 2265.1660583496096 784.9950805664063 0.8497488839285714 2103.9359497070313 189.93387756347656 2322.2220092773437 359.21706237792966 0.7307942708333334 
410 2006.9912353515624 543.480908203125 2261.1279052734376 784.2421142578125 0.8482142857142857 2103.707409667969 188.16953353881837 2322.175646972656 357.59409255981444 0.7435128348214286 
411 2003.2579528808594 547.6989166259766 2268.3105285644533 785.3323944091796 0.8394252232142857 2108.5408447265627 195.11551666259766 2314.1852294921873 350.4912643432617 0.7078915550595238 
412 2002.2244995117187 547.9292694091797 2267.373400878906 785.6489166259765 0.8358909970238095 2106.49072265625 197.67948532104492 2321.3525390625 362.2546730041504 0.71826171875 
413 2005.831201171875 552.9702423095703 2264.985693359375 780.298617553711 0.8459356398809523 2089.4180297851562 195.54005279541016 2321.2931518554688 368.30964813232424 0.7373744419642857 
414 2004.9982666015626 539.794955444336 2264.0822998046874 785.2431915283203 0.8487955729166666 2090.135876464844 206.58677520751954 2308.312121582031 370.2189193725586 0.7378394717261905 
415 2009.2175415039062 541.0398010253906 2269.6342651367186 783.4969421386719 0.8556547619047619 2086.4099243164064 216.90018310546876 2306.4174682617186 365.0684448242188 0.7460704985119048 
416 2010.5728515625 540.7649230957031 2266.04189453125 778.3061218261719 0.8431687127976191 2075.215966796875 234.4436134338379 2308.275244140625 377.86472091674807 0.7585100446428571 
417 2014.869580078125 551.8040313720703 2266.156787109375 780.6548919677734 0.8427734375 2069.234521484375 254.43603973388673 2298.085302734375 398.0287124633789 0.7743908110119048 
418 2012.3497436523437 551.4497131347656 2277.213000488281 784.8884216308594 0.85498046875 2056.89638671875 274.1548873901367 2294.82431640625 426.7878921508789 0.7981538318452381 
419 2015.7306335449218 546.924429321289 2277.1732971191404 781.3212371826172 0.8614908854166666 2042.6030395507812 309.58031768798827 2281.5075561523436 467.3473861694336 0.8083612351190477 
420 2014.8905151367187 555.4632904052735 2274.821643066406 784.5552032470703 0.8635835193452381 2018.7877685546875 325.35467834472655 2274.3133056640627 492.76800231933595 0.8395414806547619 
421 2013.3914794921875 556.5910705566406 2274.5753173828125 782.3602233886719 0.8613048735119048 2009.9862060546875 346.31591033935547 2271.1700439453125 505.6823501586914 0.8266369047619048 
422 2011.2428344726563 556.2849090576171 2273.5118041992187 782.9920074462891 0.8460984002976191 2000.9846740722655 364.11389007568357 2263.253485107422 537.4781814575196 0.8267996651785714 
423 2004.6068725585938 545.7845733642578 2278.5574340820312 788.298129272461 0.8313569568452381 1988.3701965332032 369.94498443603516 2253.3386657714846 549.5846481323242 0.8173595610119048 
424 2006.2149536132813 545.4998443603515 2276.300427246094 788.5767547607422 0.8365187872023809 1983.0152221679687 368.7323593139648 2244.0978149414063 553.2907424926758 0.8115466889880952 
425 2004.11552734375 546.3214874267578 2274.62470703125 789.3212738037109 0.8389369419642857 1978.0169006347655 369.2737518310547 2230.186590576172 557.254751586914 0.8002464657738095 
426 2002.3099365234375 552.8171875 2277.8140869140625 787.6731689453125 0.8345656622023809 1984.0703857421875 371.98500671386716 2236.9921142578123 548.1269927978516 0.8033621651785714 
427 2001.1129760742188 543.6515045166016 2272.4863891601562 787.8874969482422 0.8411458333333334 1982.3255920410156 373.52130432128905 2235.607391357422 554.4368865966796 0.7963402157738095 
428 2002.6209411621094 560.6003875732422 2287.531524658203 796.8676910400391 0.7804129464285714 1974.5574890136718 369.2345489501953 2224.7229064941407 549.909555053711 0.7565104166666666 
429 2006.2895629882812 567.1289489746093 2290.9543334960936 796.2493469238282 0.7842494419642857 1972.9096801757812 371.3886245727539 2222.8591186523436 538.0216232299805 0.7712751116071429 
430 2012.2201416015625 558.5196105957032 2297.2432373046877 808.7837341308593 0.7823893229166666 1984.1455688476562 370.28681640625 2234.4098510742188 537.1295654296875 0.7762974330357143 
431 1997.2120544433594 551.7612030029297 2277.3212707519533 791.2093170166015 0.8421921502976191 1976.0128173828125 378.3437530517578 2229.0145263671875 554.5414398193359 0.8262648809523809 
432 1999.0979309082031 552.2760467529297 2276.2183532714844 792.4471588134766 0.8292410714285714 1981.511376953125 386.7143020629883 2226.301123046875 552.9865951538086 0.8154994419642857 
433 1999.8695190429687 547.3371490478515 2277.618518066406 792.6820770263672 0.8407970610119048 1978.6821533203124 381.39990386962893 2224.0273193359376 552.678434753418 0.8208472842261905 
434 2001.7553588867188 552.272412109375 2274.7829711914064 788.2792236328125 0.8307291666666666 1979.507421875 381.22975006103513 2229.396875 557.0779586791992 0.8247767857142857 
435 1999.1345581054688 551.2670684814453 2278.145471191406 793.6863616943359 0.8248232886904762 1978.1999877929688 390.8269760131836 2225.193322753906 560.063069152832 0.8154761904761905 
436 1995.2716918945312 550.2395690917969 2275.514685058594 789.8021789550781 0.8454008556547619 1974.0622009277345 383.69317016601565 2227.184991455078 559.9750427246094 0.8242652529761905 
437 1996.8369567871093 550.9353179931641 2274.704180908203 792.3608856201172 0.83056640625 1980.017724609375 386.5977035522461 2221.443212890625 564.250471496582 0.8117559523809523 
438 1996.5417846679688 549.4835754394531 2277.539514160156 789.6911071777344 0.8390066964285714 1980.330499267578 386.4979873657227 2220.5380310058595 558.7223190307617 0.8166387648809523 
439 1997.4158508300782 545.912451171875 2274.2417419433596 790.971337890625 0.8395879836309523 1976.1214721679687 386.2052261352539 2225.718615722656 563.1922042846679 0.8078497023809523 
440 1998.1400512695313 552.0141815185547 2274.2532592773437 795.9142242431641 0.8504231770833334 1977.0775451660156 387.05418853759767 2220.977508544922 557.3240768432618 0.8212890625 
441 1997.9146240234375 552.7272521972657 2274.3671142578123 792.3193786621093 0.8454938616071429 1980.9022399902344 382.95713195800784 2220.4943664550783 558.0436614990234 0.8189639136904762 
442 1998.7385803222655 548.9759490966796 2273.023504638672 791.7854644775391 0.8353329613095238 1977.63974609375 384.3359039306641 2224.945703125 555.2018768310547 0.8116164434523809 
443 1999.9476989746095 549.2795379638671 2273.452813720703 791.3987457275391 0.8374953497023809 1978.9088500976563 381.1412078857422 2225.5118041992187 556.005093383789 0.8133603050595238 
444 1996.4780822753905 557.8951934814453 2276.812322998047 792.2729583740235 0.8397042410714286 1980.039776611328 380.9629470825195 2219.013323974609 555.5973251342773 0.8212890625 
445 1995.9557983398438 554.2209838867187 2275.9340942382814 792.8909545898438 0.8337286086309523 1975.478173828125 381.57360992431643 2218.738134765625 555.986296081543 0.8184058779761905 
446 1999.5471923828125 559.0173431396485 2278.0626708984373 792.6110137939453 0.8406343005952381 1982.9606811523438 379.67540435791017 2225.5385864257814 550.3785202026368 0.8264741443452381 
447 1995.7298645019532 557.5425903320313 2275.8730407714843 791.7606323242187 0.8355422247023809 1978.7728332519532 380.73097839355466 2222.1757751464843 555.2463775634766 0.8159877232142857 
448 1998.35546875 550.7669738769531 2276.078125 792.6544128417969 0.8443312872023809 1977.3367065429688 375.89816131591795 2228.183068847656 550.5946670532227 0.8042922247023809 
449 1998.9529968261718 554.4870208740234 2277.0227111816407 792.1917510986328 0.8439360119047619 1982.3930603027343 375.432275390625 2224.582647705078 550.347021484375 0.8070126488095238 
450 1995.8091613769532 550.8983276367187 2274.7107360839846 789.3140747070313 0.8514927455357143 1978.6806640625 375.28727264404296 2226.09326171875 546.2269180297851 0.8135230654761905 
451 1996.5649169921876 547.0583251953125 2275.0410400390624 789.601953125 0.8495396205357143 1983.4358276367188 371.7151809692383 2225.979455566406 546.8856185913086 0.7975260416666666 
452 1998.0786682128905 547.4401214599609 2271.976385498047 789.9068634033204 0.8476097470238095 1984.4355163574219 376.1246002197266 2226.9024963378906 546.7493621826172 0.8010137648809523 
453 1996.952899169922 549.865365600586 2271.682476806641 787.9642852783203 0.8455403645833334 1983.5686828613282 370.0584350585938 2221.6675231933596 548.6326049804687 0.80810546875 
454 2000.7750549316406 545.5316558837891 2273.709197998047 791.6198944091797 0.8474702380952381 1983.7381591796875 378.2604614257813 2225.3521728515625 552.7594360351562 0.8080357142857143 
455 1998.7581176757812 548.1391540527344 2279.1356811523438 791.7458557128906 0.8514694940476191 1981.7869201660155 383.37756195068357 2225.393621826172 553.442658996582 0.8239397321428571 
456 1999.6288452148438 546.6385711669922 2271.6179809570312 791.4288726806641 0.8457496279761905 1982.3679992675782 384.14245452880857 2222.6250427246096 556.4022537231446 0.8056640625 
457 2000.8674621582031 550.7594329833985 2269.8819274902344 788.3889434814453 0.8477260044642857 1987.244287109375 386.5915466308594 2224.873876953125 552.4838928222656 0.8046177455357143 
458 1994.7022399902344 543.6169464111329 2276.807159423828 789.8991058349609 0.8485630580357143 1982.1297973632813 387.064225769043 2223.9339233398437 557.2227920532226 0.8108491443452381 
459 2000.7377075195313 547.9867584228516 2273.4295288085937 789.3859832763671 0.8459356398809523 1984.2317443847655 391.18039855957034 2221.160711669922 561.0539154052734 0.8068731398809523 
460 1999.1932861328125 550.9628631591797 2276.8594482421877 788.3225982666015 0.8468889508928571 1982.6573364257813 393.3545867919922 2224.495739746094 563.537075805664 0.8198009672619048 
461 1995.5555725097656 546.4878753662109 2276.652801513672 787.4283233642578 0.8498651413690477 1979.0810791015624 392.89694061279295 2224.4833740234376 566.9094863891602 0.8221028645833334 
462 1994.8349243164062 545.748974609375 2276.639440917969 787.295703125 0.8489118303571429 1978.318896484375 391.7715576171875 2224.338818359375 566.22197265625 0.8280319940476191 
463 1993.4919677734374 550.0836242675781 2275.2917236328126 787.1531921386719 0.8483305431547619 1976.976251220703 392.1520065307617 2222.9918884277345 566.5993667602539 0.8270089285714286 
464 1996.8267333984375 550.0007751464843 2273.9393798828123 786.8875305175782 0.8445870535714286 1980.3238037109375 392.19096221923826 2221.6801025390623 566.5038314819336 0.8236142113095238 
465 1997.1669616699219 554.4474365234375 2274.6412658691406 782.692333984375 0.8455403645833334 1976.683575439453 387.99739837646484 2222.829974365234 567.0130081176758 0.8287760416666666 
466 1996.1009887695313 553.8447540283203 2273.4583374023437 781.9935638427735 0.8446335565476191 1979.5834106445313 388.49706268310547 2221.1526733398437 558.4902725219727 0.8275669642857143 
467 1996.2743408203125 553.914437866211 2273.5913818359377 782.0300811767578 0.84619140625 1975.8024353027345 388.0746551513672 2221.809503173828 562.5161041259765 0.8286830357142857 
468 1995.3557373046874 551.2334930419922 2272.5788330078126 779.271694946289 0.8489118303571429 1974.8908203125 385.45005950927737 2220.8142578125 559.8321975708008 0.8327752976190477 
469 1995.0955688476563 553.5442352294922 2276.473522949219 781.3263092041016 0.8504464285714286 1975.1690185546875 387.9469589233398 2220.8163330078123 562.1332717895508 0.8320777529761905 
470 1996.1932189941406 549.6342651367188 2277.7309753417967 782.0146606445312 0.8509812127976191 1972.3020751953125 386.86480102539065 2222.5577880859373 570.0878356933594 0.8291248139880952 
471 1995.8752136230469 551.5164733886719 2273.8573303222656 780.1792053222656 0.8451683407738095 1975.354229736328 389.245263671875 2221.951312255859 559.621435546875 0.8312872023809523 
472 1994.8185546875 554.0653991699219 2278.22490234375 783.4895324707031 0.8415643601190477 1974.7482604980469 391.25387420654295 2222.1664123535156 562.1973281860352 0.8264508928571429 
473 1998.0466430664062 555.7374542236328 2281.3085815429686 785.044711303711 0.8401227678571429 1974.5279357910156 385.0539947509766 2221.8200866699217 564.9028533935547 0.8285202752976191 
474 1997.9913208007813 553.2853698730469 2276.671520996094 782.5222473144531 0.8431919642857143 1973.961248779297 390.0880981445313 2221.1775451660155 565.3868774414062 0.8212890625 
475 1998.7655151367187 552.7106353759766 2277.536486816406 782.0223358154296 0.8329613095238095 1975.2462524414063 389.9788391113281 2218.0469604492187 560.8385437011718 0.8200799851190477 
476 1998.7312072753907 552.2031616210937 2277.220819091797 781.2834106445313 0.8281947544642857 1975.2357055664063 389.6357055664063 2217.791394042969 560.3229125976562 0.8193824404761905 
477 1998.9248291015624 556.3821502685547 2282.5654052734376 781.493765258789 0.8353794642857143 1975.3746826171875 385.4704864501953 2222.9973876953127 561.0575286865235 0.8221493675595238 
478 1999.5958129882813 550.123095703125 2283.144665527344 784.1634033203125 0.8419131324404762 1972.5911865234375 390.6918243408203 2220.1339111328125 566.222055053711 0.8172433035714286 
479 1997.2934631347657 559.431689453125 2281.216668701172 780.2609375 0.8402622767857143 1974.2398498535156 391.8164306640625 2217.6028015136717 563.0717529296875 0.8185221354166666 
480 2000.5156494140624 554.8740203857421 2283.2612060546876 783.7631256103516 0.8425641741071429 1973.5875427246094 387.9540771484375 2220.4286926269533 567.475 0.8248930431547619 
481 2000.1665954589844 553.3582244873047 2278.647003173828 782.430776977539 0.8457728794642857 1976.6719604492187 387.34110260009766 2219.2193969726563 558.0226364135742 0.8102911086309523 
482 2001.0856567382812 555.8811767578125 2279.570349121094 789.4489013671875 0.8375651041666666 1977.0724487304688 383.4694366455078 2224.1152954101562 554.1535491943359 0.8151041666666666 
483 2001.806201171875 556.6248779296875 2280.034130859375 785.4896240234375 0.8373093377976191 1977.8151916503907 383.8544219970703 2224.629998779297 554.3811126708985 0.8079659598214286 
484 2000.8009399414063 550.8980651855469 2279.1104370117187 788.8077453613281 0.8387276785714286 1980.7737121582031 382.04777069091796 2223.1724548339844 557.1133926391601 0.8174990699404762 
485 2001.04580078125 551.148568725586 2279.554296875 789.2284454345703 0.8387741815476191 1981.0042053222655 386.1512756347656 2223.576239013672 556.8500671386719 0.8192894345238095 
486 2001.9378723144532 550.816943359375 2280.5956970214843 789.0244873046875 0.8423549107142857 1978.428155517578 388.66981353759763 2221.1303161621095 563.9546676635742 0.8167085193452381 
487 2001.4581604003906 551.4724243164062 2280.136932373047 789.6977416992188 0.8341471354166666 1981.4044799804688 385.3370880126953 2224.1245727539062 565.129769897461 0.8203357514880952 
488 1998.4883117675781 552.3019439697266 2280.6487731933594 789.6751678466796 0.8382859002976191 1982.4681579589844 390.2059692382812 2224.3200500488283 569.3555541992188 0.8249395461309523 
489 1999.4695190429688 555.3562225341797 2277.268029785156 792.8292633056641 0.8422154017857143 1982.4086608886719 389.7454635620117 2228.8429260253906 568.9703872680664 0.8295433407738095 
490 2000.7463500976562 551.6367614746093 2278.5683471679686 789.1297180175782 0.8431919642857143 1980.7541076660157 389.4590301513672 2222.728192138672 568.6989898681641 0.8304734002976191 
491 2001.0920471191407 548.1337585449219 2278.692987060547 789.9151916503906 0.83447265625 1977.1549499511718 390.0458557128906 2223.4140197753904 569.1432312011718 0.8259858630952381 
492 1996.6842529296875 553.71328125 2280.0569580078127 792.1061767578125 0.8338216145833334 1976.0972778320313 387.4610794067383 2227.984020996094 567.3801986694336 0.8314034598214286 
493 1998.7355224609375 551.206787109375 2278.0330322265627 789.961181640625 0.8377976190476191 1974.1324279785156 388.16769256591795 2226.4011413574217 568.3596817016602 0.8317987351190477 
494 1999.0069152832032 553.7436828613281 2277.1467712402346 787.0224304199219 0.8323102678571429 1974.5057434082032 387.41182098388674 2225.7289978027343 566.8570083618164 0.8255673363095238 
495 1999.4136596679687 549.4112548828125 2277.7364868164063 787.33251953125 0.8354027157738095 1979.3853942871094 387.45904846191405 2221.7958801269533 562.5332000732421 0.8211960565476191 
496 1998.9334777832032 550.2415008544922 2277.9150329589843 788.7257232666016 0.8412620907738095 1978.8579345703124 384.4448181152344 2221.8417724609376 559.9332336425781 0.8147553943452381 
497 1998.7513488769532 549.8137115478515 2277.9487243652343 788.4824920654297 0.8409365699404762 1978.1406127929688 380.9442962646484 2225.8156860351564 552.0652862548828 0.8163132440476191 
498 1999.89140625 548.828500366211 2278.3986328125 791.3993438720703 0.8419828869047619 1979.3316162109375 377.43948822021486 2226.3944580078123 548.1374465942383 0.8071056547619048 
499 1998.9702270507812 550.5334228515625 2278.1950561523436 789.2256103515625 0.8477027529761905 1982.3415283203126 374.7187225341797 2225.5373779296874 545.8565338134765 0.8195219494047619 
500 1998.1742370605468 549.9776733398437 2278.4123107910154 789.5359985351563 0.8514694940476191 1980.963525390625 370.5697265625 2229.561865234375 537.8085693359375 0.8314964657738095 
501 1999.7766723632812 552.7134490966797 2278.0277709960938 789.2270416259765 0.8565615699404762 1981.5831909179688 368.6395233154297 2232.0093383789062 530.9528228759766 0.8280319940476191 
502 1997.9373413085937 550.4388031005859 2277.0472778320313 783.0304962158203 0.8496558779761905 1983.2662353515625 361.14495544433595 2234.4652099609375 528.6109649658204 0.8128487723214286 
503 2002.4360900878905 553.8031433105468 2281.811834716797 783.6122619628907 0.8439360119047619 1985.7983947753905 349.1239715576172 2229.125799560547 520.3542999267578 0.8105236235119048 
504 2003.6714111328124 547.3519165039063 2280.8310302734376 779.8084838867187 0.8466796875 1990.088427734375 337.9347091674805 2235.956005859375 507.8068374633789 0.8160342261904762 
505 2002.582342529297 541.6724456787109 2280.7244201660155 770.4666534423828 0.8484468005952381 1988.433642578125 334.44626770019534 2239.658642578125 504.92043151855466 0.8226609002976191 
506 2007.680712890625 537.5044769287109 2277.536083984375 766.1955352783203 0.8512602306547619 1992.7278930664063 329.2197265625 2239.714245605469 503.02490234375 0.8173828125 
507 2004.1318481445312 531.136117553711 2277.5739624023436 759.7516387939453 0.8479120163690477 1989.9942626953125 334.416438293457 2236.5404052734375 504.7574203491211 0.8053152901785714 
508 2004.3949157714844 516.2032745361328 2267.9177062988283 751.9867279052735 0.8577938988095238 1988.7472229003906 327.5409408569336 2233.777069091797 503.2227615356445 0.8022925967261905 
509 2006.9677734375 523.3857055664063 2273.30908203125 752.9902709960937 0.8489583333333334 1987.8929870605468 335.4632263183594 2235.8659240722654 509.9626770019531 0.8097330729166666 
510 2001.6103759765624 519.1138061523437 2272.6635498046876 752.7802368164063 0.8488653273809523 1986.3321655273437 343.324772644043 2234.018664550781 511.5646011352539 0.7956891741071429 
511 2001.5104675292969 521.7382080078125 2271.2914123535156 755.5484130859375 0.8368908110119048 1986.8108215332031 341.7113800048828 2234.1099548339844 517.0689544677734 0.8004324776785714 
512 2003.2708129882812 529.1684875488281 2273.6952514648438 754.5221862792969 0.8400530133928571 1984.0289428710937 344.2051055908203 2240.932238769531 519.980990600586 0.8141276041666666 
513 2003.5093627929687 526.0781616210937 2268.2355102539063 754.9092651367188 0.8322637648809523 1984.353759765625 341.4255889892578 2235.619384765625 525.3878875732422 0.8007114955357143 
514 1999.3591796875 517.3284393310547 2268.60517578125 755.1623443603515 0.8341238839285714 1984.1709045410157 348.014143371582 2235.467156982422 527.5114608764649 0.7945033482142857 
515 2000.5492004394532 524.6250701904297 2265.1342712402343 753.3342193603515 0.8334728422619048 1980.8863220214844 343.52052307128906 2236.502471923828 527.3847503662109 0.8070824032738095 
516 2000.624774169922 530.9416107177734 2268.886090087891 754.4926544189453 0.833984375 1981.537060546875 350.38108825683594 2236.385302734375 529.2219390869141 0.8104073660714286 
517 2000.8580139160156 530.1450775146484 2268.7990905761717 753.4292022705079 0.8418666294642857 1981.792987060547 350.3155029296875 2236.337017822266 524.477099609375 0.8091052827380952 
518 2000.107861328125 530.3904968261719 2267.956103515625 753.5974182128906 0.8344029017857143 1981.049365234375 353.54191131591796 2235.505322265625 532.1074722290039 0.8116396949404762 
519 1999.0206787109375 530.6239837646484 2271.7801025390627 754.1972442626953 0.8322637648809523 1980.4468688964844 353.48511199951173 2235.320343017578 532.3437759399415 0.8171502976190477 
520 2001.5281555175782 533.7971496582031 2268.8960388183596 756.6038513183594 0.8404250372023809 1982.5038818359376 353.83785552978514 2236.5034423828124 532.0832565307617 0.8144763764880952 
521 2001.8168090820313 528.8151824951171 2265.2283569335937 752.0453521728516 0.8343563988095238 1978.2917785644531 347.9988418579102 2237.2388610839844 531.0475143432617 0.8164295014880952 
522 2000.3039916992188 534.8808807373047 2272.859338378906 753.8187652587891 0.8251953125 1981.7441284179688 346.53242950439454 2236.4270141601564 529.7253524780274 0.8176385788690477 
523 1999.3742248535157 528.6615783691407 2271.709149169922 760.8158386230468 0.8431454613095238 1980.314306640625 344.9299606323242 2239.255517578125 532.4392105102539 0.8127557663690477 
524 2000.6708923339843 527.57744140625 2267.489385986328 757.5933349609375 0.8481212797619048 1984.56982421875 342.32615966796874 2237.58740234375 521.7385375976562 0.8248465401785714 
525 2000.4274536132812 535.1284149169921 2268.698767089844 754.2167388916016 0.8418433779761905 1984.7783935546875 340.8036590576172 2239.6361572265623 515.180044555664 0.8012927827380952 
526 2000.0815307617188 531.6249114990235 2268.7229125976564 755.4927032470703 0.8431222098214286 1984.4108093261718 337.0320526123047 2239.6200744628904 516.126333618164 0.8054082961309523 
527 1998.0187072753906 530.6211944580078 2272.222381591797 755.3781341552734 0.8445405505952381 1982.8044799804688 335.77425689697264 2239.027307128906 511.0846603393555 0.8095935639880952 
528 2004.9074829101562 533.1971984863281 2272.6747924804686 759.4144958496094 0.8480747767857143 1986.2632141113281 340.7171798706055 2230.9471130371094 511.53431549072263 0.8180106026785714 
529 2002.8745056152343 525.5690124511718 2270.594366455078 756.3620178222657 0.8488420758928571 1987.2515869140625 337.20642547607423 2236.5081787109375 507.99325103759764 0.8026181175595238 
530 1997.9546691894532 529.0952789306641 2271.0608337402346 751.2833221435546 0.8557477678571429 1987.4504699707031 329.51765594482424 2228.1543884277344 491.52979888916013 0.8051525297619048 
531 2003.5612915039062 527.7246032714844 2272.4584838867186 750.2602600097656 0.8424479166666666 1988.4045837402343 327.8347534179687 2234.120928955078 490.1003662109375 0.8077101934523809 
532 2002.3306762695313 523.3747283935547 2275.894665527344 752.0921295166015 0.8436569940476191 1988.1867736816407 319.6678695678711 2234.842889404297 490.0847854614258 0.8133603050595238 
533 2013.8127075195312 532.7951477050781 2285.994177246094 763.1025573730469 0.7677408854166666 1986.4335144042968 331.47749481201174 2216.7409240722654 491.99476470947263 0.73828125 
534 2016.6457092285157 539.7627685546875 2281.928387451172 756.1775390625 0.7661830357142857 1983.0825805664062 341.3377960205078 2213.4596557617188 508.8847381591797 0.7447684151785714 
535 2018.206640625 532.9431732177734 2283.79384765625 756.5954620361329 0.7659737723214286 1972.23974609375 328.91426544189454 2216.859375 503.64258880615233 0.7577659970238095 
536 2004.2591491699218 494.8096160888672 2268.7194885253907 736.8580474853516 0.8579799107142857 1985.1227600097657 304.99815063476564 2236.135906982422 488.77565307617186 0.8053617931547619 
537 1998.7288208007812 491.8478973388672 2265.9984741210938 735.6730377197266 0.8474004836309523 1987.5474975585937 316.5535827636719 2226.683703613281 485.35553588867185 0.8030831473214286 
538 1999.5500915527343 500.8535430908203 2263.623858642578 733.596469116211 0.8503766741071429 1987.8440185546874 314.24602966308595 2234.0143798828126 493.2790557861328 0.8092447916666666 
539 2002.488671875 497.1791534423828 2262.41123046875 734.6945648193359 0.8509579613095238 1986.8037170410157 314.30259094238284 2233.282098388672 493.5595306396484 0.8115699404761905 
540 1999.0283447265624 498.4000213623047 2262.8324951171876 739.8479644775391 0.8474469866071429 1987.3343078613282 316.9701263427734 2233.2534606933596 491.3492095947266 0.8101283482142857 
541 2001.6054626464843 500.7165283203125 2261.289190673828 738.013818359375 0.8468889508928571 1981.4575256347657 318.0079635620117 2236.663934326172 497.10022125244143 0.8176618303571429 
542 1998.2723815917968 501.516015625 2262.6920959472654 739.0456298828125 0.8494931175595238 1982.5864196777343 322.07604827880857 2233.561163330078 501.34365997314455 0.8216843377976191 
543 2001.8814392089844 504.2059295654297 2261.299835205078 745.7332183837891 0.8439127604166666 1985.7108642578125 322.71634979248046 2236.1836669921877 497.1527603149414 0.8194986979166666 
544 2001.9094177246093 504.5298095703125 2266.080938720703 746.3139404296875 0.8412155877976191 1982.7940490722656 322.84732818603516 2233.5329772949217 497.4691696166992 0.822265625 
545 2000.1710876464845 507.6977203369141 2262.434503173828 742.3544647216797 0.8415411086309523 1987.6064453125 319.40611572265624 2236.06640625 498.8494384765625 0.8262648809523809 
546 1998.3545166015624 508.7146697998047 2266.6464599609376 745.705923461914 0.8429594494047619 1983.220196533203 322.80206604003905 2233.625872802734 501.66338806152345 0.8277762276785714 
547 1999.9111206054688 516.6065612792969 2267.0417602539064 742.2858947753906 0.8473772321428571 1988.3968505859375 321.04132385253905 2232.4991455078125 491.45232849121095 0.8352167038690477 
548 2001.3259399414062 509.98108825683596 2265.3989135742186 747.1992706298828 0.8486095610119048 1986.177099609375 321.48043670654295 2232.346826171875 491.56140289306643 0.8224981398809523 
549 2000.8627685546876 510.4586547851562 2264.7202392578124 743.0110717773438 0.8510509672619048 1985.2101318359375 318.1556594848633 2235.6511962890627 488.0978500366211 0.8220098586309523 
550 2000.151953125 515.1412353515625 2269.85244140625 747.6416015625 0.8485630580357143 1985.4865417480469 318.23126525878905 2227.2870178222656 490.28155212402345 0.8375651041666666 
551 1996.4628112792968 515.1695129394532 2260.6159240722654 747.9823425292968 0.8470052083333334 1984.2367370605468 315.2466873168945 2234.9582092285154 489.85630950927737 0.8112676711309523 
552 2002.0384094238282 526.9426879882812 2261.5098083496096 744.7133178710938 0.8419596354166666 1989.9203063964844 318.97339630126953 2230.8581359863283 485.7765121459961 0.8354027157738095 
553 1997.0240844726563 518.5449096679688 2270.5791870117187 751.7393920898437 0.8471912202380952 1986.330303955078 315.3622451782227 2232.978167724609 485.77352752685545 0.8217540922619048 
554 1997.7715393066405 513.9709411621094 2271.332830810547 751.6552795410156 0.8412620907738095 1986.559991455078 314.7506729125977 2237.6981872558595 485.1659225463867 0.8153134300595238 
555 1992.4316345214843 514.3212768554688 2270.371221923828 751.9146850585937 0.8519810267857143 1985.190087890625 311.2116470336914 2236.232275390625 486.04454803466797 0.8233351934523809 
556 1997.6929931640625 514.0494781494141 2261.2952880859375 750.8447479248047 0.8539341517857143 1989.4447875976562 312.13770751953126 2235.175573730469 481.9154541015625 0.8259858630952381 
557 1999.7722290039062 518.9333801269531 2264.6830932617186 742.0162048339844 0.8424014136904762 1991.72841796875 310.3293884277344 2233.40146484375 482.2891418457031 0.8214750744047619 
558 1994.0183471679688 499.5575836181641 2271.543908691406 745.7496063232422 0.8551664806547619 1987.8203979492187 293.3071990966797 2229.5362915039063 476.83214416503904 0.7985258556547619 
559 1997.323193359375 497.7419097900391 2265.158740234375 734.3299285888672 0.8558872767857143 1991.142352294922 287.5941528320312 2223.266461181641 470.6150146484375 0.7932710193452381 
560 2001.2738708496095 501.3840667724609 2263.492852783203 728.0480010986328 0.8604213169642857 1986.7440795898438 280.3611862182617 2226.7410278320312 467.0255630493164 0.8076869419642857 
561 2001.3869079589845 493.9393646240234 2264.500909423828 730.2961700439453 0.8509347098214286 1995.21201171875 277.1359893798828 2222.6498046875 459.97808532714845 0.8015252976190477 
562 2004.0818115234374 490.4621643066406 2262.7697509765626 726.8493591308594 0.8573521205357143 1992.931463623047 277.57640380859374 2229.3186584472655 455.981884765625 0.8140345982142857 
563 2009.70732421875 490.3523315429687 2264.87421875 722.3223510742188 0.8447265625 1986.8671142578125 278.54591674804686 2223.4766357421877 459.48252563476564 0.8129650297619048 
564 2003.941473388672 485.7939086914063 2265.8081604003905 724.6898559570312 0.84130859375 1985.3880676269532 276.0531402587891 2224.2841735839843 464.4134124755859 0.7830868675595238 
565 2003.268212890625 480.21875762939453 2260.226416015625 718.8225936889648 0.8554920014880952 1991.2674987792968 278.3231826782227 2229.8712951660154 461.86459197998045 0.8178478422619048 
566 2003.8330871582032 485.60828857421876 2264.8279235839846 724.1033813476563 0.8510277157738095 1992.5833862304687 280.6893569946289 2231.078479003906 465.185612487793 0.8077799479166666 
567 2003.7336059570312 489.8683288574219 2259.918981933594 723.5812561035157 0.8488653273809523 1988.0028991699219 284.67815551757815 2230.7047424316406 468.95172729492185 0.8083612351190477 
568 2009.3316345214844 512.7336883544922 2267.232940673828 735.7835845947266 0.7571149553571429 1972.6033996582032 309.2543670654297 2223.5346618652343 483.5120513916016 0.7308872767857143 
569 2013.0929077148437 519.2814270019531 2270.922961425781 735.3012145996094 0.7510230654761905 1984.1473205566406 320.4145217895508 2214.1040222167967 494.6240829467773 0.7140299479166666 
570 2009.8805236816406 512.5347564697265 2260.985076904297 735.7387420654297 0.7491396949404762 1977.6876525878906 308.91479034423827 2228.792205810547 483.29288177490236 0.7474888392857143 
571 2004.5675048828125 513.0086029052734 2262.7869873046875 729.3547393798829 0.7549293154761905 1979.3360900878906 309.2782257080078 2223.597869873047 476.7720062255859 0.7540690104166666 
572 2003.850341796875 513.7532135009766 2261.812744140625 729.8836883544922 0.7494652157738095 1977.8396118164062 309.42134246826174 2228.8300659179686 483.7201675415039 0.7450009300595238 
573 2008.0078735351562 520.2712341308594 2265.7306518554688 729.2356018066406 0.7595331101190477 1982.825 320.6834884643555 2226.61689453125 494.82044830322263 0.7378394717261905 
574 2007.9731994628905 519.8391082763671 2265.881170654297 728.9536773681641 0.7601376488095238 1982.7722106933593 313.94165954589846 2226.739141845703 495.17430725097654 0.7423967633928571 
575 2004.9437255859375 513.4535278320312 2255.9713134765625 729.6162963867188 0.75634765625 1977.3199279785156 303.7273651123047 2235.3205749511717 478.0521759033203 0.7563244047619048 
576 2000.0139465332031 492.0824798583984 2261.9825134277344 726.4753204345703 0.8432849702380952 1992.0593627929688 300.9974700927734 2231.048303222656 475.6431549072266 0.8239397321428571 
577 2003.449853515625 513.7923522949219 2261.334814453125 729.8581604003906 0.7500930059523809 1978.2511596679688 315.68735961914064 2222.1963500976562 482.96412963867186 0.7291899181547619 
578 2001.346856689453 493.0726013183594 2262.1652282714845 726.9099426269531 0.8401227678571429 1993.5637634277343 292.27002716064453 2231.897784423828 467.64803314208984 0.8007579985119048 
579 2001.5855102539062 493.5810089111328 2262.4249877929688 727.4369964599609 0.8423549107142857 1989.8235107421874 288.783984375 2232.6740478515626 468.67322998046876 0.7958054315476191 
580 2002.669451904297 493.6199432373047 2259.251080322266 727.694448852539 0.8477957589285714 1990.3770568847656 281.1869689941406 2233.4543640136717 465.74570922851564 0.8080124627976191 
581 2003.3828857421875 493.6959930419922 2259.5609619140623 727.4023345947265 0.8484468005952381 1991.6284606933593 278.13992767333986 2229.829180908203 462.408381652832 0.8101050967261905 
582 2000.551495361328 493.2296630859375 2261.278460693359 731.4800537109375 0.8568638392857143 1992.7711486816406 271.23150024414065 2231.021697998047 455.53839721679685 0.8206380208333334 
583 2003.1067138671874 491.53168029785155 2264.1623291015626 730.0823944091796 0.8493303571428571 1995.316583251953 266.3106399536133 2233.8673767089845 446.3489364624023 0.8081752232142857 
584 2000.7041259765624 492.01771850585936 2261.7597412109376 734.7535217285156 0.8503999255952381 1996.3003723144532 263.3739044189453 2234.4563415527346 441.9908416748047 0.8156854538690477 
585 2000.3194458007813 487.60804443359376 2261.334118652344 734.8851196289063 0.8540969122023809 1995.9163696289063 259.5283721923828 2234.035046386719 438.1173797607422 0.8179640997023809 
586 1999.30078125 488.66783447265624 2264.70263671875 736.0763061523437 0.8579334077380952 1998.4357666015626 254.75434112548828 2241.3459716796874 430.1894760131836 0.8093145461309523 
587 1997.898663330078 487.36011657714846 2258.219378662109 729.7278350830078 0.8630952380952381 2000.4880676269531 256.3857940673828 2238.3672790527344 435.9174285888672 0.8119187127976191 
588 1996.7108764648438 488.912841796875 2257.0012817382812 731.2520751953125 0.8563988095238095 1998.7821655273438 257.96558685302733 2241.1213989257812 437.47615509033204 0.8224981398809523 
589 2000.5187683105469 489.7532073974609 2262.4857482910156 737.9325225830078 0.8554222470238095 1996.0995483398438 263.8464111328125 2235.0872192382812 447.6829467773438 0.8216843377976191 
590 1996.9431091308593 492.11858520507815 2261.755743408203 730.0012878417969 0.85205078125 2000.5683044433595 264.59370880126954 2233.962579345703 439.63941497802733 0.8035016741071429 
591 2001.044140625 488.5409210205078 2260.68486328125 730.2753021240235 0.8500511532738095 1996.2233032226563 265.05714263916013 2237.9576049804687 444.119645690918 0.8091982886904762 
592 2001.935040283203 484.103076171875 2257.818743896484 731.00849609375 0.8575381324404762 1996.5824890136719 267.41342010498045 2238.9986877441406 446.98095855712893 0.8298456101190477 
593 2002.39462890625 491.4669891357422 2254.42958984375 729.754751586914 0.8451683407738095 1992.3484130859374 265.1641357421875 2239.8010009765626 448.46239013671874 0.8328218005952381 
594 2007.5436889648438 489.36574401855466 2255.9804809570314 728.7684722900391 0.8464704241071429 1998.1621398925781 266.8150329589844 2237.5647888183594 447.4963073730469 0.8244047619047619 
595 2002.0573425292969 507.3774383544922 2259.9745178222656 730.4409820556641 0.7528599330357143 1992.94169921875 289.40787506103516 2236.91767578125 449.7347946166992 0.7553245907738095 
596 1996.7931274414063 490.23955078125 2257.7354370117187 724.1878173828125 0.8435872395833334 1999.3886840820312 261.6554122924805 2237.8361694335936 437.1166519165039 0.8153366815476191 
597 2003.2698486328125 519.4027038574219 2254.3126708984373 728.6051086425781 0.7331194196428571 1994.1507141113282 289.81654052734376 2231.2466247558596 443.2316162109375 0.7440708705357143 
598 2000.291064453125 489.80226135253906 2256.733837890625 732.5068817138672 0.8379603794642857 1997.8252746582032 265.238835144043 2245.1091735839846 439.2534439086914 0.8261486235119048 
599 2000.8411865234375 488.08655700683596 2257.7593994140625 731.2413848876953 0.8339378720238095 1999.4296020507813 259.04807434082034 2237.9964233398437 437.9733489990234 0.82177734375 
600 1995.664971923828 497.65480651855466 2263.6181091308595 729.2753082275391 0.8463541666666666 2002.3026611328125 256.42716827392576 2243.0064208984377 429.0071273803711 0.8166852678571429 
601 2001.5417175292969 494.2459716796875 2260.8109436035156 730.7723388671875 0.8408435639880952 2003.6410583496095 253.17111053466797 2244.715997314453 426.0172744750977 0.8125930059523809 
602 2002.5306701660156 490.2112670898438 2261.779266357422 731.2670043945312 0.8457728794642857 2000.6064086914062 253.17898559570312 2246.210241699219 426.0113830566406 0.8146158854166666 
603 1998.1731201171874 487.8938232421875 2261.7424072265626 728.7416748046875 0.8470982142857143 2004.2904296875 251.59027557373048 2245.13828125 419.72933502197264 0.8107328869047619 
604 1994.3518615722655 495.9168212890625 2262.117742919922 727.375537109375 0.8506091889880952 2009.0142761230468 248.39915618896484 2240.4731506347657 416.3201736450195 0.8043852306547619 
605 2001.0342712402344 486.5366241455078 2262.064971923828 733.5836761474609 0.8447730654761905 2007.8468383789063 244.1508560180664 2240.9102416992187 416.61766815185547 0.8006882440476191 
606 2001.2449829101563 487.22674865722655 2263.465710449219 731.3634002685546 0.8423549107142857 2007.8526977539063 241.6989715576172 2242.9473510742187 413.49884338378905 0.7987583705357143 
607 1995.6895751953125 495.4576721191406 2258.2635498046875 726.3417663574219 0.8480980282738095 2010.3157470703125 237.58493347167968 2236.6725341796873 409.6161773681641 0.7936662946428571 
608 2001.2890380859376 487.78774108886716 2263.6103759765624 732.0178619384766 0.8450055803571429 2008.4210693359375 235.72973861694337 2239.0828369140627 403.072583770752 0.7945265997023809 
609 2000.9270568847655 490.1595977783203 2263.754461669922 730.3295989990235 0.8413783482142857 2008.0728149414062 237.09216918945313 2239.1798706054688 404.7580505371094 0.7839936755952381 
610 1993.864483642578 490.8789886474609 2261.332659912109 735.6803985595703 0.8412853422619048 1997.002947998047 241.71861572265624 2237.271099853516 409.45289306640626 0.7945033482142857 
611 1996.4664672851563 491.99842224121096 2261.3316284179687 733.6298126220703 0.8466564360119048 2007.3684387207031 239.10763244628907 2239.7061462402344 411.0376312255859 0.8053385416666666 
612 2000.096484375 489.0465454101562 2261.35712890625 736.7936645507813 0.8543061755952381 1999.2302795410155 241.9923583984375 2237.968328857422 408.658642578125 0.8081984747023809 
613 1997.835498046875 491.7469482421875 2262.104931640625 737.4710693359375 0.8539574032738095 2008.178076171875 243.52627410888672 2244.629541015625 415.06958160400393 0.8166852678571429 
614 1998.505303955078 488.3387390136719 2262.4784606933595 738.4184631347656 0.8532366071428571 2000.6427673339845 244.49326934814454 2246.091241455078 415.8441635131836 0.8173130580357143 
615 1995.8359252929688 492.1872894287109 2263.5695922851564 736.8404815673828 0.8580496651785714 2006.133367919922 241.4975799560547 2246.1704650878905 412.2932525634766 0.8143368675595238 
616 1998.8088317871093 488.33461608886716 2267.385626220703 738.3887115478516 0.8525390625 2005.5766906738281 240.95201416015624 2246.3694763183594 412.28541259765626 0.8127325148809523 
617 1999.2623291015625 488.34034729003906 2264.0135498046875 739.1572723388672 0.8547479538690477 2005.5148620605469 240.2031448364258 2247.0423889160156 412.0591537475586 0.8166852678571429 
618 1996.8289306640625 484.3083923339844 2261.8429443359373 735.3742248535157 0.8511207217261905 2007.2005737304687 240.0377685546875 2244.318225097656 407.414990234375 0.8088495163690477 
619 1998.650701904297 493.60870056152345 2263.3167053222655 739.7015411376954 0.8558175223214286 2000.793768310547 241.9795715332031 2246.8865295410155 409.1370056152344 0.8128487723214286 
620 1999.6607238769532 494.37006225585935 2263.5056579589846 739.6995178222656 0.8554222470238095 2001.7971252441407 239.42681427001952 2247.126580810547 410.6945541381836 0.8209170386904762 
621 1998.549090576172 489.70220947265625 2267.032574462891 739.6697387695312 0.8559802827380952 2000.685565185547 239.37863159179688 2250.652935791016 406.0236511230469 0.8118489583333334 
622 1998.2177185058595 488.1148315429688 2261.623712158203 737.6573852539062 0.8506556919642857 2003.9052185058595 231.10720825195312 2248.826837158203 397.4689636230469 0.8112909226190477 
623 1996.5969848632812 490.72882080078125 2259.7279663085938 740.0108032226562 0.8553292410714286 1993.57861328125 230.43862915039062 2252.09326171875 396.6266174316406 0.8124069940476191 
624 1994.6768615722656 490.50035095214844 2262.9289733886717 735.6273956298828 0.8531436011904762 2000.9028686523438 226.1615249633789 2246.029992675781 388.037907409668 0.8082914806547619 
625 1996.5334777832031 493.1180938720703 2259.8096618652344 737.9187103271485 0.8533993675595238 2005.771221923828 222.02535858154297 2250.571917724609 383.68615875244143 0.8037109375 
626 1998.481640625 490.0496795654297 2256.43388671875 738.7894927978516 0.8463541666666666 2007.1626525878905 216.6839157104492 2251.296209716797 377.90418853759763 0.7919689360119048 
627 1996.538262939453 493.8396362304687 2259.3497985839845 738.2082153320313 0.8486560639880952 2017.9959777832032 213.117236328125 2248.5322204589843 369.88197021484376 0.7882021949404762 
628 1996.7715087890624 489.06871643066404 2259.4140380859376 742.4957977294922 0.8465401785714286 2018.2154724121094 208.52675399780273 2248.6034973144533 374.40630569458006 0.7901553199404762 
629 1993.6738708496093 491.2830535888672 2260.661212158203 739.8575103759765 0.8519577752976191 2014.0342895507813 199.3319351196289 2258.005505371094 369.65149383544923 0.7942940848214286 
630 1999.0337890625 491.84865417480466 2257.289453125 736.2692047119141 0.8373093377976191 2011.2724731445312 198.82778778076172 2255.6931030273436 369.4610000610352 0.7810174851190477 
631 1999.031201171875 485.0460662841797 2259.782763671875 741.3021392822266 0.8328450520833334 2011.480731201172 203.02605895996095 2254.249859619141 355.88055725097655 0.7659272693452381 
632 1995.7080871582032 488.8100860595703 2262.4475524902346 741.7528411865235 0.8496326264880952 2016.5801940917968 205.26655044555665 2255.7260803222657 370.82907638549807 0.7919224330357143 
633 1997.0403625488282 486.0070526123047 2258.7080505371096 743.084194946289 0.8467029389880952 2013.2842529296875 207.56562271118165 2256.5892822265623 368.23886642456057 0.7859700520833334 
634 1996.973565673828 491.9755828857422 2254.3895935058595 740.1980621337891 0.8501441592261905 2008.642138671875 208.57055435180663 2256.864697265625 369.455492401123 0.7890857514880952 
635 1994.615625 494.41242065429685 2261.1080078125 737.9312072753906 0.8479120163690477 2002.7446594238281 206.53711700439453 2260.0476989746094 371.94612884521484 0.7979213169642857 
636 1993.4612426757812 487.2499542236328 2255.1766967773438 739.7823333740234 0.8494698660714286 2013.2400634765625 208.22805099487306 2256.5895263671873 368.9305335998535 0.7918991815476191 
637 1992.9192016601562 490.15407104492186 2254.7704956054686 738.2234924316406 0.8538178943452381 2004.0506103515625 210.45745162963868 2261.3077880859373 371.2432472229004 0.8045712425595238 
638 1994.9784301757813 492.591796875 2257.1331420898437 736.3497314453125 0.8539109002976191 2002.5847900390625 207.4410255432129 2260.1403076171873 377.6116325378418 0.8067103794642857 
639 1993.2637268066405 491.48228454589844 2255.805487060547 735.6000518798828 0.8526320684523809 2013.1048767089844 206.44196853637695 2257.2228820800783 372.25784530639646 0.8031063988095238 
640 1992.043768310547 489.7406951904297 2255.3640686035155 739.2022369384765 0.8344494047619048 2007.857080078125 208.4746238708496 2257.318701171875 370.1626594543457 0.7911086309523809 
641 1997.1259216308595 487.82392578125 2255.536309814453 737.0052978515625 0.8439360119047619 2008.307177734375 206.87367095947266 2262.102978515625 368.380143737793 0.79443359375 
642 2000.1450317382812 492.0977264404297 2259.1208374023436 737.1996978759765 0.8341703869047619 2012.9515747070313 209.99924087524414 2253.4290405273437 371.8590202331543 0.7978748139880952 
643 1999.0128112792968 498.5576629638672 2259.8740295410157 736.9308013916016 0.8411690848214286 2006.97001953125 206.3862205505371 2258.8361328125 368.30007400512693 0.7932710193452381 
644 1998.0809143066406 494.6264617919922 2262.2705261230467 740.9049713134766 0.8415876116071429 2010.4809448242188 203.74218292236327 2256.7595336914064 373.8982894897461 0.7978748139880952 
645 2000.9596862792969 490.8996154785156 2260.9588928222656 741.9333923339843 0.8407040550595238 2008.890643310547 204.17624053955078 2259.924420166016 370.03784027099607 0.7939453125 
646 2002.5743469238282 495.8301513671875 2258.9138122558593 738.6781494140625 0.8420061383928571 2011.049737548828 203.68606567382812 2253.8978942871095 370.0819396972656 0.7877139136904762 
647 2000.2744934082032 494.97351989746096 2256.1975524902346 737.4269317626953 0.8382161458333334 2012.1898803710938 199.33239822387696 2254.6433715820312 369.9477378845215 0.7895042782738095 
648 2000.3593017578125 490.98187561035155 2256.5132568359377 738.1479461669921 0.8367978050595238 2012.285498046875 195.5925605773926 2254.957666015625 366.3618309020996 0.7858770461309523 
649 1999.9063659667968 490.9310791015625 2256.4067443847657 738.431591796875 0.8403087797619048 2011.3293151855469 192.19973907470703 2258.8299865722656 358.70007171630857 0.7869001116071429 
650 2001.5651916503907 489.8820373535156 2257.672967529297 741.4966247558593 0.8396344866071429 2009.5145385742187 181.23942337036132 2256.636096191406 351.97790756225584 0.7863885788690477 
651 2004.263934326172 490.9543731689453 2260.160015869141 742.3609954833985 0.8405180431547619 2012.7248291015626 175.14210662841796 2255.1526123046874 350.2288345336914 0.7921549479166666 
652 2004.641290283203 489.9095397949219 2259.6325134277345 740.4272521972656 0.8400995163690477 2016.5132995605468 175.73001556396486 2258.0839904785157 345.7241775512695 0.7809477306547619 
653 2004.3912963867188 489.93309326171874 2263.4502563476562 744.5255249023437 0.8361467633928571 2016.7601440429687 169.8887596130371 2257.952990722656 339.6170539855957 0.7863420758928571 
654 2003.2702270507812 489.0672912597656 2258.770056152344 740.0845642089844 0.8344959077380952 2015.1659606933595 171.33047103881836 2257.218438720703 337.1811408996582 0.7903645833333334 
655 2003.9369262695313 494.0274627685547 2258.8616577148437 740.0076324462891 0.8349376860119048 2007.377215576172 172.533154296875 2262.302105712891 342.4830810546875 0.79638671875 
656 2004.7261657714844 485.40329895019534 2259.815460205078 740.4925140380859 0.84326171875 2008.1686889648438 178.50447616577148 2263.2578247070314 348.5639595031738 0.8018508184523809 
657 1999.3567932128906 487.7943603515625 2259.0713073730467 743.0310791015625 0.8392857142857143 2006.7625 180.20148315429688 2261.99921875 354.83709106445315 0.7916201636904762 
658 2001.4129211425782 484.53871459960936 2256.5171325683596 739.6429260253906 0.8409365699404762 2007.781884765625 184.5072769165039 2267.361669921875 354.57673797607424 0.7872953869047619 
659 2003.2884338378906 488.75233764648436 2258.8452331542967 739.8257873535156 0.8436569940476191 2006.2198181152344 184.2222671508789 2266.260284423828 354.5935592651367 0.7960146949404762 
660 2006.8092163085937 485.1599914550781 2257.783801269531 740.6164978027343 0.8449823288690477 2013.7040954589843 185.2313995361328 2264.678839111328 351.0540008544922 0.8005487351190477 
661 2006.979754638672 482.5040679931641 2258.007183837891 742.4968475341797 0.8398204985119048 2009.9107604980468 179.0641830444336 2265.4209045410157 349.40429229736327 0.7951543898809523 
662 2001.0578125 483.71082763671876 2256.72490234375 739.3779174804688 0.8539109002976191 2007.958447265625 179.56700439453124 2263.625537109375 350.01173095703126 0.8009440104166666 
663 2000.3235290527343 485.05760192871094 2252.216143798828 741.4485626220703 0.8477027529761905 2006.2055297851562 176.59272994995118 2267.094519042969 347.52001724243166 0.8158017113095238 
664 1998.9123168945312 483.0173767089844 2255.097692871094 743.7776672363282 0.8500279017857143 2013.5162048339844 177.38946990966798 2265.126983642578 342.08016510009764 0.7818312872023809 
665 1985.9669921875 501.2065032958984 2255.75126953125 764.0733428955078 0.7587658110119048 1995.8111328125 166.50368957519532 2272.5130859375 332.5248138427734 0.7233305431547619 
666 1986.2220275878906 501.15985717773435 2256.1054870605467 764.1231018066406 0.7521623883928571 1997.6668579101563 167.93106231689453 2260.630261230469 320.17297210693357 0.7159133184523809 
667 1999.5103820800782 489.588525390625 2251.6603942871093 741.73837890625 0.8405645461309523 2009.3817443847656 165.91543350219726 2266.034149169922 341.5197929382324 0.8152669270833334 
668 1990.970361328125 506.2890869140625 2253.946142578125 769.2648681640625 0.7426990327380952 1995.4952209472656 167.7210922241211 2265.3913757324217 319.97022247314453 0.7092866443452381 
669 2004.5903381347657 484.3350524902344 2250.814813232422 743.9898986816406 0.8371465773809523 2011.477685546875 160.11088333129882 2257.702001953125 334.7063621520996 0.7983630952380952 
670 2005.6848083496093 484.12525329589846 2255.808966064453 743.1825469970703 0.8379371279761905 2015.992041015625 157.21148834228515 2266.116357421875 331.4051803588867 0.8043619791666666 
671 2005.0853149414063 487.97132263183596 2254.934460449219 742.2821563720703 0.8339378720238095 2020.3577270507812 154.5529685974121 2256.8222045898438 324.09353103637693 0.7946428571428571 
672 2004.2944641113281 489.0835906982422 2253.4534606933594 742.6917388916015 0.8366582961309523 2019.5246826171874 154.19080047607423 2255.3356689453126 314.36434478759764 0.7830171130952381 
673 2005.886865234375 485.77960815429685 2255.653173828125 744.4661193847656 0.8400762648809523 2021.6687622070312 147.15414810180664 2253.5946655273438 307.71821212768555 0.7820405505952381 
674 2004.4447204589844 485.79579162597656 2254.8913391113283 745.1868133544922 0.8387276785714286 2020.2695739746093 150.20431594848634 2252.827227783203 306.7334129333496 0.7897600446428571 
675 2002.4106140136719 485.94501037597655 2253.8341369628906 741.8581512451171 0.8360537574404762 2021.7509887695312 148.5263656616211 2255.2155639648436 305.66604766845705 0.7991536458333334 
676 2003.2561401367188 485.5568420410156 2258.787072753906 745.5709655761718 0.83837890625 2015.1532775878907 152.60774154663085 2257.235272216797 309.51281814575196 0.8002464657738095 
677 2004.713525390625 486.16518249511716 2254.181494140625 744.5426422119141 0.8326357886904762 2011.567041015625 147.43024673461915 2261.035009765625 312.2572380065918 0.8033389136904762 
678 2004.154034423828 486.73815002441404 2258.596820068359 745.6448455810547 0.8365652901785714 2012.0517211914062 147.30938186645508 2257.566687011719 312.47398910522463 0.8061058407738095 
679 2003.6102722167968 486.84865417480466 2253.4557678222654 741.1556793212891 0.8333100818452381 2014.420849609375 150.51825332641602 2259.804736328125 315.5947074890137 0.8000604538690477 
680 2001.8493896484374 486.8000122070313 2255.8654541015626 740.8160766601562 0.8423781622023809 2016.5898376464843 151.3686408996582 2261.692999267578 311.79980087280273 0.7924107142857143 
681 2003.90166015625 489.85411376953124 2253.17158203125 743.5753295898437 0.8377278645833334 2018.6248901367187 147.45032653808593 2258.992541503906 312.1465362548828 0.7969215029761905 
682 2002.479248046875 485.92986755371095 2255.960205078125 743.8579132080079 0.8348446800595238 2013.254833984375 144.87643966674804 2262.288623046875 304.96970596313474 0.8083147321428571 
683 2004.91044921875 487.6274383544922 2253.55830078125 740.7153961181641 0.8225678943452381 2019.084783935547 143.17508850097656 2263.2922912597655 303.0201019287109 0.8035016741071429 
684 2003.6530822753907 484.5529022216797 2252.321405029297 742.1023101806641 0.83544921875 2017.8285339355468 144.0002243041992 2262.0563537597654 303.8584487915039 0.8062918526785714 
685 2002.127423095703 490.1824951171875 2251.250872802734 739.3057861328125 0.8425641741071429 2020.2641662597657 145.0715530395508 2260.490106201172 300.77357025146483 0.8071754092261905 
686 2007.0086730957032 488.6496917724609 2250.6464782714843 741.1470001220703 0.8381696428571429 2020.6386596679688 138.6973403930664 2264.2766235351564 293.739518737793 0.8204055059523809 
687 2005.4800537109375 485.74595031738284 2253.7616455078123 742.8949798583984 0.8412155877976191 2023.555419921875 136.51443939208986 2262.969970703125 287.25695343017577 0.8026413690476191 
688 2000.1906799316407 489.92010192871095 2253.264276123047 742.9937774658204 0.8299153645833334 2025.6346801757813 133.36285095214845 2265.3885131835937 279.87921447753905 0.7948288690476191 
689 2002.5726623535156 493.4331420898437 2254.921356201172 741.3548217773438 0.841796875 2016.7055603027343 130.5753402709961 2264.627081298828 276.67200469970703 0.7816452752976191 
690 2004.2879699707032 486.1864349365234 2252.2167907714843 742.9699981689453 0.8383556547619048 2011.0992492675782 123.8287223815918 2259.0280700683593 274.35702285766604 0.7566266741071429 
691 2004.9338989257812 486.8578155517578 2248.0634155273438 743.2489349365235 0.8341238839285714 2019.0456604003907 121.65350341796875 2257.754510498047 271.95172119140625 0.7455822172619048 
692 2004.4444458007813 482.4712158203125 2252.643200683594 743.96640625 0.8337751116071429 2014.6723327636719 120.74185333251953 2262.8712463378906 267.0018905639648 0.7584170386904762 
693 2004.6664611816407 487.2207458496094 2247.967205810547 739.3688537597657 0.8301711309523809 2030.0174194335937 121.24870529174805 2260.0472778320313 271.65282974243166 0.7679268973214286 
694 2002.5682006835937 490.5595733642578 2250.2889770507813 742.7037933349609 0.8444707961309523 2024.0055541992188 122.21109237670899 2262.8789672851562 263.76579055786135 0.7891787574404762 
695 2005.1502685546875 491.31432189941404 2253.2008056640625 739.3649383544922 0.8359142485119048 2014.3499877929687 118.04589385986328 2271.259631347656 264.218571472168 0.7884114583333334 
696 2008.1991088867187 487.87567138671875 2254.159045410156 742.6198120117188 0.8399832589285714 2025.59873046875 121.13203353881836 2267.16640625 274.85693435668946 0.8098493303571429 
697 2005.05703125 490.15626525878906 2251.655859375 736.7551727294922 0.8438895089285714 2018.098370361328 114.66881866455078 2269.100726318359 268.79312591552736 0.8051292782738095 
698 2004.8675476074218 486.11402282714846 2251.6814025878907 737.3351348876953 0.8446335565476191 2021.8191040039062 118.09712600708008 2268.6328002929686 267.9483299255371 0.8110119047619048 
699 2004.8675659179687 489.2611541748047 2256.895861816406 745.7108306884766 0.8424944196428571 2026.295166015625 117.17092971801758 2269.480224609375 267.503524017334 0.8143601190476191 
700 2004.0783996582031 490.65818176269534 2256.0303649902344 742.6100677490234 0.8420526413690477 2025.499462890625 118.17061080932618 2268.610888671875 268.4577003479004 0.8049665178571429 
701 2005.5912841796876 489.8076446533203 2258.7275634765624 742.9440032958985 0.84326171875 2027.6253540039063 115.56905746459961 2267.438854980469 266.5626411437988 0.8037574404761905 
702 2007.0043029785156 490.4927185058594 2255.366668701172 743.2898742675782 0.8477260044642857 2024.5740478515625 116.75540618896484 2268.5011474609373 267.54671783447264 0.81103515625 
703 2005.25849609375 489.6847412109375 2253.18779296875 742.0412109375 0.84716796875 2022.7974365234375 113.19340896606445 2266.2992431640623 263.72182846069336 0.8136393229166666 
704 2006.5286926269532 485.90778198242185 2254.2480407714843 742.4741760253906 0.8433314732142857 2024.0526489257813 113.64829788208007 2267.3484741210937 264.0492881774902 0.8007579985119048 
705 2007.9256958007813 488.4257080078125 2255.4109741210937 749.1690185546875 0.8418898809523809 2021.523876953125 110.73873176574708 2269.008837890625 256.5782466888428 0.7916201636904762 
706 2006.8284240722655 483.9626129150391 2254.535711669922 744.9399139404297 0.8447033110119048 2023.3308715820312 112.23167724609375 2275.4613647460938 262.62534790039064 0.7907831101190477 
707 2007.507012939453 486.71498413085936 2252.5578063964845 740.6766174316406 0.8389834449404762 2028.584716796875 116.22579727172851 2269.179931640625 254.34526290893555 0.7735072544642857 
708 1999.3325805664062 513.205044555664 2250.7838745117188 764.6561004638672 0.7297247023809523 1992.536639404297 119.56127548217773 2257.579693603516 248.6848030090332 0.6656901041666666 
709 1995.7240478515625 503.0924377441406 2247.2188232421877 754.5873718261719 0.7500930059523809 2011.4096984863281 125.06578826904297 2262.9046325683594 254.21183013916016 0.6682477678571429 
710 1999.0959777832031 502.82044372558596 2250.3052673339844 760.8192657470703 0.7366303943452381 1990.739727783203 114.77776794433593 2269.106829833984 250.56659240722655 0.6809895833333334 
711 2008.7388000488281 492.82862854003906 2253.6194763183594 742.1617889404297 0.8390066964285714 2037.1655517578124 118.14388504028321 2273.1415771484376 260.61998519897463 0.7984561011904762 
712 2005.38095703125 490.5716125488281 2249.95107421875 739.5884216308593 0.8372860863095238 2037.1923095703125 116.87540054321289 2272.8687255859377 254.72397994995117 0.7878999255952381 
713 2007.5193908691406 489.0316467285156 2259.2041198730467 745.1318054199219 0.8415876116071429 2035.7108764648438 110.65563507080078 2278.5642700195312 260.7832992553711 0.7919689360119048 
714 2008.4122741699218 487.1065185546875 2256.5502502441404 744.1066162109375 0.8491675967261905 2036.7027709960937 111.32052612304688 2275.978625488281 257.54473876953125 0.7947358630952381 
715 2004.6823181152345 514.0611389160156 2241.720147705078 757.8716003417969 0.7473725818452381 1984.3647399902343 116.56676330566407 2262.037725830078 238.47199401855468 0.6412527901785714 
716 2003.5862426757812 508.3923706054687 2247.3378295898438 758.9150024414063 0.7536039806547619 1982.4923278808594 110.99369812011719 2273.6401184082033 239.6404571533203 0.6695731026785714 
717 2006.2521118164063 507.913037109375 2249.7891479492187 764.97978515625 0.7410016741071429 1985.1768432617187 122.05266189575195 2276.0680297851563 250.58605575561523 0.6690383184523809 
718 2008.3443115234375 513.5346527099609 2245.1810791015623 763.9048614501953 0.7448381696428571 1993.2492309570312 116.37777557373047 2270.686560058594 244.94626007080078 0.6680617559523809 
719 2007.4337890625 512.3864837646485 2251.39580078125 763.1251739501953 0.7488606770833334 1998.3112670898438 118.29408340454101 2276.1567504882814 260.60522384643554 0.6631789434523809 
720 2008.1118591308593 490.04395751953126 2255.218341064453 741.5628540039063 0.8427734375 2044.6008666992188 112.42616500854493 2269.644006347656 253.62975845336913 0.7934802827380952 
721 2008.939208984375 487.84095153808596 2251.667236328125 743.8085235595703 0.8408435639880952 2044.9241088867188 110.16995201110839 2269.998986816406 255.8066791534424 0.7842029389880952 
722 2007.3214111328125 511.75963134765624 2254.2738037109375 772.4315307617187 0.7292829241071429 2012.5982666015625 124.18172225952148 2259.5506591796875 268.23723831176756 0.6220470610119048 
723 2007.437078857422 488.589501953125 2250.3306213378905 740.3156494140625 0.8427734375 2042.9368041992188 106.24432029724122 2272.581994628906 256.3967700958252 0.7769949776785714 
724 2004.901922607422 488.16025390625 2251.8452697753905 743.9228759765625 0.8439360119047619 2044.7588745117187 106.38197860717773 2269.6534790039063 260.72149124145506 0.7751813616071429 
725 2005.5243286132813 513.6815704345703 2249.9309936523437 764.8774505615235 0.7250279017857143 1997.1684692382812 113.64822006225586 2268.7316772460936 256.2188606262207 0.6468331473214286 
726 2004.2751708984374 508.1941619873047 2248.6554931640626 759.362905883789 0.7379092261904762 1990.698486328125 120.21425247192383 2262.232177734375 249.19277572631836 0.6202101934523809 
727 2005.3400268554688 487.30039367675784 2252.9033813476562 743.7051605224609 0.8458658854166666 2041.3862670898438 108.98428306579589 2271.266320800781 254.86975898742676 0.7846447172619048 
728 2008.2866943359375 488.00294494628906 2251.2045166015623 744.1709442138672 0.8453311011904762 2040.3927001953125 110.0361312866211 2270.0604248046875 255.78692779541015 0.7820405505952381 
729 2005.1255310058593 514.0365509033203 2249.648516845703 758.559457397461 0.7209123883928571 2002.774346923828 119.03810424804688 2267.6742614746095 254.88413696289064 0.6207217261904762 
730 2008.5930480957031 489.80327758789065 2256.0064392089844 746.0529235839844 0.8451450892857143 2029.4940673828125 108.82739181518555 2272.4893310546877 250.20649795532228 0.77294921875 
731 2003.4181274414063 504.09620056152346 2247.5391479492187 754.9983428955078 0.7443963913690477 1989.0734558105469 114.96318817138672 2267.1000061035156 257.36710357666016 0.6352074032738095 
732 2003.4351501464844 504.8004486083984 2247.422393798828 755.5648468017578 0.7461867559523809 1987.5343444824218 116.66292190551758 2278.9633361816404 252.2112693786621 0.6458100818452381 
733 2004.7164672851563 510.7323455810547 2248.7549682617187 754.7707672119141 0.7362816220238095 2006.020086669922 118.08077239990234 2283.9526916503905 240.09998321533203 0.6848493303571429 
734 1999.30966796875 513.6828369140625 2250.6654296875 765.0385986328125 0.7206333705357143 2007.4095336914063 114.17877655029297 2279.145397949219 250.04674835205077 0.6721772693452381 
735 2003.425555419922 509.01477966308596 2254.573590087891 760.1628936767578 0.7381184895833334 1994.2882202148437 115.06207275390625 2279.375109863281 250.81781005859375 0.6482747395833334 
736 1999.1397338867187 519.7437255859375 2250.4215454101563 764.2341796875 0.7283528645833334 2001.229345703125 114.3494041442871 2279.676904296875 250.1774055480957 0.6574823288690477 
737 2003.6787536621093 518.9471374511719 2255.127032470703 763.5996154785156 0.7381649925595238 2001.3263244628906 112.5000831604004 2273.162322998047 255.21398239135743 0.6199776785714286 
738 2003.6188842773438 513.4529205322266 2255.0136840820314 764.8477996826172 0.7400716145833334 2010.935968017578 107.87625923156739 2289.5087341308595 250.5597988128662 0.6433454241071429 
739 2004.1703002929687 513.7562896728516 2255.487658691406 765.0737274169921 0.7392113095238095 2030.2948120117187 102.29589729309082 2281.612170410156 251.727868270874 0.62646484375 
740 2011.629705810547 478.2422821044922 2254.4851623535155 738.7598541259765 0.8406110491071429 2057.823046875 80.50293846130371 2283.01630859375 226.2161548614502 0.7567429315476191 
741 2018.4830810546875 482.0250732421875 2263.8460205078127 740.532421875 0.8516322544642857 2049.321887207031 77.2436393737793 2290.303356933594 221.83251724243163 0.7704845610119048 
742 2031.5591186523438 499.8048919677734 2263.159387207031 758.6520782470703 0.7274228050595238 2034.4409423828124 99.22056846618652 2286.4765380859376 242.26768989562987 0.5794038318452381 
743 2026.6994140625 483.90435791015625 2269.2712890625 743.8027954101562 0.8669317336309523 2048.52421875 85.22687339782715 2304.091015625 219.50772285461426 0.7971540178571429 
744 2027.9010864257812 495.3560821533203 2281.306188964844 757.4994476318359 0.8573986235119048 2051.426721191406 94.24305152893066 2304.831823730469 220.94569206237793 0.7722051711309523 
745 2024.2147583007813 501.5071166992187 2282.7195678710937 760.0119262695313 0.8616768973214286 2054.5395263671876 103.14459037780762 2308.7358642578124 223.78016090393066 0.7827613467261905 
746 2032.0388671875 519.0569244384766 2287.58662109375 765.9417938232422 0.853515625 2056.360949707031 113.24608993530273 2303.245739746094 238.85420608520508 0.7762276785714286 
747 2031.5182739257812 530.8844909667969 2291.372595214844 781.9303283691406 0.8553292410714286 2047.9497802734375 122.13050155639648 2312.2084228515623 245.45123977661132 0.7485119047619048 
748 2032.680810546875 546.5039276123047 2298.265478515625 789.9564605712891 0.8672805059523809 2050.2162231445313 135.01793670654297 2311.3743530273437 285.51590728759766 0.7643461681547619 
749 2052.2543823242186 574.4224670410156 2314.1545532226564 808.7542907714844 0.7892020089285714 2052.2543823242186 172.8244873046875 2314.1545532226564 303.7745727539062 0.7120535714285714 
750 2036.831005859375 554.8357147216797 2310.823779296875 805.9958892822266 0.7092401413690477 2061.068884277344 187.75545654296874 2307.662316894531 301.9191650390625 0.6445545014880952 
751 2034.7533447265625 550.3350524902344 2313.3462646484377 810.6595764160156 0.7247488839285714 2057.940075683594 211.84295806884765 2318.264758300781 330.58749237060545 0.6310453869047619 
752 2034.9336303710938 550.1450469970703 2313.430383300781 810.379672241211 0.7069614955357143 2055.1271362304688 234.2462646484375 2310.7964477539062 371.211865234375 0.6057245163690477 
753 2037.0878784179688 562.204379272461 2310.9914672851564 808.7174346923828 0.6877325148809523 2058.332897949219 257.2234085083008 2300.281115722656 407.8703109741211 0.5060105096726191 
754 2044.0849731445312 585.4297058105469 2319.6535522460936 812.7740295410156 0.7839239211309523 2062.6326538085937 281.509016418457 2269.3094848632813 433.07188568115237 0.7404436383928571 
755 2028.5660522460937 574.0384704589844 2304.886828613281 815.8189514160156 0.7861095610119048 2044.773291015625 297.45218353271486 2272.737939453125 449.4285232543945 0.7322591145833334 
756 2037.2876586914062 597.3103515625 2313.8121948242188 818.52998046875 0.7687872023809523 2026.9179443359376 312.0114181518555 2255.0508056640624 471.01302642822264 0.7542550223214286 
757 2031.6572875976562 578.9018859863281 2315.2531127929688 820.9959411621094 0.7545572916666666 2015.9610961914063 333.08326568603513 2251.1382690429687 492.17366180419924 0.7507905505952381 
758 2030.6306884765625 590.5617279052734 2301.1862060546873 812.5560089111328 0.77392578125 2008.7515502929687 341.61865386962893 2237.6832641601563 501.1770309448242 0.7577892485119048 
759 2023.2001342773438 563.1964050292969 2292.3010864257812 809.8721984863281 0.8311244419642857 1991.287530517578 350.15820770263673 2237.9633239746095 529.5588027954102 0.8137323288690477 
760 2018.40576171875 565.4036224365234 2284.28369140625 808.7495147705079 0.8351702008928571 1982.8745361328124 373.18815460205076 2226.2201904296876 539.9250961303711 0.8255673363095238 
761 2018.17294921875 563.2161895751954 2291.7201171875 814.3416107177734 0.8201729910714286 1980.400634765625 379.35650329589845 2222.557373046875 549.7630645751954 0.8200567336309523 
762 2018.6350708007812 572.0320190429687 2292.6713256835938 810.1291137695313 0.8200799851190477 1973.88388671875 386.80693359375 2216.47353515625 553.0257080078125 0.8152204241071429 
763 2018.5806762695313 569.6547424316407 2288.539196777344 812.6174743652343 0.8309616815476191 1970.2995544433593 391.0668182373047 2208.763067626953 562.0405426025391 0.8118024553571429 
764 2018.2232055664062 570.3766571044922 2289.3014526367188 814.3471588134765 0.8270554315476191 1965.7451965332032 397.47734985351565 2209.7156188964846 573.6782897949219 0.8205682663690477 
765 2015.1136901855468 566.6938568115235 2291.2511779785154 811.1436065673828 0.81884765625 1966.5370666503907 403.3791030883789 2210.986737060547 584.4530197143555 0.8194986979166666 
766 2018.8436767578125 565.4350463867188 2290.6065185546877 814.5510375976562 0.8306594122023809 1966.2331970214843 402.5515197753906 2210.819659423828 583.7268005371094 0.8161737351190477 
767 2018.1045532226562 569.1765228271485 2293.6198120117188 817.5919708251953 0.8253813244047619 1967.2055541992188 410.74657287597654 2202.0710571289064 586.8957000732422 0.8118024553571429 
768 2020.8448852539063 569.9261993408203 2291.7276245117187 813.7207122802735 0.8160574776785714 1968.92568359375 407.5701416015625 2208.2056640625 583.6439697265625 0.8073381696428571 
769 2024.4695678710937 572.4612060546875 2290.5414184570313 815.9845947265625 0.8399367559523809 1968.6187622070313 411.3263931274414 2207.632458496094 578.1850509643555 0.8143136160714286 
770 2023.1847412109375 581.1126983642578 2293.2718017578127 810.686557006836 0.8274042038690477 1968.4749633789063 407.8069808959961 2202.550183105469 578.8619949340821 0.8170805431547619 
771 2025.4522216796875 576.7499114990235 2290.3329345703123 814.6936309814453 0.8303571428571429 1970.3694885253906 408.91151733398436 2203.8237487792967 575.0231750488281 0.8094308035714286 
772 2017.4925659179687 568.8263458251953 2292.531115722656 816.811898803711 0.8333100818452381 1974.1385314941406 411.71103820800784 2204.0888854980467 578.5376800537109 0.7995024181547619 
773 2019.2259887695313 577.3287719726562 2302.1375366210937 832.6391235351563 0.73291015625 1965.6161743164062 397.3907165527344 2207.125769042969 556.0971984863281 0.7364211309523809 
774 2025.6986694335938 577.007080078125 2315.8801879882812 832.64306640625 0.7443033854166666 1968.3003234863281 396.04236907958983 2203.2088317871094 561.8602493286132 0.7317010788690477 
775 2026.2033081054688 577.2407775878906 2316.3086547851562 832.8096374511719 0.7474888392857143 1968.8199829101563 396.3235092163086 2203.6670776367187 562.0979080200195 0.7454194568452381 
776 2027.7330810546875 576.1166198730468 2318.5198486328127 832.2859680175782 0.76416015625 1964.090155029297 387.85085144042966 2206.4124084472655 567.8617340087891 0.7415364583333334 
777 2022.791455078125 571.1424896240235 2289.770068359375 815.4957550048828 0.8429129464285714 1970.2310546875 401.9748062133789 2210.05947265625 573.9271408081055 0.8091052827380952 
778 2025.2946044921875 583.0302062988281 2315.5989501953127 831.8626159667969 0.7520926339285714 1967.8716918945313 389.75977630615233 2202.880017089844 562.5600784301757 0.7431640625 
779 2021.362158203125 576.7734252929688 2318.846337890625 832.7480590820312 0.7541387648809523 1964.6860290527343 383.3289505004883 2199.905889892578 563.2030014038086 0.7498837425595238 
780 2021.3940185546876 575.882455444336 2292.3862548828124 815.2588409423828 0.8276832217261905 1969.9750122070313 396.08954467773435 2204.8348022460937 567.7179504394531 0.8055478050595238 
781 2027.08994140625 577.061572265625 2317.74404296875 833.11396484375 0.7465122767857143 1963.4761901855468 384.35692596435547 2205.6879943847657 557.3652725219727 0.7467215401785714 
782 2028.35361328125 575.784521484375 2312.69814453125 832.3882080078125 0.7405133928571429 1963.8024963378907 390.4003570556641 2206.535760498047 542.9755584716797 0.7460239955357143 
783 2028.5374877929687 568.7250030517578 2313.313342285156 832.6634857177735 0.7593005952380952 1969.231591796875 387.6012191772461 2212.332861328125 554.299201965332 0.7466285342261905 
784 2022.4013061523438 580.2416442871094 2297.0564575195312 814.3738342285156 0.8342633928571429 1975.124658203125 400.4862915039063 2209.256689453125 571.5829223632812 0.8244280133928571 
785 2025.081689453125 575.6239685058594 2291.497900390625 814.9469543457031 0.8290783110119048 1972.6320251464845 395.3501968383789 2211.955010986328 571.4558029174805 0.8237072172619048 
786 2026.803515625 580.2584289550781 2294.075390625 811.2897888183594 0.8286365327380952 1970.7010803222656 394.87577667236326 2210.792449951172 571.5468002319336 0.8221726190476191 
787 2026.4387573242188 573.71474609375 2294.036584472656 814.09921875 0.8274507068452381 1974.2799499511718 397.1769790649414 2210.1288635253904 564.992546081543 0.8141973586309523 
788 2026.5130615234375 574.9074859619141 2293.8985595703125 810.5693817138672 0.8228236607142857 1974.39541015625 401.99577178955076 2210.0572265625 565.1462875366211 0.8097563244047619 
789 2028.5471069335938 582.6108184814453 2301.1176879882814 809.7528900146484 0.8226841517857143 1977.3528076171874 407.7113952636719 2209.0378173828126 575.7965393066406 0.7994559151785714 
790 2025.0109619140626 575.6227172851562 2296.4919677734374 810.9062133789063 0.8324265252976191 1973.4992248535157 404.9029052734375 2208.782879638672 581.36552734375 0.8134068080357143 
791 2023.0327514648438 589.7322082519531 2311.888879394531 830.4456481933594 0.7553943452380952 1963.5155700683595 380.76122589111327 2217.984063720703 552.6994369506835 0.7160993303571429 
792 2022.27080078125 594.9288482666016 2318.39912109375 829.0768280029297 0.7457914806547619 1964.2634216308593 390.1817794799805 2212.184942626953 562.3493789672851 0.7295386904761905 
793 2031.4687866210938 586.1118438720703 2300.901086425781 809.8775970458985 0.6123744419642857 1975.790753173828 393.61001739501955 2240.656390380859 580.8425888061523 0.4681919642857143 
794 2029.775048828125 572.7863098144531 2314.047216796875 829.3247741699219 0.7706938244047619 1970.573797607422 385.0492477416992 2213.2451721191405 558.3860855102539 0.7272135416666666 
795 2028.1254272460938 572.661279296875 2319.5193481445312 829.365576171875 0.7626255580357143 1970.486962890625 390.94019012451173 2206.377294921875 557.451075744629 0.7249813988095238 
796 2027.9079467773438 572.3931213378906 2319.2612426757814 829.0617126464844 0.7613234747023809 1970.2774963378906 390.6974411010742 2206.134979248047 557.1851577758789 0.7222609747023809 
797 2026.4651245117188 576.5013397216796 2305.755334472656 814.5850250244141 0.8269391741071429 1974.8685363769532 404.8063995361328 2212.9521423339843 574.2120941162109 0.8136625744047619 
798 2015.3014526367188 577.1459014892578 2303.0835571289062 819.2484466552735 0.5876581101190477 1981.217266845703 401.27889556884764 2259.863665771484 583.9978073120117 0.4539388020833333 
799 2027.608740234375 579.2318908691407 2306.310205078125 812.2446716308593 0.8269391741071429 1976.1209106445312 404.3843688964844 2213.7025756835938 568.8640441894531 0.8156389508928571 
800 2026.4454711914063 577.6536834716796 2300.5147338867187 815.1803619384766 0.6011207217261905 1981.8213500976562 401.79258728027344 2246.7550659179688 579.9375762939453 0.5039411272321429 
801 2028.7675537109376 576.5498565673828 2320.8530517578124 833.8632904052735 0.7673921130952381 1970.189990234375 388.2456680297852 2213.594677734375 562.1061080932617 0.7453264508928571 
802 2027.7687622070312 578.1891448974609 2321.272009277344 829.7631866455079 0.7666248139880952 1968.9068176269532 388.16466827392577 2213.4929626464846 562.8688705444335 0.7458612351190477 
803 2027.338916015625 575.6153259277344 2307.191845703125 818.7662658691406 0.8245675223214286 1976.1677551269531 400.04547424316405 2210.1431579589844 574.3801239013671 0.8040829613095238 
804 2030.250244140625 581.3373657226563 2317.957763671875 833.9585327148437 0.7563941592261905 1976.5412048339845 385.1240951538086 2215.127862548828 560.555500793457 0.7443731398809523 
805 2032.3004028320313 582.8114776611328 2318.559704589844 827.1791839599609 0.7648809523809523 1973.49091796875 387.5858184814453 2210.8767578125 555.1522796630859 0.7340494791666666 
806 2031.9667602539062 576.5075561523438 2301.425085449219 823.1305053710937 0.6086309523809523 1986.295721435547 389.6080780029297 2255.7542053222655 581.4259185791016 0.43789527529761907 
807 2029.5601928710937 568.0789031982422 2321.020129394531 831.7807769775391 0.7891787574404762 1976.446063232422 380.9786972045898 2219.329449462891 554.4667678833008 0.7367001488095238 
808 2027.3934448242187 574.5365936279297 2315.616076660156 834.6399810791015 0.7596261160714286 1978.1845581054688 385.0017974853516 2224.2282836914064 553.7175018310547 0.7317475818452381 
809 2027.9569702148438 563.0852172851562 2318.9827270507812 833.3233520507813 0.7664155505952381 1975.7216857910157 394.6527328491211 2211.313836669922 554.0239334106445 0.705078125 
810 2029.3974853515624 568.3140319824219 2324.5400146484376 835.3477111816406 0.7580682663690477 1969.3958923339844 388.85003051757815 2222.3752258300783 571.5573181152344 0.7392113095238095 
811 2029.3297241210937 568.325552368164 2324.433215332031 835.3239227294922 0.7605794270833334 1963.120654296875 389.6960113525391 2223.092724609375 565.3528778076172 0.7267485119047619 
812 2029.5312377929688 568.2515167236328 2324.7312133789064 835.3371673583985 0.7616722470238095 1963.3006774902344 383.3461212158203 2223.3576477050783 566.0888763427735 0.7184709821428571 
813 2024.4900146484374 562.1092193603515 2319.6261962890626 836.1642791748047 0.7575567336309523 1963.6788452148437 384.27073364257814 2223.679797363281 559.9470397949219 0.7188430059523809 
814 2029.6248291015625 568.4876953125 2324.7267333984373 835.484716796875 0.7589285714285714 1969.631610107422 383.64367828369143 2222.576031494141 566.3257736206054 0.7228422619047619 
815 2028.96396484375 574.9097412109375 2323.8138671875 834.6583740234375 0.7567196800595238 1963.6218811035155 391.0336578369141 2216.350164794922 559.5192596435547 0.7288876488095238 
816 2024.2829223632812 567.2653961181641 2312.796911621094 834.6687469482422 0.7707868303571429 1962.5744018554688 386.74107666015624 2222.9409790039062 576.7381713867187 0.716796875 
817 2024.0393798828125 579.3301147460937 2319.6427490234373 832.7044311523438 0.7709263392857143 1956.9060485839843 387.13379364013673 2224.356768798828 570.126368713379 0.7144484747023809 
818 2025.691748046875 582.2151824951172 2320.294091796875 827.7173736572265 0.7613932291666666 1960.4042602539062 386.08325347900393 2212.920690917969 554.4275802612304 0.7206101190476191 
819 2029.6142944335938 564.9448699951172 2309.545617675781 830.8795318603516 0.7705775669642857 1962.861505126953 387.8345611572266 2214.7995056152345 555.7933074951172 0.7294689360119048 
820 2025.5757568359375 571.7532958984375 2319.2050048828123 830.4266357421875 0.7794363839285714 1960.5040588378906 381.6472137451172 2212.186248779297 563.4176666259766 0.7457914806547619 
821 2022.9748901367188 571.2243225097657 2309.774377441406 830.0434997558593 0.7802501860119048 1968.628173828125 381.81815948486326 2213.457275390625 556.6959701538086 0.7371186755952381 
822 2026.9404663085938 572.9010192871094 2313.441613769531 824.4632385253906 0.7886207217261905 1967.2748718261719 383.69181671142576 2211.8492736816406 551.3999496459961 0.7386997767857143 
823 2028.5941528320313 565.9166900634766 2315.0921264648437 831.4512908935546 0.7795293898809523 1969.7357849121095 385.3101638793945 2207.319512939453 539.0407577514649 0.7312825520833334 
824 2028.26650390625 565.9710357666015 2314.63974609375 831.3901092529297 0.7811104910714286 1969.4337585449218 380.0702362060547 2206.9140197753904 533.7339019775391 0.7264927455357143 
825 2027.9631958007812 572.4102172851562 2314.2250366210938 830.7439575195312 0.7686476934523809 1962.9770629882812 373.4234313964844 2207.3469116210936 540.9912414550781 0.7420479910714286 
826 2029.1768676757813 578.6630706787109 2314.318981933594 829.0316925048828 0.7852957589285714 1963.6424499511718 369.7551010131836 2214.0109924316407 529.7128250122071 0.7549525669642857 
827 2033.0969970703125 561.5725555419922 2317.9093505859373 832.4917144775391 0.7828543526785714 1968.4397766113282 371.34140930175784 2211.5723083496096 531.1142181396484 0.7404668898809523 
828 2037.3268676757812 558.5849914550781 2317.189001464844 824.4541931152344 0.78515625 1971.397637939453 369.9470153808594 2216.2770446777345 544.8609680175781 0.7409551711309523 
829 2034.5879760742187 566.4864196777344 2321.1056274414063 825.0510559082031 0.7763206845238095 1970.3499877929687 375.1162902832031 2207.950061035156 521.8691833496093 0.7419782366071429 
830 2036.5928955078125 561.9274932861329 2329.3118896484375 826.7686126708984 0.7837611607142857 1967.1658142089843 357.9354904174805 2211.098468017578 532.1730606079102 0.7458379836309523 
831 2040.06669921875 558.683236694336 2324.87080078125 815.7013458251953 0.7805989583333334 1970.8695495605468 359.90828094482424 2207.0485412597654 533.5691665649414 0.7627185639880952 
832 2040.76748046875 559.2263153076171 2318.222265625 801.9993316650391 0.7839239211309523 1970.0697509765625 365.2747406005859 2212.8428466796877 531.7476593017578 0.7700660342261905 
833 2039.809228515625 551.1765533447266 2325.953955078125 809.4046844482422 0.7925734747023809 1976.4602416992188 380.7245269775391 2206.771936035156 534.2655242919922 0.7632068452380952 
834 2039.7321166992188 545.679067993164 2325.8638305664062 803.8954559326172 0.7847144717261905 1976.3860107421874 380.60314025878904 2206.6872314453126 534.1371551513672 0.7592308407738095 
835 2036.3477783203125 534.4296569824219 2315.8446044921875 792.9641418457031 0.7814127604166666 1972.1173278808594 372.9128021240234 2202.7021301269533 540.6108184814453 0.7473493303571429 
836 2037.9766357421875 533.5691467285156 2317.2982666015623 798.9245056152344 0.7795293898809523 1968.414892578125 373.7650680541992 2198.855126953125 534.3748550415039 0.75244140625 
837 2031.4053955078125 542.1541076660156 2310.4769287109375 786.3416198730469 0.7773670014880952 1972.6394836425782 367.7344604492188 2202.8735778808596 542.1540893554687 0.7630673363095238 
838 2025.7165405273438 535.0980712890625 2312.0996215820314 786.55634765625 0.7764136904761905 1973.0606811523437 368.26520080566405 2203.564074707031 528.9190643310546 0.7609281994047619 
839 2027.6583618164063 544.9532867431641 2307.5801635742187 796.8829559326172 0.7533249627976191 1967.0984191894531 367.0414215087891 2212.0298767089844 527.9964813232422 0.7668340773809523 
840 2023.3963134765625 546.6232360839844 2302.3180419921873 797.6528869628906 0.7672991071428571 1967.6119262695313 344.6730697631836 2218.641735839844 532.9453079223633 0.7875511532738095 
841 2016.1112548828125 548.4742370605469 2307.1265380859377 797.9160217285156 0.7640438988095238 1961.4790649414062 354.730451965332 2217.8497924804688 527.9539047241211 0.7789248511904762 
842 2014.1026977539063 550.0270904541015 2291.5806518554687 792.8202606201172 0.7614629836309523 1964.7437133789062 356.05933685302733 2207.5368041992188 522.5461013793945 0.7615792410714286 
843 2013.2572082519532 544.0683990478516 2289.8393493652343 792.9924530029297 0.7658807663690477 1963.2596923828125 351.5246047973633 2212.1836669921877 517.4739608764648 0.7673921130952381 
844 2020.9938598632812 547.2870513916016 2306.048376464844 804.5316131591796 0.7661365327380952 1961.6296630859374 353.68511962890625 2204.9689697265626 527.4990234375 0.7803664434523809 
845 2018.54521484375 552.9357818603515 2290.2287109375 796.7540985107422 0.7692057291666666 1974.3365539550782 353.594221496582 2211.1887145996093 513.8176742553711 0.7708333333333334 
846 2019.9380249023438 546.0731231689454 2291.636437988281 803.8381927490234 0.7770182291666666 1969.5640380859375 346.72046661376953 2213.3959228515623 520.8860702514648 0.7766927083333334 
847 2006.0789184570312 528.7318298339844 2274.5609741210938 779.0118225097656 0.8210565476190477 1971.2497192382812 369.63778533935545 2207.877966308594 542.5585342407227 0.8209867931547619 
848 2005.9493713378906 544.1996765136719 2275.823944091797 782.0550842285156 0.8151274181547619 1970.4119018554688 368.6229446411133 2212.841271972656 542.4403793334961 0.8269624255952381 
849 2005.0191467285156 536.0118621826172 2274.4265319824217 778.0218902587891 0.8216145833333334 1969.5430419921875 372.3302200317383 2211.5531494140623 541.2805892944336 0.8292410714285714 
850 2009.4587097167969 543.7966827392578 2274.5423889160156 781.4577728271485 0.8121279761904762 1969.90712890625 371.8791748046875 2212.13876953125 545.554541015625 0.8334495907738095 
851 2008.248193359375 544.0684631347656 2278.111181640625 781.9137145996094 0.8127325148809523 1972.7121459960938 376.59168853759763 2215.1313598632814 541.2537399291992 0.8256603422619048 
852 2013.2014038085938 548.1253540039063 2298.2451293945314 798.4077270507812 0.7633928571428571 1970.6854919433595 359.8788604736328 2207.063165283203 526.7337493896484 0.7719261532738095 
853 1997.439208984375 543.7154266357422 2300.101806640625 805.1058013916015 0.7370954241071429 1960.6646423339844 363.5465881347656 2215.176300048828 535.5139587402343 0.7398856026785714 
854 1998.9600036621093 538.9256988525391 2294.613360595703 800.2007049560547 0.7406296502976191 1962.201641845703 364.12532196044924 2209.725482177734 536.0167984008789 0.7603236607142857 
855 2012.03046875 549.5632415771485 2295.48125 798.4468292236328 0.7515345982142857 1962.8386657714843 344.81917266845704 2211.722491455078 524.5684921264649 0.7760649181547619 
856 2013.1321533203125 548.5950653076172 2291.3175537109373 792.007290649414 0.7566266741071429 1962.8447814941405 347.98050994873046 2213.211737060547 521.8464248657226 0.7815987723214286 
857 2012.3187072753906 542.0006866455078 2311.1728698730467 799.1541595458984 0.7552315848214286 1965.2719116210938 342.3190887451172 2208.5252075195312 523.0215484619141 0.7886672247023809 
858 2024.470068359375 538.2023468017578 2302.155908203125 788.1194915771484 0.7623465401785714 1964.3940124511719 344.89038238525393 2207.3688049316406 511.50179901123045 0.7888067336309523 
859 2027.4275390625 533.6005126953125 2298.3048828125 776.695751953125 0.7770182291666666 1960.3759399414062 350.07704162597656 2210.416784667969 516.7708587646484 0.7857607886904762 
860 2025.8168090820313 534.8588012695312 2296.6678100585937 764.0406127929688 0.7694382440476191 1959.5730285644531 343.60682067871096 2202.6446228027344 517.2294219970703 0.7812732514880952 
861 2031.1593017578125 523.8264099121094 2294.5267333984375 766.4016174316406 0.7691127232142857 1971.1819458007812 340.69541625976564 2199.8959350585938 507.03273315429686 0.7764369419642857 
862 2036.5982788085937 521.0478302001953 2285.700305175781 749.3911956787109 0.7626023065476191 1975.1213073730469 336.6166397094727 2203.4647521972656 502.68453826904295 0.7781343005952381 
863 2029.83681640625 522.6627899169922 2285.4048828125 743.694448852539 0.7669735863095238 1973.7820068359374 337.7611999511719 2208.6281494140626 503.5350036621094 0.7832263764880952 
864 2029.000439453125 523.5055786132813 2277.589892578125 744.4741577148437 0.7639508928571429 1977.4763610839843 339.4535934448242 2212.255694580078 498.27476959228517 0.7829706101190477 
865 2030.7886962890625 519.809359741211 2280.6864013671875 748.8822296142578 0.7807849702380952 1962.9747375488282 329.44928283691405 2198.9890075683593 496.0477264404297 0.7901553199404762 
866 2028.1451171875 526.6273254394531 2277.76162109375 748.5085388183594 0.7750651041666666 1971.074688720703 329.5477661132812 2206.823626708984 502.8924194335938 0.7849702380952381 
867 2027.5702758789062 526.8859069824218 2277.211218261719 748.7890197753907 0.7744838169642857 1964.359912109375 329.78687744140626 2207.066357421875 503.14866943359374 0.7980375744047619 
868 2023.3879760742188 526.0402404785157 2273.282189941406 748.1683776855468 0.7639508928571429 1971.5937561035157 334.8819305419922 2207.604852294922 501.4779937744141 0.7854585193452381 
869 2012.8134826660157 492.6358367919922 2265.303094482422 740.6167877197265 0.8226143973214286 1979.1713439941407 324.0782043457031 2222.643475341797 499.9192321777344 0.8267299107142857 
870 2017.1271057128906 525.3629791259766 2281.034881591797 754.5461395263671 0.7745070684523809 1972.2520141601562 341.05484161376955 2208.3800659179688 500.78857269287107 0.7782040550595238 
871 2010.030340576172 501.0920135498047 2265.7969299316405 747.724087524414 0.8352632068452381 1983.505108642578 319.2798416137695 2225.569964599609 497.4030502319336 0.8331473214285714 
872 2008.2036193847657 498.0134765625 2264.089227294922 744.9204833984375 0.8407273065476191 1985.5849914550781 312.401594543457 2228.0027770996094 491.97032318115237 0.8199404761904762 
873 2009.2442993164063 505.43395080566404 2265.1148315429687 747.5971160888672 0.8306361607142857 1983.23544921875 314.05821990966797 2220.8294921875 478.54642486572266 0.8236142113095238 
874 2018.557568359375 522.2942443847656 2289.192431640625 779.0501159667969 0.7752511160714286 1972.9180480957032 317.5834106445312 2222.7346618652346 498.006494140625 0.7298177083333334 
875 2015.2226501464843 519.2161651611328 2277.978643798828 775.0575775146484 0.7801339285714286 1971.3412536621095 311.51124114990233 2199.524102783203 477.4624221801758 0.7339099702380952 
876 2006.1512329101563 496.8427673339844 2261.795788574219 756.9724182128906 0.8285900297619048 1986.14130859375 277.94064178466795 2205.9060546875 461.8253799438477 0.7826683407738095 
877 2000.2337646484375 499.88048400878904 2264.8199462890625 759.9821258544922 0.8311941964285714 1985.7453369140626 270.652978515625 2196.5173583984374 454.517919921875 0.7821103050595238 
878 2001.1414733886718 499.6779052734375 2265.3923400878907 759.4500244140625 0.8285202752976191 1983.7430236816406 263.850390625 2189.7690612792967 447.482373046875 0.7699730282738095 
879 1994.2770263671875 497.81780395507815 2267.2395751953127 761.8306335449219 0.8350771949404762 1983.7785400390626 259.7931137084961 2198.5686279296874 438.78491973876953 0.7800874255952381 
880 1990.0207885742188 497.4392395019531 2266.010217285156 759.8553161621094 0.8313569568452381 1982.886163330078 259.21126251220704 2200.0580505371095 444.7123519897461 0.7859700520833334 
881 2001.9783447265625 527.9635498046875 2279.9606201171873 778.1475341796875 0.7649507068452381 1980.0604431152344 262.54404296875 2216.3454406738283 450.18203125 0.6932431175595238 
882 2006.9806762695312 522.9987426757813 2277.499060058594 779.6443237304687 0.7594866071428571 1984.3042236328124 265.0192352294922 2220.1406005859376 445.3647979736328 0.6859188988095238 
883 1986.487322998047 499.87672424316406 2272.382427978516 767.6196746826172 0.8371465773809523 1986.8364013671876 264.94703369140626 2209.1992431640624 451.00572509765624 0.7926897321428571 
884 1997.0684997558594 501.45966186523435 2261.2514465332033 756.5327697753906 0.8346121651785714 1983.754345703125 267.58431854248045 2211.498095703125 454.33423004150393 0.7883882068452381 
885 2004.0768981933593 522.2192932128906 2274.811895751953 779.0703796386719 0.7513020833333334 1981.382147216797 280.0530532836914 2217.4075256347655 460.542985534668 0.7150762648809523 
886 1997.3435607910155 496.0833770751953 2262.424383544922 756.5938079833984 0.8365420386904762 1983.4567749023438 273.54205627441405 2216.5449340820314 451.78606872558595 0.7863420758928571 
887 1998.9788818359375 500.65435791015625 2263.8443603515625 761.0304565429688 0.8525158110119048 1977.9139892578125 275.1561798095703 2215.8438232421877 454.7259002685547 0.8181966145833334 
888 1998.5139465332031 501.4082092285156 2266.3794860839844 764.8094421386719 0.8439360119047619 1986.4942810058594 274.23757019042966 2209.7158020019533 452.81467590332034 0.8059430803571429 
889 1999.1305297851563 503.62164916992185 2268.2422729492187 758.8137756347656 0.8584681919642857 1989.1369689941407 273.0564651489258 2221.129998779297 454.0108871459961 0.8138020833333334 
890 1994.24130859375 507.26610412597654 2269.24208984375 758.9618621826172 0.8599097842261905 1988.8632019042968 271.52541198730466 2217.2536193847654 453.3057037353516 0.8103143601190477 
891 1999.163671875 503.68190002441406 2268.54677734375 759.3674774169922 0.849609375 1990.3833618164062 274.3376007080078 2214.1080932617188 447.83848571777344 0.7879929315476191 
892 1999.521337890625 500.9447937011719 2262.937646484375 754.9533996582031 0.8500279017857143 1988.8472412109375 278.05408172607423 2219.3363525390623 456.80086822509764 0.7958286830357143 
893 1999.0854858398438 503.71360168457034 2269.279504394531 755.5893157958984 0.8477725074404762 1993.2729553222657 276.67313995361326 2222.250848388672 450.69639739990237 0.7933407738095238 
894 2001.0188903808594 508.1159393310547 2271.145782470703 759.286587524414 0.8486095610119048 1987.1662353515626 279.364680480957 2219.3806396484374 459.4493148803711 0.8037806919642857 
895 2000.7964965820313 508.7419158935547 2271.637341308594 755.824673461914 0.8503069196428571 1990.5623474121094 275.18294525146484 2223.390411376953 455.74341583251953 0.8004557291666666 
896 1999.6599243164062 504.1975616455078 2271.3754760742186 756.8454681396485 0.8524460565476191 1989.3925476074219 281.4347320556641 2222.9728088378906 462.57851257324216 0.8025483630952381 
897 1998.8837524414062 505.64528503417966 2272.283972167969 755.0630279541016 0.8507254464285714 1988.552734375 281.50142059326174 2223.5810546875 458.97169342041013 0.7940383184523809 
898 1997.470965576172 501.6178771972656 2277.805523681641 762.6190612792968 0.8468656994047619 1987.0606872558594 276.3091537475586 2228.7284973144533 459.97664337158204 0.8039434523809523 
899 1998.8848693847656 500.5612060546875 2268.7683288574217 755.986767578125 0.8489583333333334 1987.3925903320312 279.6125183105469 2228.3600952148436 457.9284973144531 0.8067568824404762 
900 2000.487860107422 502.38872985839845 2271.6094299316405 758.7219268798829 0.8388904389880952 1993.0936462402344 281.3202789306641 2229.7087219238283 448.9227630615234 0.8099190848214286 
901 2005.533953857422 508.00742797851564 2275.312359619141 758.1655456542969 0.8459123883928571 1989.4982299804688 279.3561706542969 2234.7510375976562 451.0332946777344 0.8153134300595238 
902 2003.751885986328 507.2847534179688 2273.3363708496095 767.0660766601562 0.8456798735119048 1987.1621032714843 278.7978805541992 2237.140264892578 460.15466461181643 0.8203125 
903 2004.4692932128905 505.27894592285156 2276.062811279297 766.9963836669922 0.8486560639880952 1992.693994140625 288.19405975341795 2234.659033203125 456.08825836181643 0.8258928571428571 
904 2006.5310485839843 518.5878601074219 2278.793292236328 771.0492248535156 0.8464239211309523 1994.155499267578 284.59460296630857 2241.666644287109 452.9021926879883 0.8289853050595238 
905 2010.301220703125 506.8351745605469 2273.515673828125 770.0494689941406 0.8404482886904762 1997.3125061035157 279.7221649169922 2240.661492919922 458.50921936035155 0.8270786830357143 
906 2008.1815124511718 504.4672607421875 2271.5310119628907 767.8169189453125 0.8464936755952381 1999.008282470703 274.5618591308594 2242.482318115234 443.5031433105469 0.8170107886904762 
907 2006.1183227539063 511.7148101806641 2266.1084838867187 764.4830047607422 0.7583240327380952 1990.2854797363282 287.55670166015625 2243.0537536621096 460.8834228515625 0.7452334449404762 
908 2010.06455078125 514.4539825439454 2281.07900390625 775.4309661865234 0.8350074404761905 1994.8150573730468 278.37791595458987 2230.6982482910157 443.9979080200195 0.80712890625 
909 2009.1108154296876 509.5644866943359 2264.7988525390624 770.2661407470703 0.8300316220238095 1999.2766723632812 272.58056640625 2239.9242553710938 448.05279541015625 0.8124534970238095 
910 2008.7220825195313 510.80023193359375 2269.7151733398437 766.7742309570312 0.8504231770833334 1996.1743530273438 268.53227081298826 2232.071984863281 449.2197738647461 0.8253580729166666 
911 2008.76513671875 512.4790283203125 2269.4189453125 768.1200927734375 0.8398902529761905 1996.2336547851562 266.6702850341797 2231.8246948242186 447.1228057861328 0.8241954985119048 
912 2005.7320861816406 507.6396118164063 2271.195037841797 768.0937866210937 0.8395182291666666 1998.2190246582031 271.4585678100586 2228.6206970214844 441.7555130004883 0.8060825892857143 
913 2010.7359802246094 507.73253479003904 2279.8954895019533 771.9077850341797 0.8461216517857143 1995.5909484863282 273.2722625732422 2229.8596130371093 442.74317932128906 0.8127557663690477 
914 2008.6943969726562 504.5756866455078 2263.5988159179688 764.4783294677734 0.8285202752976191 1991.7777038574218 268.3180923461914 2226.6897033691407 443.25255584716797 0.8048502604166666 
915 2002.878594970703 506.2843475341797 2262.0402282714845 765.4460601806641 0.8427734375 1990.4189392089843 266.2914520263672 2224.661260986328 445.71105041503904 0.8082914806547619 
916 2001.3997192382812 504.7280242919922 2268.1298217773438 766.5186187744141 0.8356817336309523 1990.1909118652343 268.5845489501953 2222.344854736328 436.5256805419922 0.7904808407738095 
917 1994.6061889648438 520.4619384765625 2271.4233520507814 775.9855712890625 0.7539527529761905 1979.0454040527343 284.59393615722655 2248.764776611328 454.94305114746095 0.7448149181547619 
918 1997.7256103515624 504.67897033691406 2266.2016357421876 763.3923797607422 0.8290318080357143 1990.4034851074218 278.82108612060546 2224.7099182128904 444.7881362915039 0.7896902901785714 
919 1973.80546875 523.4777893066406 2267.74384765625 768.4263854980469 0.7167503720238095 1994.8011169433594 280.1442611694336 2246.748321533203 441.11046905517577 0.7463030133928571 
920 1995.7639038085938 495.9470550537109 2260.5966918945314 769.9121368408203 0.6081891741071429 1988.7391052246094 273.0869842529297 2253.572052001953 469.4286407470703 0.47163318452380953 
921 1979.5587524414063 526.0586120605469 2272.1441284179687 769.8798645019531 0.7467680431547619 1997.5104187011718 290.0074523925781 2227.3988830566404 443.26653442382815 0.7529064360119048 
922 1957.6165954589844 521.5403778076172 2274.1867492675783 760.7266510009765 0.7532087053571429 1977.9095764160156 285.3304611206055 2259.305145263672 461.2027114868164 0.7265392485119048 
923 1990.6330200195312 505.1385467529297 2264.585485839844 760.8274566650391 0.6696893601190477 1985.1890991210937 267.71305084228516 2245.443957519531 450.34801483154297 0.6029110863095238 
924 1987.4969116210937 500.5264465332031 2266.0355590820313 765.3663757324218 0.6766880580357143 1985.0381958007813 267.12306518554686 2254.444470214844 454.33750610351564 0.560302734375 
925 1988.900323486328 500.558544921875 2262.8900817871095 765.4154541015625 0.6800130208333334 1982.9287048339843 262.5737030029297 2247.785772705078 458.9331329345703 0.5486188616071429 
926 1992.4983154296874 507.9174468994141 2269.2770751953126 757.0182830810547 0.8501441592261905 1989.6595458984375 257.39721527099607 2229.5343017578125 432.6904006958008 0.8347516741071429 
927 1997.6785888671875 512.3714813232422 2265.6734619140625 757.2633453369141 0.8474469866071429 1990.2144958496094 253.2624740600586 2230.4858215332033 433.4658889770508 0.8327287946428571 
928 1969.6578002929687 524.8757263183594 2279.5538696289063 772.7924865722656 0.7211449032738095 1982.1066040039063 269.54270324707034 2230.0235229492187 434.8205169677734 0.7200288318452381 
929 1987.5700378417969 509.58062438964845 2267.8309631347656 762.2750274658204 0.8526785714285714 1988.8070007324218 253.5288101196289 2227.7180236816407 428.11764373779295 0.8343563988095238 
930 1989.0357666015625 509.0583831787109 2267.5487060546875 764.7422149658203 0.8564220610119048 1990.7919006347656 251.0915771484375 2223.646942138672 429.1571411132812 0.8371930803571429 
931 1955.6777893066405 525.0327819824219 2291.179510498047 776.6591125488281 0.7614629836309523 1986.8621704101563 254.31934967041016 2238.488659667969 429.05989227294924 0.7236560639880952 
932 1992.6417846679688 509.5880126953125 2272.7622680664062 771.3399658203125 0.8649321056547619 1990.8755798339844 247.65951843261718 2225.074737548828 422.1607940673828 0.8408668154761905 
933 1973.727117919922 518.5437286376953 2270.2329650878905 779.7511322021485 0.7479771205357143 1989.4756896972656 246.74683380126953 2243.6233093261717 416.17867279052734 0.7370954241071429 
934 1972.9245300292969 515.8253479003906 2271.2635803222656 771.5446472167969 0.7457449776785714 1994.2343872070312 246.99221954345703 2249.9538452148436 417.4717391967773 0.7287946428571429 
935 1968.7021484375 521.6816711425781 2273.7958984375 777.1089782714844 0.7402576264880952 1996.2643127441406 248.51627349853516 2251.691619873047 411.7059860229492 0.7198428199404762 
936 1995.0974731445312 509.5836456298828 2274.5228881835938 774.8011810302735 0.8454008556547619 1996.3724426269532 236.35138549804688 2233.1738220214843 406.84832153320315 0.8347516741071429 
937 1999.6000915527343 512.5004760742188 2272.817022705078 771.5854614257812 0.8415643601190477 1996.157666015625 232.94241943359376 2236.399951171875 402.52529296875 0.828125 
938 1995.0864379882812 505.24025573730466 2270.1535522460936 770.8223052978516 0.8458891369047619 1999.46416015625 227.98430099487305 2236.591015625 398.7156044006348 0.8241489955357143 
939 2001.2051025390624 506.07920532226564 2268.0116943359376 772.8856384277344 0.8437034970238095 2000.8450805664063 226.31050186157228 2239.566784667969 390.1390068054199 0.8187081473214286 
940 2002.1680419921875 503.54213562011716 2269.3275634765623 770.7015777587891 0.8308686755952381 2002.3483825683593 227.54950637817382 2236.698614501953 386.9077537536621 0.8193359375 
941 2000.2910400390624 508.0959533691406 2260.3119873046876 768.1170593261719 0.8333798363095238 1999.381787109375 224.43651657104493 2235.764697265625 389.9045021057129 0.8189871651785714 
942 2001.683642578125 503.4038391113281 2262.131787109375 768.5874938964844 0.83203125 2000.7728942871095 228.20294647216798 2237.544122314453 384.47188873291014 0.8196149553571429 
943 2004.5301879882813 513.0990661621094 2260.3626342773437 759.2775207519531 0.8408435639880952 2003.6020080566407 229.7896255493164 2235.299237060547 389.081559753418 0.8112676711309523 
944 2000.4793029785155 506.80864868164065 2268.321356201172 765.0847839355469 0.8391229538690477 2000.1114868164063 227.7453300476074 2239.2559448242187 385.58073501586915 0.8068963913690477 
945 2002.5281127929688 504.1239837646484 2263.778283691406 755.6983428955078 0.8503999255952381 1997.8762512207031 223.8940773010254 2234.9366149902344 388.38496017456055 0.8252418154761905 
946 2002.0044555664062 499.9977722167969 2269.9469604492188 748.8013000488281 0.8472609747023809 1997.4039367675782 221.74994201660155 2241.4226013183593 393.99859313964845 0.8138253348214286 
947 2004.9586181640625 493.54278259277345 2270.3699951171875 744.4772979736329 0.8482375372023809 2000.3185913085938 220.8928321838379 2241.6015747070314 389.7910514831543 0.8118257068452381 
948 2002.1429809570313 475.68060913085935 2267.5984741210937 736.3095031738281 0.8435872395833334 1997.5022094726562 223.77648391723633 2238.8251831054686 383.04967269897463 0.7975725446428571 
949 2004.2740417480468 464.00914306640624 2264.4941467285157 729.0482299804687 0.8445638020833334 2007.0541687011719 208.23714752197264 2243.1798400878906 376.8983810424805 0.7930850074404762 
950 2005.5239013671876 472.4229766845703 2272.1552978515624 725.0210540771484 0.7406296502976191 1985.5535400390625 218.47557678222657 2238.1515380859373 379.85767517089846 0.7037062872023809 
951 2020.7060302734376 438.6182495117188 2266.1997314453124 708.1797241210937 0.8070824032738095 2011.2641357421876 214.9710838317871 2242.3169189453124 369.00622634887696 0.7608816964285714 
952 2025.9134643554687 462.00021209716795 2264.211779785156 714.3158584594727 0.7263299851190477 2009.7393920898437 212.1106300354004 2248.037707519531 387.3298454284668 0.7133324032738095 
953 2022.171044921875 453.10805358886716 2266.414892578125 704.3301177978516 0.7364676339285714 2006.067041015625 205.10674133300782 2250.310888671875 372.58814392089846 0.7116582961309523 
954 2013.4078491210937 440.8848022460937 2249.414660644531 690.7742553710938 0.7403506324404762 1997.3892944335937 236.11422424316407 2233.396105957031 409.6485931396484 0.7135416666666666 
955 2019.3645935058594 456.25500946044923 2261.257110595703 691.236476135254 0.7642299107142857 2020.9594787597657 229.51384811401368 2249.029656982422 402.29433364868163 0.7029622395833334 
956 2013.3296020507812 450.34716033935547 2257.4836303710936 687.5255508422852 0.7374209449404762 1993.4752807617188 243.75511932373047 2223.6777954101562 411.1751480102539 0.7042178199404762 
957 2015.5581298828124 438.8893981933594 2252.5116943359376 689.7816223144531 0.7437220982142857 2010.1971496582032 227.1320770263672 2247.1508728027343 408.3320343017578 0.7137044270833334 
958 2000.7647338867187 438.58935394287107 2252.0211547851563 682.866487121582 0.7413969494047619 2013.9180725097656 227.3298469543457 2244.2365905761717 394.8342002868652 0.7258184523809523 
959 2013.0407836914062 452.92274017333983 2251.4628784179686 684.3325393676757 0.7544177827380952 2008.4556030273438 233.64981384277343 2239.865441894531 401.9478424072266 0.74560546875 
960 1995.6845581054688 473.7159896850586 2261.5075805664064 697.5669998168945 0.7137741815476191 2008.8680847167968 231.83850021362304 2253.7052795410154 406.7221229553223 0.7383045014880952 
961 2008.2722045898438 473.1784698486328 2259.8447387695314 703.7866790771484 0.7426292782738095 2009.0785278320313 226.17505340576173 2253.6629272460937 407.8663589477539 0.7456287202380952 
962 2012.3252075195312 478.1851776123047 2256.7140991210936 701.6264068603516 0.7311662946428571 2018.5021057128906 231.3792869567871 2255.908416748047 405.94274978637696 0.7437220982142857 
963 2018.187481689453 478.9864135742188 2262.099505615234 708.9607299804687 0.7411644345238095 2013.6308715820312 239.6309356689453 2250.5739624023436 406.8849334716797 0.7503255208333334 
964 2000.7785949707031 486.1337585449219 2258.2466735839844 708.8087463378906 0.7529529389880952 2001.5815124511719 228.66576614379883 2252.0909729003906 409.58922348022463 0.7346307663690477 
965 2011.4771606445313 492.60010986328126 2254.858044433594 708.1658813476563 0.7432105654761905 2000.7791625976563 218.46243286132812 2244.160046386719 399.2595520019531 0.7321893601190477 
966 2005.7932006835938 479.98275604248045 2252.0971801757814 705.1748672485352 0.7318638392857143 2012.0185302734376 220.41643600463868 2251.2851806640624 396.3477394104004 0.7402808779761905 
967 1999.9866271972655 481.8057373046875 2252.740301513672 706.475634765625 0.7357235863095238 2005.3872619628905 212.0398147583008 2258.140936279297 387.5631820678711 0.7228190104166666 
968 2002.49658203125 472.4434524536133 2254.37158203125 703.3288558959961 0.7457217261904762 2003.3038940429688 219.76114654541016 2248.1821899414062 401.67089080810547 0.7328404017857143 
969 2001.3144165039062 474.0814453125 2252.694616699219 697.53037109375 0.7341424851190477 1996.7488159179688 227.2670669555664 2241.145959472656 401.83654022216797 0.7254464285714286 
970 1996.9880310058593 472.6328689575195 2248.857794189453 696.5171249389648 0.728515625 2002.3698669433593 209.19208679199218 2254.239630126953 384.10167541503904 0.7355375744047619 
971 1997.9957885742188 486.29516143798827 2253.8047485351562 700.621434020996 0.7335844494047619 1997.1980712890625 203.89498748779297 2259.9205810546873 376.73877105712893 0.7213076636904762 
972 1989.9587890625 481.8061828613281 2238.76533203125 696.0562438964844 0.7251674107142857 1999.7940002441405 204.82281112670898 2255.512030029297 377.6051216125488 0.72705078125 
973 1998.8576965332031 478.23585052490233 2248.4102478027344 706.9923294067382 0.74755859375 2003.3902709960937 202.0217514038086 2259.874621582031 375.3220901489258 0.7201683407738095 
974 2005.4131408691405 478.921403503418 2242.894354248047 709.4176162719726 0.7278645833333334 1997.622576904297 200.6065460205078 2256.057720947266 375.2249359130859 0.7276088169642857 
975 2005.492364501953 473.2653045654297 2242.8942321777345 710.6672515869141 0.7362583705357143 1992.333184814453 195.04309692382813 2250.6823181152345 376.58574829101565 0.7191917782738095 
976 2003.5729248046875 466.1325653076172 2241.6614501953127 704.2210113525391 0.73974609375 1999.5329956054688 194.1084228515625 2272.634240722656 362.1708740234375 0.71337890625 
977 2002.2586791992187 465.5817474365234 2247.177600097656 710.5005889892578 0.7452799479166666 1999.8364135742188 194.5561279296875 2265.7483032226564 362.5005126953125 0.7106817336309523 
978 2011.1165832519532 473.2453582763672 2248.4321228027343 710.5609771728516 0.7367931547619048 1998.767559814453 191.3659194946289 2250.042864990234 358.882829284668 0.7208891369047619 
979 1998.8772277832031 471.8874801635742 2250.5816345214844 709.6082778930664 0.7332124255952381 1998.0704650878906 189.52676239013672 2256.766815185547 357.32971343994143 0.7161923363095238 
980 1991.576483154297 441.8932769775391 2247.7620178222655 707.2282440185547 0.7932012648809523 2007.2362243652344 192.04206161499025 2249.6974914550783 365.88220901489257 0.7967587425595238 
981 1981.9403442382813 439.48926849365233 2257.7742553710937 706.2793167114257 0.7901785714285714 2005.9411193847657 185.56918029785157 2254.643719482422 361.9219085693359 0.8026878720238095 
982 1996.5276184082031 448.7301940917969 2253.2974548339844 705.5000305175781 0.8007114955357143 2008.6959716796875 182.08454971313478 2251.7102783203127 365.49160690307616 0.8098260788690477 
983 1994.4304321289062 478.6470672607422 2257.1767456054686 713.7359283447265 0.74365234375 2001.3448974609375 189.57288208007813 2250.2625244140627 348.60357055664065 0.7100539434523809 
984 1996.3843017578124 479.4506774902344 2245.3984130859376 707.7135070800781 0.7212146577380952 1994.7880615234376 189.46649093627929 2257.6362548828124 348.558731842041 0.6946847098214286 
985 1994.6124633789063 479.24195861816406 2250.2925659179687 714.1913299560547 0.7220982142857143 1987.7020874023438 183.42895126342773 2257.2029418945312 356.1858711242676 0.7119838169642857 
986 1998.5361755371093 467.79004058837893 2247.235919189453 709.581510925293 0.7143787202380952 2008.3672180175781 179.76599044799804 2263.9754333496094 338.6574867248535 0.7045433407738095 
987 2005.8842712402343 480.11345825195315 2249.743292236328 710.0377868652344 0.7351190476190477 2004.2764221191405 185.6067337036133 2262.070135498047 366.7592025756836 0.7094261532738095 
988 2003.6522521972656 482.2068725585938 2246.796844482422 711.4575561523437 0.7238885788690477 1984.4144348144532 180.27992477416993 2255.3471618652343 340.0607276916504 0.7047758556547619 
989 1998.3890441894532 483.3834259033203 2254.8237243652343 712.0952728271484 0.7168666294642857 2002.9206848144531 175.2355163574219 2266.2857360839844 348.50209350585936 0.6957542782738095 
990 2007.435321044922 488.7399505615234 2250.420269775391 710.8976837158203 0.7118908110119048 1994.3515075683595 180.06894226074218 2258.163751220703 346.6872222900391 0.7095424107142857 
991 2005.8379333496093 487.96348266601564 2255.699298095703 717.0029479980469 0.7276553199404762 1999.6982360839843 174.03524780273438 2256.500128173828 347.5500183105469 0.70654296875 
992 2001.0865844726563 472.02215576171875 2252.4439331054687 716.3973999023438 0.7302594866071429 2006.4575744628905 180.1146339416504 2257.814764404297 347.6861930847168 0.7062872023809523 
993 2004.8103515625 467.1110107421875 2244.1525390625 713.4927490234375 0.7260044642857143 2010.225390625 167.3916458129883 2249.567578125 336.3391586303711 0.7068219866071429 
994 2004.4457763671876 462.2230712890625 2243.6616455078124 708.4746826171875 0.7107049851190477 2002.8221435546875 168.0742218017578 2256.1094970703125 336.93243103027345 0.6910342261904762 
995 2003.4406311035157 468.9918914794922 2242.501141357422 708.0524810791015 0.7137741815476191 1990.1894775390624 152.5881118774414 2250.3437255859376 321.33678436279297 0.6973586309523809 
996 2005.6398986816407 476.59693908691406 2243.415643310547 721.3661346435547 0.7231910342261905 1998.6463684082032 167.2732147216797 2250.4091735839843 342.10837707519534 0.7077752976190477 
997 2004.493426513672 473.4624389648437 2248.386090087891 717.3549438476563 0.7204706101190477 2007.441552734375 171.4108772277832 2272.239111328125 338.65148544311523 0.7066824776785714 
998 2004.220654296875 469.9794128417969 2249.242724609375 722.0021545410157 0.7386997767857143 1991.027099609375 166.5289535522461 2257.051025390625 341.5447463989258 0.68017578125 
999 2008.737615966797 462.9751541137695 2240.4338928222655 715.7348983764648 0.7242373511904762 2011.7080993652344 164.8482795715332 2264.467803955078 333.35476913452146 0.6875465029761905 
1000 2002.5892456054687 466.77491760253906 2248.847521972656 720.0690155029297 0.7047061011904762 1986.8937744140626 151.78097534179688 2275.3674560546874 320.6437072753906 0.6895461309523809 
1001 2003.552392578125 466.22014770507815 2243.098974609375 719.8577331542969 0.7062639508928571 1994.0679931640625 160.82537384033202 2268.8421630859375 336.96255950927736 0.6900809151785714 
1002 2005.2819519042969 486.135107421875 2248.1551818847656 722.06923828125 0.7111235119047619 2003.6805847167968 178.4066276550293 2260.4323303222654 351.88757705688477 0.6966843377976191 
1003 2001.036395263672 471.49241638183594 2250.127789306641 713.6646270751953 0.7245861235119048 2010.0845581054687 170.77306594848633 2273.0143188476563 343.7532249450684 0.7069382440476191 
1004 2015.3842895507812 482.0394317626953 2244.3737670898436 711.0289886474609 0.6949172247023809 1994.5671142578126 163.64247360229493 2265.1911865234374 330.1803565979004 0.6944289434523809 
1005 2022.4696899414062 479.84149780273435 2245.018835449219 716.3001037597656 0.7333519345238095 2011.502703857422 166.88158569335937 2282.734722900391 333.79352416992185 0.6997302827380952 
1006 2011.8722351074218 467.30767211914065 2248.1527893066404 724.4364685058594 0.7278413318452381 2014.8123718261718 167.68048553466798 2271.9411682128907 334.4667007446289 0.6908947172619048 
1007 2001.7880859375 463.1601760864258 2242.3896484375 717.9149887084961 0.7271902901785714 2011.8583679199219 168.12361221313478 2259.5367736816406 337.9601737976074 0.6855933779761905 
1008 2009.9736572265624 467.40453338623047 2239.7035888671876 711.0575332641602 0.6903366815476191 1988.2858093261718 160.29460525512695 2266.7465393066404 327.37096786499023 0.6859654017857143 
1009 2009.40791015625 470.66718139648435 2242.8455078125 711.1787658691406 0.6808268229166666 1988.1862487792969 152.343025970459 2264.0672912597656 322.1159126281738 0.7032645089285714 
1010 2003.287579345703 464.16424255371095 2236.472064208984 718.5471221923829 0.6775251116071429 1987.5246704101562 153.25188446044922 2263.1059448242186 322.8404312133789 0.7047991071428571 
1011 2016.5956176757813 455.7525970458984 2250.2557006835937 724.8157012939453 0.7121698288690477 1979.83095703125 151.2864646911621 2248.894140625 321.2210578918457 0.6829427083333334 
1012 2002.4161010742187 448.7724151611328 2236.7115844726563 718.5672454833984 0.7046595982142857 1999.9584594726562 170.78546447753905 2255.553503417969 341.18218688964845 0.6668061755952381 
1013 2021.6008666992188 468.32708129882815 2248.186486816406 723.2357849121094 0.7084030877976191 1995.7287109375 150.50820236206056 2257.71806640625 327.52812881469725 0.7021019345238095 
1014 2009.9080322265625 448.4297897338867 2251.0612060546873 725.0468032836914 0.7139136904761905 1996.540838623047 148.8977180480957 2258.9724670410155 326.21634140014646 0.7029854910714286 
1015 2001.6977966308593 467.79522705078125 2242.659747314453 722.9313354492188 0.7190987723214286 1992.9752807617188 149.69278106689453 2262.2857055664062 326.8706649780273 0.6936151413690477 
1016 2005.677020263672 475.3542755126953 2239.343609619141 716.101596069336 0.7187267485119048 1991.5155395507813 155.90111541748047 2253.5052124023437 332.92118072509766 0.6904529389880952 
1017 2005.8076049804688 469.8876159667969 2239.1242797851564 717.3448059082032 0.7134021577380952 1998.7374084472656 151.72837677001954 2246.1945983886717 328.48350677490237 0.6895228794642857 
1018 2014.865655517578 462.1552490234375 2248.6112731933595 724.2337890625 0.7019159226190477 1983.5361572265624 155.94282989501954 2252.6977294921876 333.02295989990233 0.6551571800595238 
1019 1996.246533203125 464.2034393310547 2229.379443359375 718.530142211914 0.7009858630952381 1988.3667602539062 153.35963821411133 2242.6935424804688 322.91079330444336 0.6708984375 
1020 2011.3650024414062 458.63782958984376 2244.0995971679686 726.6352416992188 0.7179361979166666 2002.6849243164063 149.13884201049805 2263.629772949219 325.4529090881348 0.6970331101190477 
1021 2009.1994323730469 458.5039810180664 2228.1864318847656 719.875749206543 0.703125 1991.8107971191407 147.6835609436035 2267.310662841797 324.28608932495115 0.6948009672619048 
1022 2008.6632446289063 469.7289520263672 2234.7950073242187 724.127066040039 0.7088913690476191 1986.6481140136718 146.29550704956054 2262.2460510253904 330.02744522094724 0.6935918898809523 
1023 2021.3084899902344 462.0606201171875 2247.6467102050783 730.83720703125 0.7097749255952381 1988.391534423828 146.2208465576172 2264.2411560058595 323.04758605957034 0.6788969494047619 
1024 2014.7641723632812 455.2965911865234 2248.3176147460936 731.3141876220703 0.7046595982142857 1983.4603637695313 145.52533950805665 2252.4007202148437 322.45969161987307 0.6640392485119048 
1025 2001.3252319335938 470.24872436523435 2234.537805175781 717.5951477050781 0.7182849702380952 1992.6273986816407 146.79565353393554 2254.107830810547 323.4716957092285 0.6849655877976191 
1026 2006.3180908203126 464.54212493896483 2245.9148193359374 725.2796829223632 0.7202613467261905 1997.6448669433594 148.24200515747071 2265.429473876953 331.462996673584 0.6876627604166666 
1027 2003.5990661621095 468.96366729736326 2243.620294189453 730.1632553100586 0.7132626488095238 1994.9105712890625 142.05695495605468 2263.1695068359377 318.5431427001953 0.7016834077380952 
1028 1995.961199951172 464.9634033203125 2249.635601806641 725.6841796875 0.7009626116071429 1992.7089904785157 144.07627563476564 2274.569207763672 320.2389709472656 0.6848260788690477 
1029 2000.8001831054687 459.4445404052734 2233.715686035156 713.5341583251953 0.7074962797619048 1987.4983642578125 148.0761688232422 2241.5880615234373 324.52728576660155 0.6557384672619048 
1030 2001.165545654297 462.61941986083986 2248.441510009766 731.0903274536133 0.6924758184523809 1969.9163452148437 147.13887405395508 2252.5174926757813 323.7644920349121 0.6609933035714286 
1031 2006.5430419921875 468.25682830810547 2240.3202392578123 723.2864151000977 0.7154947916666666 1979.023748779297 144.02046585083008 2262.3899475097655 328.20852279663086 0.6887323288690477 
1032 2001.9123779296874 456.46427154541016 2242.4079345703126 725.2535934448242 0.6952427455357143 1969.8099426269532 140.60955963134765 2252.7460876464843 317.44467010498045 0.6726655505952381 
1033 2009.1641784667968 461.5375701904297 2242.6352600097657 730.383267211914 0.6889415922619048 1959.0956604003907 133.91582412719725 2249.165936279297 317.86290817260743 0.6890113467261905 
1034 2001.743914794922 462.7776626586914 2241.770855712891 731.042985534668 0.6968936011904762 1975.134716796875 141.29369049072267 2257.519091796875 324.84366912841796 0.6730840773809523 
1035 2003.5065795898438 450.3649566650391 2243.8691528320314 726.0751678466797 0.6954055059523809 1965.1681640625 141.75444412231445 2255.0173828125 311.42223739624023 0.6846400669642857 
1036 2003.417706298828 452.16107482910155 2243.457659912109 720.4410369873046 0.6912667410714286 1970.561590576172 143.1503578186035 2260.0215393066405 312.5903495788574 0.6488327752976191 
1037 2004.4292236328124 446.1360809326172 2237.2758544921876 721.318325805664 0.6880812872023809 1975.391339111328 142.72997665405273 2271.741351318359 319.1288642883301 0.6483212425595238 
1038 2005.4100646972656 464.14310455322266 2238.430145263672 718.3470993041992 0.7097516741071429 1982.5968200683594 141.77121505737304 2272.1069152832033 318.30173721313474 0.6694800967261905 
1039 2005.3488891601562 457.83897094726564 2238.3945190429686 719.1324645996094 0.7114955357142857 1977.1008666992188 141.67926940917968 2266.642541503906 318.2289337158203 0.6699683779761905 
1040 2004.5361877441405 452.46024017333986 2237.263006591797 720.4487258911133 0.7000558035714286 1982.565411376953 136.73285903930665 2264.658587646484 320.0934196472168 0.67431640625 
1041 2006.0760437011718 463.564192199707 2239.0266174316407 724.7510848999024 0.7140764508928571 1985.713201904297 147.5334815979004 2253.9592834472655 324.0111198425293 0.6646205357142857 
1042 2005.5951538085938 470.77348175048826 2238.5017700195312 717.7955795288086 0.7127278645833334 1989.8509704589844 147.74456710815429 2265.1042297363283 324.1889198303223 0.6725492931547619 
1043 2003.4840759277345 453.65822143554686 2242.781671142578 721.1086242675781 0.7022181919642857 1988.5955810546875 140.1890380859375 2263.0841064453125 309.10509033203124 0.6800595238095238 
1044 1998.28037109375 459.94281311035155 2237.65810546875 720.4421356201171 0.6921502976190477 1983.3869995117188 140.9530502319336 2257.967248535156 302.88505401611326 0.6733165922619048 
1045 1992.0294128417968 454.0709945678711 2238.5830139160157 714.7133377075195 0.6866164434523809 1982.5465087890625 140.32476272583008 2264.3221435546875 302.34569320678713 0.6642485119047619 
1046 2014.6992248535157 460.0586990356445 2239.817742919922 720.3521591186524 0.7008231026785714 1970.324774169922 135.90943298339843 2251.7231994628905 297.71349182128904 0.6865466889880952 
1047 1998.7585510253907 452.87355651855466 2238.254510498047 720.5455718994141 0.6836635044642857 1978.4393371582032 134.53894500732423 2253.1552673339843 296.5509292602539 0.6848260788690477 
1048 2000.316259765625 437.5765640258789 2246.955712890625 716.7909591674804 0.7649274553571429 1999.7793212890624 124.17635879516601 2251.0722412109376 296.3585380554199 0.7956891741071429 
1049 1998.3619812011718 442.7058303833008 2244.7353088378904 712.3220932006836 0.7614862351190477 2002.4741577148438 124.99494018554688 2244.198937988281 296.99151000976565 0.8015252976190477 
1050 1998.275457763672 442.4464385986328 2244.8189025878905 712.248568725586 0.7616257440476191 1998.275457763672 124.51647491455078 2244.8189025878905 296.63162689208986 0.7979213169642857 
1051 1996.5804077148437 437.683740234375 2247.0497192382813 715.982763671875 0.7684151785714286 2000.6835998535157 121.20779037475586 2246.514520263672 297.4638557434082 0.8015020461309523 
1052 1995.9689697265626 437.2503295898438 2246.2551513671874 715.3462280273437 0.7601376488095238 1991.8687255859375 121.00535049438477 2246.7899658203123 297.13275680541994 0.7947358630952381 
1053 1996.3489929199218 436.5838150024414 2242.5852111816407 715.341813659668 0.7638113839285714 1995.8128967285156 119.58590164184571 2246.695281982422 296.1326499938965 0.7898297991071429 
1054 1999.173681640625 438.2767333984375 2245.222802734375 716.822998046875 0.7627650669642857 1998.1023315429688 118.48419494628907 2253.436486816406 290.2543914794922 0.8000837053571429 
1055 2001.550958251953 443.3973220825195 2243.1994079589845 712.9282089233399 0.7576264880952381 2001.0147888183594 122.74852981567383 2247.3100402832033 290.04356918334963 0.7972935267857143 
1056 2004.1350952148437 447.33712310791014 2246.4222778320313 717.5806930541992 0.7544177827380952 1987.1104309082032 122.25634460449218 2252.6946228027346 289.99371643066405 0.7913643973214286 
1057 1999.8695373535156 447.11803436279297 2246.797332763672 717.3407363891602 0.7600911458333334 1999.3319763183595 122.59990310668945 2250.918634033203 285.665340423584 0.7948753720238095 
1058 1995.7905395507812 441.3899917602539 2243.0295288085936 711.953483581543 0.7642531622023809 1974.0808471679688 116.4625862121582 2253.974084472656 279.7336875915527 0.7794596354166666 
1059 1995.10341796875 443.91441650390624 2247.319921875 719.4842651367187 0.7571382068452381 1962.5882934570313 120.20073547363282 2247.4993530273437 274.33301696777346 0.7691359747023809 
1060 1998.0820434570312 443.5626556396484 2245.7145874023436 719.2289093017578 0.7579520089285714 1981.0101501464844 124.94705657958984 2252.0041320800783 265.1163589477539 0.7660667782738095 
1061 1997.0099304199218 443.98045806884767 2244.6718322753904 715.0066940307618 0.7646251860119048 1984.0696533203125 120.65410842895508 2250.4230224609373 265.51296005249026 0.7683686755952381 
1062 1998.9764770507813 443.0108154296875 2246.4998413085937 718.5555908203125 0.7612072172619048 1966.4643676757812 119.86540451049805 2246.6794311523436 269.3134132385254 0.7650204613095238 
1063 1996.6859436035156 446.84422302246094 2244.070770263672 712.8994903564453 0.7718563988095238 1992.5569213867188 119.7505714416504 2244.609338378906 264.4473197937012 0.7721121651785714 
1064 2003.85361328125 445.50077056884766 2242.336328125 716.7164840698242 0.7591145833333334 1970.2213562011718 117.27214431762695 2250.7895080566404 271.5845603942871 0.7706705729166666 
1065 1996.85244140625 441.42236785888673 2245.03818359375 713.021876525879 0.7674618675595238 1999.914288330078 119.9335838317871 2252.782855224609 274.4643196105957 0.7915969122023809 
1066 1995.828271484375 441.940869140625 2244.014013671875 713.540576171875 0.7697172619047619 1998.3496704101562 115.76908721923829 2255.9010620117188 279.6654525756836 0.8046409970238095 
1067 2002.4471923828125 442.12489929199216 2245.0806396484377 717.4204498291016 0.7601609002976191 1976.6045715332032 113.5289321899414 2256.5662048339846 281.5058883666992 0.7781575520833334 
1068 2002.9662719726562 442.43892364501954 2240.648229980469 712.7439071655274 0.7643926711309523 1996.6925903320312 118.35968170166015 2257.676794433594 276.8143600463867 0.7946428571428571 
1069 2002.9547302246094 442.4551071166992 2240.9980285644533 713.1710220336914 0.7667643229166666 2009.0583984375 117.88326950073242 2256.43671875 276.57878189086915 0.8069428943452381 
1070 2003.4324035644531 446.71849822998047 2241.2862243652344 712.5549697875977 0.7701357886904762 2013.1188415527345 120.4319953918457 2260.300225830078 260.34594345092773 0.7936895461309523 
1071 1997.7380493164062 443.96893920898435 2245.0214721679686 714.5811096191406 0.7621140252976191 2003.8392944335938 121.13650817871094 2260.4544067382812 265.7740447998047 0.78759765625 
1072 1992.2663940429688 447.4441162109375 2243.988732910156 713.1509765625 0.7685546875 2006.0718017578124 120.77886276245117 2262.4555419921876 265.2860939025879 0.7935267857142857 
1073 2000.5426696777345 448.7262954711914 2241.808038330078 717.8298263549805 0.7639508928571429 2017.8524169921875 112.88227615356445 2263.7574462890625 261.35318222045896 0.8093145461309523 
1074 2003.0428100585937 443.70079345703124 2244.8983520507813 718.1137817382812 0.7629278273809523 2012.70263671875 114.7271713256836 2263.8603515625 263.5613418579102 0.8112909226190477 
1075 1994.9134338378906 447.6627136230469 2246.9282409667967 718.3453430175781 0.7574637276785714 2008.7348205566407 113.43787689208985 2265.416424560547 262.78001861572267 0.8021065848214286 
1076 1995.3189819335937 443.1443115234375 2247.747180175781 718.9455322265625 0.7591610863095238 2005.5671875 113.04583587646485 2262.6701171875 257.9583450317383 0.7974562872023809 
1077 1998.6524780273437 451.70511932373046 2240.860949707031 712.5450332641601 0.76904296875 2023.7332885742187 114.54807205200196 2265.941760253906 254.28373031616212 0.7999209449404762 
1078 1998.1867370605469 449.07653350830077 2243.8211975097656 713.249363708496 0.7635788690476191 2019.5772583007813 110.57166366577148 2265.211560058594 249.60999221801757 0.7975957961309523 
1079 1997.4261535644532 447.73545532226564 2238.9755798339843 712.5106384277344 0.7650669642857143 2026.0119873046874 109.53076210021973 2267.5612548828126 239.595756149292 0.7893647693452381 
1080 1996.0548217773437 440.7503387451172 2243.271594238281 711.289273071289 0.7805989583333334 2012.9187438964843 105.26772422790528 2269.464190673828 235.87272529602052 0.7758556547619048 
1081 1998.3341186523437 483.1250305175781 2237.908312988281 722.6990661621094 0.6908714657738095 1993.7270141601562 123.49291763305663 2226.254675292969 285.5577262878418 0.6065383184523809 
1082 1999.3274169921874 471.46575317382815 2238.9723876953126 718.1590026855469 0.7024972098214286 2005.5625732421875 118.77573165893554 2238.1591064453123 273.84006729125974 0.5751488095238095 
1083 1990.5533081054687 467.926936340332 2245.1359008789063 729.5813339233398 0.6823846726190477 2018.5682373046875 98.56444396972657 2266.0792236328125 261.21448669433596 0.5986560639880952 
1084 2014.055615234375 476.07959442138673 2255.503955078125 738.8320571899415 0.7019159226190477 2033.448046875 83.31654853820801 2296.200390625 246.6491725921631 0.6424618675595238 
1085 2008.388653564453 468.65846557617186 2234.692279052734 723.2501037597656 0.6870349702380952 2013.5566650390624 75.89106674194336 2289.3642333984376 245.6188056945801 0.6041666666666666 
1086 1988.113751220703 457.3221694946289 2241.839251708984 701.8212326049804 0.7666015625 2060.6826416015624 78.68566360473633 2300.5688232421876 221.6945701599121 0.7458844866071429 
1087 1979.5081298828125 453.8488998413086 2254.0436279296873 700.465461730957 0.7558128720238095 2053.2426879882814 79.09195976257324 2309.1652709960936 223.33938331604003 0.7449079241071429 
1088 2021.8064086914062 488.3428619384766 2246.2128784179686 726.7748748779297 0.6651088169642857 2067.1193237304688 78.09953956604004 2319.5767211914062 225.3663646697998 0.6141183035714286 
1089 2022.9756469726562 489.71978454589845 2247.1383666992188 720.8876983642579 0.6559012276785714 2066.6227783203126 84.50236549377442 2332.8161865234374 231.60922966003417 0.6379743303571429 
1090 2033.7495727539062 468.184814453125 2269.6554565429688 704.0906982421875 0.7426990327380952 2072.485791015625 84.8377799987793 2335.611376953125 225.47397232055664 0.7525576636904762 
1091 2046.0228515625 468.4407501220703 2289.0796875 725.0007171630859 0.73046875 2081.512060546875 92.77599792480468 2347.073876953125 214.30441589355468 0.7764601934523809 
1092 2050.0134033203126 475.9728713989258 2292.1618896484374 727.0898422241211 0.76025390625 2089.854248046875 91.70876045227051 2345.455322265625 235.20416526794435 0.7710193452380952 
1093 2052.810888671875 477.6536178588867 2295.889306640625 729.7347183227539 0.7664853050595238 2096.2673828125 97.97378692626953 2352.8498046875 219.51287689208985 0.7687872023809523 
1094 2058.6250244140624 483.1604064941406 2305.1254638671876 734.1424499511719 0.7678571428571429 2090.51494140625 98.75796356201172 2359.42451171875 215.28534088134765 0.76806640625 
1095 2055.7326416015626 502.1112518310547 2317.2541748046874 756.5645904541016 0.6994047619047619 2101.675671386719 108.19795761108398 2341.992541503906 242.4927619934082 0.6334867931547619 
1096 2063.4345092773438 495.055126953125 2310.9470825195312 756.71123046875 0.6998232886904762 2103.1453125 108.01093292236328 2336.51435546875 235.30306243896484 0.6428803943452381 
1097 2058.436865234375 524.6419403076172 2334.745263671875 765.5262115478515 0.6818033854166666 2089.7738037109375 106.36450958251953 2330.6578369140625 240.97628021240234 0.6482282366071429 
1098 2058.136022949219 525.6586791992188 2326.508264160156 772.8433959960937 0.6115373883928571 2088.5589599609375 110.33396110534667 2328.6812744140625 237.45755043029786 0.6115141369047619 
1099 2050.716552734375 505.98764953613284 2318.993896484375 753.0851654052734 0.6751302083333334 2087.373815917969 124.20842819213867 2320.351525878906 244.22719497680663 0.6256742931547619 
1100 2063.3022216796876 494.4849426269531 2317.9492431640624 734.9847839355468 0.6747814360119048 2089.147741699219 122.03659744262696 2308.427209472656 242.28653793334962 0.5710332961309523 
1101 2078.1837768554688 465.5627899169922 2310.7349243164062 726.3018951416016 0.7017531622023809 2086.5859985351562 106.16571083068848 2340.2780151367188 240.05873832702636 0.6310221354166666 
1102 2059.6780029296874 484.8635025024414 2305.7023681640626 709.8000411987305 0.6701543898809523 2092.931677246094 106.09408454895019 2331.926965332031 239.65017051696776 0.6184895833333334 
1103 2065.6841430664062 466.5919357299805 2304.0846557617188 690.9690078735351 0.6795944940476191 2101.8216186523437 116.54208984375 2354.2460083007813 242.75420532226562 0.64599609375 
1104 2061.9741455078124 447.87538146972656 2293.7543701171876 686.6793670654297 0.6679222470238095 2090.33876953125 115.06261901855468 2357.23740234375 241.48825378417968 0.6361374627976191 
1105 2059.374951171875 418.3966796875 2290.451220703125 663.4774658203125 0.69775390625 2091.4240966796874 120.52924423217773 2371.5163330078126 239.56848831176757 0.6689453125 
1106 2046.6896606445312 419.47667388916017 2278.519079589844 658.3314010620118 0.6524367559523809 2076.6814208984374 119.01688690185547 2329.5866455078126 245.4693801879883 0.6123976934523809 
1107 2053.2373046875 396.17757415771484 2304.1982421875 660.3469924926758 0.7771809895833334 2097.7736328125 108.13126640319824 2344.3318359375 227.00750465393065 0.7633928571428571 
1108 2057.757287597656 371.87628784179685 2286.996862792969 640.7920471191406 0.7655784970238095 2096.4159423828123 107.7081527709961 2343.2896240234377 226.7364273071289 0.7618582589285714 
1109 2048.69462890625 343.51935119628905 2272.30732421875 616.0474822998046 0.7204938616071429 2083.9026489257812 123.93795852661133 2328.4794311523438 249.72019882202147 0.6556222098214286 
1110 2037.871142578125 341.3561386108398 2281.599560546875 612.9393020629883 0.7292829241071429 2092.241259765625 127.08935546875 2329.006298828125 259.39910888671875 0.6454380580357143 
1111 2046.6811401367188 342.03694610595704 2263.6843383789064 603.3266708374024 0.7769019717261905 2094.203747558594 105.27509422302246 2342.207629394531 233.70562629699708 0.7588820684523809 
1112 2037.9379638671876 329.76160583496096 2258.6123291015624 581.3302520751953 0.7683454241071429 2089.2023071289063 102.46712837219238 2336.3575073242187 234.87167015075684 0.7368629092261905 
1113 2036.5606201171875 320.74681091308594 2249.8094970703123 573.9798126220703 0.7723214285714286 2094.9988037109374 110.57364959716797 2334.9040283203126 230.5261428833008 0.7452566964285714 
1114 2036.7155883789062 322.32262725830077 2248.4902221679686 581.9172103881835 0.7320033482142857 2063.5159423828127 111.33634071350097 2316.2789794921873 241.13362236022948 0.6141648065476191 
1115 2037.3181762695312 334.95570068359376 2242.4061889648438 574.2252075195313 0.7245628720238095 2058.0897705078123 110.93634986877441 2311.0318115234377 240.82551383972168 0.6079334077380952 
1116 2030.1335693359374 337.5340301513672 2240.3127197265626 561.2732818603515 0.7257719494047619 2073.160266113281 103.36402320861816 2317.239392089844 232.18360710144043 0.6407412574404762 
1117 2024.71337890625 315.68795318603514 2222.22705078125 560.8773239135742 0.74072265625 2083.65322265625 108.22006683349609 2315.22080078125 244.43636627197264 0.6187453497023809 
1118 2036.606982421875 341.1002395629883 2225.688427734375 557.1930648803711 0.7141694568452381 2075.046667480469 111.5016429901123 2291.139611816406 246.55964393615722 0.5922154017857143 
1119 2036.01181640625 341.7972640991211 2224.88125 557.648323059082 0.7275855654761905 2084.0074462890625 112.45555038452149 2306.6038818359375 247.36242752075196 0.6075613839285714 
1120 2037.6583374023437 338.1430419921875 2220.693957519531 555.073876953125 0.7309337797619048 2079.8975341796877 103.22146797180176 2303.6073486328123 232.02419090270996 0.6495535714285714 
1121 2032.7487548828126 329.3192794799805 2220.4406982421874 557.2310440063477 0.7363746279761905 2084.0545166015627 108.88424949645996 2318.6696044921873 236.24670906066893 0.6522739955357143 
1122 2031.4144165039063 340.19701080322267 2212.740612792969 555.1020309448243 0.7379324776785714 2087.982080078125 107.46929664611817 2316.318701171875 235.06917839050294 0.6487165178571429 
1123 2035.8375854492188 340.2316604614258 2217.1504516601562 555.1209701538086 0.7443731398809523 2080.52001953125 107.52095756530761 2322.2705078125 235.11149635314942 0.6609468005952381 
1124 2027.197216796875 323.4766510009766 2221.628466796875 558.1349822998047 0.7439081101190477 2079.2861083984376 108.93189125061035 2313.9443603515624 236.3178569793701 0.6382300967261905 
1125 2026.6797485351562 335.3079864501953 2220.9767456054688 563.1041839599609 0.7375837053571429 2084.6596801757814 110.6040428161621 2312.4557983398436 231.20203323364257 0.6535993303571429 
1126 2025.9840209960937 321.35447998046874 2220.940539550781 556.6468627929687 0.7299339657738095 2077.4379638671876 106.23001403808594 2319.4531494140624 233.96017150878907 0.6301385788690477 
1127 2034.5982177734375 336.02613372802733 2215.3978759765623 557.0035598754882 0.7275855654761905 2085.0779052734374 110.67031478881836 2319.4479736328126 231.2034797668457 0.6776878720238095 
1128 2032.9847778320313 347.7866806030273 2220.1419311523437 568.3648391723633 0.7100074404761905 2082.602099609375 116.92510757446288 2329.916943359375 243.9246696472168 0.6494838169642857 
1129 2040.0384643554687 341.7598907470703 2214.060412597656 562.6339691162109 0.7158900669642857 2087.4052978515624 111.36099777221679 2341.7450927734376 231.83774795532227 0.7126348586309523 
1130 2040.3910522460938 347.74168395996094 2214.1819458007812 568.3223419189453 0.7146577380952381 2096.693151855469 113.27826843261718 2317.273889160156 226.91075744628907 0.6807570684523809 
1131 2029.5733520507813 336.9307586669922 2216.599743652344 564.0342681884765 0.7147739955357143 2090.97353515625 102.63394432067871 2324.7564453125 222.8652088165283 0.6905924479166666 
1132 2023.7016967773438 301.5345993041992 2226.280480957031 560.1458511352539 0.7646019345238095 2084.210168457031 89.67234497070312 2308.339880371094 201.73720092773436 0.7382579985119048 
1133 2017.3518188476562 301.93397827148436 2224.2641479492186 556.2637756347656 0.7767392113095238 2063.111279296875 99.99548606872558 2304.508837890625 207.76233406066893 0.7473725818452381 
1134 2038.8478515625 335.8007278442383 2213.4490234375 550.6944808959961 0.7052408854166666 2027.2249755859375 112.64186248779296 2302.5577392578125 246.95045318603516 0.6821754092261905 
1135 2038.7713012695312 342.31180877685546 2213.2953491210938 550.3979385375976 0.7049618675595238 2040.578564453125 114.08829193115234 2288.939501953125 241.62496490478514 0.6746186755952381 
1136 2038.6624755859375 342.60549011230466 2213.1373291015625 550.6333404541016 0.7119373139880952 2022.6604736328125 113.67164916992188 2291.0831787109373 247.88316040039064 0.6735491071428571 
1137 2034.580322265625 329.85711975097655 2209.242431640625 551.5436981201171 0.6996140252976191 2012.6183166503906 107.39547843933106 2288.047088623047 241.75095252990724 0.6913364955357143 
1138 2026.475341796875 329.7981353759766 2214.550048828125 551.4574188232422 0.7093098958333334 2018.7250366210938 111.7556770324707 2273.9690551757812 252.81156845092772 0.6796177455357143 
1139 2030.0460693359375 329.1056884765625 2218.2483642578127 557.636865234375 0.7166806175595238 2021.5149291992188 116.86120834350587 2283.653771972656 258.0128303527832 0.6922200520833334 
1140 2027.8217041015625 324.708056640625 2221.8321044921877 565.548291015625 0.7076357886904762 2020.102490234375 120.1482421875 2281.012744140625 260.63837890625 0.6760602678571429 
1141 2027.3422485351562 324.9477996826172 2221.384069824219 559.1362457275391 0.7117513020833334 2007.7835754394532 119.58259506225586 2282.1186462402343 260.0956428527832 0.6673642113095238 
1142 2021.3718994140625 320.49983978271484 2215.0255615234373 560.8972854614258 0.7118210565476191 2035.7547485351563 121.45276184082032 2282.829968261719 261.68462829589845 0.6903366815476191 
1143 2021.8179870605468 314.7117950439453 2208.7988342285157 561.7937591552734 0.7121698288690477 2035.4304565429688 121.56661911010742 2282.512658691406 261.8023536682129 0.6820359002976191 
1144 2015.8354064941407 321.91634674072264 2209.307049560547 555.4165084838867 0.71728515625 2034.5666748046874 123.05630416870117 2288.0812744140626 256.4849708557129 0.69482421875 
1145 2010.2931091308594 332.04786682128906 2217.2836730957033 565.7467498779297 0.7047293526785714 2036.4880249023438 128.65276184082032 2283.5410278320314 255.51789245605468 0.6841052827380952 
1146 2015.923779296875 335.7918930053711 2216.537646484375 569.841682434082 0.7113327752976191 2029.555078125 126.94751358032227 2290.35361328125 254.00309371948242 0.7037992931547619 
1147 2022.5628540039063 343.1843322753906 2216.095593261719 570.0849548339844 0.7150297619047619 2031.0329956054688 128.0907943725586 2284.627893066406 261.56173248291014 0.69091796875 
1148 2011.2402465820312 333.37288055419924 2211.0812866210936 566.5208267211914 0.7180059523809523 2018.1577392578124 119.44041213989257 2291.2739013671876 252.66781845092774 0.7078915550595238 
1149 2017.6990905761718 334.60008544921874 2210.6213439941407 567.4375122070312 0.7196103050595238 2012.0700317382812 121.72015075683593 2298.127478027344 248.11761779785155 0.7204706101190477 
1150 2007.54482421875 322.9215393066406 2208.97373046875 564.6363220214844 0.7222144717261905 2004.962353515625 116.06949768066406 2273.534228515625 270.4983734130859 0.6591099330357143 
1151 2007.5461486816407 322.59300994873047 2209.032342529297 564.3766250610352 0.7223307291666666 2004.187969970703 116.45698394775391 2279.552630615234 264.213639831543 0.6789202008928571 
1152 2021.1070068359375 333.7132171630859 2209.1937744140623 568.8217559814453 0.7192847842261905 2000.6964599609375 115.65647048950196 2276.1092041015627 270.1563804626465 0.6675734747023809 
1153 2014.1665161132812 334.38488922119143 2208.9738647460936 562.7796310424804 0.7116582961309523 2011.5829284667968 115.54962158203125 2273.5651428222654 270.0519714355469 0.6541341145833334 
1154 2021.334979248047 338.6813430786133 2209.615826416016 567.3082504272461 0.7265392485119048 2001.6792846679687 115.22701950073242 2270.6520141601563 263.1620643615723 0.6716657366071429 
1155 2014.0630920410156 332.868098449707 2215.7790710449217 568.2035263061523 0.7241443452380952 2007.080584716797 115.37678451538086 2269.311627197266 263.3019111633301 0.6695963541666666 
1156 2004.874169921875 326.590153503418 2213.247412109375 575.2936660766602 0.7199590773809523 2014.1811096191407 115.89016723632812 2276.328045654297 263.7679443359375 0.6813151041666666 
1157 2005.0114501953126 326.82599487304685 2213.3205810546874 575.4530578613281 0.7206101190476191 2014.3155151367187 116.19081039428711 2276.3819946289063 264.0231025695801 0.6794084821428571 
1158 2000.7243774414062 326.98766021728517 2208.9697143554686 575.5384323120118 0.7247953869047619 2020.3604614257813 116.4171142578125 2282.346325683594 264.20404052734375 0.6924525669642857 
1159 2001.9146850585937 331.5604507446289 2210.601184082031 573.9060714721679 0.7240513392857143 2026.7704956054688 120.54373168945312 2289.3117797851564 261.9119873046875 0.7092866443452381 
1160 2005.9606567382812 331.919384765625 2214.500524902344 574.09453125 0.7216331845238095 2027.1770141601562 115.1002311706543 2276.0790893554686 263.096134185791 0.6972191220238095 
1161 2004.3482666015625 333.0229263305664 2212.5355224609375 574.788688659668 0.7238188244047619 2009.2559509277344 116.5702751159668 2264.453155517578 264.3160011291504 0.6525297619047619 
1162 2014.0612426757812 333.5108474731445 2215.390173339844 575.1056991577149 0.7258882068452381 2018.9652709960938 117.98549728393554 2267.2713012695312 258.91582412719725 0.6546921502976191 
1163 2007.3658447265625 332.06237030029297 2215.8895263671875 574.2189102172852 0.7243071056547619 2017.4557983398438 121.98640670776368 2273.0654418945314 256.51781997680666 0.6907087053571429 
1164 2018.7723876953125 339.5934143066406 2219.9302490234377 580.9828796386719 0.7072870163690477 2005.8775634765625 119.86704177856446 2274.0882568359375 253.97232894897462 0.6529250372023809 
1165 2012.5810913085938 345.6355697631836 2213.693566894531 580.2668045043945 0.7087518601190477 2004.0724731445312 120.0285873413086 2278.926306152344 254.10358428955078 0.6730840773809523 
1166 2016.906005859375 356.7354446411133 2224.487060546875 591.1009506225586 0.7174711681547619 2009.1796875 115.15869750976563 2283.72216796875 255.77800903320312 0.6726655505952381 
1167 2015.9234680175782 366.6215545654297 2230.4699645996093 594.5772369384765 0.7207961309523809 2021.5963745117188 112.10537643432617 2276.3706665039062 266.31071548461915 0.6592261904761905 
1168 2009.7082946777343 346.35925445556643 2223.978350830078 582.493376159668 0.78271484375 2047.0458251953125 110.56149520874024 2287.5528076171877 233.00141677856445 0.7716936383928571 
1169 2007.6992248535157 354.89196319580077 2226.044793701172 590.7050521850585 0.7711821056547619 2049.3527954101564 108.83340301513672 2285.1660034179686 235.47378692626953 0.7486281622023809 
1170 1998.0516418457032 359.0655746459961 2226.1948181152343 587.208869934082 0.7755533854166666 2047.6625366210938 106.96050109863282 2284.5808715820312 238.58161315917968 0.7627185639880952 
1171 1996.3961120605468 345.64610290527344 2224.6684631347657 591.4777374267578 0.8063383556547619 2046.035302734375 98.29491119384765 2283.087255859375 234.38029022216796 0.7450009300595238 
1172 1992.9546630859375 358.01951751708987 2221.9076416015623 586.9724563598633 0.7911086309523809 2050.5315673828127 99.09271621704102 2279.4845458984373 253.19565963745117 0.7501860119047619 
1173 1975.2305908203125 349.82393646240234 2223.1859130859375 584.4957962036133 0.8304501488095238 2037.560009765625 97.27068862915038 2276.659716796875 247.81489791870118 0.7612769717261905 
1174 1985.6436950683594 354.59252777099607 2238.5468566894533 594.185090637207 0.7520926339285714 2031.9750732421876 114.48799209594726 2238.2910400390624 260.90566940307616 0.5017438616071429 
1175 1993.863299560547 356.47644500732423 2235.026470947266 590.940577697754 0.7071475074404762 1979.1771728515625 112.4791259765625 2213.6411865234377 273.2545471191406 0.49887230282738093 
1176 1987.9123779296874 327.53585052490234 2222.2824462890626 548.6395950317383 0.7957124255952381 2030.6023559570312 98.60841751098633 2278.2387084960938 240.1148338317871 0.7475120907738095 
1177 1990.8614196777344 322.6173583984375 2216.453155517578 534.93916015625 0.8040829613095238 2036.456201171875 98.89688034057617 2279.741552734375 244.86811904907228 0.7407691592261905 
1178 1989.8645751953125 301.90587615966797 2214.8058349609373 531.2576065063477 0.8151041666666666 2038.2115966796875 98.33927383422852 2285.2058837890627 239.4787956237793 0.7431640625 
1179 1996.0312622070312 318.202082824707 2224.7858764648436 546.9565780639648 0.7498139880952381 2006.3820922851562 116.87742462158204 2235.1367065429686 251.4388900756836 0.5187872023809523 
1180 1991.0176391601562 313.49695892333983 2219.8204956054688 535.570149230957 0.7743908110119048 1998.2648986816407 116.5299461364746 2253.985467529297 251.11975784301757 0.5257859002976191 
1181 1984.5204711914062 314.40630798339845 2219.764929199219 536.2082550048829 0.7706938244047619 2009.5960205078125 111.73413848876953 2251.5616943359373 252.88082122802734 0.5034295944940477 
1182 1982.6573913574218 310.53587951660154 2216.5448791503904 544.4232879638672 0.7492792038690477 1972.3766296386718 120.08466186523438 2206.2641174316404 267.0996337890625 0.5443405877976191 
1183 1978.7916198730468 312.9060119628906 2207.0766662597657 534.4769836425781 0.7566266741071429 1982.148663330078 109.6701831817627 2270.862445068359 257.3841609954834 0.5908435639880952 
1184 1990.6525390625 328.44112396240234 2225.43583984375 556.5161819458008 0.7457449776785714 1940.3419616699218 121.78037643432617 2208.6654846191404 262.65024185180664 0.5724283854166666 
1185 1988.7240600585938 337.67943267822267 2223.8142700195312 566.0525924682618 0.7178896949404762 1947.9062255859376 115.24807968139649 2223.2973876953124 256.3021064758301 0.5701729910714286 
1186 1984.648907470703 336.36094055175784 2233.734271240234 592.1785491943359 0.7129836309523809 1949.1761291503906 122.4891471862793 2191.5298034667967 257.12997817993164 0.5483630952380952 
1187 1988.4835632324218 350.68867645263674 2245.1337463378904 593.8310073852539 0.7437453497023809 1925.3601318359374 124.17149276733399 2188.7643798828126 259.2505500793457 0.5865187872023809 
1188 2014.7519165039062 368.0796234130859 2255.093542480469 621.7734649658203 0.6986142113095238 1992.9260864257812 122.85939178466796 2199.8866577148438 276.41090240478513 0.5304361979166666 
1189 2006.7653747558593 368.8450958251953 2273.932989501953 629.3333099365234 0.7118908110119048 1990.8381774902343 124.28410949707032 2217.930499267578 277.90540466308596 0.5026971726190477 
1190 2011.9795043945312 362.8536666870117 2265.5788452148436 616.4531265258789 0.7214006696428571 2004.0224060058595 111.82097473144532 2237.600762939453 271.9890838623047 0.5762416294642857 
1191 2027.8160034179687 386.7234375 2276.4127563476563 621.88251953125 0.7128441220238095 1952.3583129882813 116.16124572753907 2227.8304077148437 277.41321716308596 0.5642438616071429 
1192 2031.8142822265625 400.66212310791013 2280.9337646484373 616.1165328979492 0.740234375 1989.6039489746095 110.8862533569336 2245.456231689453 279.2100296020508 0.6010509672619048 
1193 2038.0282958984376 410.0119903564453 2282.2968994140624 654.2806732177735 0.5768694196428571 1998.6217956542969 113.02727279663085 2222.5345764160156 262.30254592895506 0.5238211495535714 
1194 2060.939501953125 417.20762786865237 2293.724560546875 636.2994827270508 0.7065894717261905 2022.49306640625 102.26313858032226 2268.9712890625 266.5819999694824 0.6045154389880952 
1195 2065.7511962890626 418.8288848876953 2309.3469482421874 648.8915130615235 0.6838262648809523 2033.7402099609376 100.28067016601562 2284.1025634765624 249.14471435546875 0.5984700520833334 
1196 2076.5330078125 416.21319274902345 2316.6115234375 642.5727569580079 0.6900576636904762 2033.5301635742187 103.84757766723632 2280.467639160156 247.8945640563965 0.6047247023809523 
1197 2082.913134765625 421.18357238769534 2336.962841796875 640.9020599365234 0.6990559895833334 2067.860461425781 108.50722579956054 2315.043591308594 245.831290435791 0.6045386904761905 
1198 2109.026477050781 416.9021362304687 2337.445935058594 631.4779907226563 0.7132393973214286 2086.1312866210938 123.7904541015625 2328.3943481445312 248.3828857421875 0.6598772321428571 
1199 2119.2359375 402.44820709228514 2353.2181640625 629.5483444213867 0.7237025669642857 2104.942980957031 133.79240036010742 2325.161267089844 257.665225982666 0.6450427827380952 
