0 2229.63359375 362.54312286376955 2338.4298828125 513.0061019897461 0.8254278273809523 1893.5402526855469 475.34586334228516 2106.5033264160156 604.9755172729492 0.8285900297619048 
1 2238.7805297851564 364.18494567871096 2340.4550659179686 519.0073760986328 0.8340773809523809 1891.5409301757813 484.7011352539063 2106.4436889648437 611.7942260742187 0.8487490699404762 
2 2241.5258911132814 374.93090972900393 2345.7712280273436 523.1912521362304 0.82958984375 1886.0216186523437 492.8976745605469 2106.095812988281 622.6255187988281 0.8324730282738095 
3 2245.5888549804686 374.02986602783204 2345.1794555664064 533.8380233764649 0.82421875 1882.7690551757812 496.06839447021486 2100.4787475585936 632.7159378051758 0.8488420758928571 
4 2246.725476074219 378.23987731933596 2348.657092285156 545.0371612548828 0.8181733630952381 1874.9065979003906 498.79368591308594 2094.9863464355467 640.1079864501953 0.8412155877976191 
5 2246.4106323242186 389.24004821777345 2353.1042602539064 546.9608184814454 0.8241024925595238 1871.377703857422 507.0845489501953 2089.403668212891 648.5694427490234 0.8462146577380952 
6 2251.6530883789064 397.86999053955077 2356.6982299804686 549.6020248413085 0.8246605282738095 1869.0908264160157 511.8036712646484 2083.849969482422 656.5326934814453 0.8488188244047619 
7 2255.0305297851564 399.7984375 2357.9428588867186 558.8449951171875 0.8314034598214286 1864.5207946777343 514.2255920410156 2077.362628173828 663.9164978027344 0.8417271205357143 
8 2257.2999877929688 407.79965057373045 2362.7647094726562 569.5120254516602 0.8382626488095238 1863.475567626953 519.3938385009766 2069.717425537109 667.0442108154297 0.8245442708333334 
9 2261.2332397460937 414.4348434448242 2362.2279418945313 581.1936050415039 0.8417736235119048 1858.5188110351562 522.6564300537109 2067.5544311523436 675.3228790283204 0.8216610863095238 
10 2266.5025390625 420.2951858520508 2367.2982421875 589.0694076538086 0.8544689360119048 1857.639666748047 524.6972229003907 2063.919293212891 679.4069030761718 0.7978515625 
11 2271.7212036132814 425.17432708740233 2367.7653686523436 593.8375442504882 0.841796875 1859.2531372070312 531.5799072265625 2063.054479980469 683.845263671875 0.8000372023809523 
12 2273.7926513671873 434.10777587890624 2372.0994384765627 602.6339233398437 0.8477957589285714 1858.3288940429688 530.6141571044922 2061.964562988281 689.7777496337891 0.7899460565476191 
13 2274.247424316406 442.3051483154297 2369.969128417969 601.063442993164 0.8473074776785714 1863.9720153808594 541.349496459961 2060.085235595703 697.7731231689453 0.7945731026785714 
14 2274.3988647460938 450.4789794921875 2369.6946411132812 608.5305419921875 0.8515392485119048 1863.3576721191407 545.23837890625 2065.570672607422 703.28994140625 0.8132672991071429 
15 2272.616247558594 450.14067993164065 2367.906945800781 612.8322204589844 0.8478422619047619 1865.1722717285156 548.7389343261718 2067.374481201172 709.1062805175782 0.8325660342261905 
16 2264.287243652344 459.1029968261719 2361.439074707031 621.0229797363281 0.8439825148809523 1870.2522583007812 550.1162292480469 2066.8693237304688 709.7231262207031 0.8186848958333334 
17 2259.803332519531 464.58478393554685 2361.256970214844 632.9060607910156 0.8566080729166666 1870.5712341308595 552.5588348388671 2071.173516845703 711.6570465087891 0.8336588541666666 
18 2260.3534545898438 466.08157806396486 2359.5403442382812 634.4689895629883 0.8411225818452381 1874.5172790527345 555.8645477294922 2072.891534423828 715.0252838134766 0.8427501860119048 
19 2257.2928833007813 468.7963928222656 2358.5852905273437 639.1520935058594 0.8470982142857143 1874.25810546875 556.8961364746094 2072.23896484375 715.7413146972656 0.8450055803571429 
20 2254.059216308594 468.1780380249023 2357.482531738281 642.8483596801758 0.8516090029761905 1873.9568420410155 558.1650695800781 2069.311834716797 719.0456237792969 0.8319149925595238 
21 2251.7118408203123 471.7834762573242 2355.2744873046877 646.6894546508789 0.8604678199404762 1875.1682189941407 560.1216491699219 2066.183953857422 721.2192932128906 0.8286830357142857 
22 2250.5308227539062 477.6087814331055 2356.5382690429688 643.5334609985351 0.8448428199404762 1873.47783203125 561.4574523925781 2067.056591796875 722.7731384277344 0.8357282366071429 
23 2250.049462890625 476.63428497314453 2351.458349609375 644.8806991577148 0.8596075148809523 1874.4646301269531 560.4915557861328 2065.7583923339844 724.1285003662109 0.8431454613095238 
24 2245.5686645507812 475.85474700927733 2351.8934936523438 653.8331497192382 0.8731863839285714 1874.7655639648438 563.3326202392578 2066.6123657226562 722.8197845458984 0.8373325892857143 
25 2244.1495971679688 478.3298645019531 2348.1416625976562 651.6502380371094 0.8572126116071429 1874.665869140625 563.2124084472656 2068.784814453125 724.9781433105469 0.8430989583333334 
26 2245.321154785156 478.8177825927734 2349.174206542969 651.9059112548828 0.8643508184523809 1874.8240051269531 563.3202514648438 2066.3748474121094 727.1770629882812 0.8423084077380952 
27 2241.424365234375 482.8437728881836 2347.560986328125 653.5852127075195 0.8563755580357143 1874.5610961914062 565.5522155761719 2068.3756713867188 727.0643615722656 0.8443080357142857 
28 2243.41865234375 482.25709381103513 2347.2498046875 655.3091598510742 0.8535853794642857 1874.7735656738282 565.2333160400391 2066.2844177246093 726.7485565185547 0.8349609375 
29 2238.6206665039062 482.0000289916992 2344.6535034179688 659.4895034790039 0.8561662946428571 1875.9287902832032 565.4253723144532 2067.2485778808596 726.7794616699218 0.8343331473214286 
30 2235.0717529296876 489.280989074707 2343.2021728515624 661.8292098999024 0.8558640252976191 1874.8442749023438 564.9367401123047 2068.098352050781 725.9817779541015 0.8278924851190477 
31 2233.954699707031 488.9886810302734 2341.908337402344 665.8489044189453 0.8495861235119048 1874.5804138183594 565.0509521484375 2065.221954345703 725.832958984375 0.8275902157738095 
32 2231.8072509765625 488.4056594848633 2339.7142333984375 667.4853012084961 0.8494001116071429 1874.089422607422 564.4349945068359 2066.9443908691405 727.4433624267579 0.8303338913690477 
33 2228.4035400390626 492.34686889648435 2336.3689208984374 669.2263732910156 0.8443545386904762 1874.0262268066406 564.6182861328125 2066.9856140136717 727.7149658203125 0.8241024925595238 
34 2229.7200317382812 493.8923858642578 2335.3529663085938 670.712777709961 0.8477725074404762 1873.1645629882812 564.3732330322266 2068.3559448242186 727.4154022216796 0.8294735863095238 
35 2229.640478515625 492.5080108642578 2335.050927734375 671.2472991943359 0.8497953869047619 1873.8362915039063 566.894564819336 2068.616345214844 727.3016632080078 0.8331008184523809 
36 2228.201513671875 500.5154968261719 2331.485498046875 672.6555236816406 0.8229166666666666 1873.3282470703125 567.4294281005859 2068.4202880859375 725.7982940673828 0.8319149925595238 
37 2227.8640380859374 500.52020568847655 2331.2756103515626 672.8727996826171 0.8340076264880952 1872.8177001953125 565.4838775634765 2065.8524658203123 726.3462615966797 0.8312639508928571 
38 2225.79384765625 498.2904113769531 2331.38583984375 672.7466979980469 0.8341238839285714 1873.173162841797 565.2124084472656 2065.9932189941405 725.8958679199219 0.8309384300595238 
39 2224.880578613281 495.52915649414064 2329.864782714844 673.5461608886719 0.853515625 1872.0064208984375 566.1039367675781 2068.2816650390623 725.8628601074219 0.8552129836309523 
40 2226.6828125 492.0972869873047 2331.69462890625 670.1607086181641 0.8546084449404762 1872.2243896484374 568.2220520019531 2066.2677978515626 725.7396179199219 0.8500279017857143 
41 2226.122033691406 494.2074249267578 2331.150671386719 670.016635131836 0.8552827380952381 1871.3421630859375 566.3049987792969 2067.7005615234375 726.1315246582031 0.8485863095238095 
42 2226.6330444335936 497.8192932128906 2329.1118286132814 670.8943298339843 0.8445870535714286 1870.7606689453125 565.9632080078125 2066.6087158203127 725.3744384765625 0.8461216517857143 
43 2225.3236694335938 497.3433837890625 2327.6272583007812 672.3958740234375 0.8417503720238095 1870.0598022460938 565.6330841064453 2065.5730102539064 724.771762084961 0.8416108630952381 
44 2222.183801269531 495.1393310546875 2326.622106933594 672.2300537109375 0.8378673735119048 1871.4079650878907 567.3553283691406 2064.391473388672 724.0124694824219 0.8416108630952381 
45 2221.7063598632812 495.54163818359376 2326.0570678710938 670.2158081054688 0.8314499627976191 1872.968701171875 567.1737487792968 2065.7908203125 725.9684631347657 0.8441685267857143 
46 2223.5700805664064 494.4848266601563 2327.9360229492186 671.4530395507812 0.8351004464285714 1871.0299865722657 568.3960845947265 2066.148846435547 724.9449188232422 0.8506556919642857 
47 2222.8232421875 496.1145965576172 2327.115234375 672.9573638916015 0.83203125 1872.5385131835938 566.223828125 2065.2517700195312 724.9288818359375 0.8460053943452381 
48 2224.9298461914063 496.2403533935547 2326.9839721679687 673.1342193603516 0.8326125372023809 1872.5379638671875 566.3698425292969 2065.3067626953125 725.1207580566406 0.8470284598214286 
49 2225.3749877929686 498.28578186035156 2325.1750610351564 672.9355926513672 0.8305199032738095 1872.6732116699218 566.4183685302735 2065.4685119628907 725.1909454345703 0.84912109375 
50 2224.6950073242188 495.1766082763672 2326.6748657226562 671.941616821289 0.8332868303571429 1870.5548828125 566.9982940673829 2065.44951171875 725.6336029052734 0.8485165550595238 
51 2226.5477783203123 498.6944610595703 2326.2764404296877 673.2195404052734 0.8281715029761905 1872.3541259765625 566.7784362792969 2065.0118408203125 725.4376281738281 0.8510509672619048 
52 2226.7827026367186 496.70693359375 2326.5319946289064 673.535498046875 0.8319149925595238 1870.5098022460938 566.8105682373047 2065.474572753906 725.5028472900391 0.8517950148809523 
53 2226.284814453125 499.1614532470703 2323.650244140625 675.7774505615234 0.8334495907738095 1872.4432861328125 567.7002868652344 2062.6450927734377 723.9375305175781 0.8431919642857143 
54 2226.0796630859377 496.85802307128904 2325.7054931640623 675.7318817138672 0.8356817336309523 1872.2508117675782 567.397348022461 2064.7100036621096 723.6289581298828 0.8396809895833334 
55 2228.1942626953123 494.5589111328125 2325.5996826171877 673.51298828125 0.8373093377976191 1872.4642517089844 566.8724182128906 2062.7446105957033 723.1740905761719 0.8443777901785714 
56 2227.8845947265627 500.9652893066406 2325.4664794921873 675.7049987792968 0.8263811383928571 1871.24794921875 565.6416656494141 2064.142431640625 724.4959686279296 0.8436802455357143 
57 2227.4161376953125 499.04302368164065 2324.9700927734375 676.0009216308594 0.8291248139880952 1872.8895568847656 565.7076354980469 2063.459686279297 724.5159973144531 0.8486793154761905 
58 2225.8629150390625 499.1267852783203 2325.7655029296875 676.2267913818359 0.8238932291666666 1873.0602600097657 563.836392211914 2063.783367919922 725.0428192138672 0.8455171130952381 
59 2227.6548828125 499.0087371826172 2325.23232421875 676.009878540039 0.8267066592261905 1872.7796997070313 563.6822235107422 2065.6656127929687 724.7986724853515 0.84423828125 
60 2225.8510498046876 498.85596923828126 2325.6723876953124 675.8121215820313 0.8291480654761905 1871.0660705566406 563.5130676269531 2066.171600341797 724.5884948730469 0.8500511532738095 
61 2225.9947875976563 498.4964324951172 2325.8462768554687 675.505825805664 0.8276832217261905 1871.1031188964844 563.434780883789 2066.267364501953 722.2894012451172 0.8492373511904762 
62 2225.936083984375 498.4189819335937 2325.744091796875 675.3516479492188 0.8314964657738095 1871.1982055664062 563.0674713134765 2066.277868652344 724.1215545654297 0.8473307291666666 
63 2228.2194213867188 496.14975891113284 2325.6860961914062 675.2162689208984 0.8313104538690477 1872.004345703125 562.7548156738281 2064.670947265625 723.6880554199219 0.8448893229166666 
64 2227.870886230469 492.14552612304686 2327.611291503906 673.4915588378906 0.8301711309523809 1871.6305053710937 560.7605773925782 2066.577502441406 721.7052429199218 0.8404482886904762 
65 2227.0636352539063 492.0746704101563 2329.2954956054687 671.5486206054687 0.8352399553571429 1872.3098510742188 560.5788452148438 2065.414758300781 721.8781860351562 0.8440987723214286 
66 2229.376953125 496.74399719238284 2331.7392578125 671.8971771240234 0.8361235119047619 1872.6838256835938 559.8236297607422 2063.7600219726564 719.0538726806641 0.8326357886904762 
67 2229.3708740234374 503.8942626953125 2336.7306884765626 668.3601318359375 0.8318917410714286 1873.4674072265625 556.8712036132813 2065.3443603515625 719.0528686523437 0.8383091517857143 
68 2231.300256347656 497.1823303222656 2341.115026855469 664.1921813964843 0.8343796502976191 1874.842547607422 556.3133178710938 2069.306011962891 714.1719116210937 0.8526785714285714 
69 2237.320202636719 503.9723815917969 2344.932971191406 664.2467346191406 0.8229631696428571 1877.0551147460938 551.7905303955079 2069.3843383789062 709.7752044677734 0.8454008556547619 
70 2241.7317138671874 497.575 2346.5461181640626 659.3535888671875 0.8087565104166666 1880.9285766601563 549.1933776855469 2074.607312011719 704.1363342285156 0.8497721354166666 
71 2242.362512207031 496.9665161132813 2352.126501464844 659.3255981445312 0.8331008184523809 1883.782861328125 549.0339599609375 2082.729833984375 702.2460693359375 0.8492606026785714 
72 2244.145373535156 496.15196228027344 2351.495983886719 660.6034698486328 0.8353562127976191 1884.9348388671874 548.6850677490235 2090.4992431640626 699.4323028564453 0.8440057663690477 
73 2246.2640869140623 499.1907012939453 2353.3179443359377 658.6324798583985 0.8200567336309523 1891.2873657226562 547.811669921875 2098.5615112304686 695.8647216796875 0.8425641741071429 
74 2244.683068847656 495.90423278808595 2351.381140136719 657.0860626220704 0.8313337053571429 1895.8632202148438 547.8560913085937 2104.7185668945312 697.6871215820313 0.8303338913690477 
75 2243.5732299804686 495.57334289550784 2350.3112915039064 656.8156341552734 0.8442847842261905 1899.863592529297 551.3006164550782 2108.7971740722655 698.9167907714843 0.8259858630952381 
76 2245.66650390625 498.62925415039064 2349.9521484375 655.0578796386719 0.8347749255952381 1905.7785278320312 553.7367492675781 2114.350134277344 701.0971130371094 0.8285202752976191 
77 2247.5923706054687 488.56251831054686 2354.4903930664063 650.0467346191406 0.8542364211309523 1912.3771911621093 558.3699127197266 2119.349981689453 706.2075408935547 0.8288922991071429 
78 2248.3484375 481.49647216796876 2361.90546875 649.5611450195313 0.8634905133928571 1917.8968994140625 560.7244689941406 2124.5708740234377 708.3488952636719 0.810546875 
79 2248.510107421875 470.28597259521484 2366.476220703125 647.2354202270508 0.8730236235119048 1926.1968811035156 565.9154602050781 2130.3694030761717 715.6419128417969 0.8052222842261905 
80 2250.8980224609377 470.19024963378905 2369.0590087890623 645.1596649169921 0.8702334449404762 1931.023748779297 569.2114471435547 2140.0779357910155 719.1852203369141 0.8061290922619048 
81 2253.073376464844 466.96338043212893 2373.184680175781 645.9971603393554 0.8761160714285714 1931.5272705078125 569.7291198730469 2149.0874755859377 719.3016418457031 0.8233351934523809 
82 2257.4173583984375 471.519384765625 2373.1890869140625 644.0420166015625 0.8617001488095238 1938.5646728515626 573.670932006836 2154.2180419921874 723.4933135986328 0.8117792038690477 
83 2256.491906738281 471.76695556640624 2374.234899902344 646.1170776367187 0.8746512276785714 1944.1944763183594 575.6628845214843 2157.0375793457033 725.1059143066407 0.8178943452380952 
84 2255.8454345703126 471.61326293945314 2370.7234130859374 645.0567810058594 0.8660249255952381 1949.8500122070313 576.9616180419922 2163.8387084960937 723.3749908447265 0.8193359375 
85 2255.5021118164063 471.3863998413086 2371.6988159179687 647.9156326293945 0.8764880952380952 1952.6350891113282 577.8711791992188 2176.0898864746096 725.3513549804687 0.8506324404761905 
86 2259.1290771484373 470.96985778808596 2372.0799072265627 643.7180694580078 0.875 1958.6936950683594 579.1504272460937 2180.165802001953 729.7514282226563 0.8667224702380952 
87 2259.2618408203125 472.8064392089844 2371.8851318359375 645.0534240722657 0.8628627232142857 1962.586114501953 580.67314453125 2187.8322204589845 730.837109375 0.8722795758928571 
88 2258.834924316406 476.4713790893555 2373.289831542969 648.1540176391602 0.8644205729166666 1963.1309143066405 582.0375762939453 2189.840155029297 733.9107269287109 0.8676990327380952 
89 2259.119006347656 476.9349334716797 2372.588757324219 651.5039703369141 0.8651413690476191 1968.1424926757813 583.2709808349609 2188.5359741210937 738.2010040283203 0.8653273809523809 
90 2257.5895874023436 474.3737396240234 2372.9921997070314 657.2759796142578 0.8805338541666666 1973.0191650390625 588.9388610839844 2188.5823974609375 737.0025451660156 0.8776041666666666 
91 2254.1865844726562 476.2541748046875 2369.5504760742188 656.918310546875 0.8761858258928571 1976.9115417480468 590.5296752929687 2188.0490295410154 738.5436889648438 0.8719773065476191 
92 2253.5599609375 479.16161651611327 2371.21884765625 655.649510192871 0.873046875 1977.9339172363282 591.1216400146484 2189.2837341308596 741.4632598876954 0.8643973214285714 
93 2251.36572265625 480.5610382080078 2371.19677734375 657.0396087646484 0.8723725818452381 1979.3573181152344 592.5151428222656 2190.6960266113283 742.8487487792969 0.8679780505952381 
94 2249.700061035156 482.1829177856445 2369.365124511719 658.4169052124023 0.8713727678571429 1979.491259765625 593.9818634033203 2192.712841796875 744.1071868896485 0.8588169642857143 
95 2248.1956787109375 481.9368423461914 2367.8648681640625 660.3526779174805 0.8651181175595238 1980.8229187011718 593.9906860351563 2198.4032775878904 744.1210083007812 0.8679780505952381 
96 2249.8463623046873 479.717626953125 2367.2532470703127 660.176416015625 0.8651413690476191 1980.245184326172 593.6123687744141 2202.0137268066405 743.6323211669921 0.8753022693452381 
97 2251.1719604492187 479.2888641357422 2368.4674438476563 659.5761871337891 0.8734188988095238 1981.8271179199219 593.075405883789 2203.3849182128906 742.9528533935547 0.8749767485119048 
98 2250.8785888671873 479.34596862792966 2368.1077392578127 659.5314117431641 0.8797433035714286 1980.0160034179687 594.9886260986328 2201.448596191406 742.6104339599609 0.8688151041666666 
99 2251.59150390625 478.4835266113281 2368.70830078125 660.6649108886719 0.8848818824404762 1981.4892456054688 595.6835510253907 2198.3718383789064 745.3325622558593 0.8806268601190477 
100 2249.6688598632813 478.00501556396483 2368.6077514648437 661.8200881958007 0.8778134300595238 1978.4376220703125 596.528286743164 2199.0155029296875 747.9053680419922 0.8806268601190477 
101 2251.653698730469 478.54246215820314 2366.299670410156 662.4088317871094 0.87744140625 1976.5197326660157 597.3484375 2197.159344482422 746.6046875 0.8824869791666666 
102 2249.2838745117188 479.00470581054685 2366.0156860351562 662.7492004394531 0.8746047247023809 1976.244482421875 597.7319244384765 2196.737939453125 746.8892303466797 0.8752790178571429 
103 2243.188671875 481.6903305053711 2364.037890625 662.9641189575195 0.8752790178571429 1975.593994140625 598.3065002441406 2200.028076171875 747.2099792480469 0.8746279761904762 
104 2243.6595825195313 478.4381958007813 2362.4270874023437 664.1471313476562 0.8764880952380952 1975.3950927734375 597.5377410888672 2202.1327392578123 744.3773590087891 0.8695824032738095 
105 2243.5267333984375 483.4914611816406 2359.9205322265625 662.3926940917969 0.8698614211309523 1977.4132019042968 595.9057769775391 2201.5786193847657 748.9418182373047 0.8696056547619048 
106 2240.7220825195313 483.0288452148437 2361.6731811523437 668.7752319335938 0.8732096354166666 1979.7966796875 596.4205383300781 2202.26044921875 749.7692810058594 0.8595377604166666 
107 2242.8680419921875 481.38931732177736 2361.2550048828125 664.3509475708008 0.8682570684523809 1981.1750427246093 595.8024169921875 2200.728887939453 748.6292236328125 0.8607700892857143 
108 2241.890625 481.7554672241211 2360.515625 667.2418777465821 0.8667457217261905 1982.9894409179688 595.2373229980469 2202.9849243164062 746.2145812988281 0.8532831101190477 
109 2243.5241943359374 481.52991638183596 2357.8600830078126 667.0559600830078 0.8533528645833334 1986.2272094726563 595.0360260009766 2201.9551635742187 746.0455780029297 0.8542829241071429 
110 2243.567919921875 481.4097534179688 2358.013623046875 667.1139282226562 0.8490280877976191 1985.7747192382812 595.0247833251954 2203.8690795898438 746.1793792724609 0.8542364211309523 
111 2243.535791015625 483.5639907836914 2357.785986328125 666.7954757690429 0.8504231770833334 1985.685205078125 594.8294555664063 2207.718603515625 747.8816040039062 0.8597935267857143 
112 2244.748046875 483.1959823608398 2358.9423828125 668.4922805786133 0.8467959449404762 1986.7751770019531 594.9040924072266 2210.8545837402344 745.7267059326172 0.8507952008928571 
113 2247.5177978515626 484.17893981933594 2359.3742919921874 667.0211944580078 0.8439360119047619 1988.0638122558594 595.4562286376953 2211.776641845703 746.0322357177735 0.8571661086309523 
114 2247.5931762695313 483.6305450439453 2361.4793334960937 666.2780853271485 0.8547712053571429 1986.5147216796875 594.5413635253906 2214.2870361328123 747.1058532714844 0.8591192336309523 
115 2247.32900390625 483.9144454956055 2361.21103515625 668.7043594360351 0.8540969122023809 1990.3090087890625 596.7222229003906 2211.6270263671877 749.2813171386719 0.8663504464285714 
116 2249.862939453125 483.18205108642576 2363.586279296875 667.7146469116211 0.8642113095238095 1991.3026428222656 597.2357177734375 2214.458465576172 751.7281494140625 0.8795805431547619 
117 2251.3715576171876 483.79283752441404 2363.0058837890624 666.2721649169922 0.8669549851190477 1992.6803771972657 597.6566223144531 2213.802410888672 752.2272888183594 0.8840215773809523 
118 2248.1817260742187 482.33622283935546 2362.5001586914063 667.8342178344726 0.8590727306547619 1993.4951965332032 600.5538757324218 2215.6614196777346 753.6975891113282 0.8852771577380952 
119 2250.708544921875 485.02374877929685 2360.393505859375 667.8319641113281 0.8591657366071429 1996.7624389648438 602.4015167236328 2213.9814575195314 757.250765991211 0.8880673363095238 
120 2246.7719848632814 482.86291351318357 2363.0207397460936 670.152375793457 0.8712332589285714 1998.5431030273437 602.5062194824219 2213.818469238281 757.5044006347656 0.8736746651785714 
121 2248.9477661132814 480.6343658447266 2360.8166381835936 667.7995330810547 0.8568173363095238 1999.890643310547 603.5080841064453 2219.325787353516 758.403353881836 0.8762090773809523 
122 2247.4023559570314 480.6812576293945 2361.4484741210936 667.8893905639649 0.8606073288690477 1999.9432067871094 603.5831359863281 2221.580352783203 758.5140319824219 0.8780226934523809 
123 2249.091418457031 480.7098449707031 2361.018688964844 667.9725280761719 0.8604213169642857 2002.0570495605468 605.5516326904296 2217.3014709472654 758.3751861572266 0.8800455729166666 
124 2246.482873535156 484.01876373291014 2362.835729980469 671.4762008666992 0.8732096354166666 2001.3462768554687 603.5207946777343 2216.8146118164063 760.8127014160157 0.8681640625 
125 2245.220568847656 483.6605758666992 2361.470593261719 670.9527359008789 0.8744187127976191 2001.9558227539062 603.0572448730469 2217.2343627929686 760.2104553222656 0.8747209821428571 
126 2248.8875122070312 481.7131408691406 2362.8676147460938 670.9626403808594 0.8727213541666666 2001.821142578125 604.7915008544921 2221.178369140625 759.6320220947266 0.8784412202380952 
127 2248.9096801757814 483.50610809326173 2362.9113647460936 670.640528869629 0.8741396949404762 2001.7964294433593 604.7049835205078 2221.195391845703 759.5748626708985 0.8755812872023809 
128 2247.5432861328127 482.6725021362305 2363.8253662109373 672.1692031860351 0.8766276041666666 2002.0589294433594 606.1600616455078 2221.702911376953 759.0494720458985 0.87353515625 
129 2246.7368774414062 485.62232818603513 2363.1608276367188 671.0380416870117 0.8726283482142857 2003.3580993652345 605.4459991455078 2216.801690673828 758.5217132568359 0.8739071800595238 
130 2247.79970703125 482.86194763183596 2364.1001953125 672.3886016845703 0.8791387648809523 2002.2764770507813 606.6175109863282 2221.955212402344 757.3773620605468 0.8785109747023809 
131 2248.8650024414064 484.8583450317383 2362.9047729492186 672.0556869506836 0.8734886532738095 2003.3238220214844 606.3462982177734 2222.796417236328 759.1165313720703 0.8778134300595238 
132 2250.692834472656 482.7911804199219 2362.672155761719 670.1408264160157 0.8600957961309523 2003.2953308105468 605.7859924316406 2220.7931701660154 760.8340026855469 0.8760230654761905 
133 2250.3110595703124 484.7790496826172 2362.3173583984376 670.0200836181641 0.8553292410714286 2002.853564453125 606.1467163085938 2220.404248046875 759.0782592773437 0.8757207961309523 
134 2247.5560913085938 485.0473358154297 2361.5901489257812 670.0833404541015 0.8683268229166666 2003.6828063964845 606.2806945800781 2223.143975830078 759.0429138183594 0.8787899925595238 
135 2247.5636352539063 483.3231491088867 2361.6465698242187 670.5911880493164 0.8715122767857143 2003.5853637695313 606.512728881836 2223.1409545898437 759.3407257080078 0.8760230654761905 
136 2248.485302734375 484.2473739624023 2362.828173828125 669.7848831176758 0.8679780505952381 2002.2914245605468 605.8092681884766 2222.3473693847654 758.9855926513671 0.8705822172619048 
137 2246.5172729492188 484.55182495117185 2362.9697875976562 670.0133605957031 0.8725353422619048 2004.4881896972656 606.0639373779297 2220.141082763672 759.1775787353515 0.8703264508928571 
138 2246.4431274414064 484.0858627319336 2362.8378784179686 671.610823059082 0.8677687872023809 2004.0368347167969 607.6931854248047 2223.8934631347656 758.575308227539 0.8678385416666666 
139 2246.8386352539064 484.7439392089844 2362.7827026367186 669.3958312988282 0.8606538318452381 2003.9667419433595 607.6250183105469 2220.825372314453 757.9230773925781 0.8719075520833334 
140 2247.29794921875 484.3514694213867 2361.01748046875 668.8773208618164 0.8585146949404762 2003.8492492675782 606.9010589599609 2224.8513122558593 759.2421905517579 0.8705589657738095 
141 2247.810998535156 484.43861389160156 2361.586706542969 669.0558319091797 0.8615606398809523 2003.9941162109376 608.9479187011718 2227.2519775390624 759.2177307128907 0.8711867559523809 
142 2247.1899291992186 484.7286407470703 2360.8850219726564 669.2147796630859 0.8596772693452381 2005.4438903808593 607.2518249511719 2226.398028564453 759.5601867675781 0.8698846726190477 
143 2248.0152221679687 482.51195068359374 2361.8067993164063 669.3018920898437 0.8714890252976191 2003.669012451172 608.9378112792969 2231.2520080566405 759.2285705566406 0.8707682291666666 
144 2250.367724609375 484.61477813720705 2364.039013671875 669.0623153686523 0.8657459077380952 2005.1251953125 608.762158203125 2228.17802734375 761.038623046875 0.8684198288690477 
145 2248.6839233398437 482.58170318603516 2364.5321411132813 669.2260055541992 0.8657691592261905 2005.2707092285157 608.6614959716796 2228.385906982422 760.9804107666016 0.8630952380952381 
146 2246.2389526367188 483.3438461303711 2364.4053344726562 670.2616531372071 0.8796502976190477 2004.3694641113282 609.8563049316406 2227.8115661621096 760.2498962402344 0.8694661458333334 
147 2245.984509277344 483.6331024169922 2364.121691894531 670.5045318603516 0.8830450148809523 2006.0753845214845 610.1141387939454 2227.313897705078 760.4705169677734 0.8705124627976191 
148 2247.7345947265626 485.3244094848633 2363.6916748046874 669.9969711303711 0.8834867931547619 2005.7440612792968 609.8710632324219 2229.0690490722654 760.1859436035156 0.8719308035714286 
149 2248.7282836914064 483.4618347167969 2364.5580932617186 670.0767395019532 0.8654901413690477 2005.6009094238282 609.5217437744141 2226.5356872558596 761.8166961669922 0.8634672619047619 
150 2246.5508056640624 485.07461700439455 2362.5370849609376 669.7935165405273 0.8774181547619048 2005.904071044922 609.6524810791016 2231.432965087891 760.0050506591797 0.8634672619047619 
151 2248.714245605469 483.5826675415039 2362.427111816406 670.2434738159179 0.8646298363095238 2007.1775146484374 609.6736114501953 2226.0212158203126 762.0060150146485 0.8592819940476191 
152 2247.0739990234374 482.0709762573242 2363.0729736328126 668.9584732055664 0.8668387276785714 2007.1440368652343 610.2153167724609 2226.253546142578 760.5845489501953 0.8584914434523809 
153 2248.358056640625 483.8072799682617 2364.404638671875 668.6219497680664 0.8767206101190477 2006.1815246582032 610.10283203125 2229.6782165527343 760.5333984375 0.8674897693452381 
154 2247.5482421875 484.19071502685546 2365.63876953125 668.8412979125976 0.8835100446428571 2005.8343994140625 610.3740997314453 2229.1328857421877 760.6711273193359 0.8661876860119048 
155 2247.6179809570312 483.80674438476564 2365.7494506835938 670.6692077636719 0.8854399181547619 2005.8203369140624 610.2817291259765 2229.1962646484376 760.6308074951172 0.8631184895833334 
156 2248.900927734375 484.17749786376953 2364.851025390625 668.8389511108398 0.8753720238095238 2007.6683410644532 610.3683227539062 2224.5380798339843 760.6741577148438 0.8647228422619048 
157 2249.0842895507812 484.15865020751954 2362.9183959960938 668.8702499389649 0.8758138020833334 2007.5383422851562 610.3837493896484 2224.4672729492186 760.7304473876953 0.8654901413690477 
158 2249.0243286132813 483.41468353271483 2364.8846069335937 670.0782669067382 0.8799293154761905 2007.979150390625 609.5075134277344 2224.680517578125 761.8422180175781 0.8629557291666666 
159 2248.7515502929687 483.32590637207034 2364.5553344726563 669.8985198974609 0.8782319568452381 2009.7208312988282 609.6047088623047 2224.1721130371093 759.720669555664 0.8608863467261905 
160 2248.9734741210937 481.9350158691406 2362.7142700195313 668.6416442871093 0.8745349702380952 2007.3774841308593 609.9553039550781 2226.274981689453 760.1790954589844 0.8620721726190477 
161 2248.5122924804687 482.54580078125 2364.3414672851563 669.15927734375 0.8721400669642857 2007.5317504882812 608.852261352539 2224.1750366210936 759.0010711669922 0.8617931547619048 
162 2248.6271118164063 480.4296127319336 2362.2974487304687 669.1653884887695 0.8726748511904762 2007.4280639648437 610.5153900146485 2224.0453247070313 758.5013946533203 0.8599330357142857 
163 2246.27763671875 482.08120880126955 2364.16376953125 670.6991561889648 0.8744419642857143 2009.0211975097657 610.1897552490234 2225.503094482422 760.2266876220704 0.8592587425595238 
164 2248.3454345703126 479.1242477416992 2364.2263427734374 667.9674575805664 0.8726515997023809 2009.1548583984375 609.0364959716796 2223.7494384765623 759.2527496337891 0.8607235863095238 
165 2248.115185546875 480.56321868896487 2363.841845703125 669.1545852661133 0.8732793898809523 2008.9964965820313 610.3022277832031 2225.4480834960937 760.3181335449219 0.8605840773809523 
166 2248.0448486328123 481.90319671630857 2363.7378662109377 670.439973449707 0.8731863839285714 2008.9953063964845 609.9565979003906 2225.384210205078 759.9290222167969 0.8603748139880952 
167 2248.084118652344 483.9877471923828 2363.745715332031 668.1891937255859 0.8722795758928571 2009.5945739746094 609.8642333984375 2221.640411376953 759.795556640625 0.8603050595238095 
168 2247.3565063476562 479.88976593017577 2365.1832885742188 670.5551498413085 0.8720005580357143 2008.81865234375 609.581753540039 2223.04951171875 761.6856414794922 0.8613048735119048 
169 2247.8131713867188 482.3675079345703 2363.5547485351562 668.8398284912109 0.8732328869047619 2009.1583251953125 609.9798767089844 2221.3509521484375 762.1584289550781 0.8603980654761905 
170 2248.123291015625 483.580305480957 2363.936279296875 670.1679550170899 0.875 2009.5681396484374 609.6218414306641 2219.7472900390626 761.8945770263672 0.8582356770833334 
171 2247.411169433594 481.3051452636719 2365.204309082031 669.7742004394531 0.8798363095238095 2007.541485595703 610.7128875732421 2219.569232177734 762.7731353759766 0.86083984375 
172 2247.4577026367188 483.11100311279296 2362.9580688476562 671.3337295532226 0.8799758184523809 2007.6547912597657 609.0589416503906 2219.405145263672 760.9204284667969 0.8484700520833334 
173 2244.005090332031 483.53857421875 2363.817419433594 671.8148193359375 0.8790922619047619 2006.2734252929688 609.5223968505859 2218.0842407226564 761.4271270751954 0.8511672247023809 
174 2249.3508178710936 484.12919921875 2365.2295043945314 668.6768310546875 0.88427734375 2006.6161315917968 609.9946228027344 2223.3522521972654 762.3537658691406 0.8654901413690477 
175 2247.260705566406 484.1093948364258 2365.251257324219 668.6035873413086 0.8851143973214286 2008.3919006347655 609.938442993164 2222.919989013672 762.2533905029297 0.8667922247023809 
176 2247.589978027344 482.69616851806643 2363.391223144531 669.264616394043 0.8790457589285714 2007.1625732421876 610.3743347167969 2219.4643798828124 762.6312805175781 0.8673502604166666 
177 2248.2609619140626 482.197705078125 2364.1482177734374 668.9054443359375 0.8803013392857143 2007.9015197753906 609.9711395263672 2218.216033935547 762.3417877197265 0.8701404389880952 
178 2247.0525146484374 484.2236572265625 2363.1086181640626 669.0534423828125 0.8740466889880952 2007.7492553710938 610.2815246582031 2220.5185668945314 762.8736267089844 0.8678617931547619 
179 2247.3681518554686 483.7312484741211 2363.4182250976564 670.7007888793945 0.8764880952380952 2006.4238403320312 610.030712890625 2219.1823608398436 762.6150390625 0.8643275669642857 
180 2248.272705078125 483.6870422363281 2362.003662109375 668.2316589355469 0.87744140625 2006.9451477050782 609.5503967285156 2223.6777770996096 761.9070007324219 0.8719075520833334 
181 2248.0053466796876 483.86094970703124 2361.7090087890624 668.3609741210937 0.8755812872023809 2007.231182861328 609.6939178466797 2219.620745849609 762.013784790039 0.8707914806547619 
182 2247.876916503906 483.86030731201174 2361.551062011719 670.4577163696289 0.8756277901785714 2007.4120727539062 609.9084014892578 2217.602331542969 762.1890716552734 0.8730003720238095 
183 2247.1909790039062 483.8381866455078 2362.9547729492188 670.3466888427735 0.8786039806547619 2007.0879516601562 609.8262542724609 2217.1779174804688 762.0344024658203 0.8740699404761905 
184 2245.9796508789063 483.6937789916992 2363.9473510742187 670.2972183227539 0.8735119047619048 2005.7547790527344 609.4984924316407 2218.0964172363283 763.9288757324218 0.8700241815476191 
185 2245.6371948242186 484.2589645385742 2363.5407836914064 670.7608413696289 0.8767438616071429 2005.7902099609375 609.9951873779297 2215.8728759765627 764.3415435791015 0.8720935639880952 
186 2246.215466308594 485.70593109130857 2362.111926269531 670.281770324707 0.8701636904761905 2003.9391296386718 611.5906341552734 2216.4159729003904 763.9730255126954 0.8684198288690477 
187 2248.27509765625 485.2906097412109 2362.05302734375 669.9114776611328 0.8706984747023809 2003.7928771972656 613.1050415039062 2218.468231201172 763.3778686523438 0.8690011160714286 
188 2247.4390502929687 485.7725799560547 2363.2936157226563 668.1365386962891 0.8763718377976191 2004.0944030761718 613.01474609375 2212.2040588378904 765.3423095703125 0.8688616071428571 
189 2246.9344116210937 486.86797485351565 2362.7001098632813 671.2351745605469 0.8770926339285714 2001.3864685058593 614.5067932128907 2215.766973876953 764.5731628417968 0.8658854166666666 
190 2247.18134765625 486.5915191650391 2362.97783203125 671.0081512451172 0.8771158854166666 2001.5673400878907 614.2646118164063 2216.005291748047 764.3711303710937 0.8645135788690477 
191 2247.0730834960937 485.34991455078125 2362.9466918945313 669.8889770507812 0.8751395089285714 1999.8932189941406 614.7582916259765 2212.327850341797 764.9645477294922 0.8630719866071429 
192 2247.4603515625 484.9996856689453 2361.1392578125 671.6049896240235 0.8643973214285714 1998.4881652832032 614.6004577636719 2210.8320251464843 764.7426818847656 0.8637462797619048 
193 2245.1306274414064 485.36996307373045 2363.2519409179686 670.0687881469727 0.8679547991071429 1999.6364196777345 614.6426361083984 2212.254815673828 767.1265899658204 0.8609793526785714 
194 2247.1915283203125 485.15186462402346 2361.2493896484375 670.2272247314453 0.8668387276785714 1997.3893737792969 614.6880737304688 2210.4413146972656 767.4828247070312 0.8669782366071429 
195 2244.9336547851562 484.4419342041016 2361.0910034179688 671.5842498779297 0.8709774925595238 1997.147998046875 616.0703216552735 2210.102978515625 766.6445831298828 0.8644205729166666 
196 2244.882861328125 484.0011917114258 2361.493115234375 671.8732894897461 0.8659784226190477 1996.6293579101562 616.1428924560547 2206.095983886719 767.304312133789 0.8581891741071429 
197 2244.6699096679686 482.0430572509766 2361.3928344726564 674.4196502685547 0.8660946800595238 1994.2644592285155 616.4738861083985 2206.094793701172 767.7813018798828 0.8567475818452381 
198 2244.4825805664063 483.12666015625 2361.2188354492187 673.3636962890625 0.8677687872023809 1994.2974426269532 617.323617553711 2203.9905212402346 768.6484893798828 0.8616536458333334 
199 2245.195422363281 487.3153244018555 2361.527966308594 670.4310440063476 0.8669782366071429 1992.3135192871093 616.9877410888672 2203.435137939453 767.788931274414 0.8593982514880952 
200 2246.0043701171876 488.01123809814453 2360.1206298828124 675.3339462280273 0.8641648065476191 1991.3546752929688 618.1102691650391 2202.3618774414062 768.8297332763672 0.8468889508928571 
201 2245.95947265625 484.24672546386716 2362.62939453125 674.3757720947266 0.8713495163690477 1989.2685546875 618.3674591064453 2198.8427734375 769.606478881836 0.8544456845238095 
202 2246.5422485351564 483.8728775024414 2361.1913940429686 674.233415222168 0.8737909226190477 1987.6253784179687 620.0705413818359 2197.454455566406 769.3305206298828 0.8577241443452381 
203 2246.4076416015623 485.02967224121096 2359.1553466796877 671.4967559814453 0.8586774553571429 1986.888165283203 621.0438873291016 2195.037493896484 770.6512420654296 0.8631649925595238 
204 2246.2828002929687 486.25718078613284 2360.8932250976563 674.3913177490234 0.8673502604166666 1984.1259399414062 620.2466094970703 2193.884558105469 771.618930053711 0.8559802827380952 
205 2246.157434082031 486.7262847900391 2359.101599121094 673.5185272216797 0.8673967633928571 1980.6718383789062 621.3069458007812 2193.528112792969 771.1751098632812 0.8599795386904762 
206 2245.55263671875 485.5255401611328 2359.8599609375 675.318637084961 0.8757905505952381 1980.7713928222656 621.3171875 2189.975067138672 770.132275390625 0.8512834821428571 
207 2245.7572998046876 486.3885070800781 2360.2734619140624 674.3678405761718 0.8747674851190477 1978.8299072265625 620.0183807373047 2188.4161865234373 773.426870727539 0.8501441592261905 
208 2248.3576416015626 487.78334350585936 2361.0774169921874 676.3720520019531 0.8788829985119048 1976.979913330078 622.3466766357421 2187.2455505371095 771.9170562744141 0.8477027529761905 
209 2248.2539184570314 488.2083282470703 2363.2521850585936 674.8091888427734 0.8800688244047619 1974.695050048828 622.4007171630859 2189.503070068359 774.2851348876953 0.8563290550595238 
210 2248.4904296875 488.80213317871096 2361.91923828125 672.0334991455078 0.8683035714285714 1973.2237854003906 621.2757171630859 2189.175018310547 776.1498809814453 0.8560732886904762 
211 2248.057263183594 487.2064636230469 2363.115832519531 676.0763732910157 0.8821847098214286 1974.8554931640624 621.4694396972657 2185.4345458984376 775.6046569824218 0.8554454985119048 
212 2248.0487548828123 488.89322662353516 2363.0816162109377 675.5502243041992 0.8806966145833334 1973.2388793945313 623.1259735107421 2183.770642089844 775.0560943603516 0.8553524925595238 
213 2246.4486083984375 488.1766159057617 2361.6363525390625 675.0853775024414 0.8821847098214286 1971.0173706054688 624.5130187988282 2184.006311035156 774.4746520996093 0.8529110863095238 
214 2247.3741943359373 489.52022247314454 2362.3562744140627 673.9255477905274 0.8802315848214286 1969.0972717285156 623.4435668945313 2181.7058288574217 775.3067993164062 0.8515857514880952 
215 2247.289099121094 489.96997833251953 2362.505090332031 674.7504501342773 0.8793480282738095 1968.4463195800781 624.165737915039 2181.4871520996094 776.3378631591797 0.8578171502976191 
216 2245.152380371094 487.35304260253906 2365.211633300781 675.0821990966797 0.8765345982142857 1965.6575317382812 624.0359649658203 2179.5814819335938 776.8387298583984 0.8598167782738095 
217 2245.02568359375 489.5458129882812 2363.52119140625 676.0666137695313 0.8713262648809523 1964.0628295898437 623.317495727539 2176.9159301757813 776.9229217529297 0.8692801339285714 
218 2244.653698730469 489.5570999145508 2363.152697753906 676.0834945678711 0.8737676711309523 1959.5467468261718 625.5272369384766 2178.9895080566407 774.7483367919922 0.8656529017857143 
219 2247.8571899414064 490.86045532226564 2363.8901245117186 674.7617370605469 0.8793712797619048 1962.237646484375 625.7550506591797 2174.599755859375 779.0061187744141 0.8594912574404762 
220 2247.6560180664064 490.72754364013673 2361.3911010742186 674.453273010254 0.8732328869047619 1959.3648315429687 625.7458038330078 2180.2731079101563 776.6633148193359 0.8537016369047619 
221 2247.8590087890625 490.11900024414064 2363.7005615234375 675.9023620605469 0.8797200520833334 1957.1628540039062 626.9765625 2173.5458862304686 777.7889404296875 0.8625139508928571 
222 2247.1522705078123 489.35201568603514 2362.9658935546877 672.9056442260742 0.8709542410714286 1956.5257934570313 625.672509765625 2172.8567749023437 778.63388671875 0.8579566592261905 
223 2245.8985229492187 491.11522521972654 2364.1778930664063 675.1052947998047 0.8873000372023809 1952.8959411621095 624.3900634765625 2171.931817626953 777.7151611328125 0.8583984375 
224 2248.152197265625 490.2208740234375 2364.410791015625 674.4796875 0.8776506696428571 1952.7813903808594 627.5712982177735 2172.1371887207033 776.7332061767578 0.8551199776785714 
225 2248.282373046875 488.00487518310547 2364.855810546875 674.9621963500977 0.8807198660714286 1950.419659423828 625.7272644042969 2170.369281005859 777.4925842285156 0.8499116443452381 
226 2247.979211425781 488.34304962158205 2364.731970214844 675.5883163452148 0.8763485863095238 1949.9118347167969 626.2775634765625 2167.9974670410156 778.2766357421875 0.8613978794642857 
227 2246.4325561523438 488.88897705078125 2363.2913208007812 674.0993041992188 0.8708844866071429 1945.8898315429688 624.9982147216797 2168.5830688476562 777.1352691650391 0.8525623139880952 
228 2246.832312011719 488.3266128540039 2363.628869628906 675.641862487793 0.8826962425595238 1944.7547424316406 626.5669738769532 2167.3291198730467 776.4191101074218 0.8451915922619048 
229 2246.4529296875 489.2874008178711 2363.450390625 674.7176345825195 0.8736979166666666 1944.1100158691406 623.6054107666016 2164.860076904297 778.1306121826171 0.8453078497023809 
230 2247.0544555664064 486.31280822753905 2364.2172729492186 676.4261444091796 0.8720703125 1941.8186889648437 623.2862274169922 2169.5126098632813 775.819058227539 0.8389601934523809 
231 2247.270788574219 490.23932189941405 2364.060998535156 675.3411834716796 0.8814406622023809 1941.8185607910157 622.6244750976563 2164.381512451172 776.8760131835937 0.8311941964285714 
232 2246.6686279296873 490.4744049072266 2363.3772705078127 673.2447723388672 0.8775576636904762 1939.7363037109376 622.2588165283203 2162.1435791015624 778.604525756836 0.8429594494047619 
233 2247.538952636719 487.5026168823242 2364.781115722656 673.3205337524414 0.8753720238095238 1936.9914245605469 624.3136047363281 2164.8397521972656 774.7376647949219 0.8489118303571429 
234 2247.5030517578125 489.19568786621096 2364.5823974609375 672.5460723876953 0.8761625744047619 1935.9434326171875 623.6073394775391 2161.2655517578123 776.0311492919922 0.8513764880952381 
235 2246.6463256835937 491.0717742919922 2366.1761840820313 672.5803863525391 0.8762555803571429 1935.220965576172 623.2870056152344 2156.573101806641 780.4468811035156 0.8538411458333334 
236 2248.778466796875 488.8007064819336 2366.259619140625 672.780500793457 0.8730236235119048 1934.9556579589844 621.2013671875 2156.618194580078 780.7982666015625 0.8501674107142857 
237 2246.63359375 490.2168655395508 2366.39228515625 672.0726547241211 0.8743489583333334 1933.4185485839844 622.6849334716796 2150.758331298828 780.1454498291016 0.8412155877976191 
238 2246.9714599609374 487.7672836303711 2366.4235595703126 673.581867980957 0.8732561383928571 1932.3457824707032 621.5980285644531 2153.5535095214846 783.0797058105469 0.8525623139880952 
239 2246.7950927734373 486.7037872314453 2366.2205322265627 674.688119506836 0.8779994419642857 1931.049627685547 622.4608032226563 2147.7844787597655 783.9061401367187 0.8434012276785714 
240 2248.911022949219 484.67870178222654 2366.051623535156 672.5456024169922 0.8718610491071429 1929.7073547363282 621.7960327148437 2146.3066833496096 785.3506958007813 0.8455868675595238 
241 2243.9742797851563 489.7507049560547 2365.6997924804687 673.445767211914 0.8748372395833334 1928.2535217285156 623.64892578125 2145.1467468261717 782.9989013671875 0.8470982142857143 
242 2249.0053833007814 486.39527740478513 2364.0734741210936 672.2743698120117 0.8747907366071429 1925.2487487792969 624.1875366210937 2146.5335998535156 781.2996459960938 0.8489118303571429 
243 2246.1804931640627 488.5125930786133 2366.0299560546873 672.7259017944336 0.8753720238095238 1924.1912536621094 622.532437133789 2141.696075439453 784.5513641357422 0.8470517113095238 
244 2246.254248046875 489.1584899902344 2366.442041015625 673.8913146972657 0.8726283482142857 1923.357177734375 623.8131256103516 2141.475341796875 784.0632781982422 0.8483537946428571 
245 2242.989147949219 489.5470993041992 2364.192248535156 673.5962417602539 0.8666294642857143 1921.3347106933593 623.3539215087891 2136.807012939453 784.9580291748047 0.8463076636904762 
246 2244.365856933594 492.4821472167969 2363.398059082031 672.1533508300781 0.8576776413690477 1920.5259094238281 622.1391540527344 2136.1311950683594 786.0891174316406 0.8577706473214286 
247 2242.3373901367186 490.8869201660156 2363.5798461914064 672.7502868652343 0.86376953125 1920.5792724609375 624.4779022216796 2136.1209228515627 786.1342193603516 0.8653041294642857 
248 2242.3770141601562 490.9409378051758 2363.5934448242188 672.7659408569336 0.8644205729166666 1918.700732421875 622.5179931640625 2136.441845703125 786.3849609375 0.8655831473214286 
249 2242.909875488281 487.94555206298827 2364.258337402344 674.462742614746 0.8621419270833334 1917.4121826171875 621.9129486083984 2133.1429931640623 785.9582061767578 0.8594215029761905 
250 2243.4352416992188 489.45713958740237 2362.5664672851562 673.7733596801758 0.8572823660714286 1915.867626953125 623.458154296875 2131.652392578125 785.296728515625 0.8589564732142857 
251 2244.0828125 489.8691101074219 2365.42841796875 671.8873596191406 0.8608165922619048 1913.4076782226562 621.3267456054688 2129.133093261719 787.6150268554687 0.8626767113095238 
252 2245.751513671875 489.7157211303711 2364.938916015625 671.870246887207 0.8687918526785714 1910.8501403808593 621.5312805175781 2128.985919189453 785.6951599121094 0.8643043154761905 
253 2243.7246704101562 489.64444732666016 2365.3283081054688 672.0501022338867 0.8677687872023809 1910.6133728027344 621.3818511962891 2126.797882080078 788.0240936279297 0.86572265625 
254 2243.6862670898436 489.03159790039064 2365.4238403320314 671.6379577636719 0.8605840773809523 1908.4744750976563 620.9139251708984 2124.896862792969 787.7394561767578 0.8576311383928571 
255 2245.1061889648436 487.6378601074219 2366.6342895507814 672.1802551269532 0.8784877232142857 1906.490087890625 621.2839202880859 2127.040673828125 787.8222198486328 0.8673735119047619 
256 2246.5583740234374 484.7380889892578 2365.9787353515626 674.0078216552735 0.8761160714285714 1903.81044921875 620.7973510742188 2124.62509765625 787.5350463867187 0.8583519345238095 
257 2244.8181396484374 487.64500885009767 2366.5427001953126 672.4859420776368 0.8794875372023809 1902.1861938476563 619.5132537841797 2123.0938354492187 788.575064086914 0.8640020461309523 
258 2245.8183471679686 485.97428436279296 2365.1374633789064 672.8322647094726 0.8741629464285714 1903.6207580566406 621.6584625244141 2121.996795654297 788.2546844482422 0.8654436383928571 
259 2246.769091796875 484.8455810546875 2366.019970703125 671.5968017578125 0.8700241815476191 1901.305419921875 619.9329833984375 2119.556884765625 790.93408203125 0.8700241815476191 
260 2246.4863403320314 484.08558197021483 2368.0036499023436 673.1120803833007 0.8741164434523809 1899.2453918457031 621.4413940429688 2119.7764587402344 790.2151000976562 0.8715122767857143 
261 2247.066369628906 484.3446640014648 2366.605749511719 673.8034378051758 0.8760463169642857 1898.7709411621095 620.0193664550782 2119.806329345703 791.4344909667968 0.8734654017857143 
262 2246.8286376953124 486.372087097168 2366.3949951171876 671.3619522094726 0.8733491443452381 1896.7186645507813 620.0819458007812 2117.8040405273437 789.2799926757813 0.8686988467261905 
263 2247.1132934570314 483.2517684936523 2366.7390014648436 672.8470169067383 0.8729073660714286 1897.0915161132812 621.02080078125 2116.028845214844 790.3023193359375 0.8692801339285714 
264 2249.188720703125 483.4313995361328 2366.588623046875 670.8200042724609 0.8693266369047619 1897.3357055664062 622.9742309570313 2114.0742065429686 790.0435913085937 0.87060546875 
265 2250.312854003906 481.25912322998045 2367.718151855469 670.9138809204102 0.8722098214285714 1896.7075134277343 622.805453491211 2113.455694580078 789.8823516845703 0.8709774925595238 
266 2247.515173339844 483.8167388916016 2367.403039550781 671.5658905029297 0.8680943080357143 1894.9851867675782 623.6281219482422 2114.4028747558596 791.018911743164 0.8648158482142857 
267 2247.6779541015626 481.0620391845703 2365.3489013671874 673.408480834961 0.8733723958333334 1893.27314453125 623.1895568847656 2110.5115234375 790.6440612792969 0.8697916666666666 
268 2248.4792358398436 484.58362579345703 2365.7163208007814 673.9661483764648 0.87109375 1893.6473510742187 624.1925750732422 2110.084338378906 791.0295318603515 0.8699776785714286 
269 2248.6140625 482.26251220703125 2366.13837890625 674.3695678710938 0.8708379836309523 1890.9124633789063 622.4745941162109 2110.140515136719 789.7206573486328 0.8641415550595238 
270 2249.9533569335936 482.34056243896487 2367.4570434570314 672.1538528442383 0.8677687872023809 1889.0996887207032 622.0062683105468 2106.0290954589846 791.4825012207032 0.8633742559523809 
271 2248.927685546875 481.7964233398437 2366.584033203125 674.1189819335938 0.8540504092261905 1887.6050109863281 623.9063110351562 2104.8162536621094 791.3400268554688 0.8595377604166666 
272 2251.346875 478.8218734741211 2367.01640625 671.6049148559571 0.8600260416666666 1885.4078857421875 624.7612335205079 2103.1394775390627 792.5958831787109 0.8581891741071429 
273 2249.4172119140626 481.4322479248047 2367.2087646484374 669.4456207275391 0.8612816220238095 1884.193829345703 624.9252807617188 2101.655169677734 792.5516479492187 0.8577241443452381 
274 2252.436572265625 479.9723236083984 2365.841259765625 672.7604034423828 0.8580031622023809 1882.73681640625 626.1772094726563 2100.47412109375 791.7482055664062 0.8534226190476191 
275 2248.8491821289062 481.290185546875 2368.8532104492188 671.4853271484375 0.8658389136904762 1881.7830322265625 625.2428741455078 2103.6774169921873 790.5314788818359 0.8623744419642857 
276 2252.0481201171874 479.765380859375 2365.4762939453126 672.5928955078125 0.8529343377976191 1880.5282165527344 626.0001525878906 2098.3097961425783 791.6049499511719 0.8642810639880952 
277 2250.9949951171875 480.57464904785155 2364.5196533203125 673.5666473388671 0.8572126116071429 1879.1578796386718 626.9342254638672 2097.1254455566404 792.6803375244141 0.8615838913690477 
278 2244.0646118164063 482.0904083251953 2367.3008666992187 676.0735931396484 0.8663736979166666 1877.164288330078 627.7095001220703 2091.686663818359 792.024691772461 0.8585844494047619 
279 2246.0354736328127 479.69433135986327 2367.0084716796873 675.990086364746 0.8650716145833334 1876.5325073242188 627.0916900634766 2095.653283691406 793.7148895263672 0.8574916294642857 
280 2247.607958984375 479.36666412353514 2366.211376953125 677.7991989135742 0.8697219122023809 1876.358447265625 626.9190399169922 2095.318310546875 793.419888305664 0.8629557291666666 
281 2245.533825683594 480.5411437988281 2364.178820800781 674.4799743652344 0.8635835193452381 1876.4357971191407 627.8819915771485 2090.909295654297 792.1595733642578 0.8635370163690477 
282 2249.5981689453124 482.99476318359376 2363.1406005859376 673.7459594726563 0.8586309523809523 1873.6854736328125 627.36826171875 2096.2285888671877 793.1401611328125 0.8722098214285714 
283 2247.686328125 483.2306503295898 2361.344921875 676.4504104614258 0.8617234002976191 1873.3996276855469 628.0143280029297 2093.8973693847656 793.9559478759766 0.8708612351190477 
284 2250.1058715820313 482.55505218505857 2361.7322631835937 673.9149490356446 0.8486328125 1871.241278076172 629.4045013427734 2092.2163635253905 793.4272247314453 0.8748604910714286 
285 2249.8474975585937 482.29544525146486 2361.3983520507813 675.8021194458008 0.8548177083333334 1869.2261047363281 629.3079620361328 2092.3279724121094 793.2194427490234 0.8693498883928571 
286 2249.672644042969 482.57028045654295 2361.600549316406 674.4467178344727 0.8531901041666666 1870.0490661621093 627.5319091796875 2089.336309814453 796.565869140625 0.8694661458333334 
287 2248.5136840820314 478.09002075195315 2365.4416381835936 677.5551208496094 0.8722563244047619 1868.0133544921875 626.410189819336 2088.1126220703127 793.7774932861328 0.8598400297619048 
288 2248.8872192382814 482.5435134887695 2363.2126342773436 674.6101425170898 0.8592819940476191 1867.656103515625 627.9126220703125 2084.874169921875 794.827734375 0.8703264508928571 
289 2248.05283203125 482.31831512451174 2364.60341796875 674.2842544555664 0.8577241443452381 1865.2634521484374 627.6112670898438 2084.6530517578126 794.4387817382812 0.8740466889880952 
290 2244.4584228515623 481.3848129272461 2363.5918701171877 676.122297668457 0.8665364583333334 1866.2622131347657 629.3324371337891 2086.201043701172 794.2865203857422 0.8602120535714286 
291 2247.5052490234375 484.68216705322266 2363.9688720703125 674.2210006713867 0.8553524925595238 1862.7185424804688 627.8463531494141 2086.511193847656 794.5492156982422 0.8665364583333334 
292 2249.5241821289064 484.64893035888673 2363.8178588867186 674.376368713379 0.8576776413690477 1860.8377868652344 627.95556640625 2082.5676086425783 794.8243408203125 0.8694428943452381 
293 2248.16728515625 481.4669586181641 2362.58125 673.6826385498047 0.8507021949404762 1858.8073303222657 626.9488983154297 2083.058758544922 793.9934234619141 0.8617466517857143 
294 2246.493127441406 483.49345703125 2361.297155761719 676.364453125 0.8603748139880952 1859.3382507324218 629.7362426757812 2084.3542541503907 795.0542846679688 0.8665364583333334 
295 2246.1316650390627 484.2706771850586 2363.3468505859373 677.330793762207 0.8636997767857143 1857.3597106933594 630.3916778564453 2080.298126220703 798.1701507568359 0.8649088541666666 
296 2246.5854614257814 485.82847290039064 2364.4973022460936 673.1003601074219 0.8643275669642857 1857.5471557617188 632.017919921875 2079.498986816406 800.79384765625 0.8795340401785714 
297 2246.239453125 484.33156433105466 2362.08671875 674.3209625244141 0.8668154761904762 1856.1017456054688 630.8336761474609 2078.5283813476562 802.2876007080079 0.8796735491071429 
298 2248.331921386719 485.29053649902346 2362.038439941406 673.2540802001953 0.8502604166666666 1854.287042236328 629.9671295166015 2072.4174255371095 801.6868621826172 0.8727446056547619 
299 2245.6641479492187 485.2783721923828 2363.5499633789063 677.1316009521485 0.8598167782738095 1853.6897705078125 631.9687316894531 2070.9694091796873 800.7070495605469 0.8766043526785714 
300 2245.5936767578123 486.30994567871096 2361.1026123046877 675.7445587158203 0.8536551339285714 1854.1075561523437 632.9173736572266 2066.643908691406 799.2501678466797 0.8815336681547619 
301 2246.356884765625 485.17984771728516 2364.076708984375 674.4552536010742 0.8737676711309523 1853.4238403320312 633.4396606445313 2068.0898315429686 799.6327270507812 0.8873465401785714 
302 2246.258154296875 484.0044250488281 2362.561181640625 674.7411804199219 0.87060546875 1852.3492126464844 633.4089202880859 2064.020538330078 800.8850860595703 0.8902994791666666 
303 2244.9128173828126 485.5100357055664 2362.8694091796874 675.1653488159179 0.8658854166666666 1849.6790710449218 636.113412475586 2062.4631408691407 800.3272003173828 0.8875790550595238 
304 2247.161755371094 480.5553939819336 2362.893176269531 674.9840652465821 0.8799293154761905 1847.7997131347656 635.1012390136718 2060.745330810547 801.7543518066407 0.8861607142857143 
305 2245.3966674804688 485.8009292602539 2359.3862915039062 676.5591476440429 0.8664899553571429 1847.3275634765625 635.2222412109375 2061.3489501953127 802.7172119140625 0.8934384300595238 
306 2246.6231689453125 479.05106964111326 2362.4329833984375 678.2435775756836 0.8814174107142857 1845.2093566894532 636.0176025390625 2058.2990661621093 802.783544921875 0.8886253720238095 
307 2244.5477783203123 483.77056579589845 2360.8184326171877 676.7795440673829 0.8711170014880952 1845.6507141113282 635.1904968261719 2054.9375427246096 802.6199279785156 0.8933919270833334 
308 2245.8989135742186 485.77464599609374 2360.2668579101564 674.8322875976562 0.8616768973214286 1843.1862487792969 635.4228332519531 2055.5843811035156 803.4740173339844 0.8914620535714286 
309 2245.256726074219 481.9883743286133 2361.959338378906 675.7145980834961 0.8737444196428571 1840.7478149414062 635.76640625 2055.4804565429686 803.81806640625 0.8910435267857143 
310 2245.10908203125 483.3522323608398 2361.74345703125 674.6327835083008 0.8583984375 1840.8359924316405 634.9770629882812 2055.443426513672 802.9306518554688 0.8895554315476191 
311 2245.209814453125 485.2048049926758 2359.640283203125 674.3654769897461 0.8506556919642857 1838.41552734375 634.9345275878907 2053.2646484375 803.0774353027343 0.8909272693452381 
312 2244.792517089844 484.06976013183595 2361.360559082031 675.2410919189454 0.8602585565476191 1838.9569396972656 637.4013916015625 2053.441864013672 805.259130859375 0.8884161086309523 
313 2246.7876220703124 482.13356323242186 2361.1679443359376 675.8797424316406 0.86669921875 1838.645703125 637.7230285644531 2051.0662109375 805.7919860839844 0.8903924851190477 
314 2243.59716796875 482.339599609375 2364.869140625 675.908203125 0.8737909226190477 1836.0984741210937 637.7865142822266 2052.9886840820313 805.7014617919922 0.8912062872023809 
315 2245.8875 483.05174865722654 2362.45966796875 676.5617156982422 0.8820219494047619 1836.4497802734375 636.3891571044921 2050.9427978515623 806.5846588134766 0.8934849330357143 
316 2246.008825683594 481.61900482177737 2362.526086425781 675.0377639770508 0.8830682663690477 1834.702703857422 636.6766723632812 2051.4248596191405 806.7919555664063 0.8909505208333334 
317 2245.7402954101562 482.9151947021484 2362.3356323242188 676.4634063720703 0.8767206101190477 1834.1589904785155 636.2828674316406 2051.026190185547 806.5119323730469 0.8936011904761905 
318 2246.079541015625 483.57433166503904 2362.758349609375 674.9276824951172 0.8801153273809523 1832.4080139160155 636.7826934814453 2049.430731201172 807.1338714599609 0.8913225446428571 
319 2245.894177246094 481.3063598632813 2362.660266113281 677.4730590820312 0.8782087053571429 1833.980224609375 636.9642730712891 2048.829345703125 807.4424041748047 0.8919735863095238 
320 2245.9209106445314 480.3029388427734 2360.1701538085936 676.1591583251953 0.8706984747023809 1832.3269470214843 637.5080261230469 2049.167803955078 807.7164611816406 0.8872767857142857 
321 2246.3083984375 482.5998275756836 2360.690625 676.3492996215821 0.8667922247023809 1832.2340270996094 638.1919982910156 2049.3268859863283 806.2638122558594 0.8885091145833334 
322 2244.1464111328123 482.09178466796874 2360.9820068359377 676.0387084960937 0.8722795758928571 1831.9867919921876 639.9095581054687 2046.9641357421874 805.8160278320313 0.8889741443452381 
323 2246.3424560546873 483.2496597290039 2363.3684814453127 675.1726730346679 0.8724190848214286 1829.6388732910157 638.9845306396485 2047.3077819824218 807.5023468017578 0.8911365327380952 
324 2244.2316772460936 484.3656860351563 2363.4365356445314 676.0287231445312 0.8776041666666666 1828.3623657226562 639.8896026611328 2045.7362670898438 808.1790618896484 0.8916015625 
325 2246.2769287109377 483.8331573486328 2360.8324462890623 675.5384857177735 0.8766973586309523 1827.978173828125 639.3914215087891 2045.4 807.7180145263671 0.8916248139880952 
326 2244.3873291015625 483.3074234008789 2359.3529052734375 675.698893737793 0.8667689732142857 1824.5913818359375 637.3469604492187 2042.7914306640625 808.6222778320313 0.8907412574404762 
327 2246.4034423828125 483.92533721923826 2361.0008544921875 675.7006088256836 0.8825567336309523 1826.152978515625 639.5404022216796 2043.654150390625 807.9284088134766 0.8915318080357143 
328 2244.375048828125 482.4925842285156 2361.385205078125 674.3893737792969 0.8744419642857143 1824.6683288574218 637.9362243652344 2037.6269592285157 808.7711730957031 0.8932756696428571 
329 2241.8515380859376 483.4009780883789 2363.5088134765624 677.5847091674805 0.8880208333333334 1822.5298706054687 637.0022491455078 2037.7696899414063 810.1298919677735 0.8946010044642857 
330 2242.294189453125 482.0704544067383 2361.547607421875 676.1496078491211 0.8845563616071429 1820.8598754882812 637.6575592041015 2038.3220092773438 808.3537322998047 0.8938104538690477 
331 2243.050341796875 485.58382720947264 2360.098583984375 677.5433395385742 0.8817196800595238 1818.2543212890625 637.4767150878906 2042.9873779296875 808.3675231933594 0.9005998883928571 
332 2241.1612548828125 484.27315216064454 2363.0076904296875 678.7585556030274 0.8884393601190477 1818.304345703125 636.3106292724609 2043.251318359375 809.7072540283203 0.8971586681547619 
333 2245.6433715820312 484.22606201171874 2362.8036499023438 676.3686645507812 0.8837890625 1817.1076049804688 635.993505859375 2039.7119750976562 809.39052734375 0.9022972470238095 
334 2241.34482421875 483.8478302001953 2360.75185546875 678.176644897461 0.8837425595238095 1817.0274169921875 637.5638549804687 2039.4518310546875 810.8209106445313 0.9002743675595238 
335 2242.5619384765623 487.0116439819336 2362.4571044921877 675.082502746582 0.8758603050595238 1814.9720153808594 636.6545715332031 2035.9553527832031 812.9710388183594 0.8987165178571429 
336 2240.9473876953125 486.01330108642577 2362.7557373046875 678.095799255371 0.8781622023809523 1812.8159423828124 637.7332275390625 2037.6930908203126 811.0759765625 0.8981584821428571 
337 2241.302587890625 485.7623229980469 2360.944482421875 678.1275695800781 0.8849283854166666 1814.3455505371094 637.705615234375 2037.2077941894531 811.3035400390625 0.8984375 
338 2242.876013183594 485.8106063842773 2362.414758300781 675.6661087036133 0.8789760044642857 1812.9517883300782 639.4258331298828 2033.2778259277343 810.530160522461 0.8994605654761905 
339 2240.960559082031 486.47652435302734 2362.802868652344 676.2688674926758 0.8857654389880952 1811.4494689941407 637.9679412841797 2031.7025085449218 811.3585357666016 0.8954148065476191 
340 2242.7403076171877 483.3360763549805 2359.7714111328123 677.6078018188476 0.8818824404761905 1809.5450134277344 638.8074645996094 2029.5635070800781 812.0135803222656 0.9010649181547619 
341 2242.7507568359374 484.45372161865237 2362.3234619140626 676.7076858520508 0.8966936383928571 1808.8267456054687 638.112582397461 2031.5599731445313 811.6101348876953 0.9024135044642857 
342 2242.8828125 487.36788787841795 2360.85400390625 678.4810195922852 0.8756510416666666 1809.8381774902343 638.0986145019531 2031.6238586425782 812.6958190917969 0.8995070684523809 
343 2244.275744628906 484.9458465576172 2361.896862792969 675.4925689697266 0.8865327380952381 1808.8954833984376 639.1203735351562 2030.0237060546874 810.8476440429688 0.8987165178571429 
344 2243.5632080078126 484.92124633789064 2360.6120849609374 674.5401794433594 0.8857886904761905 1806.701483154297 638.0749694824219 2026.7529846191405 811.3071105957031 0.9019252232142857 
345 2245.22509765625 484.0484878540039 2359.95263671875 676.0413253784179 0.8815569196428571 1806.2171264648437 639.299755859375 2026.3065551757813 812.561572265625 0.9031343005952381 
346 2241.8490600585938 481.9732391357422 2361.7991333007812 677.1861236572265 0.8848586309523809 1805.017236328125 638.1978302001953 2026.10166015625 812.2430267333984 0.9009951636904762 
347 2243.172570800781 486.2382110595703 2363.257849121094 676.961557006836 0.8867885044642857 1806.3927490234375 638.4727813720704 2023.0166748046875 812.7138031005859 0.9031575520833334 
348 2244.9303466796873 484.9233825683594 2361.7215087890627 678.7968322753907 0.8774646577380952 1803.3696350097657 636.2129547119141 2025.2730651855468 811.3997772216796 0.9006696428571429 
349 2243.493518066406 486.4618774414063 2362.745983886719 678.2010864257812 0.8794642857142857 1804.0761413574219 637.9107025146484 2021.5365295410156 810.9436065673829 0.90234375 
350 2244.4718994140626 485.50268096923827 2363.7868896484374 677.342381286621 0.89697265625 1804.8242248535157 636.7609008789062 2022.3985534667968 812.2240844726563 0.8989722842261905 
351 2242.304479980469 486.2486938476562 2364.160119628906 676.0623413085938 0.8963448660714286 1804.2729370117188 637.7571502685547 2019.8637817382812 811.167105102539 0.9010184151785714 
352 2243.7726440429688 485.6575592041016 2365.1636352539062 677.0820037841797 0.8899042038690477 1803.2809753417969 636.5883666992188 2022.7186584472656 811.6716430664062 0.900390625 
353 2244.210095214844 486.29251861572266 2360.817492675781 675.1965866088867 0.8697219122023809 1804.689599609375 637.0748870849609 2014.58310546875 809.6539337158204 0.9007161458333334 
354 2244.0241821289064 485.57635803222655 2363.0786010742186 676.9973114013671 0.8826032366071429 1804.0792236328125 636.5043731689453 2016.5098876953125 811.5845550537109 0.8989025297619048 
355 2244.1200561523438 486.1795623779297 2363.8416137695312 676.3257476806641 0.8826032366071429 1803.7862121582032 635.8767639160156 2015.0598571777343 811.9380554199219 0.9000418526785714 
356 2242.3197509765623 482.4087142944336 2361.9356201171877 674.7321853637695 0.8868582589285714 1802.3752868652343 635.8525421142579 2013.4619934082032 811.7582366943359 0.8987165178571429 
357 2241.695593261719 483.84835052490234 2363.348107910156 675.6846389770508 0.8800455729166666 1802.865771484375 637.1734222412109 2015.757275390625 810.2939239501953 0.8970656622023809 
358 2243.0090087890626 483.91837005615236 2362.5652099609374 676.1459915161133 0.8836495535714286 1803.2837890625 637.5561950683593 2014.265283203125 811.0298645019532 0.8992047991071429 
359 2242.9626586914064 484.0215209960937 2362.5629760742186 676.3202758789063 0.8821382068452381 1803.0745849609375 635.6417205810546 2014.1341552734375 811.5247222900391 0.9000418526785714 
360 2245.436669921875 483.84315490722656 2362.352880859375 675.5856170654297 0.86669921875 1802.6841796875 637.0932159423828 2015.47158203125 810.1291351318359 0.8985770089285714 
361 2243.71943359375 481.38737030029296 2360.87431640625 675.8641250610351 0.8777669270833334 1801.8661376953125 634.95009765625 2015.0877197265625 810.6821044921875 0.8997860863095238 
362 2244.6158081054687 484.2143814086914 2362.0572875976563 674.4695480346679 0.8739769345238095 1801.1387634277344 636.0752380371093 2019.5798645019531 809.8885070800782 0.8993443080357143 
363 2242.45302734375 484.27579498291016 2362.30185546875 676.9741744995117 0.8799525669642857 1800.8374633789062 636.4822143554687 2019.3856811523438 810.3807006835938 0.8966238839285714 
364 2243.908898925781 483.4123870849609 2363.232458496094 675.2657745361328 0.8805338541666666 1802.97001953125 634.6813903808594 2015.88056640625 810.1571105957031 0.8984607514880952 
365 2245.1334228515625 481.2132064819336 2364.1614990234375 674.925862121582 0.8801153273809523 1803.4900207519531 636.2371704101563 2015.8738708496094 808.9448364257812 0.8967866443452381 
366 2244.6100219726563 480.59170989990236 2361.2764526367187 676.5914260864258 0.8810686383928571 1802.5336486816407 635.5786590576172 2017.2001159667968 810.5783843994141 0.8933454241071429 
367 2244.5828247070312 481.0026260375977 2361.2924194335938 674.7407516479492 0.8769066220238095 1802.3427307128907 636.0469909667969 2017.0885437011718 808.7773498535156 0.8934384300595238 
368 2245.027294921875 481.5619369506836 2361.858447265625 673.165266418457 0.8684895833333334 1802.326434326172 636.4982116699218 2017.2960021972656 809.4085266113282 0.8922758556547619 
369 2243.4642700195313 479.59759826660155 2365.3167358398437 676.4362762451171 0.8952752976190477 1801.5686340332031 635.518344116211 2019.4971618652344 808.9238555908203 0.8973911830357143 
370 2244.1518310546876 479.67309722900393 2363.0669189453124 675.532926940918 0.8808128720238095 1802.660223388672 634.549429321289 2017.1733947753905 809.4242645263672 0.8933454241071429 
371 2246.3572509765627 481.73815002441404 2365.0768310546873 674.9481903076172 0.8805571056547619 1802.0098693847656 634.300668334961 2016.170428466797 808.8881134033203 0.8962983630952381 
372 2246.3451293945313 481.5190963745117 2360.6248413085937 672.7626724243164 0.8658389136904762 1802.1433349609374 636.1644500732422 2019.0414794921876 808.7501617431641 0.8941359747023809 
373 2243.0276489257812 481.29449768066405 2362.2636108398438 675.3449676513671 0.8917410714285714 1801.873095703125 636.8585998535157 2019.303173828125 807.5294616699218 0.8923921130952381 
374 2248.3446655273438 477.69923248291013 2362.7024536132812 673.7409225463867 0.8778134300595238 1800.2494201660156 634.7839385986329 2017.2956237792969 807.4872406005859 0.8891369047619048 
375 2245.3020629882812 478.9698516845703 2364.3920288085938 675.1182220458984 0.87109375 1799.2979309082032 636.6788940429688 2016.4622009277343 804.8060913085938 0.8869977678571429 
376 2244.2212036132814 478.96547546386716 2361.1935913085936 673.1395660400391 0.8664899553571429 1801.5257995605468 634.088833618164 2012.0761291503907 809.5473358154297 0.8979957217261905 
377 2245.281298828125 478.922380065918 2362.240673828125 675.4141983032226 0.8669317336309523 1803.714581298828 632.4990875244141 2004.8846618652344 807.9382293701171 0.8860677083333334 
378 2245.0280639648436 476.87315826416017 2362.1191528320314 675.9280807495118 0.8661876860119048 1804.8555297851562 625.2185943603515 1989.8595581054688 803.1971160888672 0.8690941220238095 
379 2246.8654907226564 480.0487030029297 2361.8891479492186 674.8842193603516 0.8760230654761905 1807.2668212890626 621.5256408691406 1976.2807861328124 795.2344909667969 0.8596540178571429 
380 2245.9054931640626 478.29126892089846 2360.4914794921874 674.7241729736328 0.8565383184523809 1806.7198974609375 615.9022491455078 1970.4138916015625 788.950228881836 0.8393787202380952 
381 2246.3374755859377 480.67169189453125 2360.8422119140623 672.2915649414062 0.8673037574404762 1807.1937622070313 610.7251770019532 1973.1084838867187 781.3135192871093 0.8215448288690477 
382 2250.441857910156 484.4795913696289 2362.027624511719 668.130973815918 0.8551432291666666 1808.2123291015625 600.267578125 1970.9414794921875 772.29541015625 0.7898995535714286 
383 2253.0962036132814 479.905908203125 2369.7194702148436 664.170751953125 0.8720703125 1814.3234741210938 600.4764953613281 1970.5986450195312 766.0816101074219 0.7876674107142857 
384 2259.2588134765624 476.0336517333984 2371.7094482421876 658.7660919189453 0.8580961681547619 1813.6006958007813 597.1343963623046 1977.5914428710937 761.1250640869141 0.7785993303571429 
385 2268.463513183594 479.21915740966796 2373.949816894531 650.3412979125976 0.8423084077380952 1817.57763671875 593.6311492919922 1986.35546875 757.7208404541016 0.7911551339285714 
386 2274.246960449219 477.3375869750977 2379.923693847656 639.3755172729492 0.8405877976190477 1822.545965576172 592.9499267578125 1991.6289611816405 754.9878173828125 0.7904575892857143 
387 2278.9409423828124 482.0681091308594 2384.7328857421876 637.2297424316406 0.83984375 1825.933935546875 593.6470458984375 2002.254052734375 753.510546875 0.8163364955357143 
388 2283.821887207031 482.54505615234376 2387.351208496094 633.1330444335938 0.8227074032738095 1831.9675170898438 591.8661193847656 2008.4377563476562 751.8659362792969 0.8190336681547619 
389 2282.4923461914063 477.8904495239258 2383.7085815429687 628.5379867553711 0.8174060639880952 1835.891094970703 588.2506256103516 2010.0772888183594 755.3752899169922 0.8381463913690477 
390 2276.076867675781 471.00663604736326 2381.867224121094 630.8674789428711 0.8438662574404762 1841.4327270507813 587.7375732421875 2015.3988159179687 754.6510986328125 0.8529808407738095 
391 2271.987170410156 472.68365783691405 2377.465222167969 627.3850067138671 0.8251720610119048 1845.2962280273437 586.9967834472657 2023.4371704101563 751.0740173339843 0.8504696800595238 
392 2268.994982910156 471.5768814086914 2369.680554199219 630.800895690918 0.8219168526785714 1849.6811157226562 586.8521850585937 2025.2956909179688 746.0761596679688 0.8707682291666666 
393 2260.801025390625 469.9764938354492 2368.381103515625 633.6855239868164 0.8452613467261905 1855.1264099121095 583.5833465576172 2032.867608642578 744.9537017822265 0.8798828125 
394 2252.4666259765627 468.99189453125 2369.2628662109373 644.186572265625 0.8718377976190477 1860.92890625 582.0148956298829 2038.459521484375 743.1940277099609 0.8794410342261905 
395 2252.1055541992187 466.81800384521483 2363.9230102539063 648.5208938598632 0.8688383556547619 1866.21103515625 578.2767669677735 2045.584375 741.3435333251953 0.8779296875 
396 2250.2911376953125 470.06347198486327 2366.3358154296875 646.4513900756835 0.8666294642857143 1871.4499633789062 575.4856231689453 2052.4797241210936 735.627230834961 0.8719540550595238 
397 2250.230603027344 469.9589324951172 2366.025500488281 650.5988677978515 0.8696521577380952 1877.5495178222657 575.9557647705078 2058.189373779297 733.4367523193359 0.8788364955357143 
398 2252.5783203125 472.8508728027344 2363.8171875 651.2963439941407 0.8588402157738095 1882.6737365722656 571.5217559814453 2063.436737060547 729.1100189208985 0.8779529389880952 
399 2254.8265869140623 474.89839324951174 2365.4922607421877 650.1192153930664 0.8504464285714286 1888.6008850097655 568.9820281982422 2068.432684326172 728.0640533447265 0.8826962425595238 
400 2253.3225708007812 474.6348388671875 2368.4071655273438 654.166552734375 0.8611421130952381 1891.5148315429688 569.3581939697266 2073.3482055664062 725.8730682373047 0.8749534970238095 
401 2255.273486328125 475.5480529785156 2365.269482421875 654.2915466308593 0.8658854166666666 1894.525390625 571.8826965332031 2075.560546875 725.4186950683594 0.8801850818452381 
402 2253.097802734375 476.82159729003905 2367.646337890625 655.5170867919921 0.8594447544642857 1896.4997436523438 571.103759765625 2077.4863403320314 726.8895263671875 0.8823009672619048 
403 2249.708251953125 478.7349380493164 2366.797119140625 655.5162521362305 0.8601888020833334 1898.1765991210937 573.2184539794922 2077.2538208007813 727.041128540039 0.8827659970238095 
404 2251.5633544921875 477.0403854370117 2366.3131103515625 653.7548110961914 0.8613978794642857 1898.3992980957032 572.9887390136719 2075.1137634277343 729.0482482910156 0.8750465029761905 
405 2251.2349853515625 477.13158111572267 2365.6610107421875 655.6359664916993 0.8538178943452381 1895.2823547363282 573.0732940673828 2073.7868591308593 728.692514038086 0.8808826264880952 
406 2251.726611328125 476.86596832275393 2363.918896484375 657.7469161987304 0.8581659226190477 1895.3365295410156 573.1186279296875 2073.9279968261717 728.813623046875 0.8798363095238095 
407 2249.941198730469 477.42325897216796 2364.446252441406 658.3414199829101 0.8541434151785714 1895.5037048339843 573.695687866211 2074.131671142578 729.4226593017578 0.8783249627976191 
408 2246.486291503906 479.57099609375 2363.264440917969 660.4626953125 0.8628394717261905 1895.8875671386718 574.0680053710937 2074.4895080566407 729.7722045898438 0.8792085193452381 
409 2245.981799316406 479.5133773803711 2365.367565917969 660.887776184082 0.8722563244047619 1898.5094848632812 574.5274597167969 2075.292028808594 728.3513244628906 0.8832775297619048 
410 2248.5994140625 476.97015075683595 2361.38837890625 658.8136016845704 0.8489583333333334 1897.3953430175782 572.2299163818359 2076.9370544433596 726.4515411376954 0.8820452008928571 
411 2246.6418212890626 478.4255737304687 2363.6589599609374 659.6873413085938 0.8614676339285714 1902.3856994628907 575.6750854492187 2081.352947998047 724.8145385742188 0.8850446428571429 
412 2247.407177734375 476.4112915039062 2364.047900390625 661.6641479492188 0.87060546875 1909.8001098632812 571.324819946289 2085.9047241210938 726.8456512451172 0.8952752976190477 
413 2246.41513671875 480.16845703125 2365.1302734375 660.5244140625 0.8738839285714286 1915.9087036132812 571.1367065429688 2098.5475952148436 724.0968139648437 0.8796037946428571 
414 2245.5573486328126 474.68565826416017 2363.7234130859374 658.7521774291993 0.8719540550595238 1930.0396362304687 569.2535705566406 2116.3785766601563 721.5060729980469 0.8745349702380952 
415 2249.2646362304686 473.9059600830078 2363.7087524414064 657.9138031005859 0.8616071428571429 1940.2834838867188 567.8086700439453 2144.487268066406 715.9125823974609 0.8820452008928571 
416 2250.4208862304686 469.57446746826173 2366.4646118164064 654.798243713379 0.8545386904761905 1955.8481018066407 562.7013671875 2170.082928466797 714.4509765625 0.8669549851190477 
417 2249.14130859375 469.05619659423826 2368.55595703125 654.8123031616211 0.8560035342261905 1967.8704345703125 564.9961303710937 2195.6427490234373 715.3702026367188 0.8786039806547619 
418 2252.4279296875 471.1139877319336 2366.74541015625 651.3842117309571 0.8622581845238095 1981.684307861328 565.4768249511719 2214.716448974609 719.3660705566406 0.8547712053571429 
419 2250.693713378906 469.8107192993164 2366.556530761719 653.4424240112305 0.857421875 1996.8549560546876 571.8843566894532 2228.5805908203124 716.1664245605468 0.8590727306547619 
420 2255.117785644531 468.92224884033203 2361.560681152344 660.0852890014648 0.8602585565476191 2006.13779296875 572.2739318847656 2242.9193359375 722.1632019042969 0.8686290922619048 
421 2251.1097412109375 466.7054183959961 2364.1837158203125 660.2358963012696 0.8603748139880952 2012.16552734375 577.1031097412109 2253.53515625 727.1435333251953 0.8672340029761905 
422 2252.8524169921875 470.09051818847655 2365.5455322265625 658.6343963623046 0.8668619791666666 2017.7978088378907 580.5328552246094 2260.520916748047 736.5691955566406 0.857421875 
423 2252.991345214844 470.36724853515625 2365.250598144531 660.3446655273438 0.8659551711309523 2022.1622802734375 584.204248046875 2263.9514892578127 737.4814208984375 0.8541899181547619 
424 2253.6262817382812 471.2612014770508 2363.6517944335938 661.1090072631836 0.8563058035714286 2024.8629516601563 586.9289825439453 2262.1729370117187 737.9442474365235 0.8478887648809523 
425 2253.4068603515625 470.98849029541014 2365.5159912109375 660.7120407104492 0.8620721726190477 2028.6076904296874 586.3317596435547 2263.6061767578126 739.4041412353515 0.8445172991071429 
426 2253.2207763671877 473.48270721435546 2364.9706298828123 660.4485977172851 0.8670944940476191 2031.043701171875 588.2080535888672 2263.139404296875 740.7894439697266 0.8355887276785714 
427 2254.8900390625 472.4896896362305 2364.290625 663.4041397094727 0.8726050967261905 2033.11923828125 588.9029296875 2262.64541015625 743.3506103515625 0.8500279017857143 
428 2250.215783691406 473.8931884765625 2363.470983886719 664.076904296875 0.8601655505952381 2034.964453125 589.6143463134765 2261.47548828125 745.6077606201172 0.8494931175595238 
429 2254.122766113281 473.1008697509766 2363.232946777344 663.5090545654297 0.8647925967261905 2035.0791625976562 592.4968200683594 2259.7179565429688 746.5349182128906 0.8502139136904762 
430 2251.7968994140624 471.4254180908203 2362.6098388671876 669.6097991943359 0.8603050595238095 2035.2529296875 590.8442016601563 2261.140625 748.5393432617187 0.8475399925595238 
431 2251.8071533203124 472.65863342285155 2364.5688232421876 668.3959930419921 0.8700241815476191 2035.61220703125 591.8849456787109 2263.26328125 747.1983673095704 0.8477725074404762 
432 2254.71328125 473.2279815673828 2361.02890625 666.7223968505859 0.8633975074404762 2036.5209106445313 592.1378784179688 2261.9099975585937 747.3587036132812 0.8533063616071429 
433 2252.895788574219 469.52518157958986 2358.952111816406 668.9113723754883 0.8603050595238095 2035.2351806640625 595.650765991211 2260.0748779296873 748.3721221923828 0.8535621279761905 
434 2253.9525756835938 470.1033462524414 2359.8298950195312 669.1522384643555 0.8560267857142857 2036.904736328125 596.0155975341797 2259.246630859375 748.4786041259765 0.8513997395833334 
435 2253.7403198242187 472.47939453125 2361.6539672851563 669.2634033203125 0.8567708333333334 2035.7151977539063 596.4256744384766 2255.774792480469 748.7745819091797 0.8536551339285714 
436 2253.738134765625 470.8405563354492 2359.535791015625 669.7400405883789 0.8525855654761905 2037.34150390625 598.2859405517578 2255.28447265625 750.6345306396485 0.8518415178571429 
437 2252.678955078125 470.5828521728516 2360.436767578125 671.3082000732422 0.8553059895833334 2037.3258178710937 597.8443084716797 2250.728625488281 752.0859283447265 0.8508649553571429 
438 2254.495227050781 472.7435104370117 2360.189099121094 667.2202651977539 0.8582356770833334 2035.3021850585938 597.7061767578125 2250.9177856445312 752.019287109375 0.8516555059523809 
439 2252.555212402344 472.8120880126953 2360.376184082031 669.4263763427734 0.8600492931547619 2035.2061645507813 598.0337463378906 2250.847790527344 752.3654235839844 0.8523065476190477 
440 2254.1213134765626 472.10999755859376 2359.7571044921874 670.7053100585938 0.8619791666666666 2035.0490356445312 597.2477600097657 2250.545935058594 753.5887878417968 0.85791015625 
441 2254.7078491210937 470.3570053100586 2360.4442504882813 669.141438293457 0.8573521205357143 2035.6709594726562 597.4847229003906 2249.2584838867188 751.8598815917969 0.8585844494047619 
442 2252.646936035156 472.99232177734376 2360.417761230469 669.5151245117188 0.8625604538690477 2033.773681640625 596.2863677978515 2249.314697265625 752.6593719482422 0.8590959821428571 
443 2254.2083251953127 472.3140838623047 2362.0607177734373 671.1010162353516 0.8597237723214286 2035.4126098632812 597.5726501464844 2249.0026733398436 754.0644348144531 0.8618861607142857 
444 2254.0067138671875 470.8433151245117 2361.9010009765625 669.7072525024414 0.8609793526785714 2033.4989990234376 597.7777526855468 2247.1718994140624 754.3301574707032 0.8603748139880952 
445 2255.279577636719 473.69730682373046 2363.627404785156 669.1484268188476 0.8663504464285714 2035.7239624023437 597.651889038086 2248.1708129882813 752.7380645751953 0.8609328497023809 
446 2255.6820556640623 473.51109924316404 2363.4912841796877 667.9906707763672 0.8716052827380952 2035.34775390625 598.2316680908203 2248.85244140625 754.6608489990234 0.8607700892857143 
447 2255.775 475.7007232666016 2365.711328125 668.0893768310547 0.8700706845238095 2035.9022338867187 598.5659942626953 2247.318225097656 755.0139007568359 0.8634207589285714 
448 2257.8386840820312 477.6150726318359 2361.3578491210938 665.6398712158203 0.8603283110119048 2035.52392578125 598.2791900634766 2248.900390625 754.6144256591797 0.8659784226190477 
449 2257.5434814453124 475.15549621582034 2361.0502685546876 665.2701019287109 0.8563058035714286 2034.7681518554687 597.6737548828125 2252.3439086914063 753.990185546875 0.8702799479166666 
450 2258.9720458984375 473.7039855957031 2362.4864501953125 665.9448181152344 0.8689778645833334 2034.3119140625 598.5873840332031 2254.01572265625 750.6900817871094 0.8656296502976191 
451 2258.8984252929686 473.514697265625 2362.3103149414064 665.5652587890625 0.8700474330357143 2034.4607788085937 598.5180114746094 2253.9471801757813 748.3596740722656 0.8616303943452381 
452 2258.3964721679686 472.53741455078125 2366.0041625976564 664.5429077148438 0.8779994419642857 2036.6081665039062 597.2679901123047 2251.8232299804686 749.1844635009766 0.8582821800595238 
453 2258.5493774414062 476.59967346191405 2366.2326049804688 662.4061248779296 0.8724423363095238 2036.6048583984375 595.5710388183594 2251.9713134765625 749.7059387207031 0.8542829241071429 
454 2260.5040283203125 474.5669250488281 2366.0941162109375 664.6292419433594 0.8739304315476191 2038.0336181640625 597.782583618164 2255.5493896484377 747.7206512451172 0.8581659226190477 
455 2259.3705932617186 474.37561950683596 2366.9655883789064 660.0302032470703 0.8689546130952381 2038.01298828125 598.8485717773438 2263.7521484375 746.5283813476562 0.8511207217261905 
456 2259.0272827148438 474.93532409667966 2364.3142700195312 658.1343170166016 0.8536551339285714 2039.463916015625 601.0364837646484 2264.777783203125 744.2265167236328 0.8478655133928571 
457 2256.91640625 474.83567962646487 2364.196875 659.9469436645508 0.8584681919642857 2041.0611206054687 599.1870544433593 2266.1398071289063 744.3311340332032 0.84033203125 
458 2256.4189331054686 475.98141021728514 2363.5949829101564 660.9124801635742 0.8569103422619048 2042.1479125976562 600.6966766357422 2269.108679199219 741.4964996337891 0.8466796875 
459 2257.985070800781 474.4591720581055 2363.051794433594 661.4777481079102 0.8623511904761905 2044.2151489257812 600.7815460205078 2264.8549194335938 743.6721282958985 0.8429827008928571 
460 2257.9275756835937 474.7656524658203 2362.9784301757813 661.7562591552735 0.8645600818452381 2044.1894165039062 601.3115966796875 2264.796179199219 742.0797607421875 0.8427966889880952 
461 2258.0436279296873 475.702458190918 2363.1804931640627 662.8464004516602 0.8666062127976191 2044.1302124023437 600.2494201660156 2264.9178833007813 745.3385925292969 0.8457961309523809 
462 2259.737512207031 474.3777618408203 2362.728552246094 663.5446624755859 0.8686988467261905 2044.297509765625 602.5909210205078 2262.890478515625 745.5170501708984 0.8479120163690477 
463 2258.468115234375 475.0002716064453 2363.427880859375 661.8290130615235 0.8746977306547619 2043.5422607421874 602.5669860839844 2261.8591064453126 747.4117736816406 0.8450288318452381 
464 2258.882214355469 477.11900482177737 2363.981311035156 662.0937942504883 0.8740699404761905 2043.6712158203125 602.9956085205079 2262.2775146484373 748.0326507568359 0.8479585193452381 
465 2258.7056396484377 475.483837890625 2363.8158447265623 660.4777099609375 0.8747442336309523 2041.6128051757812 602.9905212402343 2262.3439819335936 748.0425598144532 0.8498651413690477 
466 2258.185302734375 476.538835144043 2365.593994140625 663.9773086547851 0.8677455357142857 2041.1809936523437 602.6588348388672 2260.2103637695313 750.0824371337891 0.8388671875 
467 2258.3193237304686 474.4793533325195 2365.7492797851564 664.0615097045899 0.8685360863095238 2039.1656982421875 602.4878631591797 2262.4514892578127 749.9406646728515 0.8397739955357143 
468 2261.0508422851562 472.7302185058594 2364.7350463867188 663.1705383300781 0.8826264880952381 2041.1492309570312 602.9458221435547 2259.0975952148438 751.0660797119141 0.8508417038690477 
469 2259.6928833007814 473.2132202148438 2365.5632202148436 661.6627563476562 0.8749767485119048 2041.5179931640625 601.3979675292969 2259.6114013671877 751.7341125488281 0.8493768601190477 
470 2260.433215332031 473.2157867431641 2363.854626464844 663.1739227294922 0.8797898065476191 2041.33193359375 600.9910339355469 2256.6177734375 752.9575744628906 0.8426106770833334 
471 2261.1349853515626 472.10003356933595 2360.5373779296874 664.5599395751954 0.8676292782738095 2040.8554321289062 602.2504577636719 2258.694616699219 752.4114074707031 0.8503534226190477 
472 2262.9706298828123 472.3104873657227 2360.3887451171877 662.9112838745117 0.8665132068452381 2040.7659545898437 600.5180206298828 2256.7801879882813 752.9986419677734 0.8548642113095238 
473 2260.5154418945312 472.52259674072263 2366.7069702148438 663.6670700073242 0.8666062127976191 2039.80068359375 599.4621551513671 2260.67880859375 752.3777496337891 0.8481910342261905 
474 2259.8783203125 474.6289581298828 2365.48935546875 662.6164642333985 0.8715122767857143 2040.6136352539063 600.6309844970704 2258.172253417969 752.7107513427734 0.8519577752976191 
475 2261.9014892578125 472.7725372314453 2365.7523193359375 661.3998870849609 0.8698614211309523 2040.0157470703125 598.9588500976563 2258.3148193359375 753.6756713867187 0.8540969122023809 
476 2257.921008300781 472.18154296875 2365.538220214844 664.2048095703125 0.8778366815476191 2040.981591796875 599.9265197753906 2256.216650390625 753.9671569824219 0.8518182663690477 
477 2261.387939453125 471.4514617919922 2366.670166015625 665.1704254150391 0.8793015252976191 2041.4296752929688 601.0293212890625 2256.2048461914064 752.6354736328125 0.8474934895833334 
478 2258.851318359375 471.2799041748047 2366.196533203125 664.9220611572266 0.8829985119047619 2040.5992065429687 602.4254821777344 2257.3942016601563 753.9714904785156 0.8522135416666666 
479 2259.345068359375 472.96851043701173 2366.723291015625 662.4594985961915 0.8750930059523809 2039.648876953125 599.9436706542969 2254.405322265625 755.7473693847656 0.8536086309523809 
480 2260.58203125 471.7155487060547 2366.01025390625 667.8123443603515 0.8859979538690477 2040.0745483398437 597.9863067626953 2257.2567504882813 754.0203460693359 0.8525158110119048 
481 2260.261608886719 471.80792541503905 2367.817248535156 663.7208221435546 0.8799525669642857 2039.9593505859375 597.6138702392578 2257.1793212890625 753.6748870849609 0.8532366071428571 
482 2261.23740234375 473.610009765625 2366.660546875 663.371923828125 0.8729771205357143 2040.7405517578125 595.6577728271484 2257.9122802734373 753.7927276611329 0.8556547619047619 
483 2261.2840087890627 473.4355895996094 2366.6735107421873 663.1370422363282 0.8759068080357143 2040.857421875 595.6876190185546 2257.9599609375 751.6643707275391 0.8543991815476191 
484 2264.2649658203127 472.4802307128906 2365.5221435546873 662.3375183105469 0.8782087053571429 2039.438134765625 594.8326843261718 2260.938330078125 750.9375793457032 0.8542829241071429 
485 2261.0633056640627 472.8494583129883 2368.7316162109373 658.6300033569336 0.8719075520833334 2042.15400390625 594.8085021972656 2259.60185546875 751.0330505371094 0.8594680059523809 
486 2263.3581787109374 473.00333404541016 2368.8517822265626 658.6716842651367 0.86962890625 2040.6048583984375 593.2657989501953 2262.1412353515625 749.3960052490235 0.8577008928571429 
487 2263.20927734375 473.21647491455076 2368.73017578125 658.9329086303711 0.8670479910714286 2040.3983154296875 593.5101013183594 2261.9918212890625 749.6806945800781 0.8547247023809523 
488 2264.0536865234376 473.2992172241211 2367.5693603515624 659.205207824707 0.8735119047619048 2041.0151611328124 592.0905242919922 2260.7221435546876 748.420523071289 0.8570963541666666 
489 2263.6239379882813 472.1653106689453 2367.4109741210937 660.6761810302735 0.8793247767857143 2041.3864868164062 593.3858276367188 2263.7870971679686 748.0071166992187 0.8472609747023809 
490 2263.4985961914062 472.2790222167969 2367.1383666992188 660.5227355957031 0.8783482142857143 2041.331884765625 593.3276794433593 2265.532373046875 747.7298156738282 0.8485863095238095 
491 2263.3707885742188 472.84391021728516 2367.1978149414062 659.3088912963867 0.8820684523809523 2041.291455078125 593.866830444336 2261.659228515625 748.5480255126953 0.8475632440476191 
492 2262.9479370117188 472.468994140625 2366.6353149414062 660.7991943359375 0.8782087053571429 2040.9233032226562 593.3291076660156 2263.110632324219 749.9183288574219 0.8488188244047619 
493 2261.5983154296873 471.88016510009766 2365.4148681640627 660.4446334838867 0.8788597470238095 2041.172021484375 592.890625 2261.516943359375 749.674560546875 0.8496326264880952 
494 2261.6798706054688 472.77015075683596 2367.6460571289062 663.5092071533203 0.8762323288690477 2040.0475341796875 594.0606079101562 2258.3377197265627 750.8905639648438 0.8519577752976191 
495 2263.4839599609377 472.4394012451172 2367.4515869140623 663.4006256103515 0.8782552083333334 2039.9612548828125 593.871206665039 2256.3839599609373 750.8837371826172 0.8532598586309523 
496 2263.370068359375 470.970475769043 2367.499560546875 664.3535293579101 0.8805803571428571 2037.6203735351562 594.4708618164062 2256.5043823242186 751.7273803710938 0.8552827380952381 
497 2261.5894287109377 471.7222869873047 2367.9120361328123 663.1030914306641 0.8818126860119048 2037.8209106445313 594.8111968994141 2254.719372558594 754.2951873779297 0.8544689360119048 
498 2262.1325927734374 471.8355010986328 2366.3820556640626 663.3142181396485 0.8735584077380952 2036.3677001953124 594.9874542236328 2253.3769287109376 754.553012084961 0.8518880208333334 
499 2263.5878662109376 470.81739349365233 2365.6308837890624 662.1480911254882 0.8744884672619048 2034.7268432617188 595.5094329833985 2249.442346191406 754.9516876220703 0.8590959821428571 
500 2261.702038574219 469.2719100952148 2367.956408691406 664.7800003051758 0.87451171875 2031.5386474609375 596.0415740966797 2248.2977783203123 755.423208618164 0.8588634672619048 
501 2262.835888671875 468.7055374145508 2367.124072265625 664.5122055053711 0.8618861607142857 2030.92939453125 595.4232482910156 2243.7625 757.1766052246094 0.8664667038690477 
502 2263.973107910156 469.2261657714844 2366.500769042969 657.1937561035156 0.8594215029761905 2027.9455688476562 595.9070831298828 2239.4091674804686 753.9707855224609 0.8630719866071429 
503 2262.501513671875 471.89501037597654 2367.578076171875 656.3151336669922 0.8660016741071429 2027.935009765625 595.5290618896485 2235.943896484375 752.0717071533203 0.8607933407738095 
504 2261.5372924804688 473.51378479003904 2364.6089477539062 651.7417694091797 0.8576543898809523 2026.6529541015625 595.168017578125 2232.7962646484375 749.775341796875 0.8671409970238095 
505 2259.5963134765625 471.5696823120117 2365.2752685546875 650.5771987915039 0.8589332217261905 2025.8412475585938 597.8205444335938 2230.7293090820312 746.6340454101562 0.8714192708333334 
506 2255.4353637695312 473.0791473388672 2359.0497436523438 654.4043121337891 0.8596307663690477 2024.544873046875 597.7816772460938 2229.614794921875 748.8860473632812 0.8769996279761905 
507 2248.600549316406 473.84411468505857 2356.371374511719 659.210237121582 0.8621884300595238 2023.2761962890625 598.8584838867188 2230.1964599609373 749.7378295898437 0.8769298735119048 
508 2245.4879516601563 476.4338943481445 2351.1856323242187 659.7867782592773 0.8397972470238095 2024.966748046875 599.637075805664 2229.890673828125 750.6336151123047 0.8758835565476191 
509 2236.436962890625 477.8462249755859 2348.056689453125 664.5945098876953 0.8369140625 2022.1966857910156 595.2450378417968 2230.410125732422 751.9418518066407 0.8651878720238095 
510 2233.5486572265627 482.53057250976565 2345.3302490234373 665.2505554199219 0.8411923363095238 2024.206103515625 596.7925659179688 2230.572216796875 749.4175170898437 0.8664434523809523 
511 2234.017919921875 484.5463134765625 2343.592431640625 665.021923828125 0.8361235119047619 2024.5374389648437 597.0956787109375 2230.7953247070313 747.4919677734375 0.8651181175595238 
512 2235.8911743164062 484.17438354492185 2341.0670776367188 666.6223693847656 0.8333333333333334 2023.9708251953125 596.6151733398438 2234.3226318359375 749.0128784179688 0.8639555431547619 
513 2238.117395019531 483.7630920410156 2341.209997558594 666.3224792480469 0.8379836309523809 2024.1676635742188 598.1725006103516 2234.6480102539062 748.5155487060547 0.8602585565476191 
514 2237.976708984375 483.71307983398435 2343.232275390625 666.2991271972656 0.8389369419642857 2026.1439331054687 598.1392120361328 2234.506701660156 748.5041595458985 0.8600260416666666 
515 2236.19697265625 482.94323272705077 2343.6970703125 665.6930892944335 0.83447265625 2026.0759399414062 597.472036743164 2234.6259643554686 747.9718719482422 0.8583054315476191 
516 2235.058972167969 482.6322967529297 2342.709826660156 665.638638305664 0.8252185639880952 2024.6432861328126 597.073373413086 2233.4856201171874 749.9375518798828 0.8590959821428571 
517 2236.0684204101562 481.73452911376955 2343.5802612304688 666.6549667358398 0.8310546875 2024.2700805664062 598.1781646728516 2232.8429565429688 748.6948211669921 0.8582589285714286 
518 2235.906640625 481.1452270507813 2343.4283203125 668.2331909179687 0.8338448660714286 2023.8405395507812 597.8477661132813 2234.583044433594 748.3783081054687 0.8603748139880952 
519 2235.4405883789063 482.97876434326173 2342.8521362304687 667.726466369629 0.833984375 2023.59228515625 597.4132537841797 2234.11865234375 749.9375152587891 0.8603515625 
520 2235.808801269531 481.2364212036133 2343.287634277344 668.2499984741211 0.8282877604166666 2023.8270141601563 597.3965209960937 2234.485729980469 752.1663452148438 0.8620721726190477 
521 2236.855017089844 481.3009521484375 2342.029016113281 668.038525390625 0.8290783110119048 2023.2874267578125 597.2895690917969 2233.6354248046873 751.8310363769531 0.8560035342261905 
522 2234.2691650390625 481.60135345458986 2341.4715576171875 670.2774612426758 0.8258928571428571 2024.7297119140626 597.7097106933594 2232.7024169921874 752.0810607910156 0.8583286830357143 
523 2234.6819702148437 481.43359375 2341.9100708007813 668.01025390625 0.82763671875 2023.4429931640625 597.0748260498046 2231.4652099609375 753.6276275634766 0.8632347470238095 
524 2233.888427734375 479.6862823486328 2343.163330078125 670.3820159912109 0.8287527901785714 2023.0847412109374 597.3671051025391 2230.9216064453126 753.7804168701172 0.8646763392857143 
525 2236.350927734375 480.87140197753905 2343.430810546875 667.1904266357421 0.8271484375 2022.3559265136719 595.6116180419922 2227.9493713378906 758.3730621337891 0.8668852306547619 
526 2236.2255737304686 481.3094116210938 2341.2815063476564 669.9811157226562 0.8155459449404762 2021.496026611328 598.8169250488281 2229.4638122558595 755.3287048339844 0.8714657738095238 
527 2236.4319702148437 481.1832672119141 2341.4764770507813 669.8347381591797 0.8145693824404762 2023.869317626953 598.6781799316407 2227.5270446777345 755.1731384277343 0.8769996279761905 
528 2235.1260375976562 479.994367980957 2342.4537963867188 671.0380722045899 0.8117792038690477 2022.2864501953125 599.5412048339844 2228.3561279296873 756.2399230957031 0.8801385788690477 
529 2239.7974365234377 482.18397521972656 2342.9843017578123 669.2101287841797 0.8324730282738095 2021.1869140625 599.7574462890625 2227.56064453125 756.6873779296875 0.8814639136904762 
530 2238.0998291015626 481.05967102050784 2341.2981201171874 668.1067718505859 0.8284505208333334 2021.3667785644532 600.7962341308594 2225.6135681152346 753.4438781738281 0.8802315848214286 
531 2235.4623168945313 481.787451171875 2345.0574584960937 664.445703125 0.8314499627976191 2019.5785766601562 600.9699035644531 2223.725866699219 753.5432800292969 0.8783017113095238 
532 2235.4097290039062 478.578791809082 2342.8834838867188 661.2842147827148 0.8321242559523809 2017.3206604003906 599.4454559326172 2223.6704284667967 752.0582672119141 0.8741396949404762 
533 2231.902551269531 480.31082305908205 2343.685095214844 665.1820663452148 0.8364025297619048 2016.1918518066407 599.7825927734375 2220.410076904297 752.4088134765625 0.8765811011904762 
534 2228.2145874023436 484.13042907714845 2342.3984497070314 665.1010772705079 0.8431222098214286 2015.8392211914063 599.8057861328125 2218.353894042969 754.9234619140625 0.87646484375 
535 2225.41982421875 486.7118835449219 2339.4478515625 667.4352111816406 0.8412155877976191 2013.0865234375 600.5741973876953 2217.4759765625 755.4799407958984 0.8698614211309523 
536 2222.5172485351563 489.0879364013672 2338.9361206054687 668.0279693603516 0.8414713541666666 2011.653369140625 601.2778259277344 2216.464306640625 756.5029357910156 0.8678850446428571 
537 2219.674450683594 489.26829681396487 2335.412219238281 675.7347854614258 0.8386811755952381 2009.796649169922 601.2965545654297 2215.552593994141 759.9002838134766 0.8798363095238095 
538 2222.20234375 490.3512817382813 2336.2849609375 675.4667114257812 0.8421921502976191 2011.4223022460938 603.1094146728516 2215.9104614257812 758.0897430419922 0.8759765625 
539 2221.8254150390626 491.2795013427734 2337.7571044921874 675.9114776611328 0.8375418526785714 2011.59609375 603.7431518554688 2217.696875 758.3187377929687 0.8701404389880952 
540 2222.2873779296874 493.10003051757815 2333.8874267578126 675.5232604980469 0.8223818824404762 2011.3863037109375 603.6270629882813 2219.5634033203123 758.1502807617187 0.8724190848214286 
541 2222.187219238281 493.5701049804687 2333.760290527344 671.6580444335938 0.8214053199404762 2012.9874450683594 603.5752746582032 2221.1142395019533 758.0611999511718 0.8703264508928571 
542 2222.7419189453126 492.6392456054688 2334.3445068359374 675.0664428710937 0.8263113839285714 2011.83623046875 603.1686614990234 2220.0177734375 757.6952911376953 0.8742559523809523 
543 2223.073974609375 493.2750244140625 2334.754638671875 673.6817626953125 0.8272879464285714 2012.0213623046875 603.6337768554688 2220.3482666015625 758.2680786132812 0.8728841145833334 
544 2222.6547241210938 491.3535552978516 2334.3147583007812 673.8747772216797 0.8282645089285714 2011.6405029296875 605.2434631347656 2219.9293212890625 759.8496765136719 0.8726515997023809 
545 2223.012158203125 490.8869201660156 2338.808642578125 675.3036315917968 0.8355654761904762 2010.883349609375 604.8689758300782 2221.032666015625 759.2644470214843 0.8746279761904762 
546 2223.50576171875 492.673828125 2336.8990234375 676.670166015625 0.8384719122023809 2011.860662841797 604.5034240722656 2219.3914123535155 760.6863952636719 0.8746977306547619 
547 2221.460974121094 493.2051208496094 2336.981652832031 677.1825744628907 0.8371930803571429 2010.0843078613282 605.0232788085938 2217.5937927246096 761.1902221679687 0.8756045386904762 
548 2222.768115234375 491.41527099609374 2336.052197265625 677.3720825195312 0.8352167038690477 2011.8199584960937 604.7815246582031 2214.876086425781 762.9516296386719 0.8772321428571429 
549 2221.8862548828124 490.53570861816405 2335.0605224609376 676.3120086669921 0.8319847470238095 2011.1428527832031 605.6808715820313 2214.0020446777344 761.5621704101562 0.8820452008928571 
550 2222.2185913085937 493.2303405761719 2332.8807739257813 676.2486633300781 0.8307291666666666 2010.0612426757812 603.9744506835938 2214.360876464844 763.5834106445312 0.8815801711309523 
551 2222.284375 492.51837463378905 2337.68095703125 676.2983367919921 0.833984375 2009.9839111328124 605.6137420654297 2212.9965576171876 763.749966430664 0.8759300595238095 
552 2221.7799560546873 494.84682006835936 2337.0413330078127 678.4113586425781 0.8287992931547619 2009.72841796875 604.2795288085938 2212.50302734375 764.3648803710937 0.8804873511904762 
553 2219.5315795898437 494.66567077636716 2336.9222778320313 676.0873199462891 0.8297526041666666 2009.3781616210938 605.4888244628906 2212.1435668945314 765.5667175292969 0.8811848958333334 
554 2221.093225097656 495.29664916992186 2338.626745605469 676.9394348144531 0.8263346354166666 2009.2862854003906 604.6110870361329 2210.161834716797 764.8840911865234 0.8738141741071429 
555 2220.5097900390624 494.8262969970703 2338.0512451171876 676.4813812255859 0.8258928571428571 2008.4419494628905 603.9015045166016 2211.468084716797 766.3225555419922 0.8790225074404762 
556 2221.1196533203124 491.5970794677734 2332.1420654296876 675.2112091064453 0.8339378720238095 2006.6294006347657 606.4790924072265 2211.594110107422 762.3376190185547 0.8900204613095238 
557 2221.0060913085936 492.65411376953125 2332.0288208007814 674.1336059570312 0.8384486607142857 2007.0080505371093 603.5125915527344 2207.703009033203 763.6415832519531 0.8815336681547619 
558 2219.2944580078124 491.26719360351564 2334.7919677734376 673.0689880371094 0.8379371279761905 2001.6259338378907 602.3225616455078 2206.954998779297 762.7358489990235 0.8716750372023809 
559 2217.1260986328125 488.2350616455078 2332.4534912109375 671.9048919677734 0.8391462053571429 2000.0243041992187 600.7698272705078 2202.915393066406 763.082650756836 0.8734654017857143 
560 2213.059130859375 487.15393524169923 2337.223095703125 673.3996841430665 0.8498651413690477 1998.0779541015625 601.8490478515625 2201.4498779296873 764.5464599609375 0.8697451636904762 
561 2212.4360107421876 489.81553649902344 2334.6518798828124 674.2113800048828 0.8494698660714286 1995.218243408203 600.8984069824219 2198.911517333984 765.9969787597656 0.8631649925595238 
562 2209.6211547851562 494.3460388183594 2334.3986206054688 675.0582580566406 0.8329613095238095 1991.6743469238281 601.7473541259766 2198.2024841308594 769.5515350341797 0.8616303943452381 
563 2208.7801025390627 499.9497039794922 2327.1315185546873 676.4008209228516 0.8239164806547619 1990.03701171875 604.0657836914063 2196.6138671875 767.6058471679687 0.8635137648809523 
564 2207.4253051757814 500.1958251953125 2321.4841186523436 676.66416015625 0.8178013392857143 1989.8198608398438 604.3220611572266 2196.416711425781 767.8780731201172 0.8627464657738095 
565 2203.624377441406 502.2874389648438 2319.899792480469 678.8541625976562 0.8167782738095238 1991.363214111328 604.8153869628907 2195.9223083496095 768.4625671386718 0.8608630952380952 
566 2200.9119140625 500.91246643066404 2322.90498046875 684.9723602294922 0.8240792410714286 1992.0746643066407 607.5947967529297 2197.537030029297 765.9719146728515 0.8604678199404762 
567 2201.1752075195313 501.5050903320313 2323.1355834960937 687.6551879882812 0.8218470982142857 1994.2869201660155 606.5128570556641 2197.554266357422 766.9870819091797 0.8636765252976191 
568 2202.582238769531 501.3011169433594 2322.324743652344 687.3294982910156 0.8180106026785714 1993.937762451172 608.3784484863281 2197.072125244141 764.4712829589844 0.8625837053571429 
569 2204.4405883789063 501.36151733398435 2322.6050659179687 683.9793029785156 0.8137555803571429 1992.6536193847655 608.2052703857422 2198.904364013672 767.1901763916015 0.8595842633928571 
570 2201.5123046875 502.23740539550784 2324.2708984375 685.2981781005859 0.8157319568452381 1993.5189147949218 609.3404022216797 2195.9626525878907 768.7109283447265 0.8663969494047619 
571 2204.7312744140627 499.7944305419922 2322.5367919921873 686.1415435791016 0.8293108258928571 1994.0816528320313 608.4556732177734 2195.422009277344 766.9578399658203 0.8628162202380952 
572 2204.8626342773437 503.2430908203125 2321.0917114257813 684.0440185546875 0.8115001860119048 1992.934747314453 608.3791412353515 2195.2594665527345 767.6561981201172 0.8643973214285714 
573 2204.1740112304688 501.5752288818359 2324.7271118164062 688.8630645751953 0.8185221354166666 1992.9575927734375 609.1291595458985 2193.1620361328123 768.4314483642578 0.8700474330357143 
574 2202.620947265625 501.16913452148435 2325.119287109375 685.9911437988281 0.8200567336309523 1993.4149658203125 608.0452056884766 2195.4297607421877 769.2271942138672 0.8656296502976191 
575 2203.384814453125 499.8981079101562 2323.625927734375 686.7013793945313 0.8181268601190477 1994.3667602539062 608.8254028320313 2194.0529174804688 767.7154907226562 0.8684895833333334 
576 2202.3259887695312 501.8000762939453 2324.8246459960938 686.6229583740235 0.8166155133928571 1993.3669555664062 608.9246246337891 2193.2333862304686 767.9582489013671 0.8706752232142857 
577 2203.884411621094 500.9097198486328 2324.122668457031 685.5615325927735 0.8230561755952381 1993.219464111328 607.6873962402344 2192.901019287109 768.7209289550781 0.8733258928571429 
578 2203.93857421875 501.88274841308595 2326.398828125 684.4990264892579 0.8201264880952381 1991.7401733398438 608.4777923583985 2191.5437622070312 769.6097930908203 0.8791852678571429 
579 2207.292932128906 502.763427734375 2325.505651855469 683.306640625 0.8209635416666666 1991.2031982421875 609.402963256836 2191.0902587890623 768.4529327392578 0.8789992559523809 
580 2207.199841308594 502.8537292480469 2325.508410644531 685.6940002441406 0.8271716889880952 1991.183575439453 609.5794982910156 2189.081439208984 770.9091491699219 0.8838123139880952 
581 2207.1048828125 501.43507690429686 2327.7408203125 682.3891418457031 0.8347981770833334 1987.4578491210937 607.8201293945312 2187.7997192382813 771.5404663085938 0.8841378348214286 
582 2207.1297119140627 501.05323181152346 2325.9191162109373 682.4771026611328 0.8290085565476191 1985.2510375976562 607.9637115478515 2183.9533081054688 769.9493133544922 0.8809756324404762 
583 2205.797265625 505.2026824951172 2326.890234375 680.3547515869141 0.8294503348214286 1980.3285766601562 607.9152862548829 2181.428991699219 772.2555511474609 0.8822777157738095 
584 2204.0928466796877 501.96673889160155 2325.2880126953123 681.5953338623046 0.8247535342261905 1976.2692260742188 607.1801544189453 2181.8682250976562 769.4951995849609 0.8741629464285714 
585 2204.472692871094 502.7336761474609 2323.427453613281 682.2472198486328 0.8244047619047619 1974.6322998046876 606.216030883789 2182.2622314453124 768.4269744873047 0.8719308035714286 
586 2206.4782592773436 506.82398986816406 2325.4165161132814 679.8249969482422 0.8255905877976191 1973.0932312011719 602.63994140625 2182.8570861816406 766.99091796875 0.8663039434523809 
587 2207.3419555664063 503.2148742675781 2324.2178588867187 680.6929626464844 0.8247535342261905 1971.3428039550781 601.0276397705078 2185.6150817871094 767.6838470458985 0.8628394717261905 
588 2206.845458984375 501.99968872070315 2325.679931640625 681.3316101074219 0.8208705357142857 1973.1657104492188 603.7153106689453 2187.0674438476562 765.7621673583984 0.8668852306547619 
589 2203.18193359375 501.990087890625 2321.9884765625 685.60048828125 0.8231026785714286 1974.7904357910156 603.9312225341797 2186.482391357422 768.1005767822265 0.8733956473214286 
590 2203.0927978515624 504.1439178466797 2321.8593505859376 683.3737213134766 0.8187313988095238 1974.7781311035155 603.8914001464843 2186.398992919922 768.0054504394532 0.8716285342261905 
591 2202.589001464844 505.4510162353516 2323.493762207031 682.4900848388672 0.8194986979166666 1974.5640869140625 604.9316772460937 2186.1473388671875 769.0166870117188 0.8703264508928571 
592 2204.2625366210937 503.6879943847656 2322.9481567382813 682.7955261230469 0.8155459449404762 1976.6017456054688 606.9362823486329 2183.7622680664062 768.7803314208984 0.8746279761904762 
593 2202.5190673828124 503.75648193359376 2321.1777099609376 682.8232299804688 0.8201729910714286 1976.5697448730468 606.9812408447266 2183.6828186035154 768.7884735107422 0.8692801339285714 
594 2204.3612670898438 504.64573974609374 2320.8709106445312 681.5682495117187 0.8221028645833334 1976.4864074707032 607.629263305664 2183.6150329589846 769.4485565185547 0.8708147321428571 
595 2203.6310302734373 505.1089233398437 2322.2185791015627 684.0680786132813 0.8311011904761905 1976.1589111328126 606.3643371582032 2183.1477294921874 770.2305114746093 0.8833937872023809 
596 2201.2347900390623 502.5639404296875 2321.9868896484377 683.6924072265625 0.8306826636904762 1975.902294921875 609.3003662109375 2180.750048828125 771.0221435546875 0.8857654389880952 
597 2202.2653076171873 502.72010192871096 2322.9221923828127 681.5509552001953 0.8277529761904762 1977.6078735351562 609.1236297607422 2177.984655761719 770.717739868164 0.8840448288690477 
598 2202.1852416992188 504.39625244140626 2325.1948852539062 683.5153686523438 0.8318684895833334 1975.505792236328 607.4021759033203 2178.3637145996095 771.4149017333984 0.8801618303571429 
599 2202.186145019531 501.1051971435547 2325.253552246094 684.6272857666015 0.8366350446428571 1973.9875183105469 607.9798400878906 2174.7821350097656 772.0700866699219 0.8730003720238095 
600 2200.943737792969 501.3309844970703 2325.650744628906 684.091195678711 0.8357514880952381 1973.6925109863282 609.4158508300782 2175.8039489746093 772.8249938964843 0.88916015625 
601 2202.90146484375 503.61151428222655 2325.4759765625 684.2477996826171 0.8336821056547619 1973.9632690429687 610.0579162597656 2173.953479003906 771.3402770996094 0.8813941592261905 
602 2202.5934326171873 502.5528564453125 2324.9895751953127 682.92626953125 0.8316359747023809 1970.1891784667969 608.5965759277344 2174.1830139160156 771.7914855957031 0.8759765625 
603 2202.70166015625 503.88746032714846 2323.45947265625 682.8674835205078 0.8257533482142857 1969.3143798828125 606.8134155273438 2172.0147216796877 770.6987915039062 0.8751162574404762 
604 2200.5035034179687 502.8746856689453 2325.0416625976563 683.2402435302735 0.8343796502976191 1968.357196044922 607.2620635986328 2172.342144775391 770.4499114990234 0.8728608630952381 
605 2200.8790283203125 504.0040557861328 2323.4300537109375 684.605746459961 0.8344959077380952 1966.2786254882812 605.2204406738281 2172.6806030273438 768.6219665527344 0.8673502604166666 
606 2200.7902221679688 503.0375091552734 2325.4883422851562 683.6349151611328 0.8368675595238095 1964.5416381835937 606.153286743164 2173.088488769531 767.4009735107422 0.8667922247023809 
607 2200.9266723632813 503.2099365234375 2325.6165405273437 681.64541015625 0.8389834449404762 1963.0403198242188 606.3188537597656 2171.573205566406 765.4058776855469 0.8671177455357143 
608 2200.107568359375 501.15618591308595 2323.498388671875 680.8303253173829 0.8323102678571429 1962.2349670410156 606.3962890625 2170.0510437011717 768.7525146484375 0.8528180803571429 
609 2201.606896972656 501.9297180175781 2324.948522949219 681.5326843261719 0.8370768229166666 1960.49951171875 607.3777618408203 2168.23291015625 767.5057220458984 0.8590029761904762 
610 2200.9120971679686 502.6036773681641 2324.9538696289064 681.0497039794922 0.8367047991071429 1960.3616455078125 610.0730255126953 2167.0978271484373 771.109652709961 0.8548874627976191 
611 2199.261437988281 501.14625244140626 2324.983435058594 683.2265502929688 0.8353794642857143 1960.156024169922 610.3611083984375 2163.912457275391 770.7651123046875 0.8597935267857143 
612 2202.373486328125 502.24782409667966 2324.035205078125 682.5681549072266 0.8394484747023809 1960.8043395996094 609.7882751464844 2162.8500793457033 770.5558410644531 0.8633742559523809 
613 2202.6982421875 505.37933349609375 2324.37646484375 679.2051391601562 0.8361235119047619 1960.846453857422 609.0898040771484 2165.091656494141 767.7059112548828 0.8650251116071429 
614 2202.6076049804688 505.2935760498047 2324.1572875976562 678.9358551025391 0.8371930803571429 1960.7606567382813 608.6441497802734 2166.9607788085937 769.2632598876953 0.8675595238095238 
615 2202.758996582031 503.66932373046876 2324.380407714844 679.5860473632813 0.8359840029761905 1962.9410095214844 608.7515594482422 2164.919464111328 771.637417602539 0.8705822172619048 
616 2203.331994628906 502.6739440917969 2324.947058105469 682.9246887207031 0.8396809895833334 1961.605615234375 610.1728759765625 2165.744970703125 770.8783935546875 0.8759300595238095 
617 2202.7983154296876 502.73948974609374 2324.3603759765624 680.7411010742187 0.8366815476190477 1961.1770080566407 609.941195678711 2165.227655029297 770.5768096923828 0.8747907366071429 
618 2202.417614746094 502.92503356933594 2325.956652832031 680.6479034423828 0.8377046130952381 1960.0075317382812 609.7087799072266 2161.571325683594 772.2602752685547 0.8752092633928571 
619 2201.5809936523438 502.0047302246094 2325.3587036132812 682.2424621582031 0.8376581101190477 1958.7028686523438 610.6652252197266 2160.6557739257814 775.7021453857421 0.8726515997023809 
620 2203.015966796875 502.86286010742185 2324.752587890625 681.1198059082031 0.8373325892857143 1958.205322265625 609.9674835205078 2158.200927734375 773.0074310302734 0.8707217261904762 
621 2203.08818359375 502.80260314941404 2324.85908203125 681.1099334716797 0.8381928943452381 1958.208184814453 609.9375061035156 2158.2604431152345 773.0235534667969 0.8778831845238095 
622 2204.244140625 504.563037109375 2323.72607421875 680.52705078125 0.8357049851190477 1955.755548095703 611.5953125 2157.7882751464845 772.3525634765625 0.8696986607142857 
623 2201.830603027344 503.6117645263672 2323.705285644531 682.0712799072265 0.8336123511904762 1954.8165588378906 612.7633270263672 2157.215545654297 773.8121734619141 0.8694428943452381 
624 2203.2227294921877 502.65293579101564 2322.7802001953123 685.2497741699219 0.8406343005952381 1953.1554260253906 611.6759674072266 2153.142303466797 776.8826873779296 0.8687918526785714 
625 2201.5986328125 502.56186828613284 2321.30908203125 685.3925384521484 0.8370070684523809 1949.034326171875 610.0502410888672 2153.630712890625 775.4684967041015 0.8678385416666666 
626 2202.1504760742187 500.34629516601564 2321.9278930664063 685.4568054199219 0.8491675967261905 1948.0213562011718 610.0724334716797 2150.5539611816407 773.4051666259766 0.8696056547619048 
627 2202.963269042969 501.633984375 2320.846545410156 685.0076171875 0.8428199404761905 1944.359637451172 609.6934478759765 2149.563336181641 773.4198944091797 0.8553524925595238 
628 2200.8169799804687 504.2369873046875 2323.0128540039063 685.3489501953125 0.8422619047619048 1943.0806457519532 610.5710357666015 2146.0134704589846 772.0443817138672 0.8633742559523809 
629 2199.8101196289062 504.20738525390624 2322.2706909179688 685.7113159179687 0.8402157738095238 1939.5815979003905 610.7715515136719 2145.140447998047 772.5944152832031 0.8693033854166666 
630 2201.598876953125 503.38600769042966 2321.550537109375 686.5850006103516 0.8439825148809523 1938.7115600585937 611.0908905029297 2141.539172363281 776.842398071289 0.8661876860119048 
631 2199.97177734375 504.4920928955078 2322.38125 685.9205657958985 0.8404482886904762 1936.7406677246095 610.5075622558594 2140.028009033203 776.6347717285156 0.865234375 
632 2199.4820190429687 504.0026580810547 2321.9571899414063 687.7151763916015 0.8389601934523809 1936.1104675292968 611.7570983886719 2139.5063537597657 780.1602600097656 0.8761160714285714 
633 2200.9577026367188 505.9082458496094 2321.1807250976562 687.3355285644532 0.8433314732142857 1936.047119140625 609.9893493652344 2137.147216796875 778.3014221191406 0.8689546130952381 
634 2199.4830322265625 506.0248321533203 2321.7547607421875 687.248910522461 0.84033203125 1936.548565673828 609.7373779296875 2139.607073974609 780.0443603515625 0.8736049107142857 
635 2198.3760620117187 504.3325439453125 2320.5338500976563 687.5690673828125 0.8377046130952381 1937.3647216796876 610.1298309326172 2140.2339111328124 778.0966705322265 0.8693731398809523 
636 2199.364501953125 503.69122009277345 2322.058349609375 685.5410186767579 0.8456101190476191 1936.9547607421875 611.3854064941406 2142.9051025390627 780.0894470214844 0.8810453869047619 
637 2201.784777832031 504.54027099609374 2319.596325683594 687.8025024414062 0.8407738095238095 1936.8770874023437 612.0306243896484 2139.774523925781 780.0209503173828 0.87353515625 
638 2199.6680541992187 503.13775329589845 2319.6359008789063 688.5422393798829 0.8454241071428571 1936.7460815429688 612.2831176757812 2139.6003540039064 782.4190307617188 0.8779761904761905 
639 2201.7661987304687 502.4577270507813 2319.5948852539063 687.9286254882812 0.8432849702380952 1937.0716369628906 611.6421844482422 2137.8164245605467 781.8389556884765 0.8787899925595238 
640 2200.116735839844 501.5484375 2322.473840332031 687.26943359375 0.8451450892857143 1937.5020751953125 610.6279846191406 2136.3328857421875 783.2393249511719 0.8841378348214286 
641 2199.983544921875 501.8154998779297 2322.282568359375 687.447866821289 0.8462146577380952 1937.4942260742187 610.8430633544922 2136.2301391601563 783.3719635009766 0.8856026785714286 
642 2203.8483764648436 504.00823364257815 2322.0503051757814 683.5004333496094 0.8523763020833334 1936.8831787109375 610.8447998046875 2136.0758056640625 783.7701904296875 0.8777901785714286 
643 2201.703857421875 502.6839202880859 2319.522705078125 685.9574981689453 0.8462844122023809 1937.5348083496094 611.1039947509765 2133.8993957519533 785.6503387451172 0.8866257440476191 
644 2199.671032714844 502.4332733154297 2321.877062988281 685.7420806884766 0.8456101190476191 1937.3817077636718 610.8741790771485 2135.9660705566407 785.4540069580078 0.8867420014880952 
645 2201.0332153320314 505.16286315917966 2321.7189819335936 682.8996978759766 0.8433314732142857 1935.35654296875 612.0074981689453 2135.03603515625 785.3557220458985 0.8871372767857143 
646 2202.8623901367187 503.0047149658203 2320.7418579101563 686.3730316162109 0.8483770461309523 1934.9462585449219 611.7327331542969 2133.5953674316406 784.1863342285156 0.8878115699404762 
647 2201.7075073242186 502.97841186523436 2322.2771118164064 684.9290588378906 0.8502836681547619 1933.1657470703126 610.2264465332031 2130.4616943359374 783.4084411621094 0.8906482514880952 
648 2201.120397949219 503.59339904785156 2321.662072753906 685.5017547607422 0.8491443452380952 1930.9552368164063 610.8164764404297 2128.2051635742187 783.9582427978515 0.8906017485119048 
649 2201.2604125976563 502.5205383300781 2319.6280151367187 686.6477966308594 0.8525390625 1927.430242919922 610.2653045654297 2124.7095275878905 781.2406158447266 0.8812313988095238 
650 2201.327282714844 502.187890625 2319.908801269531 686.6479248046875 0.8528645833333334 1925.5663269042968 610.1274200439453 2121.0060607910154 781.4117034912109 0.8770461309523809 
651 2199.3970581054687 503.2765777587891 2320.1202758789063 685.4588348388672 0.8516787574404762 1922.3246215820313 608.4661468505859 2117.6765991210937 786.2585235595703 0.8851609002976191 
652 2200.3732421875 503.82435302734376 2321.006640625 688.0644409179688 0.8481212797619048 1920.1325134277345 608.9356658935546 2115.339288330078 788.7891265869141 0.8961588541666666 
653 2202.1879760742186 502.7558227539063 2320.7898071289064 687.2475952148437 0.8534691220238095 1917.6789001464845 609.7002380371093 2115.348565673828 789.7992736816407 0.8955775669642857 
654 2200.5817260742188 502.4472625732422 2321.5347290039062 684.9762603759766 0.85400390625 1917.653338623047 611.2203308105469 2115.576275634766 789.3509582519531 0.8963216145833334 
655 2200.232080078125 503.21302795410156 2318.938330078125 685.6688690185547 0.8527715773809523 1917.16357421875 611.6888427734375 2115.00732421875 791.9464111328125 0.8998093377976191 
656 2197.403955078125 504.0655029296875 2320.661474609375 684.549365234375 0.8416341145833334 1918.1281616210938 610.7304809570312 2114.0190551757814 791.2143432617188 0.8935081845238095 
657 2200.1169555664064 504.14206848144534 2321.6723510742186 685.3699554443359 0.8507254464285714 1917.73466796875 609.5466613769531 2114.43330078125 790.7746276855469 0.8927873883928571 
658 2200.8734619140623 503.3617706298828 2319.6260498046877 685.8890228271484 0.8470052083333334 1917.6939453125 610.1884460449219 2115.61513671875 790.5166320800781 0.8928803943452381 
659 2200.035290527344 503.9140625 2321.492297363281 684.9952392578125 0.84716796875 1917.8817138671875 610.9320068359375 2114.4210205078125 792.01318359375 0.8970191592261905 
660 2198.594104003906 506.4533996582031 2321.953503417969 684.8836364746094 0.8415643601190477 1919.3416625976563 611.2578857421875 2113.191784667969 791.89091796875 0.9003673735119048 
661 2200.1448608398437 504.4872222900391 2321.6615356445313 685.6579803466797 0.8419828869047619 1918.3613037109376 611.5581451416016 2110.5791259765624 792.7289031982422 0.9029715401785714 
662 2201.6331787109375 505.1147094726563 2320.5216064453125 683.4476684570312 0.8394484747023809 1916.9439453125 613.2491668701172 2110.68837890625 793.7837310791016 0.9020647321428571 
663 2199.644494628906 505.99488525390626 2320.720007324219 684.3062622070313 0.8484468005952381 1915.4979187011718 612.4228881835937 2107.0173400878907 792.9356323242188 0.9055989583333334 
664 2198.4834228515624 505.6670806884766 2322.4867919921876 685.0293914794922 0.8430989583333334 1912.9173217773437 612.7223663330078 2105.5658325195313 794.2990570068359 0.9024135044642857 
665 2199.7785400390626 505.33607177734376 2321.7785888671874 685.0090209960938 0.8375883556547619 1912.0116271972656 612.3208160400391 2102.775360107422 796.4302215576172 0.9084821428571429 
666 2199.731311035156 506.61989440917966 2321.662487792969 686.1912017822266 0.8345191592261905 1910.4220275878906 613.5441589355469 2101.077850341797 797.5492248535156 0.9153180803571429 
667 2199.940380859375 506.1014129638672 2322.065478515625 683.7376373291015 0.8311941964285714 1908.7195678710937 612.9393585205078 2097.4579223632813 797.2369720458985 0.9100167410714286 
668 2199.6266357421873 505.01800842285155 2319.5979736328127 687.1967742919921 0.8393787202380952 1908.2431579589843 614.6499664306641 2094.865362548828 794.6070526123046 0.9000883556547619 
669 2200.4520263671875 505.74376525878904 2320.5909423828125 685.9522186279297 0.8313104538690477 1904.9818725585938 615.2721374511718 2094.0896606445312 795.4806701660157 0.8949497767857143 
670 2200.522705078125 507.02614440917966 2320.379150390625 689.0301910400391 0.8469587053571429 1902.3331604003906 616.8091064453125 2090.995819091797 794.3739990234375 0.8874627976190477 
671 2199.87607421875 507.337548828125 2320.34951171875 685.81650390625 0.8402390252976191 1900.15166015625 617.6855773925781 2089.7853515625 791.7026062011719 0.8786039806547619 
672 2199.700305175781 508.61094360351564 2319.923962402344 684.4935485839844 0.8406808035714286 1898.8846008300782 618.2164123535156 2088.1255310058596 794.0990173339844 0.8826497395833334 
673 2199.1180053710937 509.1259521484375 2321.7963012695313 685.336572265625 0.8432849702380952 1894.5671630859374 619.19326171875 2084.1608642578126 793.1733154296875 0.8763950892857143 
674 2200.0088134765624 507.78467712402346 2320.7050537109376 684.3589385986328 0.8398204985119048 1892.594061279297 619.5405364990235 2084.8142639160155 796.1147979736328 0.8804873511904762 
675 2198.7745971679688 510.7396697998047 2319.5117797851562 685.1379547119141 0.8373325892857143 1891.2557434082032 620.5555358886719 2083.5410095214843 797.1897033691406 0.8917875744047619 
676 2197.8387451171875 509.9379821777344 2320.8341064453125 684.3679260253906 0.8387276785714286 1890.5219787597657 621.7520690917969 2082.842156982422 796.1820129394531 0.8960658482142857 
677 2200.261962890625 506.8579559326172 2321.108642578125 685.8900299072266 0.8415876116071429 1890.7432067871093 620.4744812011719 2083.202716064453 799.5064758300781 0.8936476934523809 
678 2201.1591552734376 506.6384643554687 2319.6172119140624 687.6780639648438 0.8412155877976191 1891.7758361816407 620.6263610839844 2083.990643310547 797.1957824707031 0.8998093377976191 
679 2201.0266845703127 505.1487182617187 2319.5621826171873 688.5432983398438 0.8358444940476191 1891.6987060546876 619.2112243652343 2081.8027587890624 798.1327697753907 0.8974144345238095 
680 2199.204382324219 506.62774963378905 2319.695275878906 685.1328094482421 0.8418898809523809 1890.596661376953 619.9097930908204 2082.489642333984 798.4148529052734 0.9047154017857143 
681 2200.907580566406 506.5091522216797 2319.201550292969 685.0661041259766 0.841796875 1890.4931396484376 619.8241546630859 2080.2099853515624 798.3811065673829 0.9042503720238095 
682 2202.6643676757812 505.5552734375 2318.5868530273438 683.897119140625 0.8398204985119048 1888.6799011230469 620.448583984375 2080.3973693847656 798.7904296875 0.9037388392857143 
683 2202.196667480469 504.8795928955078 2320.397326660156 681.0655364990234 0.8404017857142857 1886.8805419921875 619.5634185791016 2076.4475830078127 797.9796112060546 0.9023902529761905 
684 2202.7862060546877 504.47796020507815 2318.8651611328123 683.0608581542969 0.8430292038690477 1885.4580993652344 619.5266052246094 2072.970245361328 798.1095031738281 0.9013206845238095 
685 2201.8656372070313 504.0586242675781 2320.0999389648437 682.5253601074219 0.83984375 1885.0015991210937 620.7483917236328 2072.391711425781 799.2150482177734 0.9038550967261905 
686 2203.753283691406 503.7648651123047 2320.104870605469 682.7674224853515 0.8473307291666666 1884.2166137695312 620.8050354003906 2069.9315795898438 799.8075134277344 0.8929966517857143 
687 2202.8331909179688 502.35052795410155 2318.7715454101562 685.1767547607421 0.8430524553571429 1882.4583679199218 619.2323638916016 2069.7439025878907 799.8289764404296 0.8975771949404762 
688 2202.674560546875 505.2453552246094 2321.210693359375 684.1678527832031 0.8490513392857143 1881.8183349609376 620.5127502441406 2067.4504638671874 799.4352478027344 0.8964611235119048 
689 2206.3353271484375 504.22864990234376 2320.8565673828125 683.8698608398438 0.8499116443452381 1878.4901245117187 620.2181610107422 2064.867785644531 797.6138092041016 0.8988560267857143 
690 2204.689904785156 502.67442016601564 2319.373327636719 682.5703308105469 0.8497721354166666 1874.1309875488282 618.8284210205078 2065.2705017089843 796.4755950927735 0.8904157366071429 
691 2204.220080566406 503.91782836914064 2321.066784667969 681.4349548339844 0.8479817708333334 1872.4342651367188 617.9989440917968 2063.4336547851562 795.5160705566407 0.8931129092261905 
692 2204.342578125 503.95061950683595 2321.33369140625 681.6871368408204 0.8527483258928571 1872.4063720703125 618.1727355957031 2061.3919677734375 795.9091735839844 0.8927873883928571 
693 2203.3431762695313 502.484716796875 2320.3650756835937 682.518212890625 0.849609375 1871.3198486328124 618.7275329589844 2060.3549560546876 796.5106262207031 0.8950892857142857 
694 2203.2456909179687 505.4270263671875 2320.2745727539063 680.9701904296875 0.8498883928571429 1869.471502685547 617.4353240966797 2058.5178771972655 797.4795318603516 0.8989025297619048 
695 2201.189807128906 504.3932250976562 2320.505749511719 682.2415405273438 0.8500279017857143 1869.5641540527345 618.4274078369141 2056.417413330078 798.5269989013672 0.9110165550595238 
696 2201.7222290039062 502.5482208251953 2321.1613159179688 682.8337982177734 0.8521437872023809 1869.75390625 616.7001708984375 2056.80029296875 799.239404296875 0.9059244791666666 
697 2203.222790527344 502.48569641113284 2320.503039550781 682.9169525146484 0.8533063616071429 1870.986346435547 616.9901428222656 2055.928326416016 797.4214782714844 0.9133417038690477 
698 2205.062353515625 502.8474060058594 2320.095849609375 683.2917541503906 0.8544689360119048 1868.811456298828 615.3648681640625 2056.0224060058595 798.064697265625 0.9086449032738095 
699 2203.469104003906 502.7290435791016 2316.564343261719 681.4194549560547 0.8510509672619048 1870.0122497558593 615.5632690429687 2053.226397705078 796.5155883789063 0.9015997023809523 
700 2204.1272705078127 500.92686767578124 2319.1906005859373 681.4183471679687 0.8564685639880952 1868.048681640625 614.9488800048828 2053.052392578125 799.952670288086 0.9162713913690477 
701 2203.861328125 501.6637725830078 2319.0458984375 682.3454437255859 0.8625604538690477 1867.4287658691405 616.0665069580078 2052.627508544922 799.0066741943359 0.9128999255952381 
702 2205.8948486328127 500.6040283203125 2318.8190185546873 681.2824462890625 0.8534226190476191 1867.7308837890625 615.0047485351563 2050.6677978515627 797.9416625976562 0.9122488839285714 
703 2204.2666625976562 505.4302673339844 2317.5358276367188 679.8646545410156 0.8488885788690477 1866.8118835449218 616.1725891113281 2050.3078674316407 797.4030944824219 0.9029250372023809 
704 2204.3546630859373 505.3153381347656 2317.6101806640627 679.7290954589844 0.8481677827380952 1866.9397583007812 616.0445068359375 2050.4140014648438 797.2535888671875 0.9099934895833334 
705 2204.6713989257814 503.4090087890625 2315.7214233398436 680.182666015625 0.8472609747023809 1864.809228515625 616.4639129638672 2050.648291015625 795.5039215087891 0.9022739955357143 
706 2202.817248535156 502.7447875976562 2316.064831542969 679.4108520507813 0.8493536086309523 1863.4233764648438 615.7309478759765 2049.149133300781 794.6619354248047 0.8987630208333334 
707 2204.3868408203125 502.527734375 2317.6195068359375 679.1706298828125 0.8524925595238095 1861.5533752441406 615.4990997314453 2047.2548522949219 794.4066009521484 0.9073893229166666 
708 2204.5239501953124 502.3559600830078 2315.5781005859376 679.1360443115234 0.8487025669642857 1859.6806884765624 617.1584228515625 2043.2599853515626 796.2048583984375 0.9026227678571429 
709 2206.25390625 502.2153015136719 2315.17333984375 679.2093811035156 0.8497488839285714 1859.2476684570313 617.1567169189453 2040.7801635742187 796.4200042724609 0.9032505580357143 
710 2203.8503295898436 502.9613372802734 2317.2788208007814 677.6411407470703 0.8463541666666666 1857.1956848144532 617.6112915039063 2040.9497009277343 796.8281616210937 0.9005068824404762 
711 2205.6408447265626 502.8970886230469 2316.7800537109374 677.5444396972656 0.8473074776785714 1857.0438415527344 615.5192993164062 2040.763897705078 796.9711791992188 0.90380859375 
712 2205.44189453125 500.8325988769531 2316.70361328125 677.9431579589843 0.8465169270833334 1856.7227905273437 615.8496551513672 2038.3746215820313 795.2308502197266 0.9071568080357143 
713 2203.7920043945314 503.93283996582034 2315.0832397460936 678.8194183349609 0.8451450892857143 1856.7265869140624 614.9622436523438 2038.4269775390626 796.6626342773437 0.9067847842261905 
714 2204.02021484375 503.9360656738281 2313.069140625 678.8687438964844 0.8431454613095238 1854.8537658691407 614.9947387695313 2036.6019226074218 796.7430541992187 0.91552734375 
715 2203.9776123046877 504.21913452148436 2312.9408447265623 679.0143859863281 0.8430059523809523 1853.3394836425782 612.9204681396484 2034.9448181152343 799.0660430908204 0.9109933035714286 
716 2204.2837036132814 500.52740478515625 2313.4167358398436 680.1422729492188 0.8534458705357143 1853.3613891601562 613.6830322265625 2032.9762573242188 797.8450439453125 0.9168991815476191 
717 2204.3429321289063 500.61244812011716 2313.5064331054687 680.2773834228516 0.8535621279761905 1853.5851745605469 613.5371795654297 2030.9759826660156 800.0248931884765 0.9147600446428571 
718 2203.8643432617187 502.37110290527346 2313.0030883789063 679.7213653564453 0.8469819568452381 1852.9240478515626 613.2587615966797 2032.5481201171874 799.7039459228515 0.9187360491071429 
719 2204.2197387695314 502.3658050537109 2313.4606811523436 679.8820587158203 0.8486560639880952 1853.2137573242187 613.3572204589843 2030.7300903320313 799.9768859863282 0.9157831101190477 
720 2202.2372192382813 504.1217468261719 2315.6853881835937 681.1009094238282 0.8583984375 1850.5481689453125 612.7701934814453 2032.0651123046875 801.094125366211 0.9111560639880952 
721 2202.122448730469 504.71543884277344 2317.891955566406 681.7749786376953 0.8613048735119048 1848.7892578125 613.413217163086 2030.388720703125 801.8226837158203 0.9069010416666666 
722 2201.9919189453126 504.890771484375 2317.7903076171874 681.9938720703125 0.8619559151785714 1848.3096862792968 613.8773071289063 2032.2246154785157 800.0626342773437 0.9122953869047619 
723 2202.9551391601562 502.8261962890625 2318.7506713867188 682.19541015625 0.8595610119047619 1847.535333251953 613.8185211181641 2031.4455017089845 799.9991668701172 0.9080868675595238 
724 2202.55263671875 504.7674163818359 2318.21201171875 679.3907257080078 0.8601190476190477 1845.804443359375 615.6296661376953 2029.499267578125 797.0565521240235 0.9075985863095238 
725 2202.7550415039063 502.62037658691406 2318.5074096679687 681.9230194091797 0.8560732886904762 1845.9829406738281 615.5792785644531 2027.5552673339844 799.4212097167969 0.9193405877976191 
726 2201.013806152344 503.5366180419922 2316.345324707031 682.1871978759766 0.8607700892857143 1843.277880859375 615.8238311767578 2028.71259765625 801.2586273193359 0.9219447544642857 
727 2203.2177734375 502.3695007324219 2316.77734375 681.7934631347656 0.85107421875 1843.9331481933593 615.4048278808593 2027.8994934082032 799.3711730957032 0.9176432291666666 
728 2203.269970703125 504.51963195800784 2316.768603515625 681.5771087646484 0.8489118303571429 1844.1786865234376 615.2242156982422 2028.0461669921874 801.361538696289 0.9162016369047619 
729 2200.7936889648436 504.8881774902344 2316.2915161132814 681.5318664550781 0.8537713913690477 1842.5415466308593 613.5919708251953 2028.2439758300782 799.294320678711 0.9175502232142857 
730 2200.098010253906 502.43182373046875 2317.776257324219 683.4749145507812 0.8560500372023809 1844.3658874511718 613.0595947265625 2027.6720764160157 800.8918212890625 0.9206194196428571 
731 2201.894323730469 503.5373840332031 2317.592736816406 682.7563171386719 0.857421875 1845.0272338867187 614.4367401123047 2028.7833129882813 800.461392211914 0.9208286830357143 
732 2201.930126953125 501.4130798339844 2317.644091796875 680.6561340332031 0.8582821800595238 1847.2838073730468 614.0726318359375 2026.5268615722657 800.1224365234375 0.9249906994047619 
733 2202.4671020507812 502.59772338867185 2315.8060913085938 681.6735168457031 0.8578171502976191 1843.879620361328 613.14697265625 2027.4889099121094 801.2899169921875 0.92529296875 
734 2202.1244995117186 501.7271362304688 2317.3493774414064 680.2124389648437 0.8622349330357143 1842.981494140625 613.9104583740234 2028.24482421875 799.1737091064454 0.9221772693452381 
735 2202.378283691406 504.2800018310547 2315.327526855469 682.7398345947265 0.8594215029761905 1841.2881591796875 612.7113372802735 2026.5248291015625 800.2070587158203 0.9276413690476191 
736 2202.242333984375 500.0994934082031 2315.286474609375 683.2314392089844 0.8548642113095238 1841.1087707519532 612.6221862792969 2024.2407165527343 800.2758850097656 0.9191545758928571 
737 2204.2021362304686 502.36280822753906 2317.3005493164064 678.7963104248047 0.8519577752976191 1839.41630859375 612.4162231445313 2022.635693359375 800.1595825195312 0.9160853794642857 
738 2207.8340087890624 502.3784973144531 2314.3686279296876 674.6473815917968 0.8472144717261905 1836.2703186035155 612.4004333496093 2019.872625732422 798.2694885253907 0.9080171130952381 
739 2210.9555541992186 498.9678680419922 2317.7507446289064 671.657681274414 0.8518182663690477 1834.9882080078125 613.0165802001953 2019.0391357421875 797.0675872802734 0.9034598214285714 
740 2209.6454833984376 489.81028747558594 2319.4580322265624 670.5435333251953 0.8564685639880952 1833.3964721679688 610.7097076416015 2016.4174926757812 796.0185028076172 0.8878115699404762 
741 2210.8764404296876 485.51966400146483 2321.0254150390624 666.8067825317382 0.8542131696428571 1833.2095520019532 610.5848052978515 2019.0862243652343 794.1667205810547 0.9031808035714286 
742 2216.671630859375 482.06971588134763 2324.677001953125 659.0144821166992 0.8652576264880952 1830.6102905273438 604.2163879394532 2021.3430786132812 794.9490173339843 0.8961588541666666 
743 2220.966345214844 470.8709121704102 2331.656457519531 653.0483688354492 0.8836030505952381 1832.3090698242188 601.6058685302735 2021.4047973632812 788.3954132080078 0.8890671502976191 
744 2226.4454833984373 461.3411865234375 2336.7239501953127 654.3289794921875 0.8893694196428571 1835.4330688476562 596.980502319336 2026.1233276367188 778.4808624267578 0.8738606770833334 
745 2232.9758056640626 460.33423309326173 2341.1697021484374 646.795802307129 0.8861374627976191 1843.2304382324219 594.2040924072265 2029.6920471191406 771.4577117919922 0.8597005208333334 
746 2236.5924438476563 452.6158187866211 2349.6787963867187 644.1705886840821 0.8908342633928571 1852.5064758300782 589.4025817871094 2032.5217224121093 764.8021301269531 0.8651646205357143 
747 2248.3123046875 450.23721466064455 2359.1779296875 635.0132431030273 0.8974144345238095 1860.815740966797 586.598388671875 2050.2112365722655 759.825927734375 0.8814406622023809 
748 2254.107775878906 443.74585876464846 2365.482800292969 636.3320831298828 0.9138764880952381 1869.1137573242188 581.8046478271484 2068.6609008789064 753.5080352783203 0.8690011160714286 
749 2259.109521484375 444.0452621459961 2371.480810546875 627.5083572387696 0.8960193452380952 1882.8337890625 579.4374969482421 2091.52314453125 751.4341461181641 0.8859979538690477 
750 2267.4340576171876 444.78077697753906 2370.3974853515624 627.8269500732422 0.8902762276785714 1895.7095153808593 576.6092071533203 2108.500567626953 745.9269866943359 0.9002976190476191 
751 2267.7539184570314 441.11155700683594 2370.1520874023436 629.9793243408203 0.8597470238095238 1909.5353942871093 577.0298065185547 2127.984747314453 740.8668609619141 0.9039015997023809 
752 2269.64052734375 441.96886291503904 2371.6333984375 632.3557830810547 0.8550734747023809 1922.5155822753907 579.8773406982422 2146.900311279297 738.5331207275391 0.8762323288690477 
753 2265.1344970703126 447.72125854492185 2377.7019287109374 639.0861145019531 0.8945777529761905 1935.7443115234375 579.771694946289 2156.3767822265627 737.3663055419922 0.8698381696428571 
754 2263.6560913085937 443.7266555786133 2370.5541137695313 650.8416732788086 0.8878813244047619 1951.01357421875 581.5464080810547 2169.26376953125 737.4393707275391 0.8694196428571429 
755 2260.6926513671874 450.8209655761719 2373.1559814453126 651.4911682128907 0.9020879836309523 1965.4545532226562 585.336181640625 2181.560827636719 737.49267578125 0.8502604166666666 
756 2263.0426513671873 452.28914031982424 2372.1277587890627 655.1873306274414 0.9087146577380952 1982.945751953125 590.9110656738281 2192.389208984375 741.4484313964844 0.8498418898809523 
757 2261.4673583984377 454.2347946166992 2374.4296142578123 656.2630386352539 0.9083193824404762 1999.6160522460937 593.6827575683594 2195.1273559570313 745.7470520019531 0.84423828125 
758 2264.6675537109377 453.37684478759763 2372.9071533203123 656.8675094604492 0.8807431175595238 2009.1385131835937 598.085009765625 2210.4642700195313 745.290966796875 0.8495628720238095 
759 2266.863916015625 456.3462707519531 2372.278173828125 658.5697448730468 0.8677455357142857 2020.4556396484375 595.6024597167968 2224.8304931640623 752.6483947753907 0.8620024181547619 
760 2267.426611328125 454.11072845458983 2376.766259765625 657.7828567504882 0.8860909598214286 2028.4623779296876 596.1864288330078 2236.4223876953124 754.8363372802735 0.8499116443452381 
761 2267.5175659179686 455.8407455444336 2374.4777954101564 659.0650466918945 0.8700241815476191 2036.8127563476562 599.2496337890625 2246.4545776367186 757.5506591796875 0.8328218005952381 
762 2269.772802734375 457.01806793212893 2374.383447265625 659.834928894043 0.8759533110119048 2042.0760986328125 602.0280181884766 2255.5674560546877 757.8767059326171 0.8370070684523809 
763 2270.0002563476564 457.49339599609374 2374.3344604492186 655.5155151367187 0.8744652157738095 2047.3278442382812 603.2665313720703 2264.513220214844 758.703256225586 0.8262648809523809 
764 2268.179052734375 457.5230545043945 2374.306787109375 654.9207626342774 0.8891369047619048 2051.10673828125 606.5917694091797 2269.73017578125 757.2933013916015 0.8236142113095238 
765 2268.806884765625 459.3119522094727 2374.673095703125 651.9884323120117 0.8813941592261905 2055.5270751953126 607.524658203125 2273.6115966796874 757.8546142578125 0.8197777157738095 
766 2267.230224609375 457.11500244140626 2372.728271484375 653.3410522460938 0.8799525669642857 2056.315808105469 607.1654235839844 2273.641467285156 754.8625305175781 0.8084309895833334 
767 2265.95419921875 458.4185256958008 2373.4720703125 650.2639389038086 0.8768601190476191 2056.837939453125 605.9919219970703 2276.089794921875 755.6735443115234 0.8214518229166666 
768 2266.2398071289062 457.6938873291016 2373.6818237304688 651.5107635498047 0.8785342261904762 2055.8932983398436 607.2700073242188 2272.8838012695314 754.7393920898437 0.8018740699404762 
769 2268.3668823242188 458.24334716796875 2373.7617797851562 650.0615844726562 0.8759998139880952 2055.7941650390626 607.660498046875 2275.0149169921874 755.213037109375 0.8108723958333334 
770 2268.6361694335938 459.7966796875 2374.1453247070312 649.712841796875 0.8757207961309523 2056.0763549804688 607.5092102050781 2273.4248657226562 755.2218688964844 0.8096168154761905 
771 2269.263623046875 459.54378204345704 2372.796435546875 651.8186141967774 0.8782552083333334 2056.428845214844 607.6912658691406 2271.945422363281 755.5949890136719 0.8164992559523809 
772 2267.9464111328125 458.4581726074219 2373.6444091796875 652.9425842285157 0.8786504836309523 2057.119348144531 607.1671722412109 2270.629431152344 753.0305206298829 0.8165690104166666 
773 2267.9480712890627 458.35211181640625 2373.6105224609373 652.7713012695312 0.8820219494047619 2057.191552734375 607.0112609863281 2270.630224609375 752.8256530761719 0.8215680803571429 
774 2268.01376953125 458.0514205932617 2373.67177734375 652.4621597290039 0.8806501116071429 2055.397314453125 608.3296203613281 2270.939599609375 754.1376647949219 0.8218238467261905 
775 2268.0516967773438 458.33979949951174 2373.7068481445312 652.7448257446289 0.8807663690476191 2055.197644042969 606.7443115234375 2272.847033691406 754.6612060546875 0.8294968377976191 
776 2263.0062744140623 459.2724578857422 2375.1763427734377 647.6333648681641 0.8870907738095238 2055.6790771484375 605.3051116943359 2271.5533447265625 755.5705596923829 0.8318219866071429 
777 2264.237512207031 458.16263885498046 2374.134802246094 652.5965469360351 0.8827659970238095 2053.221325683594 604.963525390625 2273.016223144531 752.9023193359375 0.8313802083333334 
778 2267.105712890625 458.0547668457031 2372.737060546875 652.4166687011718 0.8794875372023809 2054.0552001953124 602.9323822021485 2273.7685302734376 752.9290069580078 0.8446800595238095 
779 2265.7904296875 457.23353576660156 2373.52158203125 649.4600067138672 0.8819289434523809 2054.389892578125 603.4751342773437 2276.189697265625 753.4540649414063 0.8514462425595238 
780 2265.9023559570314 457.4567184448242 2373.6833374023436 649.7714614868164 0.8880905877976191 2052.779260253906 603.521615600586 2274.680944824219 755.6827911376953 0.8493071056547619 
781 2265.784704589844 458.87754974365237 2373.662805175781 649.2510208129883 0.8873697916666666 2052.4687622070314 605.0746398925781 2274.5710327148436 755.2581237792969 0.8423316592261905 
782 2265.6672973632812 458.73314056396487 2373.6869506835938 649.3557571411133 0.8869745163690477 2052.0724243164063 605.3659240722657 2274.4654174804687 753.6279724121093 0.8449358258928571 
783 2265.17099609375 456.87110443115233 2373.3109375 649.8268020629882 0.8888346354166666 2051.5821166992187 603.912142944336 2272.1031860351563 752.3396270751953 0.8295665922619048 
784 2266.204382324219 456.32281799316405 2372.241662597656 651.4317596435546 0.8876953125 2052.3349487304686 605.5093780517578 2272.8928344726564 751.8410247802734 0.8261486235119048 
785 2268.6393920898436 457.0121826171875 2372.9018676757814 650.6423583984375 0.8811616443452381 2052.4218139648438 602.6849548339844 2271.5857543945312 753.7590148925781 0.8265904017857143 
786 2267.988879394531 458.3973876953125 2372.121228027344 651.7857177734375 0.8775111607142857 2053.67607421875 602.25341796875 2272.56611328125 753.1387939453125 0.8253813244047619 
787 2267.0385131835938 454.1404373168945 2375.4739379882812 651.8755233764648 0.8857421875 2051.230908203125 605.3447998046875 2272.354052734375 754.1776611328125 0.8164992559523809 
788 2266.458532714844 456.3277191162109 2376.526574707031 651.0635772705078 0.8827427455357143 2051.858190917969 604.9848022460938 2271.994592285156 753.1533813476562 0.8176385788690477 
789 2265.611279296875 455.9533447265625 2377.878466796875 652.9509521484375 0.8897879464285714 2052.9711303710938 604.9643310546875 2271.1511840820312 753.24208984375 0.8063848586309523 
790 2268.4555786132814 450.6624725341797 2376.5348999023436 651.9868804931641 0.89306640625 2053.60068359375 605.1198577880859 2271.87880859375 753.4641876220703 0.8099190848214286 
791 2267.8870483398437 452.2624816894531 2376.0736450195313 651.6653747558594 0.8916248139880952 2054.695446777344 604.9966125488281 2271.068957519531 753.4881286621094 0.8138485863095238 
792 2266.45498046875 450.4108367919922 2376.70615234375 651.831411743164 0.8891834077380952 2051.4975708007814 604.9420043945313 2272.0002319335936 753.3571899414062 0.8191266741071429 
793 2266.119177246094 452.2334381103516 2376.250695800781 651.3172821044922 0.8870907738095238 2053.269140625 604.7231903076172 2271.41396484375 752.9770660400391 0.81591796875 
794 2266.723779296875 452.49339599609374 2374.778662109375 649.5348022460937 0.8806733630952381 2051.673193359375 602.9228454589844 2272.020654296875 753.3523010253906 0.8125697544642857 
795 2266.4847778320313 450.73939514160156 2374.5755249023437 649.9657440185547 0.8809756324404762 2051.3624877929688 603.3383117675781 2271.7832641601562 751.6984313964844 0.8119884672619048 
796 2268.040234375 450.14680633544924 2376.11162109375 651.4564956665039 0.8865792410714286 2053.2011840820314 602.7183380126953 2271.4631225585936 753.1708831787109 0.8201497395833334 
797 2265.9742065429687 452.47383270263674 2376.1539672851563 649.5258316040039 0.8871140252976191 2053.2755493164063 602.911343383789 2269.3970581054687 753.3489715576172 0.8186848958333334 
798 2267.4025634765626 452.1677444458008 2377.4753662109374 649.0287582397461 0.8878348214285714 2053.2816528320313 602.4594818115235 2269.1936889648437 752.7512725830078 0.8218470982142857 
799 2268.0722778320314 451.9267639160156 2375.9929077148436 650.8389831542969 0.8863467261904762 2053.5334594726564 604.0408782958984 2271.4907104492186 754.2831573486328 0.82421875 
800 2267.484521484375 451.9743713378906 2375.247412109375 650.5961853027344 0.8849283854166666 2053.2591918945313 603.8664245605469 2270.8977905273437 753.8893127441406 0.8275669642857143 
801 2268.7566528320312 455.89770660400393 2376.3764038085938 647.9251388549804 0.8800223214285714 2053.1927001953127 603.6111022949219 2270.5421630859373 753.4346740722656 0.8303571428571429 
802 2268.210729980469 451.8734832763672 2375.765100097656 650.110708618164 0.8833937872023809 2052.7777587890623 603.7147430419922 2269.9951904296877 751.3382965087891 0.8269391741071429 
803 2266.861181640625 452.50502014160156 2378.390771484375 650.3126678466797 0.8936709449404762 2053.7565063476563 604.2600982666015 2272.6075073242187 749.4593231201172 0.8316592261904762 
804 2267.107531738281 452.82728881835936 2376.489392089844 648.4523742675781 0.8902529761904762 2053.602746582031 600.800146484375 2274.469763183594 748.04482421875 0.8212193080357143 
805 2267.225048828125 452.51356506347656 2376.331103515625 647.6456756591797 0.8821847098214286 2055.872021484375 598.2574188232422 2276.182666015625 747.229214477539 0.8216378348214286 
806 2266.863488769531 455.2803298950195 2375.903845214844 648.1975448608398 0.8755812872023809 2057.0097412109376 597.7100128173828 2279.2837158203124 744.4948822021485 0.8200102306547619 
807 2266.3569213867186 456.1779586791992 2375.4943969726564 642.9708755493164 0.8799525669642857 2060.0290283203126 599.8648162841797 2278.3039794921874 744.681753540039 0.8144298735119048 
808 2267.931506347656 454.3576721191406 2374.837780761719 647.2078796386719 0.8746047247023809 2061.6173583984373 598.3503601074219 2279.6218994140627 745.0842102050781 0.8297758556547619 
809 2266.6755981445312 454.70484466552733 2375.6156616210938 649.5394485473632 0.8734654017857143 2062.0912231445313 600.7099548339844 2282.0657592773437 745.2646545410156 0.8279854910714286 
810 2266.1870849609377 454.6487777709961 2376.9847900390623 651.1578933715821 0.8759765625 2062.2806762695313 600.3420623779297 2281.7854858398437 746.6786285400391 0.8158714657738095 
811 2267.127001953125 455.5417236328125 2375.955029296875 650.176416015625 0.8736746651785714 2064.603857421875 603.0069213867188 2282.259912109375 747.4132446289062 0.8159412202380952 
812 2267.0275146484373 455.4477020263672 2375.8396728515627 650.054067993164 0.8741861979166666 2064.5337890625 604.5010375976562 2282.15810546875 748.8864135742188 0.8108956473214286 
813 2265.2471313476562 453.72227935791017 2376.1676635742188 650.4491989135743 0.8788597470238095 2064.8176147460936 606.4995544433593 2280.3798950195314 748.8125793457032 0.8093377976190477 
814 2265.123254394531 457.06688079833987 2375.934606933594 647.3276809692383 0.8804175967261905 2064.891149902344 605.7533935546875 2280.241418457031 747.9262939453125 0.8094075520833334 
815 2265.1567993164062 457.435205078125 2376.0138549804688 649.86630859375 0.880859375 2063.47431640625 604.5741760253907 2276.82158203125 748.8975036621093 0.8128022693452381 
816 2263.829553222656 457.9318252563477 2376.913366699219 646.4045700073242 0.8812779017857143 2061.9061279296875 604.5216918945313 2277.6026611328125 751.1116088867187 0.8253580729166666 
817 2263.9985229492186 457.7536102294922 2377.1286743164064 646.304312133789 0.8813011532738095 2060.3797241210937 604.1624267578125 2276.1654418945313 752.9080078125 0.8224051339285714 
818 2262.8005981445312 456.7883102416992 2376.1015014648438 647.7214859008789 0.8886253720238095 2057.260888671875 605.5160980224609 2273.371923828125 752.3877716064453 0.81884765625 
819 2260.8928955078127 454.1144546508789 2378.5016357421873 649.4293380737305 0.8953683035714286 2057.25791015625 604.8413513183593 2273.574609375 753.9527160644532 0.8246140252976191 
820 2261.6642944335936 455.9487533569336 2377.1367309570314 647.0026931762695 0.8933686755952381 2055.106555175781 606.3855651855469 2267.155407714844 753.3501525878906 0.8236374627976191 
821 2262.2245361328123 458.5973831176758 2375.5943115234377 647.5469955444336 0.8873232886904762 2054.0571899414062 605.3159454345703 2264.0011596679688 754.3761322021485 0.8299851190476191 
822 2262.284387207031 456.85447845458987 2375.622106933594 645.7505325317383 0.8843470982142857 2052.5613525390627 606.518276977539 2262.4459716796873 757.6351043701172 0.8348446800595238 
823 2263.862939453125 458.5118209838867 2375.047216796875 647.3153579711914 0.8787434895833334 2051.015234375 607.86025390625 2258.69912109375 761.0009521484375 0.8335658482142857 
824 2262.9734130859374 458.74334106445315 2372.1613525390626 645.6226257324219 0.8716517857142857 2047.828076171875 608.2305755615234 2257.804736328125 759.4138946533203 0.83349609375 
825 2263.8644897460936 458.1426254272461 2371.3579223632814 647.836897277832 0.8712565104166666 2046.0400512695312 610.0601867675781 2256.8117553710936 761.8156677246094 0.8336588541666666 
826 2261.807897949219 456.73074493408205 2371.666467285156 646.8705429077148 0.8789527529761905 2043.4720825195313 610.6302062988282 2256.8514038085937 762.7421081542968 0.8351934523809523 
827 2263.271923828125 452.6082504272461 2371.273486328125 649.5521804809571 0.8896251860119048 2043.2778198242188 608.9905334472656 2250.8103149414064 763.5808776855469 0.8280784970238095 
828 2260.0505615234374 449.37188720703125 2370.2096923828126 648.5057983398438 0.8809058779761905 2042.0951293945313 609.3145568847656 2247.5843139648437 763.9610778808594 0.8273577008928571 
829 2257.8584106445314 451.1906280517578 2370.0065795898436 645.8625335693359 0.8909272693452381 2040.3988525390625 610.4602172851562 2245.6509521484377 764.9282104492188 0.8335425967261905 
830 2254.116455078125 449.14490966796876 2368.513916015625 644.0442993164063 0.8816034226190477 2040.1510498046875 612.1042449951171 2243.5242431640627 764.6342193603516 0.8303571428571429 
831 2250.32333984375 445.2669174194336 2366.6390625 644.060871887207 0.8822312127976191 2040.2231079101562 611.4437103271484 2243.246862792969 765.8262481689453 0.8311476934523809 
832 2248.59638671875 448.61195983886716 2362.748828125 647.3214508056641 0.8863467261904762 2039.9676879882813 611.4659210205078 2242.9051147460937 765.7829193115234 0.8351934523809523 
833 2245.507678222656 450.04471282958986 2357.523815917969 646.6014358520508 0.8877418154761905 2038.3018920898437 610.9969116210938 2241.199328613281 765.2833618164062 0.8275902157738095 
834 2241.8950317382814 453.38033294677734 2355.8776733398436 649.6837844848633 0.8900204613095238 2038.4473022460938 612.2578643798828 2241.083215332031 768.4563079833985 0.83740234375 
835 2236.71513671875 458.5907348632812 2354.85517578125 652.6779418945313 0.8929966517857143 2038.9766235351562 610.403921508789 2239.3927612304688 768.6272674560547 0.8353097098214286 
836 2236.9842041015627 464.81497344970705 2352.9362060546873 654.5548690795898 0.8819056919642857 2039.1357788085938 609.5524658203125 2239.416711425781 767.669091796875 0.8366117931547619 
837 2231.8917846679688 466.47025909423826 2350.1343383789062 664.9486557006836 0.8772088913690477 2039.0981811523438 610.781298828125 2237.576379394531 769.1416748046875 0.8384486607142857 
838 2230.8093994140627 471.27332611083983 2351.1285888671873 667.5837600708007 0.8779761904761905 2038.3147338867188 608.3171905517578 2236.735803222656 770.8537689208985 0.8404482886904762 
839 2232.0056396484374 471.7501876831055 2352.0290283203126 667.5777236938477 0.8703497023809523 2036.502099609375 610.0766326904297 2236.540869140625 772.2134674072265 0.8399135044642857 
840 2236.2728637695313 474.3999969482422 2352.3235717773437 668.5210845947265 0.8732328869047619 2035.0101928710938 609.2784484863281 2235.4612426757812 773.8593688964844 0.8373325892857143 
841 2237.1513671875 474.47352600097656 2351.1171875 672.8588104248047 0.8733026413690477 2035.3567138671874 606.3786071777344 2237.9631103515626 773.1066223144531 0.8487723214285714 
842 2238.5859497070314 480.29119262695315 2352.5178100585936 670.1776794433594 0.8680013020833334 2033.1190551757813 604.6911895751953 2239.8841186523437 771.3692962646485 0.8558640252976191 
843 2237.188513183594 478.02455444335936 2351.014367675781 671.9500549316406 0.8704892113095238 2033.53427734375 604.6598876953125 2240.10732421875 769.0749755859375 0.8572358630952381 
844 2237.4802001953126 478.2993194580078 2349.2351318359374 676.5059173583984 0.8737211681547619 2033.2721435546875 603.8410125732422 2242.0218017578127 768.3102935791015 0.8594912574404762 
845 2235.3166259765626 478.0450271606445 2349.1218505859374 678.2579208374024 0.8761160714285714 2033.0774536132812 603.765737915039 2241.7201538085938 768.1510711669922 0.8524460565476191 
846 2233.41123046875 478.51031188964845 2347.21962890625 676.6212188720704 0.8691871279761905 2034.6519897460937 603.9914123535157 2241.192980957031 768.3812683105468 0.8513067336309523 
847 2231.829833984375 477.30883636474607 2345.675048828125 677.5919509887696 0.8695359002976191 2034.8714233398437 606.5603210449219 2239.3710083007813 768.8951232910156 0.8475399925595238 
848 2231.4886962890623 477.1642669677734 2347.4737060546877 679.6109405517578 0.8696056547619048 2034.7194702148438 604.5856536865234 2239.2749145507814 771.1823516845703 0.8492606026785714 
849 2233.2576416015627 476.7974456787109 2347.0895263671873 677.0573516845703 0.8718145461309523 2034.4571044921875 605.5475311279297 2241.0409423828123 772.0794830322266 0.8521670386904762 
850 2234.875 478.51891326904297 2346.61279296875 676.6957168579102 0.8700474330357143 2034.1846069335938 605.4201843261719 2240.794152832031 771.9730041503906 0.8497953869047619 
851 2236.871057128906 478.4598022460938 2346.476354980469 676.5926879882812 0.8701636904761905 2034.6034545898438 605.3329498291016 2239.0598754882812 771.8488739013671 0.8490280877976191 
852 2232.7007568359377 479.0775863647461 2348.6591064453123 679.3695877075195 0.8743722098214286 2034.354736328125 606.4697967529297 2238.863525390625 770.920034790039 0.8491675967261905 
853 2232.7901245117187 477.86448974609374 2348.8160766601563 680.3823364257812 0.8756742931547619 2034.5724975585938 609.0629638671875 2237.0903442382814 771.499169921875 0.8460984002976191 
854 2233.1776611328123 478.8968246459961 2349.3086669921877 681.5980789184571 0.8768833705357143 2031.2884033203125 606.4783966064454 2236.1012451171873 773.2847259521484 0.8496326264880952 
855 2236.158483886719 478.69786834716797 2348.257775878906 677.5157852172852 0.8671642485119048 2030.6699340820312 609.5076324462891 2231.6027709960936 774.4842498779296 0.8568405877976191 
856 2234.1575561523437 477.87895050048826 2348.8505004882813 673.2819076538086 0.8655366443452381 2028.0532836914062 608.9916839599609 2229.8278198242188 772.5354766845703 0.8605608258928571 
857 2229.7955078125 477.5272842407227 2349.1517578125 673.6124557495117 0.8693498883928571 2025.3489990234375 610.7373352050781 2225.6968994140625 774.8520202636719 0.8641880580357143 
858 2229.625280761719 475.9442932128906 2346.942346191406 670.0507019042968 0.8733956473214286 2025.2639770507812 610.6538177490235 2221.5033569335938 774.8977569580078 0.8609328497023809 
859 2227.9358154296874 477.6987808227539 2343.1730712890626 667.627360534668 0.873046875 2022.9868225097657 608.2029022216797 2221.451531982422 776.7911773681641 0.8703962053571429 
860 2220.9116821289062 477.229914855957 2338.3576049804688 669.4139755249023 0.8557942708333334 2020.514599609375 609.951937866211 2223.375537109375 776.5115020751953 0.8706752232142857 
861 2212.6539306640625 480.6045547485352 2334.7606201171875 664.8354782104492 0.8569568452380952 2020.5957275390624 607.5723327636719 2221.9643310546876 776.8076721191406 0.8712100074404762 
862 2208.4045532226564 484.06388092041016 2330.3788940429686 665.9553756713867 0.8436337425595238 2019.8464721679688 607.355078125 2220.997033691406 776.40712890625 0.8657924107142857 
863 2201.5969482421874 487.3327331542969 2323.2262939453126 675.1114807128906 0.8485165550595238 2018.4963256835938 611.5063537597656 2219.0781372070314 775.8127380371094 0.8615373883928571 
864 2195.7328247070313 490.04994812011716 2319.4388061523437 679.8743072509766 0.8479352678571429 2015.9985107421876 608.9978179931641 2218.6201416015624 777.4935760498047 0.8666527157738095 
865 2195.8713500976564 491.89617309570315 2317.4330932617186 681.7033142089844 0.8387044270833334 2015.9072692871093 609.1927001953125 2218.510333251953 777.67314453125 0.8709309895833334 
866 2195.402062988281 493.2115417480469 2319.118200683594 680.9191955566406 0.8282412574404762 2015.6521545410155 608.64189453125 2218.291082763672 777.1521728515625 0.86962890625 
867 2198.5999389648437 495.11260681152345 2315.9779418945313 680.7836944580079 0.8314267113095238 2013.3391174316407 608.7151000976562 2213.949334716797 777.3129760742188 0.8641648065476191 
868 2199.186560058594 494.20656127929686 2322.863977050781 677.5901916503906 0.8408900669642857 2012.6864440917968 609.3544647216797 2217.3937561035154 775.679165649414 0.8643043154761905 
869 2200.9499633789064 497.1030578613281 2322.6259643554686 678.5500183105469 0.8343796502976191 2009.32216796875 610.4868835449219 2212.1158203125 776.9911437988281 0.8556082589285714 
870 2202.1047119140626 498.03321838378906 2324.0285888671874 677.7103729248047 0.8403785342261905 2008.6884826660157 609.7555206298828 2209.755731201172 776.598666381836 0.8615373883928571 
871 2204.313342285156 495.2576446533203 2326.314343261719 679.3289642333984 0.8491908482142857 2007.7292602539062 610.8373046875 2206.7831909179686 777.7857421875 0.8740234375 
872 2209.8173583984376 494.0139404296875 2325.4189697265624 678.1200927734375 0.8443312872023809 2005.6209594726563 611.5092681884765 2206.853405761719 776.3484588623047 0.8732328869047619 
873 2213.1467163085936 494.07294006347655 2326.6577270507814 678.2607391357421 0.8576776413690477 2005.811834716797 611.3732147216797 2202.8499084472655 778.4272613525391 0.8843005952380952 
874 2217.376318359375 491.4027557373047 2326.703271484375 680.0451812744141 0.8638392857142857 2002.5152770996094 613.0968566894531 2201.8759582519533 776.0153259277344 0.88525390625 
875 2218.2142944335938 490.16090393066406 2329.4236450195312 678.3613739013672 0.8640252976190477 2002.458203125 615.1069030761719 2201.35185546875 775.5050354003906 0.8756277901785714 
876 2219.585583496094 489.25120239257814 2328.563098144531 679.4271423339844 0.8694196428571429 1998.5904663085937 618.6103363037109 2199.450305175781 770.3236846923828 0.8500279017857143 
877 2221.2992919921876 493.434130859375 2330.2485595703124 681.4253662109375 0.8742792038690477 1993.0475463867188 619.4737091064453 2200.2651977539062 769.0121917724609 0.8246605282738095 
878 2224.4747924804688 490.4673248291016 2329.4888305664062 676.9209197998047 0.8759998139880952 1988.151837158203 623.7544311523437 2198.180072021484 769.4883666992188 0.8198009672619048 
879 2224.255236816406 490.20898590087893 2331.631237792969 674.8953536987304 0.8859747023809523 1984.394287109375 627.0718139648437 2194.850830078125 770.9554077148438 0.8334728422619048 
880 2225.0828247070312 489.43235778808594 2330.6967163085938 676.9512481689453 0.8831147693452381 1981.523614501953 630.6103515625 2186.2858337402345 772.8660888671875 0.8212890625 
881 2222.7398193359377 489.2707946777344 2330.6429931640623 677.0219299316407 0.8840448288690477 1977.2191040039063 630.6236572265625 2184.392956542969 773.0555419921875 0.8261951264880952 
882 2223.296520996094 488.6327209472656 2331.118762207031 678.3998718261719 0.8793480282738095 1976.3005920410155 631.7875030517578 2183.319403076172 774.112826538086 0.8335193452380952 
883 2222.733251953125 491.54954223632814 2328.765771484375 677.6471130371094 0.8803245907738095 1974.6309448242187 629.7078857421875 2182.3678344726563 772.5269775390625 0.8425641741071429 
884 2223.1867797851564 492.3088012695313 2327.1464721679686 678.5699829101562 0.8726515997023809 1974.8663818359375 627.0066711425782 2180.6199462890627 772.1171081542968 0.8394019717261905 
885 2222.97294921875 491.860302734375 2330.99482421875 675.49736328125 0.8735816592261905 1974.1074768066405 627.6353912353516 2179.348944091797 772.3845672607422 0.8297758556547619 
886 2222.170068359375 491.71067810058594 2330.110693359375 677.3681182861328 0.8713727678571429 1975.4018920898438 627.6325378417969 2178.329797363281 772.2726135253906 0.8363792782738095 
887 2221.2425048828127 489.4134124755859 2331.0817138671873 674.6325469970703 0.8778134300595238 1975.0568237304688 628.5762664794922 2179.6592407226562 770.721157836914 0.8493536086309523 
888 2221.4304321289064 490.1153259277344 2331.4711791992186 675.6739807128906 0.8751395089285714 1972.8849487304688 627.3756134033204 2180.0200805664062 774.0963714599609 0.8493768601190477 
889 2223.2123901367186 489.8857482910156 2330.6613891601564 676.8469177246094 0.8717447916666666 1971.8644653320312 628.4949279785156 2180.315466308594 774.6254333496094 0.8619791666666666 
890 2224.612438964844 491.8378387451172 2330.168566894531 679.2538970947265 0.8747442336309523 1972.901708984375 627.4700073242187 2177.551416015625 773.9561401367188 0.8636067708333334 
891 2223.7013427734373 489.15724792480466 2331.1741455078127 680.4590240478516 0.8753255208333334 1972.7934875488281 626.6399169921875 2176.9920349121094 772.8029541015625 0.8566080729166666 
892 2221.9500122070312 491.4536651611328 2326.5673217773438 679.338021850586 0.8646995907738095 1973.627294921875 625.8796447753906 2180.727197265625 773.1981140136719 0.8513997395833334 
893 2222.408068847656 490.01708526611327 2324.788464355469 677.714939880371 0.8667457217261905 1974.0857360839843 625.9503601074218 2180.979815673828 773.1225158691407 0.8588402157738095 
894 2222.152734375 489.85896759033204 2324.57724609375 679.7708847045899 0.8641183035714286 1975.6121459960937 626.0965423583984 2180.4608520507813 773.3316192626953 0.8606538318452381 
895 2218.855029296875 486.86337890625 2325.962841796875 681.7995849609375 0.8615606398809523 1975.1435791015624 627.4217590332031 2180.7905029296876 775.2305847167969 0.8653506324404762 
896 2219.5281616210937 489.28796234130857 2326.4960083007813 681.830110168457 0.8768368675595238 1976.382012939453 626.1245330810547 2179.6207946777345 773.7401519775391 0.8638392857142857 
897 2218.059118652344 486.69176177978517 2325.004113769531 679.1927291870118 0.8693498883928571 1974.4712951660156 625.1444122314454 2181.9445983886717 772.7284515380859 0.86767578125 
898 2219.2035888671876 487.11529235839845 2330.8379150390624 676.0347930908204 0.8785807291666666 1973.3109252929687 623.4379241943359 2183.698596191406 775.8615753173829 0.8668154761904762 
899 2218.7434326171874 487.5079040527344 2332.3556884765626 678.2906799316406 0.8713727678571429 1973.4631713867188 620.0829864501953 2183.538537597656 776.5677093505859 0.8575613839285714 
900 2217.0587158203125 483.8450454711914 2333.4144287109375 679.9264083862305 0.8690476190476191 1974.5673950195312 619.2621398925781 2181.4225952148436 776.5581726074219 0.8596540178571429 
901 2217.8645751953127 490.0358291625977 2331.8488037109373 679.2925094604492 0.8653273809523809 1973.6837158203125 617.5855407714844 2182.2962646484375 776.7331848144531 0.8623511904761905 
902 2218.008825683594 486.12013854980466 2331.904504394531 677.3790679931641 0.8652111235119048 1974.0171936035156 619.2740356445313 2182.4680358886717 774.0003784179687 0.8544921875 
903 2216.8915893554686 487.7243988037109 2330.7644165039064 676.7959259033203 0.8559337797619048 1975.09833984375 617.2978729248047 2179.209765625 771.9927154541016 0.8500744047619048 
904 2218.1705078125 484.483349609375 2332.1693359375 675.91533203125 0.8523530505952381 1974.2065124511719 612.0495361328125 2180.6949768066406 773.3685546875 0.8531203497023809 
905 2217.9798095703127 487.10986480712893 2331.4371826171873 677.6329025268554 0.8563755580357143 1973.7743041992187 610.2829406738281 2177.141467285156 775.1174499511719 0.8600027901785714 
906 2217.605615234375 484.4087860107422 2329.888037109375 676.5843170166015 0.8633277529761905 1973.441387939453 610.5603607177734 2172.094622802734 774.6652862548829 0.8689546130952381 
907 2217.001318359375 488.0209106445312 2329.800439453125 676.7427612304688 0.8641183035714286 1973.6319091796875 609.2467437744141 2171.0306884765623 774.1071990966797 0.8727911086309523 
908 2217.1657836914064 487.7437576293945 2329.7963745117186 676.1833358764649 0.8678385416666666 1970.828076171875 608.7882598876953 2167.931689453125 773.4021087646485 0.8660249255952381 
909 2218.136120605469 487.92747802734374 2329.360705566406 679.8447387695312 0.8655366443452381 1971.5289794921875 612.2375457763671 2169.9890869140627 773.6225006103516 0.8697684151785714 
910 2217.743688964844 485.93562774658204 2330.934777832031 681.8429061889649 0.8718377976190477 1971.8550903320313 613.8613739013672 2169.939099121094 774.9406890869141 0.8693963913690477 
911 2217.724719238281 487.68359222412107 2331.264294433594 679.827424621582 0.8646763392857143 1971.07861328125 615.4995513916016 2169.77294921875 777.0750946044922 0.8726515997023809 
912 2217.6572509765624 488.27227478027345 2333.5483154296876 678.5089141845704 0.8640718005952381 1971.1568420410156 616.0218200683594 2167.9533874511717 777.8323059082031 0.8732096354166666 
913 2218.751184082031 487.17109375 2332.126989746094 676.857470703125 0.8608630952380952 1972.4609436035157 619.8341796875 2170.868524169922 778.9962646484375 0.8763253348214286 
914 2219.1082153320312 487.67843475341795 2334.6371459960938 677.3204971313477 0.8566313244047619 1969.5217651367188 618.3822387695312 2170.062951660156 779.6869750976563 0.8748139880952381 
915 2221.8352905273437 485.9522445678711 2335.4872192382813 678.2861892700196 0.8637462797619048 1969.6490905761718 619.1905700683594 2170.7255432128904 778.7403381347656 0.8861839657738095 
916 2220.81123046875 488.8617645263672 2334.2400390625 676.4555572509765 0.8634207589285714 1967.4419250488281 619.6572387695312 2168.1238708496094 778.8939086914063 0.8819754464285714 
917 2224.1259765625 489.91546020507815 2331.2744140625 675.7854675292969 0.8694196428571429 1967.944873046875 621.033724975586 2166.935009765625 778.4764678955078 0.8876255580357143 
918 2226.629284667969 490.7100570678711 2332.020373535156 675.1443435668946 0.8655598958333334 1969.654296875 618.47978515625 2165.06689453125 778.7619140625 0.8871372767857143 
919 2226.804724121094 484.49149932861326 2332.365930175781 680.2197738647461 0.8783947172619048 1971.613671875 616.8660583496094 2162.94345703125 779.6064758300781 0.8813011532738095 
920 2228.1900146484377 488.0581283569336 2332.2972900390623 678.551887512207 0.8698381696428571 1971.67099609375 619.6828338623047 2157.734765625 776.9510162353515 0.8815569196428571 
921 2230.5738525390625 488.57116851806643 2333.6756591796875 681.6126388549804 0.8594215029761905 1969.2760437011718 620.8653442382813 2157.9301330566404 778.8083618164062 0.8909272693452381 
922 2229.3654052734373 487.0109664916992 2337.3777587890627 680.9926040649414 0.8669549851190477 1967.3034301757812 621.6451141357422 2156.876501464844 780.357388305664 0.8953683035714286 
923 2232.097375488281 489.1382888793945 2337.633825683594 684.8205429077149 0.8662574404761905 1966.8185791015626 620.044155883789 2158.1032958984374 780.5475799560547 0.89208984375 
924 2228.933984375 488.55267639160155 2336.7984375 682.2683074951171 0.8654668898809523 1968.9247314453125 621.054833984375 2158.2378662109377 781.750830078125 0.8974841889880952 
925 2228.283825683594 490.9590240478516 2338.721301269531 680.9117645263672 0.8692801339285714 1969.6048095703125 621.7001922607421 2157.3488037109373 782.9391510009766 0.8963448660714286 
926 2229.3187744140623 487.9374664306641 2339.9717529296877 682.6864959716797 0.8698381696428571 1968.178076171875 621.401821899414 2158.501123046875 780.7420379638672 0.8987862723214286 
927 2228.795068359375 486.8896484375 2337.338720703125 686.2552490234375 0.8694196428571429 1967.1490356445313 618.7776611328125 2157.653942871094 782.70048828125 0.8959495907738095 
928 2228.418603515625 491.0834075927734 2337.120947265625 679.6487091064453 0.8589797247023809 1966.6453918457032 620.434048461914 2155.2109313964843 782.3783905029297 0.8958565848214286 
929 2227.600439453125 491.3349304199219 2338.742822265625 682.5001525878906 0.8597237723214286 1963.8504577636718 621.2007537841797 2152.7927307128907 783.4689849853515 0.8816964285714286 
930 2226.4751586914062 491.02821044921876 2335.4596557617188 680.0829956054688 0.8595842633928571 1964.2791564941406 622.6822143554688 2151.1098815917967 782.8227905273437 0.8921828497023809 
931 2227.3477294921877 490.8170684814453 2336.2411376953123 679.7138763427735 0.8635602678571429 1964.1742736816407 624.3269439697266 2146.404217529297 782.1113494873047 0.8913225446428571 
932 2226.381237792969 489.38245544433596 2335.606311035156 681.0831817626953 0.8616768973214286 1960.177911376953 623.2986480712891 2147.4205993652345 783.7922332763671 0.8967401413690477 
933 2225.3532104492188 488.2849655151367 2334.8169555664062 682.6388931274414 0.8626302083333334 1958.5676818847655 622.7517364501953 2146.219793701172 783.5963470458985 0.8973911830357143 
934 2224.845593261719 492.1597015380859 2334.502307128906 680.1426055908203 0.8631417410714286 1953.8885986328125 624.6256683349609 2144.1094482421877 783.5159942626954 0.9051106770833334 
935 2224.8840454101564 488.89491577148436 2334.1376831054686 680.6463439941406 0.8676990327380952 1949.5199768066407 626.5340454101563 2141.271405029297 784.8404663085937 0.9005068824404762 
936 2222.641394042969 492.3547088623047 2336.403771972656 679.728237915039 0.8736746651785714 1945.441748046875 626.1071624755859 2141.737939453125 784.4823760986328 0.8965541294642857 
937 2221.9284423828126 488.9396606445313 2335.6003662109374 676.1640991210937 0.8682803199404762 1942.9776184082032 625.7575256347657 2141.3464782714846 786.2356384277343 0.8950427827380952 
938 2221.590124511719 490.5180267333984 2332.813439941406 677.3732696533203 0.8680710565476191 1941.2216064453125 625.3549499511719 2139.1992919921877 785.5166320800781 0.8805803571428571 
939 2223.0058349609376 490.0004943847656 2333.9863525390624 676.4475036621094 0.8672340029761905 1939.8352416992188 624.0306365966796 2137.380334472656 788.2815582275391 0.8832775297619048 
940 2221.9136352539062 489.1718383789063 2335.8746948242188 676.8723510742187 0.8664667038690477 1940.7926147460937 624.360873413086 2137.431262207031 787.4815948486328 0.8829055059523809 
941 2217.870080566406 490.3759796142578 2334.324499511719 678.4945648193359 0.8715587797619048 1939.8267944335937 624.1434143066406 2136.903430175781 787.6274597167969 0.8786039806547619 
942 2219.9130859375 490.29750671386716 2336.341796875 680.6138092041016 0.8693731398809523 1938.4860717773438 622.3133422851563 2135.5195434570314 788.0005004882812 0.8799525669642857 
943 2221.0002563476564 490.55791931152345 2335.0463745117186 678.3983184814454 0.86767578125 1937.9498046875 624.1275573730469 2134.734765625 787.3697570800781 0.8841610863095238 
944 2220.904577636719 489.1027435302734 2334.870080566406 674.5757843017578 0.8634440104166666 1938.0540832519532 622.0623504638672 2134.7001892089843 787.423794555664 0.8848353794642857 
945 2217.640270996094 489.2161239624023 2336.190051269531 674.8694778442383 0.8683268229166666 1938.214013671875 622.3049621582031 2137.287939453125 787.8272399902344 0.8813709077380952 
946 2214.032849121094 488.7884292602539 2332.525500488281 678.8239669799805 0.8685825892857143 1938.1803588867188 622.3292205810546 2137.1587524414062 787.7719146728516 0.8843703497023809 
947 2212.612353515625 488.31513061523435 2331.228466796875 678.5485168457031 0.8677222842261905 1938.4523986816407 623.7165710449219 2135.400018310547 789.3315246582031 0.8819754464285714 
948 2213.868273925781 487.950146484375 2325.598767089844 675.6576416015625 0.8692568824404762 1935.4009704589844 625.3788482666016 2136.516143798828 784.0363739013671 0.8773018973214286 
949 2206.6771484375 490.44107818603516 2320.952734375 676.4188766479492 0.8606770833333334 1934.087939453125 624.7966583251953 2140.231884765625 781.6454193115235 0.8720238095238095 
950 2196.4582763671874 488.89405670166013 2315.6437744140626 675.5428024291992 0.8678385416666666 1931.7942932128906 624.2533721923828 2140.9306823730467 777.1703948974609 0.8746047247023809 
951 2189.2925048828124 488.9055404663086 2303.4379638671876 674.6718826293945 0.8516555059523809 1931.474920654297 622.4196868896485 2146.3372131347655 770.1375030517578 0.8621651785714286 
952 2177.070910644531 492.0710021972656 2295.859997558594 675.8577087402343 0.8271716889880952 1928.976318359375 620.3424072265625 2150.864990234375 768.2681884765625 0.8519810267857143 
953 2168.7631958007814 494.0265838623047 2287.3161499023436 686.395718383789 0.8427966889880952 1931.226806640625 621.6130859375 2154.911865234375 767.0083740234375 0.8497256324404762 
954 2161.7509033203123 500.92449951171875 2282.3379638671877 688.5040893554688 0.8508184523809523 1930.2826110839844 622.8855834960938 2151.3586242675783 765.8033813476562 0.8594215029761905 
955 2156.9072875976562 507.1355285644531 2274.9435424804688 691.9848327636719 0.8429129464285714 1931.4561645507813 624.5722442626953 2147.484997558594 771.5608734130859 0.8534923735119048 
956 2152.4071411132813 509.26276245117185 2270.4510131835937 694.1244445800781 0.8282877604166666 1932.337744140625 624.7370330810547 2146.153466796875 773.9627349853515 0.8590262276785714 
957 2150.900500488281 510.70184631347655 2266.128552246094 694.6230438232421 0.81982421875 1933.3997680664063 625.3329895019531 2146.127819824219 776.0153991699219 0.8644670758928571 
958 2147.798937988281 516.2443939208985 2262.944470214844 693.3915313720703 0.8197777157738095 1933.859619140625 624.9173370361328 2146.436279296875 775.4923919677734 0.8607933407738095 
959 2149.566784667969 516.0520935058594 2262.689318847656 697.9354553222656 0.8205450148809523 1935.2651611328124 625.1650573730469 2145.9838623046876 778.2132385253906 0.8734654017857143 
960 2149.42001953125 519.1376129150391 2266.637109375 700.4924530029297 0.8164992559523809 1936.251611328125 626.487435913086 2146.357763671875 776.8792022705078 0.865234375 
961 2156.2185180664064 526.3255645751954 2264.6469604492186 696.7135589599609 0.8092447916666666 1937.0630249023438 625.6476104736328 2145.069055175781 776.120150756836 0.8686755952380952 
962 2161.8166381835936 523.5853698730468 2272.8711059570314 696.8305236816407 0.8147321428571429 1937.2300720214844 623.2781768798828 2143.791534423828 776.5335296630859 0.8673967633928571 
963 2170.0245849609373 520.8543426513672 2276.7991455078127 696.587857055664 0.8054082961309523 1934.059033203125 624.6346282958984 2143.159716796875 775.8988800048828 0.8640485491071429 
964 2173.210583496094 524.1976104736328 2280.359973144531 696.0833343505859 0.8182663690476191 1933.4976745605468 624.1351928710938 2138.8676818847657 778.1626586914062 0.8636300223214286 
965 2179.882360839844 525.1184906005859 2282.669641113281 694.9413848876953 0.8204520089285714 1933.0547607421875 626.6169006347657 2134.1605712890623 780.7981384277343 0.8624441964285714 
966 2181.2718994140623 525.3573913574219 2281.8765380859377 695.2674865722656 0.8246372767857143 1932.33994140625 628.8856201171875 2133.54921875 780.910400390625 0.8748604910714286 
967 2174.6382568359377 525.84462890625 2279.9515869140623 698.37900390625 0.8202892485119048 1930.8323181152343 627.8829406738281 2132.495928955078 782.4916931152344 0.8694428943452381 
968 2174.4134521484375 525.3959014892578 2277.3946533203125 700.0165130615235 0.8144763764880952 1928.8422607421876 629.324496459961 2130.3276611328124 783.7965362548828 0.8793015252976191 
969 2174.12607421875 526.0931274414063 2277.137109375 698.5246704101562 0.8174060639880952 1928.742742919922 630.0516174316406 2128.0469299316405 782.3288757324219 0.8804640997023809 
970 2172.036755371094 524.9888000488281 2282.277453613281 700.4737243652344 0.8241257440476191 1926.2886657714844 631.162353515625 2126.521514892578 786.3990478515625 0.8824404761904762 
971 2176.918505859375 523.3021820068359 2280.636669921875 694.6624786376954 0.8137555803571429 1924.647686767578 628.6679931640625 2125.319476318359 788.7546142578125 0.8793015252976191 
972 2178.14208984375 527.5151794433593 2279.634765625 694.4142639160157 0.8095703125 1924.0634643554688 630.9162322998047 2122.5378540039064 788.7937896728515 0.8755115327380952 
973 2174.4647216796875 525.557861328125 2281.0006103515625 697.8284912109375 0.8144298735119048 1923.120556640625 629.7397979736328 2122.591845703125 790.6767669677735 0.8778599330357143 
974 2174.2800537109374 524.8467742919922 2281.0749267578126 692.991665649414 0.7988746279761905 1922.0628234863282 628.75751953125 2124.2910583496096 790.0857421875 0.8778134300595238 
975 2174.1492553710937 523.2659240722656 2278.9398559570313 696.3977722167969 0.7981770833333334 1921.0229370117188 629.983837890625 2123.7692993164064 789.4474365234375 0.8786504836309523 
976 2168.20419921875 524.2707427978515 2279.46083984375 699.1027313232422 0.8011300223214286 1920.1909484863281 628.8904479980469 2122.2693786621094 790.0991760253906 0.8806733630952381 
977 2168.954541015625 527.6018188476562 2277.476611328125 697.1677124023438 0.8040597098214286 1920.2578674316405 629.5152954101562 2119.215155029297 790.0376831054688 0.8778831845238095 
978 2168.202685546875 526.5393157958985 2276.567333984375 700.3745635986328 0.8052687872023809 1917.8693969726562 628.5654754638672 2118.7958862304686 791.1126861572266 0.8823939732142857 
979 2166.741491699219 528.3265563964844 2277.209436035156 701.9189270019531 0.8131277901785714 1917.01826171875 626.4816955566406 2117.6638671875 791.0562683105469 0.8775344122023809 
980 2164.1155395507812 526.2535125732422 2278.6542358398438 708.1680572509765 0.8172433035714286 1917.848486328125 626.5397644042969 2115.484033203125 792.7333068847656 0.8840680803571429 
981 2167.320068359375 528.2654418945312 2277.185302734375 705.3952026367188 0.8140578497023809 1915.509521484375 626.1438995361328 2115.060791015625 792.0628265380859 0.8861839657738095 
982 2160.3018798828125 526.8974792480469 2278.9935302734375 708.2942932128906 0.8200567336309523 1914.994091796875 624.6588409423828 2114.306689453125 794.8583099365235 0.8861839657738095 
983 2163.7354125976562 528.3683807373047 2280.2037963867188 707.550259399414 0.8257765997023809 1912.9670166015626 626.143099975586 2112.3069091796874 794.1261260986328 0.8858816964285714 
984 2161.95009765625 526.5295471191406 2280.73251953125 708.0650573730469 0.8229166666666666 1909.300311279297 626.3482269287109 2111.006451416016 794.4366241455078 0.8838355654761905 
985 2163.7191162109375 526.7556976318359 2280.2525634765625 708.2789093017578 0.8248000372023809 1907.3798706054688 624.58515625 2109.0725219726564 794.9032470703125 0.8812546502976191 
986 2163.089453125 524.4704803466797 2280.109765625 711.2527252197266 0.8256603422619048 1905.6796508789062 625.2185943603515 2108.214636230469 793.9977752685547 0.8853236607142857 
987 2162.085900878906 526.2704071044922 2279.022741699219 710.6706939697266 0.82421875 1904.8595031738282 626.687255859375 2107.2502380371093 795.3460693359375 0.8863699776785714 
988 2161.894982910156 526.3209045410156 2278.819128417969 706.2041198730469 0.8213123139880952 1902.9670471191407 624.2188598632813 2105.335565185547 795.1079223632812 0.8791620163690477 
989 2163.8602661132813 527.1703125 2280.8186889648437 704.8573974609375 0.8127557663690477 1903.1255493164062 625.0972045898437 2105.5538940429688 793.7874389648438 0.8834867931547619 
990 2163.8450927734375 527.0236846923829 2280.7593994140625 706.8919036865234 0.8133370535714286 1901.4797302246093 622.9245849609375 2103.831427001953 796.047705078125 0.8781389508928571 
991 2163.871826171875 525.4197265625 2280.789306640625 705.2923095703125 0.8128022693452381 1901.5000366210938 623.3119415283203 2103.856652832031 794.1909271240235 0.8806733630952381 
992 2165.4470458984374 525.6746978759766 2282.3410400390626 703.2634735107422 0.8087797619047619 1899.6691345214845 623.2879760742187 2101.985284423828 794.1329223632813 0.8781854538690477 
993 2164.8488037109373 527.5728759765625 2281.6463134765627 700.522705078125 0.8110816592261905 1899.2905883789062 624.8463287353516 2101.4396362304688 793.3040008544922 0.8825102306547619 
994 2165.0498901367187 527.5290313720703 2281.9137329101563 702.8250335693359 0.8122674851190477 1897.3516845703125 625.3767120361329 2101.8636474609375 791.6831634521484 0.8804640997023809 
995 2164.6182373046877 528.3141571044922 2281.4208251953123 701.271841430664 0.8154064360119048 1895.0736450195313 626.3696228027344 2101.7244506835937 788.0963195800781 0.8829287574404762 
996 2163.1083862304686 526.5343963623047 2279.9328735351564 701.771206665039 0.8177548363095238 1894.982196044922 626.595669555664 2103.918316650391 788.3527557373047 0.8822777157738095 
997 2162.9380859375 528.1373840332031 2279.7298828125 701.0788024902344 0.8168712797619048 1894.8876525878907 626.4427947998047 2103.765057373047 785.9082183837891 0.8820684523809523 
998 2162.765185546875 528.4106140136719 2279.616650390625 701.4405822753906 0.8163829985119048 1894.3182189941406 626.7663208007813 2105.5493347167967 786.3133911132812 0.8820219494047619 
999 2161.5800537109376 528.4209106445312 2278.4702392578124 701.5081665039063 0.8169642857142857 1894.7731201171875 626.8091644287109 2106.0745361328127 786.4091583251953 0.8773018973214286 
1000 2162.547326660156 526.4082885742188 2279.649206542969 699.8091186523437 0.8168015252976191 1895.2571716308594 624.71494140625 2106.941192626953 786.8559814453125 0.8753022693452381 
1001 2163.5835571289062 526.94560546875 2280.6041870117188 697.9759033203125 0.8170340401785714 1896.7382202148438 624.9244995117188 2106.0252075195312 786.9531860351562 0.8767671130952381 
1002 2162.2459350585937 525.9870544433594 2281.2933715820313 698.9427551269531 0.8171037946428571 1897.8880126953125 622.054330444336 2106.7823974609373 786.0253204345703 0.8790225074404762 
1003 2164.179736328125 526.7513031005859 2280.993115234375 697.4787384033203 0.8147321428571429 1898.0660400390625 622.5694946289062 2104.7362060546875 786.5577026367188 0.880859375 
1004 2164.0167602539063 526.5370452880859 2283.0254760742187 697.1911651611329 0.8183826264880952 1898.5357238769532 622.3140747070313 2102.8713806152346 786.2318237304687 0.8863932291666666 
1005 2164.990686035156 526.8584930419922 2281.432409667969 697.0425689697265 0.8130580357142857 1896.5372802734375 623.8358856201172 2100.3103759765627 789.541372680664 0.8852771577380952 
1006 2162.4528686523436 526.1783111572265 2283.2446411132814 698.4185516357422 0.8200102306547619 1894.8006408691406 623.0527282714844 2098.3574401855467 790.8192199707031 0.884765625 
1007 2166.4150268554686 528.3389862060546 2280.9543579101564 696.7793609619141 0.8162667410714286 1893.4550842285157 623.615756225586 2097.829461669922 789.8103302001953 0.8892066592261905 
1008 2165.6635864257814 528.3687957763672 2279.9572631835936 694.2069488525391 0.8142903645833334 1891.3066467285157 620.9416687011719 2097.483758544922 791.2618225097656 0.8832775297619048 
1009 2165.581396484375 527.0588745117187 2279.878564453125 695.1429077148438 0.818359375 1889.4924743652343 621.6169250488281 2095.675616455078 791.9421569824219 0.8874860491071429 
1010 2163.9219360351562 529.3893737792969 2280.4728393554688 697.4919738769531 0.8149646577380952 1890.0438659667968 622.2337219238282 2094.0085021972654 792.5776794433593 0.8873232886904762 
1011 2164.5073852539062 529.0448150634766 2281.2106323242188 695.1221160888672 0.8141276041666666 1888.8052612304687 623.4775146484375 2090.7911743164063 794.0434814453125 0.88671875 
1012 2162.6989868164064 528.5719360351562 2279.6840698242186 697.3002563476563 0.8103376116071429 1888.0611938476563 623.4924713134766 2090.5352416992187 794.4704803466797 0.8914853050595238 
1013 2167.1485961914063 527.1871948242188 2281.7012573242187 693.4005737304688 0.8070824032738095 1885.518817138672 623.4250762939453 2089.916363525391 794.1307708740235 0.8962286086309523 
1014 2167.2951171875 527.6121887207031 2281.86015625 693.8434997558594 0.8068266369047619 1886.1534545898437 621.873291015625 2086.080187988281 794.84375 0.8958100818452381 
1015 2165.7614624023436 526.8798065185547 2280.7324340820314 693.7005767822266 0.798828125 1883.6227722167969 621.4751892089844 2084.2586975097656 795.0589904785156 0.8878115699404762 
1016 2169.967248535156 527.1769134521485 2281.984655761719 695.2027862548828 0.8127557663690477 1882.4277099609376 623.1670562744141 2081.8183837890624 795.6735809326171 0.8876023065476191 
1017 2168.765173339844 528.1790435791015 2281.042199707031 694.3493377685547 0.8116861979166666 1880.558154296875 622.4055267333985 2080.411572265625 795.3124298095703 0.8902529761904762 
1018 2169.236853027344 526.0733489990234 2279.393762207031 694.6809844970703 0.8123139880952381 1878.7129455566405 622.1364776611329 2078.793768310547 797.4883392333984 0.8902297247023809 
1019 2169.0025146484377 528.2716796875 2279.1464111328123 694.611376953125 0.810546875 1878.772509765625 624.323355102539 2076.581982421875 797.4065643310547 0.8929734002976191 
1020 2165.6335693359374 526.0599700927735 2280.3058837890626 696.9438751220703 0.8136160714285714 1877.569598388672 624.3873809814453 2075.435406494141 797.5197845458985 0.8916945684523809 
1021 2162.4383911132813 525.621939086914 2277.7908569335937 697.5197235107422 0.8023856026785714 1878.1457153320312 624.5327728271484 2074.923376464844 798.6923858642579 0.8872535342261905 
1022 2165.394982910156 526.3422821044921 2279.957800292969 697.0630523681641 0.8121744791666666 1875.8781494140626 624.3166290283203 2073.5549560546874 799.5301116943359 0.8964611235119048 
1023 2167.2992553710938 526.5610443115235 2279.6892700195312 697.3938507080078 0.8126162574404762 1875.6039306640625 624.5996978759765 2073.4102294921877 799.9280731201172 0.8966703869047619 
1024 2163.7984130859377 526.4029174804688 2280.4930908203123 699.2007202148437 0.8145693824404762 1874.823828125 624.5403411865234 2072.30703125 799.5822784423829 0.8980422247023809 
1025 2165.6709838867187 526.2462341308594 2280.1671508789063 699.1133850097656 0.8151274181547619 1874.5943542480468 624.423046875 2072.1567443847657 799.535205078125 0.8958100818452381 
1026 2165.8479248046874 526.2348907470703 2280.3044189453126 696.7977630615235 0.8132440476190477 1875.1313537597657 624.1186676025391 2070.380975341797 799.1699676513672 0.8961123511904762 
1027 2163.4044189453125 528.4347869873047 2280.0648193359375 701.1817291259765 0.8144763764880952 1874.773974609375 624.817593383789 2069.955517578125 799.8079559326172 0.8990420386904762 
1028 2160.4113037109373 526.0930206298829 2281.7410400390627 703.5935638427734 0.802734375 1873.5932312011719 624.867642211914 2069.0685119628906 800.1214324951172 0.9006231398809523 
1029 2162.067419433594 525.9311065673828 2281.079309082031 703.3262786865234 0.8065476190476191 1873.4330322265625 626.3744049072266 2068.7923095703127 801.5240936279297 0.9000651041666666 
1030 2162.252490234375 525.7089111328125 2278.964306640625 705.2656982421875 0.8062220982142857 1873.7530822753906 626.105337524414 2066.776580810547 803.4176727294922 0.8993908110119048 
1031 2158.9499755859374 527.1729034423828 2280.2682861328126 706.903695678711 0.8009905133928571 1872.4176513671875 625.9384216308594 2065.6282470703127 803.4225402832031 0.8985770089285714 
1032 2157.5986938476562 527.8103698730469 2278.8786010742188 707.4844299316406 0.7974795386904762 1872.8843994140625 624.5579284667969 2066.0340576171875 804.2319885253906 0.8972051711309523 
1033 2158.091418457031 527.9037719726563 2277.172497558594 707.6490844726562 0.7949683779761905 1871.276434326172 624.9489715576171 2064.5027404785155 802.4474517822266 0.9001581101190477 
1034 2159.30224609375 527.8288360595703 2278.2763671875 707.4126800537109 0.7998976934523809 1870.7591247558594 624.7868835449219 2066.056671142578 802.1259582519531 0.8998790922619048 
1035 2162.8793334960938 529.7029602050782 2277.6052856445312 700.6674011230468 0.8016183035714286 1871.7379028320313 625.8272308349609 2065.197644042969 803.5402618408203 0.9002976190476191 
1036 2162.7663330078126 530.6455780029297 2277.3840576171874 699.2011627197265 0.7966657366071429 1869.9117736816406 626.4197143554687 2065.436248779297 803.9649291992188 0.8982979910714286 
1037 2162.7438354492188 532.2429382324219 2277.4951782226562 700.9952209472656 0.7979910714285714 1869.8070556640625 626.3980682373046 2063.3096435546877 804.1504547119141 0.8948102678571429 
1038 2161.1854248046875 530.1560424804687 2275.9859619140625 705.7334838867188 0.8041527157738095 1870.1144653320312 626.8621887207031 2061.449011230469 804.6906677246094 0.9005533854166666 
1039 2161.0759399414064 529.034457397461 2275.9155151367186 704.6711700439453 0.8009207589285714 1870.1669067382813 625.5134185791015 2059.3140502929687 805.6536346435547 0.8996698288690477 
1040 2163.835827636719 531.3680694580078 2278.596057128906 697.8827239990235 0.7998046875 1869.4062194824219 627.0015197753906 2060.6730041503906 804.7671569824219 0.9002511160714286 
1041 2163.673474121094 531.4229888916016 2276.237414550781 698.0176239013672 0.7952473958333334 1870.83408203125 627.1023864746094 2059.941552734375 804.9533996582031 0.8998325892857143 
1042 2163.4911987304686 531.3162353515625 2278.2717407226564 697.86064453125 0.7972237723214286 1869.0088317871093 628.6980010986329 2060.309893798828 806.4952972412109 0.8979724702380952 
1043 2161.0987548828125 531.3655609130859 2278.1717529296875 702.4722686767578 0.7953869047619048 1870.234844970703 629.3016296386719 2061.604144287109 807.1624816894531 0.8983444940476191 
1044 2162.513806152344 530.5233917236328 2277.420031738281 699.5031585693359 0.8064778645833334 1869.4421997070312 628.2717346191406 2060.9525756835938 806.2636657714844 0.8947405133928571 
1045 2162.7429443359374 528.3637817382812 2277.7897705078126 702.0619995117188 0.8101050967261905 1867.5773864746093 628.4875518798829 2059.322149658203 806.6974456787109 0.8994140625 
1046 2161.1894775390624 529.3405334472657 2276.1220458984376 702.8662536621093 0.8013625372023809 1870.3042297363281 631.3583984375 2057.3514099121094 807.1376953125 0.8955543154761905 
1047 2161.9203125 529.6193481445313 2275.27548828125 704.1865600585937 0.81005859375 1867.283447265625 630.505581665039 2055.453369140625 807.3399383544922 0.8917178199404762 
1048 2159.6286010742188 527.7932800292969 2277.5855102539062 709.2653137207031 0.8096865699404762 1866.8304870605468 631.2671905517578 2057.3761779785154 808.2024749755859 0.8960193452380952 
1049 2159.68212890625 526.2637908935546 2275.34912109375 709.9702789306641 0.8107096354166666 1866.6763488769532 629.7186279296875 2057.1868103027346 808.88916015625 0.8992978050595238 
1050 2160.427770996094 526.40703125 2276.196008300781 708.00458984375 0.8026413690476191 1867.4270568847655 631.6986999511719 2055.834539794922 808.7562561035156 0.9011346726190477 
1051 2163.5113037109377 526.860806274414 2276.8290283203123 703.6364471435547 0.8099888392857143 1867.2290161132812 631.4618194580078 2055.3364135742186 808.2374603271485 0.9014834449404762 
1052 2162.581994628906 526.6460632324219 2273.691687011719 708.0498596191406 0.8044317336309523 1867.6262634277343 631.8253387451172 2055.832843017578 808.6941314697266 0.8975074404761905 
1053 2162.1807373046877 525.6524932861328 2273.6639892578123 705.390902709961 0.8029203869047619 1868.2462158203125 630.922885131836 2054.8101806640625 808.3861358642578 0.8916480654761905 
1054 2164.0397216796873 527.0932830810547 2273.2390869140627 702.2672515869141 0.8015718005952381 1868.3788452148438 630.0801635742188 2052.6528930664062 807.5292114257812 0.8897181919642857 
1055 2162.1436279296877 525.3304321289063 2273.5824462890623 702.7226684570312 0.7977818080357143 1868.8516784667968 630.0338439941406 2050.7924865722657 809.7002868652344 0.8877650669642857 
1056 2161.143762207031 526.8989013671875 2276.582556152344 703.452294921875 0.8145461309523809 1866.0174133300782 629.1048889160156 2049.3613708496096 810.1852722167969 0.8984840029761905 
1057 2162.3906860351562 529.0109283447266 2277.7926635742188 700.9826629638671 0.8119419642857143 1865.6173950195312 628.660546875 2048.903112792969 811.9462646484375 0.8964378720238095 
1058 2159.773291015625 527.3547607421875 2273.321435546875 704.489599609375 0.8003162202380952 1863.6752380371095 629.8972839355469 2045.351983642578 811.5740295410156 0.8909737723214286 
1059 2161.5712280273438 527.9776580810546 2272.7869262695312 702.7450592041016 0.8035016741071429 1863.6286865234374 632.4714385986329 2045.2052978515626 809.5086029052734 0.8929268973214286 
1060 2161.6529907226563 527.9915710449219 2272.9556518554687 705.1668762207031 0.8033389136904762 1861.7306213378906 630.8196228027343 2043.4489440917969 810.2664367675782 0.8877883184523809 
1061 2158.1470581054687 526.5379150390625 2274.1158813476563 706.1759521484375 0.7969215029761905 1861.6656372070313 629.7379272460937 2045.8514526367187 809.3759643554688 0.8837425595238095 
1062 2159.6700927734373 526.8985473632813 2275.0266845703127 707.8502319335937 0.8115931919642857 1859.0118286132813 629.5538208007813 2046.7491577148437 810.5055053710937 0.87841796875 
1063 2159.433312988281 529.3764190673828 2274.732458496094 705.7162933349609 0.8141973586309523 1858.92509765625 629.7196960449219 2046.568798828125 810.5810852050781 0.8828590029761905 
1064 2159.8886962890624 527.3749114990235 2275.0561279296876 708.0294464111328 0.8109188988095238 1857.7266479492187 629.8616668701172 2047.4139770507813 810.5162017822265 0.8879045758928571 
1065 2159.8112182617188 528.2465637207031 2275.1719360351562 706.9427673339844 0.8052455357142857 1859.142266845703 628.9045104980469 2046.8864196777345 809.8627014160156 0.8850213913690477 
1066 2158.099072265625 527.9900390625 2275.622119140625 706.534375 0.8080357142857143 1859.9456176757812 628.5625122070312 2045.2702026367188 809.3669311523438 0.8878115699404762 
1067 2159.224963378906 527.8745910644532 2276.725476074219 704.1250427246093 0.8124302455357143 1859.6513793945312 628.1670379638672 2042.6806518554688 808.9367828369141 0.8900204613095238 
1068 2159.9351318359377 526.7894165039063 2273.4623291015623 708.4329956054687 0.8008277529761905 1858.3892456054687 628.0906860351563 2042.3033813476563 809.7342651367187 0.8939267113095238 
1069 2159.6896118164063 528.1009002685547 2273.1377807617187 707.3491119384765 0.8080124627976191 1858.615655517578 629.0698089599609 2040.1327575683595 810.5869903564453 0.8902529761904762 
1070 2160.3065551757813 529.3082855224609 2275.5130249023437 703.2473175048829 0.8067801339285714 1857.3466552734376 629.5708587646484 2038.0625244140624 808.0278350830079 0.8940662202380952 
1071 2160.126904296875 533.1757049560547 2275.517138671875 702.8672027587891 0.8059895833333334 1857.2058715820312 631.3356689453125 2033.6849975585938 810.0774169921875 0.8969494047619048 
1072 2156.8128051757812 527.7755096435546 2272.8495483398438 705.2438385009766 0.8062220982142857 1855.694158935547 628.7609619140625 2033.1624084472655 810.7796875 0.8873697916666666 
1073 2159.4145751953124 528.410757446289 2275.0453857421876 705.2581268310547 0.8080589657738095 1855.8613891601562 631.0485076904297 2032.7086791992188 810.1631011962891 0.8924386160714286 
1074 2159.1262084960936 528.0509246826172 2276.9345825195314 707.0287261962891 0.8107096354166666 1856.0665466308594 628.8675170898438 2032.778790283203 810.1108764648437 0.8931594122023809 
1075 2159.4437255859375 526.4909240722657 2274.8218994140625 705.2137878417968 0.8083844866071429 1854.5534240722657 628.9041442871094 2033.2762878417968 809.8893127441406 0.8956473214285714 
1076 2160.338330078125 526.4136413574219 2275.677783203125 707.3381896972656 0.8134765625 1853.549383544922 629.0535247802734 2034.4739318847655 809.9781524658204 0.8936941964285714 
1077 2159.139611816406 530.2474792480468 2276.546179199219 699.5840637207032 0.8086867559523809 1853.117919921875 627.4206146240234 2033.74365234375 812.5619903564453 0.8908342633928571 
1078 2157.512072753906 528.135287475586 2275.190319824219 704.6527374267578 0.8179408482142857 1850.7825988769532 628.5796661376953 2031.8261657714843 809.6231536865234 0.8792317708333334 
1079 2159.965856933594 529.3056518554688 2275.772180175781 699.6091430664062 0.8160574776785714 1848.4415466308594 631.8371307373047 2030.098614501953 806.6819732666015 0.8843703497023809 
1080 2156.9666259765627 530.2506591796875 2274.8356201171873 702.5203369140625 0.8200334821428571 1846.253680419922 628.8523864746094 2027.5901916503906 807.9221496582031 0.8806036086309523 
1081 2158.6228149414064 529.095248413086 2274.6430541992186 701.9881866455078 0.8129185267857143 1843.0233215332032 626.5662384033203 2025.0158630371093 804.0090179443359 0.8557710193452381 
1082 2157.446643066406 528.4072937011719 2278.704968261719 699.9992004394531 0.8228469122023809 1841.101611328125 622.386865234375 2019.557080078125 803.1303466796875 0.8545154389880952 
1083 2161.1948852539062 527.7871307373047 2276.4445190429688 700.6616607666016 0.8242885044642857 1835.836181640625 619.1890258789062 2020.235595703125 798.9784545898438 0.8573288690476191 
1084 2164.8345458984377 526.7290344238281 2279.8851806640623 690.1010437011719 0.8196614583333334 1832.9573852539063 613.9020782470703 2017.0384643554687 788.7791351318359 0.8250558035714286 
1085 2169.360070800781 523.3606689453125 2282.558142089844 692.002978515625 0.8366582961309523 1830.2983337402343 610.1696746826171 2017.4220031738282 781.1221343994141 0.8406808035714286 
1086 2177.2302490234374 524.2039031982422 2281.6193603515626 691.2262115478516 0.8418898809523809 1827.5720520019531 604.2354339599609 2008.5127868652344 773.5774932861328 0.8210100446428571 
1087 2176.0025024414062 514.0916168212891 2285.8248901367188 684.6668670654296 0.8583751860119048 1824.6065979003906 600.9070190429687 2004.5285339355469 766.8090454101563 0.8171270461309523 
1088 2184.885119628906 508.5516845703125 2283.304577636719 674.9275634765625 0.8459123883928571 1822.6615600585938 595.0743286132813 1998.4107055664062 761.4502075195312 0.8208705357142857 
1089 2189.876013183594 507.58514709472655 2288.499230957031 664.9128387451171 0.8382161458333334 1821.7545104980468 592.2097747802734 1995.5195373535157 751.8856231689454 0.8450753348214286 
1090 2193.373913574219 491.9722671508789 2289.833850097656 661.3652267456055 0.8531668526785714 1816.4927124023438 586.6223968505859 1995.2963500976562 751.3100372314453 0.8358212425595238 
1091 2194.3636840820313 484.35145263671876 2295.7449584960937 654.1061889648438 0.8517252604166666 1813.5944091796875 586.7302032470703 1992.7798583984375 749.4118255615234 0.8336821056547619 
1092 2193.0915405273436 481.7390106201172 2299.1630981445314 646.7389556884766 0.8583751860119048 1811.687841796875 583.2774719238281 1986.116357421875 748.2773376464844 0.8279157366071429 
1093 2197.9110717773438 478.11756439208983 2299.2561645507812 638.3844192504882 0.8397739955357143 1808.4842956542968 584.539096069336 1985.2492248535157 749.5196807861328 0.8334030877976191 
1094 2196.8370971679688 475.03235931396483 2300.5308227539062 637.6430862426757 0.8448195684523809 1810.070068359375 585.6149139404297 1982.107421875 748.2256011962891 0.8426804315476191 
1095 2202.3466552734376 476.26059875488284 2298.9052978515624 631.6963714599609 0.8343563988095238 1809.86240234375 588.0367034912109 1979.42861328125 748.1825958251953 0.8463076636904762 
1096 2196.890734863281 469.7571105957031 2293.412243652344 634.5494079589844 0.8546084449404762 1809.7194213867188 587.7375396728515 1981.5742797851562 750.1757293701172 0.8464239211309523 
1097 2195.0127563476562 470.3044860839844 2291.4796752929688 635.0041076660157 0.8446335565476191 1809.8690002441406 588.2186065673828 1981.627215576172 750.5653900146484 0.8466796875 
1098 2186.653125 471.76216583251954 2285.33759765625 638.5860702514649 0.8346819196428571 1809.537109375 585.9001281738281 1981.060302734375 750.3744079589844 0.8415178571428571 
1099 2175.7249267578127 469.6548538208008 2278.8038818359373 640.6720199584961 0.8238699776785714 1809.2725036621093 587.8711456298828 1980.2896301269532 749.517465209961 0.8425409226190477 
1100 2168.7493408203127 475.38383331298826 2271.7457763671873 639.2421127319336 0.8048967633928571 1809.7915283203124 587.0235076904297 1980.6723388671876 750.8818267822265 0.8386579241071429 
1101 2160.883837890625 478.19662017822264 2266.201611328125 646.7047164916992 0.8195219494047619 1809.7353515625 586.7547485351563 1978.243408203125 750.5820434570312 0.8390997023809523 
1102 2153.2486083984377 478.0669662475586 2260.9550048828123 651.333821105957 0.8248232886904762 1809.416522216797 587.214242553711 1978.0005920410156 751.1154083251953 0.8407505580357143 
1103 2149.9964111328127 481.4514190673828 2255.2145263671873 654.4768646240234 0.8241257440476191 1810.240771484375 586.8494262695312 1976.25166015625 750.5221557617188 0.8490280877976191 
1104 2142.681262207031 483.5826950073242 2252.793103027344 654.6073989868164 0.8265671502976191 1810.0029357910157 587.1166564941407 1976.3421569824218 751.1129577636718 0.8512834821428571 
1105 2140.9019409179687 485.92701110839846 2248.8727172851563 659.6194366455078 0.8392159598214286 1809.1348205566405 588.3910827636719 1975.785711669922 750.3475646972656 0.8505626860119048 
1106 2135.5210571289062 485.16517944335936 2245.7623901367188 665.7732971191406 0.8469819568452381 1809.6687316894531 588.3698089599609 1976.2034606933594 750.2133819580079 0.8520740327380952 
1107 2131.917858886719 495.30150146484374 2239.873400878906 666.6222045898437 0.8406110491071429 1811.300958251953 590.258999633789 1975.5809997558595 752.1922332763672 0.8517485119047619 
1108 2119.1940673828126 496.9876190185547 2236.4333740234374 675.1916412353515 0.8491675967261905 1810.4935302734375 591.1399688720703 1976.9735107421875 750.5855560302734 0.8454241071428571 
1109 2108.945654296875 502.28087158203124 2231.107568359375 680.8252075195312 0.8455171130952381 1811.0404541015625 590.9205352783204 1977.8384521484375 753.0200775146484 0.8548409598214286 
1110 2100.4950317382813 506.32147521972655 2224.5183959960937 688.8461883544921 0.8400530133928571 1811.2275695800781 591.8236724853516 1977.3719177246094 750.9477508544921 0.8451450892857143 
1111 2093.065869140625 521.6715637207031 2217.101611328125 690.1727966308594 0.8287062872023809 1812.7705688476562 592.6905212402344 1978.9315795898438 754.1709289550781 0.8502836681547619 
1112 2087.3595947265626 526.0751953125 2208.9406982421874 694.418212890625 0.8103143601190477 1812.4533813476562 593.7001556396484 1978.4582397460938 752.6907745361328 0.8384719122023809 
1113 2080.5291259765627 532.0835662841797 2204.3268310546873 702.5974029541015 0.8326822916666666 1811.552227783203 592.7246673583984 1977.3944274902344 751.5594512939454 0.8409133184523809 
1114 2074.309033203125 536.3137664794922 2198.274951171875 709.3980865478516 0.8291945684523809 1812.163818359375 593.7087036132813 1978.231201171875 752.7590698242187 0.8426571800595238 
1115 2072.306774902344 545.0635681152344 2193.903430175781 713.4280090332031 0.8095703125 1811.755615234375 592.9107727050781 1977.78173828125 751.9216247558594 0.8361932663690477 
1116 2071.9286865234376 549.6447998046875 2193.8462158203124 716.109228515625 0.8096400669642857 1812.7634033203126 593.7407409667969 1976.8833251953124 753.1714904785156 0.8293108258928571 
1117 2069.93994140625 547.288818359375 2186.97802734375 720.5052490234375 0.8030831473214286 1812.4560302734376 593.9239959716797 1976.3093505859374 753.0958404541016 0.8455868675595238 
1118 2069.4242309570313 550.9619506835937 2186.3763061523437 724.0511108398438 0.8028506324404762 1812.1294555664062 591.8951934814453 1975.8624877929688 753.289193725586 0.8426571800595238 
1119 2068.5232543945312 551.1306457519531 2190.1840209960938 726.6028747558594 0.8203125 1811.433984375 594.4137725830078 1977.547705078125 753.5086517333984 0.8380533854166666 
1120 2068.7172241210938 551.8765472412109 2185.9949340820312 730.1386505126953 0.8115001860119048 1812.5107055664062 593.4650695800781 1976.6994995117188 755.3082458496094 0.8409133184523809 
1121 2070.746826171875 553.3567962646484 2188.178466796875 727.1552276611328 0.8136160714285714 1812.3978637695313 594.7287353515625 1976.8018432617187 754.43544921875 0.84716796875 
1122 2070.5023803710938 551.2975006103516 2190.0271606445312 727.0692596435547 0.8170340401785714 1813.2445922851562 596.4572723388671 1974.9546264648438 755.8236724853516 0.8425641741071429 
1123 2070.168310546875 551.6058471679687 2189.721337890625 727.4194213867188 0.8125232514880952 1812.5786682128905 596.7764434814453 1976.671453857422 756.1807708740234 0.8410063244047619 
1124 2069.960095214844 551.7609375 2189.392199707031 725.0544921875 0.8081984747023809 1812.6318115234376 596.8857360839844 1976.5581298828124 753.7866271972656 0.8419131324404762 
1125 2071.1485107421877 553.3817901611328 2190.6996337890623 724.5038909912109 0.8107561383928571 1813.5637573242188 596.4778594970703 1977.6535278320312 753.5351409912109 0.8397507440476191 
1126 2072.819201660156 548.7279357910156 2192.363659667969 724.5286560058594 0.8193824404761905 1815.2486389160156 593.895230102539 1979.329364013672 753.2878143310547 0.8369605654761905 
1127 2073.0039184570314 547.8691131591797 2194.8766967773436 725.990933227539 0.8220098586309523 1815.4663635253905 593.3009643554688 1981.869696044922 752.6731567382812 0.8258231026785714 
1128 2074.0883056640623 546.87646484375 2198.2681396484377 724.9456787109375 0.8297758556547619 1816.62685546875 592.0245727539062 1985.324072265625 753.6927124023438 0.814453125 
1129 2075.060009765625 548.7377960205079 2194.341357421875 721.8124359130859 0.8024553571428571 1816.7074890136719 588.8580322265625 1992.1210021972656 757.2550048828125 0.8295200892857143 
1130 2077.1570068359374 544.7437072753906 2198.9513916015626 722.7505554199219 0.806640625 1819.695751953125 590.3264526367187 2002.38701171875 763.6488891601563 0.8497488839285714 
1131 2075.599816894531 547.7043975830078 2199.265173339844 718.0358978271485 0.8070591517857143 1824.5001831054688 593.8320770263672 2008.8313598632812 768.8302154541016 0.8443777901785714 
1132 2070.0328979492188 549.7078735351563 2196.2734985351562 722.7043579101562 0.7985723586309523 1830.2295715332032 601.5888275146484 2024.2661560058593 776.9230743408203 0.8796502976190477 
1133 2068.407189941406 552.9369598388672 2197.607702636719 721.359243774414 0.8129650297619048 1835.295721435547 607.4213195800781 2031.4038635253905 780.4579528808594 0.8811151413690477 
1134 2067.9185180664062 551.0341156005859 2194.3844604492188 723.4877960205079 0.8178478422619048 1840.1029235839844 610.9065002441406 2040.149151611328 785.6595397949219 0.8996000744047619 
1135 2066.7812622070314 551.7479522705078 2192.9069702148436 721.444369506836 0.8043154761904762 1842.8420959472655 612.6940307617188 2044.643133544922 789.2699584960938 0.8700706845238095 
1136 2067.2551879882812 549.8652893066406 2189.9696655273438 721.2023376464844 0.8045014880952381 1843.9115844726562 613.181607055664 2049.979040527344 791.4648162841797 0.8811151413690477 
1137 2068.4258056640624 550.7672302246094 2188.8364013671876 719.8051574707031 0.7958984375 1845.0607604980469 613.8225219726562 2048.8324279785156 792.1227905273438 0.8790225074404762 
1138 2067.961328125 550.3949157714844 2190.79990234375 721.9052551269531 0.8046177455357143 1846.4420593261718 613.5078826904297 2050.4003479003904 794.2890533447265 0.8875790550595238 
1139 2070.473034667969 551.5127258300781 2193.440783691406 723.2033386230469 0.8097795758928571 1846.9361206054687 614.9597106933594 2051.1088012695313 793.6108459472656 0.8964611235119048 
1140 2072.6489135742186 551.3817626953125 2193.1550415039064 720.5537841796875 0.79150390625 1847.3239624023438 614.2196563720703 2051.2573364257814 794.9787689208985 0.8966471354166666 
1141 2071.1165771484375 551.9979125976563 2191.6490478515625 723.5249145507812 0.7976888020833334 1849.5759033203126 615.3844665527344 2051.2358642578124 793.8651672363281 0.8972284226190477 
1142 2072.410534667969 553.6928039550781 2195.010119628906 724.8695739746094 0.798828125 1849.5425231933593 616.9498840332031 2053.104083251953 795.0662292480469 0.8963216145833334 
1143 2073.1005249023438 551.3596008300781 2191.3240356445312 729.8542663574219 0.8045479910714286 1847.1735107421875 615.5535095214843 2053.4856689453127 794.0481750488282 0.8997860863095238 
1144 2076.04384765625 550.4506591796875 2196.444921875 731.0522705078125 0.8025018601190477 1847.0858459472656 616.8850128173829 2053.156951904297 792.8557708740234 0.8996930803571429 
1145 2077.8887939453125 551.0517852783203 2198.3260498046875 731.7074310302735 0.8078962053571429 1847.3480590820313 617.5060089111328 2051.1646362304687 793.5294525146485 0.8973911830357143 
1146 2075.8330322265624 553.0876586914062 2198.5668701171876 731.3990356445313 0.7990838913690477 1847.3772888183594 617.4828552246094 2051.161651611328 793.4784484863281 0.8951125372023809 
1147 2073.63720703125 551.0024841308593 2198.6923828125 731.6378967285157 0.8018740699404762 1847.2193298339844 617.1820434570312 2051.013214111328 795.5016723632813 0.8934384300595238 
1148 2075.8178466796876 551.760986328125 2198.5732666015624 732.4200439453125 0.8050595238095238 1847.3214965820312 618.216439819336 2051.141882324219 794.2432159423828 0.8986002604166666 
1149 2077.9123046875 551.4740417480468 2200.54521484375 729.6386291503907 0.8102446056547619 1848.1316284179688 619.108999633789 2049.434533691406 797.2735076904297 0.9023670014880952 
1150 2076.5672241210937 553.7383453369141 2199.2772583007813 729.6995819091796 0.81494140625 1846.6423217773438 619.3676177978516 2048.0715454101564 797.6441619873046 0.9011346726190477 
1151 2076.8128051757812 551.9604705810547 2199.4765014648438 730.1702056884766 0.8184988839285714 1847.2409545898438 619.6125091552734 2046.2802856445312 797.8222442626953 0.9027855282738095 
1152 2076.570361328125 551.0273071289063 2201.388134765625 729.0079711914062 0.8076869419642857 1847.5603881835937 618.3256683349609 2046.3439086914063 798.6177520751953 0.9147832961309523 
1153 2077.16640625 553.5641204833985 2199.67490234375 726.9251983642578 0.8084774925595238 1846.1071899414062 618.5523254394532 2044.8945190429688 798.8478210449218 0.9067615327380952 
1154 2077.093505859375 551.650146484375 2201.824951171875 729.50830078125 0.8094308035714286 1846.464111328125 620.945556640625 2045.11083984375 798.8037109375 0.9085518973214286 
1155 2076.9647216796875 549.9630310058594 2203.9908447265625 730.1093566894531 0.8102213541666666 1846.6297180175782 621.0266998291015 2045.2524841308593 801.1729461669922 0.9108770461309523 
1156 2078.5762573242187 552.0571380615235 2203.1588500976563 729.7025665283203 0.8097795758928571 1846.448065185547 621.0034545898437 2044.8572326660155 800.9560180664063 0.9138997395833334 
1157 2077.0678588867186 552.0062927246094 2203.7629516601564 729.3793273925781 0.8041759672619048 1847.5991821289062 620.8468811035157 2043.4005737304688 800.5234802246093 0.9145972842261905 
1158 2079.036767578125 550.5486755371094 2205.848974609375 730.3912658691406 0.8136393229166666 1847.5825805664062 621.4924530029297 2043.5648803710938 801.3351226806641 0.9167131696428571 
1159 2079.2578979492187 551.1862518310547 2205.7955688476563 730.6394927978515 0.8165922619047619 1848.5703491210938 621.9764831542968 2041.8276000976562 801.4296447753907 0.9132254464285714 
1160 2080.135290527344 553.3210998535156 2204.269738769531 728.0287536621094 0.8162667410714286 1847.8696044921876 623.5224884033203 2038.6687255859374 802.827670288086 0.9073428199404762 
1161 2082.4084350585936 549.7985870361329 2204.0063598632814 728.7543304443359 0.8087332589285714 1846.5362182617187 622.1574127197266 2039.2577270507813 801.1131561279296 0.9105747767857143 
1162 2086.0188842773437 548.840625 2205.6630004882813 726.0059326171875 0.8145228794642857 1847.7040954589843 622.9102935791016 2038.6744445800782 802.3763885498047 0.9158063616071429 
1163 2084.1192626953125 546.8731262207032 2203.6995849609375 726.2434509277343 0.8016415550595238 1845.6665954589844 620.9031982421875 2038.8345031738281 802.5731201171875 0.9146205357142857 
1164 2083.4376831054688 545.9837524414063 2207.6533813476562 727.7066772460937 0.8144763764880952 1845.7115173339844 622.0703002929688 2036.6355285644531 803.7932250976562 0.9143647693452381 
1165 2086.417041015625 547.1881408691406 2210.911083984375 722.4017028808594 0.8247302827380952 1846.6512084960937 622.9130065917968 2035.6974243164063 802.7375061035157 0.9183640252976191 
1166 2092.6667724609374 538.9806762695313 2212.7853759765626 721.4681762695312 0.8153599330357143 1845.0560607910156 622.7614349365234 2032.1635437011719 802.9389434814453 0.9107375372023809 
1167 2100.2338623046876 536.0081665039063 2215.8100830078124 720.9303100585937 0.8211960565476191 1845.3434814453126 622.1570037841797 2027.9541259765624 800.1445709228516 0.9023670014880952 
1168 2107.076623535156 532.5345764160156 2223.131140136719 718.2217712402344 0.81201171875 1842.4722534179687 622.6107299804687 2023.5172485351563 801.3347045898438 0.8856724330357143 
1169 2117.360791015625 531.7549774169922 2231.284716796875 713.102993774414 0.8287760416666666 1841.583251953125 623.5020233154297 2020.606201171875 800.200064086914 0.8690476190476191 
1170 2124.5200439453124 531.7505950927734 2234.0888427734376 708.9259796142578 0.8239862351190477 1840.8242126464843 621.6832214355469 2015.6683410644532 796.5273498535156 0.8567708333333334 
1171 2133.467248535156 531.5921630859375 2238.527624511719 711.362548828125 0.8234747023809523 1840.374981689453 623.9916259765625 2010.8065368652344 796.7580078125 0.8540504092261905 
1172 2137.6581909179686 530.3928100585938 2244.9611938476564 717.0066040039062 0.8445405505952381 1839.704119873047 623.5203094482422 2009.9893615722656 796.1380767822266 0.8600492931547619 
1173 2136.4628051757813 523.1169799804687 2250.7869506835937 723.7676635742188 0.7892485119047619 1837.1919311523438 623.2628448486328 2009.8446899414062 795.9156829833985 0.8488420758928571 
1174 2134.5706420898437 529.1802581787109 2246.5023559570313 727.3930450439453 0.8101050967261905 1836.4443420410157 621.8290191650391 2013.6697937011718 794.3907684326172 0.8450055803571429 
1175 2129.3905395507813 519.7680206298828 2243.6385131835937 724.9484710693359 0.7782738095238095 1836.9544494628906 621.9098175048828 2014.155780029297 796.779574584961 0.8583054315476191 
1176 2123.1683349609375 534.3128875732422 2240.0762939453125 714.3507476806641 0.8103608630952381 1839.9820739746094 623.5224700927735 2010.667218017578 794.2076934814453 0.8447498139880952 
1177 2123.1029052734375 531.8133422851563 2233.0347900390625 711.9144409179687 0.7844354538690477 1839.0073791503905 624.9225830078125 2009.752508544922 793.328759765625 0.8467726934523809 
1178 2133.2798095703124 532.0934387207031 2222.2441162109376 712.3632263183594 0.7964332217261905 1839.5534912109374 623.2187713623047 2008.1174072265626 794.1239410400391 0.8455403645833334 
1179 2126.9052856445314 527.7401123046875 2218.0617553710936 712.3902587890625 0.7852027529761905 1839.3220581054688 622.5823486328125 2007.6108032226562 795.5458251953125 0.8540504092261905 
1180 2128.483117675781 530.8968322753906 2215.446325683594 723.6261169433594 0.7964797247023809 1839.0276306152343 626.0863464355468 2005.9029113769532 792.9616271972657 0.8592122395833334 
1181 2127.228955078125 529.5711029052734 2214.346728515625 727.3519317626954 0.7771809895833334 1839.0703125 625.2013397216797 2006.2421875 794.7277984619141 0.8587472098214286 
1182 2125.1359619140626 534.0570098876954 2216.7116943359374 728.9485443115234 0.8039899553571429 1838.0367309570313 625.2712829589843 2007.0992553710937 796.6819641113282 0.85791015625 
1183 2130.011364746094 528.3779418945312 2219.698352050781 728.9933959960938 0.7969680059523809 1837.5303955078125 624.5099487304688 2007.4635009765625 794.4430541992188 0.8565383184523809 
1184 2132.7844360351564 525.9134704589844 2220.0815307617186 733.5388000488281 0.7871791294642857 1838.58798828125 622.5572479248046 2006.10390625 794.7919342041016 0.8442615327380952 
1185 2121.853515625 525.7721496582031 2223.3779296875 733.5431579589844 0.8011067708333334 1838.1662353515626 622.4837432861328 2005.7995849609374 794.8391937255859 0.8476329985119048 
1186 2129.382177734375 530.2742889404296 2223.893701171875 733.4744293212891 0.8043852306547619 1837.3954772949219 623.1502563476563 2005.1537170410156 793.2712524414062 0.8410063244047619 
1187 2129.3151123046873 520.164682006836 2228.5423095703127 725.7064727783203 0.8061755952380952 1837.3586059570312 624.2076812744141 2009.8247436523438 794.3113006591797 0.8490978422619048 
1188 2132.917932128906 516.1430084228516 2227.593542480469 719.6959197998046 0.8190569196428571 1838.6035583496093 621.9250091552734 2006.6531555175782 792.3414093017578 0.84619140625 
1189 2135.3559448242186 513.2787139892578 2227.3166625976564 711.3475677490235 0.8276134672619048 1840.0666381835938 623.5587829589844 2007.4819458007812 793.3320861816406 0.8673735119047619 
1190 2138.0663940429686 506.3997528076172 2230.1286743164064 707.047817993164 0.8455868675595238 1840.9076416015625 624.6096466064453 2006.1472900390625 792.209750366211 0.8603283110119048 
1191 2136.9355346679686 496.76026916503906 2231.2575805664064 706.6268768310547 0.8306361607142857 1840.3652038574219 621.1021697998046 2005.4288635253906 790.8819000244141 0.8619326636904762 
1192 2139.30517578125 482.2691940307617 2231.02880859375 696.2910171508789 0.7679734002976191 1841.42939453125 621.3019348144531 2006.061572265625 790.6378845214844 0.8619559151785714 
1193 2137.873156738281 477.28479766845703 2229.608532714844 691.3343124389648 0.7626953125 1841.7682495117188 618.1449188232422 2006.4216918945312 787.5028472900391 0.8497488839285714 
1194 2131.336218261719 478.2004089355469 2227.585412597656 684.7840881347656 0.7701822916666666 1841.775897216797 614.6286865234375 2006.1038635253906 781.3041748046875 0.8573288690476191 
1195 2133.325720214844 476.52696838378904 2220.167687988281 678.3761688232422 0.7553478422619048 1842.4677673339843 608.7761169433594 2009.1107238769532 775.4190734863281 0.8513764880952381 
1196 2125.8222534179686 478.07147216796875 2215.9167602539064 672.4859008789062 0.7744605654761905 1840.3102966308593 599.8996185302734 2018.1283020019532 765.8631378173828 0.8357049851190477 
1197 2117.7205444335937 474.9266525268555 2207.6131958007813 664.1742080688476 0.7864350818452381 1840.1272705078125 588.384243774414 2017.5468017578125 756.3414031982422 0.8214518229166666 
1198 2099.885693359375 471.8861907958984 2204.396044921875 657.1545196533203 0.81689453125 1842.9034484863282 580.0507598876953 2021.0461364746093 746.3172210693359 0.8317057291666666 
1199 2092.3923583984374 467.70289459228513 2201.7199462890626 655.4608932495117 0.8367280505952381 1842.2921081542968 569.1690002441406 2027.6733459472657 733.1602233886719 0.8210797991071429 
