0 1962.76484375 600.7209869384766 2193.3904296875 827.5028289794922 0.7503255208333334 2187.9204833984377 392.4187210083008 2414.7025634765623 553.8566390991211 0.7280970982142857 
1 1954.5965270996094 601.3883636474609 2185.748809814453 820.9829132080079 0.7723446800595238 2183.2296508789063 389.6469757080078 2410.5293823242187 543.7484710693359 0.7337704613095238 
2 1935.614208984375 606.7700958251953 2183.035693359375 819.3979339599609 0.7686476934523809 2176.641979980469 375.55594329833986 2397.001818847656 530.1943313598633 0.7210751488095238 
3 1932.7496459960937 609.9043579101562 2176.157824707031 817.9789428710938 0.7604864211309523 2170.5707763671876 366.0433624267578 2394.3491455078124 515.2289154052735 0.7218656994047619 
4 1927.7982360839844 616.9028961181641 2171.0275695800783 820.9017303466796 0.7765066964285714 2158.051306152344 347.26832580566406 2393.434777832031 508.1135711669922 0.7212844122023809 
5 1919.4334899902344 617.807095336914 2166.7824523925783 818.0420867919922 0.7651134672619048 2155.909948730469 329.38414306640624 2395.406701660156 490.357373046875 0.6908249627976191 
6 1916.081475830078 619.8107055664062 2154.5814880371095 819.2124877929688 0.7746000744047619 2156.3860473632812 317.0990463256836 2371.4271850585938 481.312239074707 0.7114025297619048 
7 1911.9500061035155 631.6009979248047 2150.396063232422 823.1395416259766 0.7697870163690477 2147.840124511719 311.3678604125977 2374.559045410156 463.81686248779295 0.7162853422619048 
8 1905.451727294922 644.1343353271484 2144.0479064941405 824.0592071533204 0.7555106026785714 2145.401818847656 290.90386352539065 2364.440710449219 455.1831115722656 0.7149367559523809 
9 1899.6859924316407 634.188363647461 2134.975994873047 818.4988311767578 0.7736002604166666 2139.3499267578127 290.45377960205076 2362.8756591796873 447.3137680053711 0.7135881696428571 
10 1894.2597351074219 635.0494262695313 2128.8175354003906 826.6048706054687 0.7593470982142857 2136.1848388671874 285.16746826171874 2359.0148681640626 433.72071533203126 0.7286551339285714 
11 1887.0712951660157 632.7891174316406 2122.257196044922 828.7772888183594 0.7576032366071429 2123.1618041992188 271.56785583496094 2350.5078735351562 436.19789123535156 0.7384672619047619 
12 1885.1145080566407 635.6957763671875 2113.616326904297 828.740380859375 0.7789015997023809 2121.950048828125 274.4568786621094 2346.512353515625 420.2252502441406 0.7615792410714286 
13 1877.3116088867187 633.1252624511719 2106.3575805664063 822.6804016113281 0.7791108630952381 2118.2046508789062 273.1527297973633 2339.3522338867188 423.2172348022461 0.7387230282738095 
14 1865.1137573242188 643.044873046875 2098.8811157226564 821.3419677734375 0.7665085565476191 2112.901159667969 278.37395629882815 2338.744104003906 421.01166381835935 0.7549990699404762 
15 1856.3006591796875 634.891357421875 2098.1114501953125 813.2763671875 0.7529296875 2111.680908203125 279.64599609375 2333.671142578125 418.389892578125 0.7520228794642857 
16 1849.4452026367187 628.310546875 2090.485705566406 810.078857421875 0.7567196800595238 2110.091357421875 277.23628387451174 2331.374462890625 419.48975982666013 0.7671363467261905 
17 1854.8257995605468 625.1906982421875 2092.3466857910157 811.2487548828125 0.7507672991071429 2109.3995849609373 286.1142852783203 2331.0857666015627 428.6268646240234 0.76025390625 
18 1845.4409240722657 616.5074401855469 2086.682489013672 806.3367980957031 0.7531156994047619 2106.3042114257814 293.88876190185545 2327.7717163085936 432.30603179931643 0.7688802083333334 
19 1844.2788818359375 612.104623413086 2081.5282470703123 801.9042266845703 0.7538132440476191 2108.1428833007812 292.1220336914063 2325.6215209960938 434.4717163085937 0.7676013764880952 
20 1848.1167419433593 609.4624114990235 2072.184405517578 802.0819610595703 0.7620442708333334 2109.0754150390626 291.80653076171876 2325.2810302734374 433.3229248046875 0.7814592633928571 
21 1849.1735229492188 602.8673400878906 2068.3818969726562 802.5035095214844 0.7663225446428571 2108.580285644531 296.93920135498047 2323.874060058594 433.9444351196289 0.7752743675595238 
22 1846.2963500976562 615.7133911132812 2072.235144042969 802.6972534179688 0.7553245907738095 2108.7930297851562 297.93078460693357 2319.1495971679688 434.2731643676758 0.7673223586309523 
23 1848.6109008789062 612.4267395019531 2073.1893920898438 806.0288269042969 0.75732421875 2109.5270385742188 300.87623901367186 2318.6172485351562 432.5256774902344 0.7635556175595238 
24 1849.3116027832032 616.7845123291015 2068.2817810058596 801.1805145263672 0.7566499255952381 2106.4021606445312 297.4898193359375 2325.3724975585938 431.9452392578125 0.7759254092261905 
25 1859.3368225097656 609.4070770263672 2069.254608154297 807.874722290039 0.7675548735119048 2105.5131713867186 296.4388595581055 2319.2473266601564 433.8395523071289 0.7846447172619048 
26 1860.0167724609375 603.7476623535156 2068.9885986328127 808.9199401855469 0.7693684895833334 2104.645361328125 295.98924560546874 2321.215966796875 432.77076416015626 0.7889694940476191 
27 1854.3030639648437 616.719580078125 2073.6180786132813 805.7842041015625 0.7404436383928571 2104.886340332031 300.3999908447266 2320.420056152344 432.7452117919922 0.7786690848214286 
28 1857.701153564453 605.5997955322266 2076.558978271484 809.3637664794921 0.7594401041666666 2104.859338378906 297.051123046875 2319.943640136719 432.8938232421875 0.7928757440476191 
29 1861.049658203125 601.2147369384766 2074.839990234375 811.2543182373047 0.7777157738095238 2103.403173828125 301.15808258056643 2317.193505859375 436.18356170654295 0.7897135416666666 
30 1869.4388793945313 599.0660522460937 2071.6653686523437 808.7824584960938 0.7778785342261905 2107.242138671875 299.4712799072266 2320.703662109375 434.2889129638672 0.7842029389880952 
31 1874.4754638671875 599.6767578125 2072.4049072265625 808.809814453125 0.7849469866071429 2108.7447509765625 298.04259338378904 2317.8778076171875 432.48523864746096 0.7913876488095238 
32 1868.098095703125 596.2917663574219 2077.579638671875 809.5141418457031 0.7914109002976191 2106.4984741210938 300.7730010986328 2319.7210083007812 431.6990447998047 0.7791573660714286 
33 1867.7200256347655 587.5872863769531 2069.375067138672 800.4453063964844 0.7932942708333334 2107.7238647460936 297.88783264160156 2320.5820434570314 432.32444763183594 0.7873651413690477 
34 1868.3981811523438 595.9037200927735 2070.3891723632814 790.4136016845703 0.7835751488095238 2105.924658203125 303.56345520019534 2319.137353515625 438.22414245605466 0.7785528273809523 
35 1862.8765991210937 592.5038299560547 2068.389270019531 786.8067779541016 0.7843424479166666 2106.3299560546875 306.6543533325195 2319.3160400390625 437.4351547241211 0.7783435639880952 
36 1861.7388854980468 589.6621002197265 2067.1279357910157 783.8480926513672 0.78173828125 2107.4876342773437 298.2396072387695 2324.0795043945313 428.9416976928711 0.7854120163690477 
37 1860.4654418945313 590.0207489013671 2065.138317871094 783.5296051025391 0.7867140997023809 2104.4984619140623 295.89295959472656 2327.7779052734377 433.5819549560547 0.7903878348214286 
38 1874.2277038574218 589.1536529541015 2067.6869689941404 790.0535614013672 0.7800409226190477 2107.1801879882814 305.40392913818357 2315.5207397460936 435.61685333251955 0.7724841889880952 
39 1876.0111267089844 601.6833343505859 2069.0400207519533 791.0001983642578 0.7730189732142857 2107.5886474609374 303.0024353027344 2322.8903564453126 432.9257873535156 0.7826218377976191 
40 1879.338037109375 598.3548217773438 2075.663427734375 794.6802124023437 0.7784133184523809 2107.577038574219 300.73233489990236 2326.127795410156 434.08544464111327 0.7889229910714286 
41 1878.50380859375 597.5344543457031 2074.4166015625 797.1436462402344 0.7853190104166666 2109.106591796875 298.547119140625 2327.198095703125 427.9234619140625 0.7947126116071429 
42 1876.9038330078124 593.9468048095703 2076.2157958984376 800.6405364990235 0.7889229910714286 2107.163049316406 298.24424743652344 2328.620397949219 434.80970764160156 0.7925037202380952 
43 1877.1783203125 599.4723449707031 2079.93642578125 802.2302917480469 0.7744140625 2107.585205078125 301.290510559082 2328.775634765625 434.0048080444336 0.7887137276785714 
44 1886.8131286621094 607.4132354736328 2078.4360168457033 799.0360443115235 0.7685546875 2106.92421875 302.4041580200195 2331.7125 435.0660873413086 0.7816685267857143 
45 1883.5761474609376 597.270132446289 2078.8789306640624 799.9429412841797 0.7815522693452381 2107.3666870117186 301.62291259765624 2328.4641235351564 437.96644287109376 0.7816452752976191 
46 1884.5665222167968 596.2833465576172 2075.9780334472657 798.7379547119141 0.7854817708333334 2107.6912353515627 300.95458221435547 2328.5509521484373 437.15128326416016 0.7807384672619048 
47 1887.35087890625 599.5751373291016 2078.67939453125 798.2625701904296 0.7897135416666666 2107.973034667969 304.3742446899414 2325.057482910156 436.8325729370117 0.7842029389880952 
48 1888.012762451172 606.8085296630859 2079.2109924316405 798.0068389892579 0.7820172991071429 2108.484729003906 305.30364379882815 2325.421276855469 437.6716369628906 0.7777622767857143 
49 1889.654718017578 604.3000518798829 2084.6034606933595 799.2487152099609 0.7814825148809523 2108.2290649414062 305.93536682128905 2321.5690307617188 438.3532684326172 0.7783900669642857 
50 1882.9595703125 610.3272338867188 2085.0892578125 797.7563842773437 0.7728562127976191 2104.17138671875 302.4684310913086 2324.67626953125 438.44645538330076 0.7769019717261905 
51 1883.6304809570313 607.31591796875 2085.491345214844 798.1661376953125 0.7802269345238095 2104.971728515625 303.11296997070315 2321.513134765625 438.9102844238281 0.7822730654761905 
52 1883.9206909179688 607.3662475585937 2085.623498535156 798.0669799804688 0.7821800595238095 2105.0884521484377 303.82482757568357 2321.4603759765623 435.84842071533205 0.7750186011904762 
53 1882.0778869628907 603.847314453125 2083.697381591797 798.135107421875 0.7908993675595238 2106.3969604492186 300.00835876464845 2319.0139282226564 439.30902404785155 0.7813662574404762 
54 1884.2603149414062 604.3845703125 2082.2326049804688 795.024365234375 0.7847377232142857 2104.5115600585937 300.09407196044924 2324.4803833007813 439.4077896118164 0.7709030877976191 
55 1882.286767578125 604.7913208007812 2079.900732421875 795.0861206054688 0.7878766741071429 2108.191357421875 301.0514770507813 2324.103076171875 440.1130737304687 0.7716006324404762 
56 1885.2162475585938 608.4345153808594 2079.2815551757812 795.1766906738281 0.7853655133928571 2108.011096191406 301.28170013427734 2324.046276855469 440.4229202270508 0.7758556547619048 
57 1888.7255859375 608.8582641601563 2078.97119140625 795.4450805664062 0.7873418898809523 2107.676867675781 301.9608856201172 2327.190563964844 440.9863800048828 0.7785993303571429 
58 1889.0457336425782 612.2689056396484 2079.1753356933596 795.0857696533203 0.7848539806547619 2107.863391113281 302.7458755493164 2327.243786621094 438.030339050293 0.7814825148809523 
59 1891.4322631835937 612.1668762207031 2078.168566894531 795.2416931152344 0.7905040922619048 2107.3199096679687 295.7290740966797 2327.0094360351563 438.52745666503904 0.7868071056547619 
60 1891.1681701660157 611.8002319335938 2077.790692138672 794.7634887695312 0.7935965401785714 2106.0795043945313 295.5553451538086 2332.9539428710937 438.26664581298826 0.7868536086309523 
61 1887.6763793945313 606.6692749023438 2077.984509277344 793.3176635742187 0.7939453125 2106.6997314453124 300.0928985595703 2326.2861083984376 435.5045135498047 0.7850167410714286 
62 1890.5885620117188 612.490576171875 2077.4746704101562 792.047998046875 0.7914574032738095 2106.2265747070314 298.61751861572264 2329.7570678710936 437.86609344482423 0.7882719494047619 
63 1887.400653076172 606.6127410888672 2077.934918212891 793.4829010009765 0.7957589285714286 2106.68427734375 299.672053527832 2326.53154296875 435.24454193115236 0.7864118303571429 
64 1879.5176940917968 600.3155364990234 2077.7465881347657 798.5445098876953 0.7741350446428571 2105.7019897460937 296.9010208129883 2325.9564575195313 432.7245590209961 0.7697405133928571 
65 1886.1104125976562 608.9526458740235 2073.5646362304688 796.4067901611328 0.7789015997023809 2105.6550415039064 295.3981628417969 2326.1894409179686 431.3943176269531 0.7582310267857143 
66 1878.1196166992188 601.9710571289063 2076.9558227539064 800.8072631835937 0.7829706101190477 2104.147253417969 291.53734283447267 2332.440393066406 431.4590866088867 0.7722516741071429 
67 1869.6303955078124 602.24287109375 2072.6176513671876 801.539599609375 0.7680199032738095 2105.5498779296877 288.6770477294922 2330.6815673828123 425.23219299316406 0.7587890625 
68 1860.131610107422 610.3155517578125 2074.234722900391 805.96142578125 0.7418154761904762 2102.630419921875 284.04990844726564 2331.498974609375 428.0157043457031 0.7570684523809523 
69 1861.5659301757812 609.3080505371094 2065.5170776367186 802.1344543457031 0.7445824032738095 2098.6055297851562 288.12081451416014 2324.8058471679688 421.616032409668 0.7487211681547619 
70 1860.7140808105469 619.2731658935547 2065.3585510253906 805.313687133789 0.7335146949404762 2096.1267700195312 287.54869232177737 2319.3754272460938 421.49784698486326 0.7398856026785714 
71 1856.1770751953125 619.9776336669922 2064.9191162109373 802.626919555664 0.7292829241071429 2094.882775878906 280.62841339111327 2322.262487792969 422.27481536865236 0.7609514508928571 
72 1844.570379638672 622.7617553710937 2072.9309631347655 813.6862426757813 0.7137741815476191 2084.017687988281 289.86790771484374 2308.634899902344 420.894482421875 0.7430943080357143 
73 1841.4328186035157 619.8389129638672 2066.074627685547 807.0404205322266 0.7187034970238095 2080.0428466796875 285.1802719116211 2308.4283447265625 427.4534255981445 0.7374674479166666 
74 1848.3692749023437 617.6973815917969 2064.663439941406 804.1577209472656 0.7162620907738095 2069.9703857421873 287.23217315673827 2304.9104736328127 428.94205169677736 0.7682524181547619 
75 1857.1549499511718 615.2074920654297 2065.7438537597654 805.1724517822265 0.7326078869047619 2068.3227416992186 288.42759857177737 2284.3610961914064 429.97013702392576 0.7607654389880952 
76 1856.3895202636718 597.6021759033204 2069.9067443847657 811.1193206787109 0.7310035342261905 2056.7959838867187 294.6152770996094 2281.5509399414063 436.9600402832031 0.7638578869047619 
77 1858.8480651855468 583.0920135498047 2054.4687072753904 797.522427368164 0.7640904017857143 2052.153845214844 299.0657501220703 2277.869836425781 442.0193328857422 0.7763671875 
78 1852.16708984375 582.2011810302735 2051.941796875 797.0533966064453 0.7648111979166666 2047.1577392578124 303.85021820068357 2265.7792724609376 443.3156448364258 0.7828543526785714 
79 1842.3155883789063 574.8890716552735 2046.0655151367187 797.5047882080078 0.7825520833333334 2043.7435424804687 305.83461608886716 2262.586291503906 445.4410797119141 0.7750651041666666 
80 1841.0089538574218 576.8494476318359 2045.7797424316407 804.3725372314453 0.7885509672619048 2034.6951782226563 306.0094696044922 2254.634167480469 453.8994659423828 0.7638811383928571 
81 1844.7416137695313 581.8692108154297 2045.4637084960937 812.8889068603515 0.7969447544642857 2032.7910034179688 311.8121826171875 2244.8747680664064 459.5132568359375 0.7565104166666666 
82 1848.793438720703 594.5553649902344 2045.8280212402344 818.1139465332031 0.7697637648809523 2024.8421020507812 314.3056610107422 2237.0331420898438 465.87079162597655 0.7519996279761905 
83 1834.5709655761718 592.4255249023438 2046.8224670410157 816.0477416992187 0.7710658482142857 2018.250146484375 318.36441802978516 2230.501806640625 466.18248748779297 0.7340494791666666 
84 1847.8052734375 602.0451538085938 2051.918603515625 821.2779663085937 0.7511160714285714 2005.1062866210937 321.6073471069336 2231.8988403320313 476.58231964111326 0.7563709077380952 
85 1852.8980285644532 605.2326049804688 2052.5903747558596 819.9960327148438 0.7627418154761905 1993.465264892578 320.62036895751953 2230.8353942871095 490.1704330444336 0.7634393601190477 
86 1839.99228515625 600.9174652099609 2050.916650390625 819.3748321533203 0.7746698288690477 1991.811376953125 330.1637130737305 2217.801904296875 484.5904067993164 0.7565336681547619 
87 1843.0294982910157 610.1784912109375 2051.135662841797 822.0683349609375 0.7572079613095238 1979.6810363769532 331.49083099365237 2214.2734313964843 486.624494934082 0.7672061011904762 
88 1839.8378601074219 607.4828674316407 2051.4647521972656 822.8888366699218 0.7699265252976191 1977.1919250488281 340.0422607421875 2207.7142028808594 479.8671630859375 0.7728562127976191 
89 1843.9498291015625 606.9156463623046 2048.9442138671875 819.5023834228516 0.7700892857142857 1969.3701232910157 339.86815338134767 2200.937860107422 487.9196578979492 0.7799944196428571 
90 1840.20888671875 610.5768676757813 2048.64560546875 819.0135864257812 0.7676943824404762 1959.5862854003906 340.6294372558594 2194.5512878417967 488.4300109863281 0.7542550223214286 
91 1854.7390380859374 616.7902069091797 2045.8053955078126 819.5545806884766 0.7521623883928571 1957.7708740234375 345.4880035400391 2191.7296142578125 481.9639617919922 0.7869698660714286 
92 1849.7128356933595 614.6493225097656 2049.143975830078 817.8433532714844 0.7638113839285714 1952.0334899902343 349.9472396850586 2192.855792236328 489.17272491455077 0.7668340773809523 
93 1854.2275756835938 611.1192291259765 2049.303430175781 821.2010223388672 0.7588588169642857 1946.282647705078 353.85570526123047 2193.8788513183595 492.65970611572266 0.7685314360119048 
94 1854.7781982421875 611.2321380615234 2049.7210693359375 821.1706329345703 0.7648111979166666 1943.8867065429688 359.9114532470703 2191.3142211914064 498.62083435058594 0.7681594122023809 
95 1852.198468017578 611.185400390625 2047.0399353027344 821.014794921875 0.7672991071428571 1941.2606689453125 362.44534759521486 2188.5596435546877 504.82958526611327 0.7623465401785714 
96 1856.1868957519532 614.3220611572266 2047.2565856933593 824.1239227294922 0.7729027157738095 1941.491064453125 358.55393981933594 2192.504052734375 512.1588897705078 0.7853190104166666 
97 1855.9769226074218 617.6235565185547 2046.9536193847657 823.5788970947266 0.7768787202380952 1941.239501953125 359.09920806884764 2192.130615234375 508.88489227294923 0.7835984002976191 
98 1851.4389709472657 617.1231414794922 2049.967156982422 823.1429107666015 0.7795991443452381 1943.3555969238282 361.3993438720703 2194.3249450683593 511.2318817138672 0.7694382440476191 
99 1852.5626403808594 616.8611389160156 2054.9638488769533 826.7586120605469 0.7686941964285714 1945.4019348144532 358.09331970214845 2192.7810485839846 511.76825256347655 0.7787620907738095 
100 1849.8553894042968 620.3011596679687 2056.1400939941404 822.8351928710938 0.7669503348214286 1949.8241638183595 361.3634338378906 2189.864434814453 507.6380310058594 0.7621605282738095 
101 1851.045965576172 616.4876159667969 2053.4573303222655 826.3955627441406 0.7686709449404762 1950.0891052246093 358.1393112182617 2193.732305908203 508.07360992431643 0.7664620535714286 
102 1862.2738037109375 611.7354400634765 2053.0970458984375 825.0085174560547 0.7752278645833334 1947.8997009277343 363.34862518310547 2194.847491455078 509.2723159790039 0.7824823288690477 
103 1866.6115600585938 617.8710144042968 2054.0219848632814 824.0224182128907 0.77294921875 1951.9554565429687 359.10048217773436 2199.337268066406 509.02879028320314 0.7875046502976191 
104 1872.3355407714844 612.0440643310546 2055.718536376953 825.3671295166016 0.7794363839285714 1948.9129699707032 363.59888610839846 2192.1762634277343 509.5568145751953 0.7885277157738095 
105 1872.542742919922 611.4457183837891 2056.097760009766 824.9688934326172 0.7824823288690477 1949.6242980957031 362.335302734375 2189.3697204589844 512.176171875 0.7889694940476191 
106 1868.8070922851562 614.7074127197266 2052.292761230469 820.6606903076172 0.7745768229166666 1948.7399963378907 354.88941192626953 2188.394647216797 515.9074325561523 0.7844122023809523 
107 1865.2662536621094 614.9228149414063 2056.1528137207033 820.7807983398437 0.7714378720238095 1948.9051208496094 364.2942626953125 2188.449005126953 521.494921875 0.7798084077380952 
108 1867.1732116699218 611.6131072998047 2058.2324279785157 825.149771118164 0.7787620907738095 1948.0059814453125 368.2504119873047 2187.7664794921875 518.1007232666016 0.7707403273809523 
109 1860.8754760742188 608.1705535888672 2055.7475708007814 825.5278717041016 0.7831333705357143 1947.9336486816405 370.48997192382814 2187.776190185547 524.1391174316407 0.7736932663690477 
110 1860.7007446289062 611.5265350341797 2055.5595092773438 825.1215972900391 0.7838774181547619 1948.1854248046875 367.2324844360352 2184.2642822265625 524.618376159668 0.7712518601190477 
111 1857.5713928222656 614.2447204589844 2052.7175476074217 824.4021301269531 0.7794363839285714 1944.752001953125 369.1572296142578 2184.932080078125 526.7753265380859 0.7693684895833334 
112 1853.9194702148438 616.9923675537109 2052.730920410156 823.3060333251954 0.7731352306547619 1948.13134765625 368.69454193115234 2180.703125 526.2431716918945 0.7601609002976191 
113 1850.551708984375 614.2298736572266 2052.987353515625 824.1631317138672 0.7849702380952381 1950.904364013672 373.58519439697267 2183.3306213378905 519.788737487793 0.7664620535714286 
114 1856.0233764648438 614.8971099853516 2054.6336059570312 824.7494354248047 0.7826683407738095 1947.257257080078 367.2828765869141 2179.5936950683595 524.6721405029297 0.7752976190476191 
115 1853.0853088378906 614.5215362548828 2055.5344421386717 824.4687591552735 0.7862723214285714 1948.1095886230469 373.4282852172852 2176.8021545410156 523.390592956543 0.7784598214285714 
116 1856.1245056152343 614.6781433105468 2054.708868408203 824.5032531738282 0.7805757068452381 1941.149676513672 372.86049499511716 2177.202984619141 530.2292877197266 0.7805989583333334 
117 1853.6841674804687 614.9073150634765 2055.6891235351563 824.3940155029297 0.7795061383928571 1942.3131225585937 373.47965240478516 2174.244738769531 530.5946578979492 0.77685546875 
118 1856.0331909179688 613.8295227050781 2054.4060180664064 827.1737731933594 0.7776460193452381 1935.209619140625 376.01249237060546 2171.011083984375 529.4706924438476 0.7726236979166666 
119 1851.6021606445313 614.1202453613281 2053.920056152344 823.9313903808594 0.7757161458333334 1937.0540954589844 374.76845092773436 2173.0915344238283 535.8733947753906 0.7655784970238095 
120 1850.7430053710937 610.4977844238281 2053.1478637695313 824.1473571777344 0.7769717261904762 1936.231689453125 376.37697448730466 2172.370849609375 545.0477691650391 0.7733909970238095 
121 1848.830096435547 611.037631225586 2050.863140869141 820.5533721923828 0.7781110491071429 1930.8521545410156 379.36149444580076 2170.2986022949217 551.4637924194336 0.7660900297619048 
122 1858.9101989746093 608.3223571777344 2049.649493408203 825.2416076660156 0.7814127604166666 1930.5452880859375 376.73083648681643 2173.6446533203125 556.250212097168 0.7662760416666666 
123 1858.718896484375 608.2454071044922 2053.266943359375 825.2412261962891 0.7787853422619048 1927.93310546875 376.1404739379883 2171.1181640625 559.4644760131836 0.7642531622023809 
124 1855.124932861328 608.434927368164 2053.3078063964845 821.5750213623047 0.7765764508928571 1927.6097778320313 385.94659118652345 2170.6643920898437 557.9543487548829 0.7483956473214286 
125 1857.7401306152344 613.5289733886718 2051.7878234863283 822.5034973144532 0.7665318080357143 1932.9479064941406 398.0957717895508 2171.776092529297 558.5583724975586 0.7486514136904762 
126 1850.7530212402344 614.0594696044922 2052.179229736328 822.9458404541016 0.7720191592261905 1932.5286437988282 399.14750518798826 2171.2559020996096 555.8123031616211 0.7457682291666666 
127 1854.196112060547 614.1798156738281 2051.8752990722655 823.0483337402344 0.7669038318452381 1935.964776611328 399.2862243652344 2170.9418395996095 555.9376525878906 0.7488839285714286 
128 1850.5952575683593 614.4241638183594 2055.743731689453 823.3025207519531 0.7686476934523809 1936.0977722167968 399.0900390625 2171.0859436035157 559.47880859375 0.7504185267857143 
129 1853.7722900390625 614.7058837890625 2055.0685302734373 823.4574462890625 0.7716238839285714 1935.9252502441407 396.2048400878906 2170.770916748047 560.2239929199219 0.7566034226190477 
130 1850.4151733398437 614.5314361572266 2055.524768066406 823.3703582763671 0.7718563988095238 1935.9014831542968 396.3692932128906 2170.8452209472657 556.7277526855469 0.7529529389880952 
131 1850.9089050292969 616.9043243408203 2052.0431213378906 825.488070678711 0.7734142485119048 1932.5659790039062 392.8486663818359 2170.9474487304688 556.7358673095703 0.7560686383928571 
132 1846.5414794921876 611.1610717773438 2055.1679931640624 827.2384643554688 0.7721586681547619 1935.2362915039062 396.94637908935545 2169.941198730469 557.1416641235352 0.7572312127976191 
133 1846.063623046875 615.2187744140625 2050.837744140625 819.9928955078125 0.7692522321428571 1934.2740600585937 396.9839370727539 2168.833605957031 557.0801193237305 0.7454892113095238 
134 1846.1338012695312 612.382080078125 2047.2031127929688 817.1749267578125 0.7704845610119048 1933.922589111328 400.71502075195315 2168.503558349609 553.3788513183594 0.7430943080357143 
135 1850.3445129394531 611.7194580078125 2051.2200622558594 823.7546630859375 0.7741117931547619 1935.1872253417969 397.82437591552736 2169.5419006347656 554.0607864379883 0.7546270461309523 
136 1853.9902587890624 617.909390258789 2054.5400146484376 825.8869354248047 0.7656947544642857 1936.2671264648438 401.0757064819336 2166.528039550781 557.0588455200195 0.7527436755952381 
137 1860.5781188964843 615.5307769775391 2050.082159423828 823.6136932373047 0.7685779389880952 1935.4650634765626 404.7324157714844 2169.5583740234374 557.0788635253906 0.7542085193452381 
138 1863.5969360351562 615.4896820068359 2049.4604370117186 823.6568634033204 0.7723446800595238 1935.2258422851562 405.03491973876953 2169.4140502929686 553.7257919311523 0.7550223214285714 
139 1860.4244018554687 615.2144439697265 2050.0609497070313 823.4427215576172 0.7714378720238095 1935.3636840820313 400.97951049804686 2169.6204467773437 557.1507385253906 0.7562081473214286 
140 1860.3538940429687 615.4020416259766 2049.914904785156 823.5474822998046 0.7730189732142857 1931.9753295898438 404.54042663574216 2169.8559692382814 556.9326568603516 0.7521391369047619 
141 1860.2893432617188 615.4314239501953 2053.613244628906 823.6263763427735 0.7695079985119048 1936.0745727539063 404.0906707763672 2166.576062011719 560.2369049072265 0.7482096354166666 
142 1851.3119201660156 617.7411651611328 2055.704071044922 825.8494720458984 0.7581845238095238 1933.640478515625 399.91355895996094 2167.762353515625 563.4272003173828 0.7488374255952381 
143 1851.3762939453125 614.9430541992188 2055.7162353515623 826.7135620117188 0.76416015625 1933.6838806152343 404.17273712158203 2167.745928955078 560.2141952514648 0.7460472470238095 
144 1857.913555908203 612.6576080322266 2051.136370849609 820.7436981201172 0.7749720982142857 1932.8016662597656 404.2856384277344 2170.614227294922 560.3502258300781 0.7484886532738095 
145 1861.2085266113281 612.4936279296875 2050.8772888183594 824.47646484375 0.78076171875 1933.2998840332032 404.37289276123045 2167.5964782714846 560.5707412719727 0.7548595610119048 
146 1860.5514099121094 612.110317993164 2050.0954406738283 823.9535858154297 0.7761114211309523 1932.1664001464844 404.1265441894531 2170.0256164550783 560.2216003417968 0.7455822172619048 
147 1854.4690795898437 611.6271759033203 2051.3038696289063 823.3174652099609 0.7729957217261905 1933.0315002441407 407.0789398193359 2167.004998779297 559.3473907470703 0.7397228422619048 
148 1854.3455444335937 614.7194213867188 2047.7938598632813 819.3281860351562 0.7779947916666666 1932.6119445800782 402.8133239746094 2166.9821716308593 559.0600891113281 0.7530459449404762 
149 1854.3923828125 614.3845428466797 2047.9044921875 822.7821441650391 0.7794596354166666 1935.5472778320313 402.83815307617186 2169.9944702148437 559.1363342285156 0.7512788318452381 
150 1854.5318298339844 614.8242614746093 2047.7632141113281 822.9196350097657 0.7761811755952381 1932.7105224609375 406.8717788696289 2166.8177978515623 559.227311706543 0.7475120907738095 
151 1851.4273193359375 614.6771209716796 2051.9364501953123 822.6126129150391 0.7668805803571429 1933.2589782714845 402.7429443359375 2167.186456298828 566.1208251953125 0.7472330729166666 
152 1851.5814331054687 614.8207611083984 2052.104846191406 822.7708526611328 0.7668805803571429 1930.1340270996093 402.87156066894534 2167.791387939453 566.2609466552734 0.7449079241071429 
153 1851.7222778320313 615.269076538086 2052.107312011719 823.0757110595703 0.7734142485119048 1930.2207275390624 400.1835693359375 2167.7138427734376 567.171044921875 0.7472098214285714 
154 1854.8078063964845 615.3785430908204 2051.569757080078 823.2780120849609 0.7736002604166666 1930.0570922851562 403.90946807861326 2167.656530761719 563.5465560913086 0.7452334449404762 
155 1860.3780944824218 615.387890625 2049.8129455566404 819.680224609375 0.7758556547619048 1932.38046875 400.952294921875 2166.3880859375 556.957373046875 0.7543480282738095 
156 1865.4958190917969 621.4053619384765 2051.3893127441406 822.1703826904297 0.77685546875 1930.9875732421874 400.19207153320315 2168.9313720703126 560.0604919433594 0.7537667410714286 
157 1865.7690856933593 617.7022247314453 2051.598468017578 825.8311614990234 0.7754371279761905 1931.6669616699219 396.9940185546875 2165.8121643066406 560.52392578125 0.7517903645833334 
158 1868.8750244140624 618.924349975586 2047.4079345703126 819.7739532470703 0.7797619047619048 1931.1040344238281 400.9082092285156 2165.4285583496094 557.1245056152344 0.74853515625 
159 1868.760675048828 615.6928680419921 2047.5641540527345 820.5719635009766 0.7785760788690477 1931.0839477539062 401.0713226318359 2165.763464355469 553.7993438720703 0.7514415922619048 
160 1868.5856567382812 619.4589416503907 2051.081091308594 820.5763366699218 0.7770414806547619 1931.3273803710938 398.2871917724609 2165.9643676757814 554.7117706298828 0.7516973586309523 
161 1866.4648742675781 613.2658325195313 2048.8719177246094 821.7311157226562 0.7834821428571429 1929.1761840820313 391.3419616699219 2163.6995483398437 562.5812561035157 0.7557431175595238 
162 1866.0572692871094 618.7718994140625 2052.1640441894533 823.489208984375 0.7792736235119048 1929.1903991699219 394.01231842041017 2163.6847229003906 561.5082809448243 0.7538364955357143 
163 1865.7897888183593 615.2159057617188 2052.231085205078 824.0303100585937 0.7794363839285714 1929.0363647460938 393.35069885253904 2163.9526489257814 561.1478973388672 0.7551618303571429 
164 1865.700439453125 615.2204376220703 2052.26123046875 824.1685394287109 0.7762974330357143 1929.41806640625 393.2132064819336 2160.7533203125 561.1178787231445 0.7518833705357143 
165 1869.3812927246095 619.2533172607422 2048.757012939453 821.0509429931641 0.7780877976190477 1929.4605651855468 392.73400421142577 2161.1543029785157 564.6357162475585 0.7527669270833334 
166 1869.130841064453 619.3426940917968 2048.604632568359 821.2506896972657 0.7779947916666666 1929.2431091308595 396.43858642578124 2161.063165283203 560.9561889648437 0.7503255208333334 
167 1866.4851440429688 616.5323883056641 2049.563928222656 822.0289520263672 0.7818545386904762 1929.8586120605469 396.6655014038086 2161.5091857910156 564.7990066528321 0.7603004092261905 
168 1869.6241882324218 616.3581970214843 2049.1281311035154 822.0398742675782 0.7828776041666666 1933.054736328125 399.1698394775391 2161.174267578125 567.4548553466797 0.7634161086309523 
169 1872.8882568359375 617.4378387451172 2048.4669677734373 819.1665924072265 0.7836216517857143 1932.9471374511718 393.43848876953126 2160.8259338378907 569.0171997070313 0.7645321800595238 
170 1869.53203125 616.2549987792969 2048.930126953125 821.8154357910156 0.7822033110119048 1929.1876037597656 396.3196853637695 2164.6477233886717 564.5054794311524 0.7582310267857143 
171 1869.7557312011718 617.0801483154297 2049.1320861816407 818.8784088134765 0.7843424479166666 1933.1412170410156 399.61524353027346 2161.0984069824217 567.7804473876953 0.7679966517857143 
172 1869.687353515625 616.4004577636719 2048.92421875 821.7761779785156 0.7846447172619048 1932.5925842285155 399.5352813720703 2164.107000732422 567.5698822021484 0.7665550595238095 
173 1866.4064514160157 619.259732055664 2049.217205810547 820.7245819091797 0.7810407366071429 1932.556903076172 399.7146789550781 2163.868511962891 563.8712585449218 0.7689267113095238 
174 1870.006787109375 617.0493988037109 2048.94658203125 818.3566680908203 0.7818080357142857 1929.5099304199218 397.2458831787109 2164.3686096191404 565.0019805908203 0.7595331101190477 
175 1872.4626342773438 625.5527282714844 2051.2434204101564 822.9564270019531 0.7689964657738095 1932.3427185058595 393.62490234375 2163.267755126953 564.956396484375 0.7478143601190477 
176 1875.6263610839844 624.9381774902344 2050.3581359863283 821.9762512207031 0.7723679315476191 1928.8179443359375 397.58662567138674 2163.0331298828123 557.4477066040039 0.7413736979166666 
177 1870.1575439453125 617.944790649414 2048.6561767578123 818.7558319091797 0.7805059523809523 1929.5140197753906 389.2433624267578 2163.7934753417967 564.0233001708984 0.7483258928571429 
178 1873.4374267578125 618.2827575683593 2048.1223876953127 818.9846984863282 0.7811802455357143 1929.4739135742188 386.8466064453125 2163.625939941406 561.5315673828125 0.7496279761904762 
179 1870.1244140625 616.6517150878906 2048.44150390625 820.9734069824219 0.7804594494047619 1929.4205322265625 392.3265182495117 2163.4617919921875 559.4988296508789 0.7501162574404762 
180 1873.5314697265626 619.5092742919921 2048.2583251953124 820.2592193603516 0.7782040550595238 1929.5813049316407 388.875553894043 2163.789666748047 556.1672012329102 0.7590448288690477 
181 1866.94619140625 618.6420837402344 2049.265478515625 819.5655578613281 0.7730654761904762 1932.9187866210937 396.82494354248047 2163.6088012695313 560.5403213500977 0.7606491815476191 
182 1870.5474487304687 621.2188751220704 2049.2152465820313 822.2200286865234 0.7726934523809523 1933.252978515625 399.7453247070313 2164.032177734375 559.8017944335937 0.7643926711309523 
183 1876.7887390136718 622.0497894287109 2051.8556701660154 826.9152374267578 0.7811104910714286 1930.5122131347657 394.26234130859376 2161.451531982422 561.8795043945313 0.7698800223214286 
184 1876.7237060546875 621.8265319824219 2051.7850830078123 826.6855529785156 0.7777622767857143 1930.4454284667968 391.18107147216796 2161.3774475097657 558.7929580688476 0.7692057291666666 
185 1873.7517028808593 615.5158538818359 2044.7618469238282 819.9845733642578 0.7770182291666666 1929.3729064941406 393.88890686035154 2163.5825378417967 561.1814666748047 0.7538132440476191 
186 1876.592352294922 616.517611694336 2043.7964416503905 817.1625030517578 0.7811802455357143 1932.1840759277343 392.1497116088867 2162.554327392578 555.6381607055664 0.7532319568452381 
187 1873.7470825195312 616.8331268310546 2044.1762573242188 816.9022857666016 0.7785528273809523 1929.1793151855468 386.981672668457 2162.5932678222657 553.7059188842774 0.75537109375 
188 1874.1812805175782 619.841586303711 2040.9965759277343 816.3128936767578 0.7784133184523809 1929.6437377929688 389.86469116210935 2159.4780883789062 552.9729553222656 0.7556036086309523 
189 1873.7101745605469 615.7644622802734 2044.1185607910156 819.5136749267579 0.7816220238095238 1929.135595703125 388.7907409667969 2162.521142578125 559.1991271972656 0.7581612723214286 
190 1870.3395202636718 612.2729888916016 2044.6225158691407 819.9293426513672 0.7813197544642857 1932.3797119140625 392.06597900390625 2162.2848388671873 555.2245483398438 0.7582775297619048 
191 1870.299462890625 615.5677276611328 2044.420751953125 819.3266204833984 0.7850399925595238 1929.4322570800782 382.88360900878905 2159.1242614746093 553.3001678466796 0.7548363095238095 
192 1866.0413024902343 618.139437866211 2047.7891418457032 822.1422393798828 0.7791108630952381 1932.2351318359374 375.7612579345703 2158.4928955078126 553.800082397461 0.7602771577380952 
193 1865.5973205566406 615.0982940673828 2050.806854248047 822.5331146240235 0.7779947916666666 1931.7028015136718 376.32031097412107 2161.3627502441404 554.121614074707 0.7638113839285714 
194 1861.3899841308594 623.9177978515625 2054.034210205078 823.971484375 0.7693452380952381 1931.209326171875 378.98033905029297 2160.900537109375 553.1011123657227 0.7629743303571429 
195 1865.6043884277344 615.3283264160157 2050.5463684082033 822.4632995605468 0.7801339285714286 1931.6143981933594 370.7781280517578 2160.9423645019533 552.0212493896485 0.767578125 
196 1866.2999755859375 609.2182250976563 2047.4151123046875 823.5995239257812 0.7858305431547619 1935.1066833496093 375.07627563476564 2160.576544189453 548.7990905761719 0.7604631696428571 
197 1866.3994934082032 617.072021484375 2047.7344177246093 816.9105224609375 0.7775530133928571 1935.2897155761718 379.37231597900393 2161.0331604003904 542.2037033081054 0.7486514136904762 
198 1866.4835327148437 613.0856018066406 2047.5386840820313 820.0057067871094 0.7813662574404762 1935.2673889160155 376.6054382324219 2160.662664794922 539.1855773925781 0.7586960565476191 
199 1873.74482421875 616.7718109130859 2043.620166015625 816.1906524658203 0.7807849702380952 1938.7974731445313 376.7304916381836 2160.374157714844 539.2199783325195 0.7654389880952381 
200 1869.8948913574218 619.1888549804687 2047.2209533691407 818.6807739257813 0.7761579241071429 1938.239306640625 372.9498565673828 2163.591259765625 539.193148803711 0.7726934523809523 
201 1861.9483337402344 619.1229064941406 2050.644317626953 818.9187194824219 0.7727864583333334 1937.3698486328126 375.7819137573242 2163.0652099609374 538.5784683227539 0.7703218005952381 
202 1858.5030639648437 619.4083923339844 2050.806262207031 819.1077209472656 0.7729957217261905 1937.159649658203 363.5258041381836 2162.745989990234 537.3382400512695 0.7648809523809523 
203 1858.5666931152343 622.2008422851562 2051.222979736328 818.5620971679688 0.7718563988095238 1936.940203857422 362.57078552246094 2166.645855712891 536.7024688720703 0.7771344866071429 
204 1864.3266174316407 623.7759948730469 2053.624676513672 824.2091125488281 0.7647879464285714 1943.70048828125 361.67113342285154 2162.69208984375 532.4104705810547 0.7725539434523809 
205 1862.2672912597657 623.8635528564453 2050.784588623047 823.4701263427735 0.7626488095238095 1940.8871826171876 366.9624771118164 2162.6723876953124 525.908464050293 0.7659505208333334 
206 1862.6552368164062 626.9105163574219 2051.574499511719 823.2382873535156 0.7601143973214286 1941.4429016113281 366.61246490478516 2163.7005310058594 522.1929244995117 0.7606026785714286 
207 1859.4656982421875 623.5438079833984 2052.4249267578125 823.9246368408203 0.7595563616071429 1941.673193359375 367.35887756347654 2164.318505859375 512.0783782958985 0.7479538690476191 
208 1863.4113159179688 624.4108306884766 2048.6724243164062 820.7877166748046 0.7637416294642857 1945.068701171875 364.9026275634766 2163.676904296875 513.1115936279297 0.7633696056547619 
209 1863.0370239257813 624.7666748046875 2048.7786499023437 817.9379150390625 0.7620907738095238 1944.906268310547 361.29932403564453 2164.081158447266 509.8926010131836 0.7640438988095238 
210 1863.1458129882812 621.4473541259765 2049.1559448242188 818.6180145263672 0.7656482514880952 1945.1333557128905 357.5992233276367 2164.625311279297 510.1274917602539 0.7752046130952381 
211 1859.7709655761719 622.029086303711 2048.8954162597656 818.5702178955078 0.7606724330357143 1947.6297424316406 357.0265655517578 2166.4209167480467 501.6511688232422 0.7624860491071429 
212 1859.4948608398438 621.6484130859375 2048.7334106445314 818.3080078125 0.7629278273809523 1947.4065002441407 356.91424560546875 2166.329705810547 497.91552734375 0.7609514508928571 
213 1865.5618469238282 624.0686981201172 2051.1306579589846 820.771694946289 0.7598586309523809 1950.2098083496094 352.7099212646484 2169.180938720703 501.16501770019534 0.7615094866071429 
214 1859.8056579589843 621.7194244384766 2049.144659423828 818.4835174560546 0.76123046875 1947.7640869140625 346.5639343261719 2166.8032958984377 502.4901428222656 0.7654854910714286 
215 1868.0792419433594 624.2433380126953 2053.3544738769533 820.635140991211 0.7521158854166666 1949.3153747558595 343.0525497436523 2171.645684814453 506.09475860595705 0.7706705729166666 
216 1857.285467529297 621.5240631103516 2057.0562072753905 821.2947235107422 0.7470935639880952 1951.479443359375 342.4997360229492 2173.446826171875 494.1774185180664 0.7826683407738095 
217 1854.6319763183594 625.5058959960937 2054.8718078613283 814.6213012695313 0.7495814732142857 1952.3273803710938 338.4097900390625 2171.1079223632814 494.15191650390625 0.7778087797619048 
218 1856.4194030761719 616.8436218261719 2049.6127014160156 813.7522033691406 0.7698800223214286 1953.4447387695313 334.91279754638674 2172.6448608398437 498.3841079711914 0.7746000744047619 
219 1855.9572875976562 619.6797607421875 2049.3491088867186 813.07158203125 0.7595331101190477 1953.5114379882812 335.02757720947267 2169.217810058594 491.22867889404296 0.7746930803571429 
220 1853.2139465332032 616.7506378173828 2049.4563415527346 812.992953491211 0.7630673363095238 1956.4619384765624 331.3590942382813 2171.2177490234376 483.1691650390625 0.7752511160714286 
221 1855.9779846191407 617.0748962402344 2048.865643310547 813.6718078613281 0.7669038318452381 1958.9845336914063 327.03021240234375 2174.1285034179687 490.24273681640625 0.7740187872023809 
222 1863.2185485839843 617.688101196289 2048.435382080078 814.0180145263672 0.7756696428571429 1959.5313415527344 322.765803527832 2174.382843017578 482.0523422241211 0.7897832961309523 
223 1865.87646484375 617.6618865966797 2050.9423828125 817.5329986572266 0.7725771949404762 1962.1107421875 316.8587127685547 2176.78720703125 483.41795959472654 0.7968982514880952 
224 1855.9741271972657 613.3968292236328 2051.864862060547 816.6796478271484 0.7741117931547619 1961.8802429199218 316.2911712646484 2176.2512268066407 482.6134918212891 0.7956426711309523 
225 1858.6023864746094 613.9673004150391 2054.261749267578 817.0101776123047 0.7811104910714286 1961.543603515625 314.3726379394531 2175.661474609375 480.4985778808594 0.7985258556547619 
226 1858.8110717773438 614.1250091552735 2054.369348144531 817.0626739501953 0.7796688988095238 1962.124822998047 315.53696594238284 2172.4421936035155 474.1973480224609 0.7865048363095238 
227 1855.838604736328 610.2907531738281 2052.006732177734 817.5625183105469 0.7837844122023809 1962.321728515625 314.0457305908203 2173.294970703125 473.20091247558594 0.7964099702380952 
228 1858.8221313476563 613.1677917480469 2051.390026855469 816.8455139160156 0.7854120163690477 1965.3612426757813 313.91822662353513 2172.7420288085937 469.45393524169924 0.7927827380952381 
229 1864.0064697265625 623.918408203125 2056.3436279296875 823.653125 0.7516276041666666 1963.8737548828126 305.39564361572263 2178.4035888671874 479.238786315918 0.7943405877976191 
230 1864.4276428222656 620.5782684326172 2056.727508544922 823.9723297119141 0.7570452008928571 1964.2756652832031 305.3886001586914 2178.7637634277344 479.1981002807617 0.7932012648809523 
231 1861.4514404296874 621.262060546875 2057.3801025390626 820.88759765625 0.7623930431547619 1964.5343811035157 303.33979949951174 2178.946942138672 473.39124908447263 0.7909691220238095 
232 1861.3266479492188 615.4381286621094 2057.0842407226564 822.2763488769531 0.7739722842261905 1967.5869201660157 301.48732299804686 2178.118524169922 471.39011840820314 0.7938523065476191 
233 1856.4525512695313 610.1334838867188 2049.2210327148437 817.7304077148438 0.783203125 1968.3780517578125 302.4451599121094 2179.6820068359375 458.1428527832031 0.7948521205357143 
234 1859.8011352539063 610.4724761962891 2048.636608886719 817.8212860107421 0.7869001116071429 1967.8902404785156 299.02200775146486 2182.6443054199217 465.64159698486327 0.7973167782738095 
235 1859.9983947753906 610.1470947265625 2048.8286315917967 817.4901123046875 0.7861793154761905 1968.51162109375 299.98709564208986 2179.5572265625 455.494319152832 0.8004324776785714 
236 1859.8194396972656 610.5029846191406 2048.5861999511717 814.0750183105469 0.7806454613095238 1971.1434631347656 296.74585876464846 2182.118133544922 455.9021514892578 0.7970842633928571 
237 1856.2990783691407 609.806527709961 2048.850946044922 817.1700958251953 0.7788550967261905 1970.9471923828125 297.19452514648435 2182.0137451171877 449.0142761230469 0.7936430431547619 
238 1856.4095520019532 610.517724609375 2048.9455505371093 817.8642333984375 0.7793666294642857 1971.0481872558594 294.6560394287109 2182.097442626953 450.1659210205078 0.7882254464285714 
239 1859.6531982421875 609.4433074951172 2048.3594970703125 820.350454711914 0.7789946056547619 1970.9415466308594 290.94786376953124 2181.8486145019533 450.0532958984375 0.7859002976190477 
240 1858.3620544433593 613.1674713134765 2054.283575439453 820.1789031982422 0.7828078497023809 1973.2420959472656 290.13856811523436 2183.950164794922 438.00388793945314 0.7771577380952381 
241 1861.6913452148438 608.6546417236328 2054.0776977539062 823.2394622802734 0.7855282738095238 1973.3948974609375 284.9275390625 2184.2799072265625 444.01630859375 0.7892485119047619 
242 1866.4914489746093 613.8052001953125 2047.6737121582032 820.8708251953125 0.7857840401785714 1974.0062683105468 284.15001678466797 2184.7692443847654 439.4491958618164 0.7860863095238095 
243 1864.8743774414063 617.2811309814454 2053.494030761719 820.6943939208984 0.7822730654761905 1976.5384338378906 281.43588104248045 2183.6499206542967 436.76965484619143 0.7917596726190477 
244 1858.2234924316406 617.1626403808593 2054.4836608886717 820.8289367675782 0.7798084077380952 1976.1504943847656 278.05119171142576 2187.2229187011717 433.5781723022461 0.7919224330357143 
245 1863.5916015625 613.8489562988282 2048.727978515625 817.4990661621093 0.7832263764880952 1977.3792419433594 277.18556518554686 2188.434844970703 436.4028747558594 0.7992001488095238 
246 1863.066912841797 612.9313110351562 2052.544293212891 820.9849487304688 0.7805524553571429 1978.0965942382813 275.5586196899414 2186.1502319335937 435.31409149169923 0.7977585565476191 
247 1866.5534545898438 613.3018524169922 2052.5197875976564 817.8648345947265 0.7781343005952381 1978.4193115234375 272.26818695068357 2186.7017822265625 432.19925079345705 0.7980143229166666 
248 1863.6399291992188 613.5089691162109 2049.476770019531 817.9294464111329 0.78076171875 1977.8581481933593 269.42490844726564 2189.712286376953 432.96132202148436 0.7987118675595238 
249 1863.4219482421875 613.9210998535157 2053.1337158203123 818.5122497558593 0.7860398065476191 1978.1646545410156 269.9790557861328 2190.1955749511717 429.93213806152346 0.7947591145833334 
250 1863.5137451171875 612.2873291015625 2049.7406494140623 820.861474609375 0.7834356398809523 1977.9716735839843 268.3406646728516 2190.270147705078 428.4957611083984 0.7864350818452381 
251 1856.5059997558594 605.2435577392578 2050.2204406738283 821.309603881836 0.7943870907738095 1980.8729431152344 268.24918975830076 2189.4885070800783 424.7108627319336 0.7807849702380952 
252 1860.6275512695313 609.4861999511719 2053.744519042969 821.1721252441406 0.7858305431547619 1978.4690063476562 267.38903045654297 2190.1547729492186 423.36820220947266 0.7849934895833334 
253 1860.6854064941406 611.8042022705079 2054.0542175292967 823.7661712646484 0.7822265625 1978.2513244628906 262.6817916870117 2193.9321472167967 426.30163726806643 0.7799711681547619 
254 1860.9631408691407 610.1957214355468 2050.601434326172 818.4259826660157 0.7897367931547619 1981.3820434570312 261.0954025268555 2193.330603027344 420.9864761352539 0.7833891369047619 
255 1860.4192138671874 611.0162567138672 2050.0351318359376 819.2218414306641 0.7932245163690477 1983.6838684082031 262.8152572631836 2195.6075134277344 415.2514846801758 0.7850864955357143 
256 1860.4047607421876 610.8545654296875 2053.7429443359374 819.064990234375 0.7949683779761905 1980.8121643066406 259.35635833740236 2196.458709716797 415.5142166137695 0.7865745907738095 
257 1853.8790771484375 614.7551452636719 2058.0711181640627 822.6597717285156 0.7704380580357143 1983.9622375488282 254.77738342285156 2199.2920349121096 414.41847839355466 0.7676943824404762 
258 1860.1702819824218 611.6618103027344 2053.2163146972657 819.5575500488281 0.7855515252976191 1982.8230285644531 254.55514831542968 2201.8560485839844 414.1894195556641 0.7761811755952381 
259 1856.8516235351562 616.0154327392578 2053.7860717773438 820.381478881836 0.7667178199404762 1985.7594177246094 252.01529693603516 2204.9882629394533 415.5081100463867 0.7702752976190477 
260 1862.9976867675782 614.6697296142578 2052.6677185058593 822.9348236083985 0.7762044270833334 1982.1494384765624 247.4880157470703 2205.2905029296876 414.84389343261716 0.7775530133928571 
261 1860.4900146484374 617.7251129150391 2050.1694091796876 818.5621795654297 0.7764601934523809 1982.5085083007812 246.80596313476562 2205.660681152344 414.1701721191406 0.76953125 
262 1856.6152038574219 614.8239074707031 2058.0890197753906 823.7597106933594 0.7719959077380952 1983.182110595703 243.58973846435546 2207.041888427734 411.4845718383789 0.7763904389880952 
263 1850.8736877441406 610.70859375 2055.773651123047 823.0595947265625 0.7764136904761905 1983.4139526367187 243.75124816894532 2206.941271972656 407.6712982177734 0.7791108630952381 
264 1850.7659851074218 610.9748596191406 2055.2282775878907 819.1546569824219 0.7834588913690477 1986.7406311035156 248.51910095214845 2202.355438232422 400.9364044189453 0.7743675595238095 
265 1854.2879577636718 609.5675994873047 2054.7385314941407 821.154263305664 0.7921084449404762 1986.3512268066406 248.0713317871094 2205.362030029297 400.26527709960936 0.7783900669642857 
266 1854.264141845703 609.9213134765625 2054.536029052734 821.31953125 0.7897832961309523 1985.7817687988281 245.46629791259767 2208.3059997558594 401.2333786010742 0.7805059523809523 
267 1848.08515625 610.9190948486328 2052.168017578125 818.7125579833985 0.7861560639880952 1988.6597473144532 243.42709197998047 2211.2956970214846 395.56164703369143 0.7862723214285714 
268 1853.9733154296875 610.7247894287109 2054.7122314453127 818.8983184814454 0.7881324404761905 1991.9455139160157 242.56063842773438 2211.271160888672 394.9734191894531 0.7834123883928571 
269 1857.456317138672 610.6011413574219 2050.250347900391 818.2255187988281 0.7949683779761905 1991.3568603515625 240.12854461669923 2210.1040771484377 395.8468276977539 0.7813895089285714 
270 1853.737811279297 609.6642150878906 2050.537213134766 817.6031188964844 0.7920619419642857 1987.8412292480468 238.6304443359375 2210.6330139160154 394.58458251953124 0.7806919642857143 
271 1853.6934753417968 609.1791595458984 2050.9480041503907 817.5989776611328 0.7864350818452381 1990.9700256347655 237.7166519165039 2214.276922607422 390.3097457885742 0.7769949776785714 
272 1853.7856018066407 609.3583740234375 2050.900799560547 817.631005859375 0.7898530505952381 1987.6751708984375 231.14899444580078 2214.5435791015625 394.7917709350586 0.7820172991071429 
273 1853.7347106933594 609.5937377929688 2050.654083251953 817.6594360351562 0.7924572172619048 1990.7779479980468 232.1889793395996 2213.7055725097657 391.9536750793457 0.7761811755952381 
274 1850.4232482910156 609.6162292480469 2051.305145263672 817.9382141113281 0.7908993675595238 1990.4969665527344 228.45558319091796 2217.4191711425783 392.1371597290039 0.7759486607142857 
275 1858.9198364257813 612.601611328125 2052.3072143554687 817.145947265625 0.7850167410714286 1989.5135009765625 228.2585578918457 2216.3717529296873 391.8940147399902 0.7723911830357143 
276 1855.4811218261718 611.5453552246094 2052.3173400878904 823.2369934082031 0.7888997395833334 1985.895751953125 225.30094299316406 2216.156982421875 392.42592468261716 0.7835518973214286 
277 1855.395037841797 608.3714569091796 2052.527691650391 820.3821441650391 0.7808547247023809 1982.2867065429687 224.4061134338379 2220.3336547851563 391.78295822143554 0.7768322172619048 
278 1852.7014404296874 609.4873504638672 2053.4606689453126 817.6821441650391 0.7801339285714286 1982.8231994628907 221.55287475585936 2220.760174560547 396.28782348632814 0.7848074776785714 
279 1853.7334777832032 609.3188934326172 2050.5185974121096 820.9557037353516 0.7881091889880952 1983.2574829101563 222.3176696777344 2220.8848510742187 396.82521362304686 0.7923177083333334 
280 1850.1068176269532 605.963168334961 2050.9677673339843 817.9830596923828 0.7852027529761905 1986.8753051757812 221.9810592651367 2217.4935913085938 389.36522369384767 0.7890392485119048 
281 1859.8181396484374 609.7429321289062 2049.8371337890626 818.3913452148438 0.7834588913690477 1983.6314208984375 218.0973793029785 2218.3607666015623 393.21296920776365 0.7760416666666666 
282 1856.6154052734375 609.5363739013671 2050.1846435546877 817.9955474853516 0.7826683407738095 1983.6094665527344 219.10493927001954 2218.126007080078 386.6167709350586 0.7870396205357143 
283 1854.9662658691407 612.8688507080078 2055.629803466797 820.9644622802734 0.7847609747023809 1988.3131286621094 217.4013572692871 2222.4208801269533 384.6210578918457 0.8013392857142857 
284 1852.4144470214844 612.6997131347656 2052.8700988769533 820.5795837402344 0.7810407366071429 1988.4787353515626 217.64230880737304 2222.3435302734374 384.6886390686035 0.7871558779761905 
285 1853.9799194335938 610.000619506836 2050.7874145507812 817.9481719970703 0.7780180431547619 1983.0902038574218 210.24446716308594 2224.4577697753907 392.1985260009766 0.7879464285714286 
286 1853.739239501953 609.5530090332031 2050.586566162109 817.5426940917969 0.7802501860119048 1982.8755432128905 206.85878829956056 2224.292303466797 388.8497230529785 0.7889462425595238 
287 1850.612042236328 609.6573364257813 2050.969622802734 821.1460083007812 0.7792038690476191 1982.4713562011718 204.5181854248047 2227.3529846191404 390.0345489501953 0.7865048363095238 
288 1857.0360534667968 610.2709289550781 2050.0763732910154 821.8727478027344 0.7841099330357143 1978.6857360839845 198.3469581604004 2231.122979736328 391.3872184753418 0.7654854910714286 
289 1853.9928039550782 606.8593902587891 2050.5690856933593 818.2716522216797 0.7809012276785714 1982.5234252929688 194.8765754699707 2227.3166625976564 391.45287704467773 0.7725771949404762 
290 1852.6906494140626 609.366342163086 2053.2175537109374 821.0336212158203 0.7769717261904762 1985.0898498535157 197.74355545043946 2226.464715576172 387.13002548217776 0.7751581101190477 
291 1856.8782775878906 610.3844268798828 2049.8249694824217 818.173129272461 0.7791341145833334 1985.4617858886718 195.8060401916504 2226.6452697753907 385.0421501159668 0.7862490699404762 
292 1857.0389770507813 610.4577606201171 2049.8360229492187 818.0853912353516 0.7824590773809523 1982.2429443359374 192.92093505859376 2226.9469970703126 385.7179809570313 0.7718098958333334 
293 1853.8003051757812 610.3113861083984 2050.3024780273436 817.9364776611328 0.7796688988095238 1985.1345275878907 190.35549087524413 2229.835565185547 379.4425895690918 0.7714611235119048 
294 1853.4538635253907 610.08984375 2049.779412841797 817.528076171875 0.7769484747023809 1990.7962280273437 190.93923950195312 2231.5726684570313 376.1519470214844 0.7863188244047619 
295 1850.6367553710938 607.2621002197266 2050.946252441406 818.6997528076172 0.7842029389880952 1995.1621154785157 190.37880859375 2228.856317138672 379.559912109375 0.7951078869047619 
296 1849.8462768554687 606.6786346435547 2050.0675415039063 818.0234527587891 0.7791108630952381 1990.6001708984375 187.12647094726563 2231.6073486328123 376.22442016601565 0.7828078497023809 
297 1850.1644592285156 606.1457336425781 2050.141815185547 820.9362976074219 0.7792503720238095 1990.3195434570312 184.68329620361328 2234.736364746094 373.55086517333984 0.7905738467261905 
298 1850.2477661132812 610.5834197998047 2049.977087402344 817.7102203369141 0.7818777901785714 1987.3838134765624 183.52667007446288 2231.4975341796876 368.4612907409668 0.7858072916666666 
299 1852.5521240234375 610.6419097900391 2051.9796142578125 821.1486785888671 0.7736932663690477 1983.373046875 184.6568244934082 2230.81103515625 369.31191024780276 0.7937825520833334 
300 1852.4693725585937 610.3744079589844 2052.288195800781 821.2941711425781 0.7817615327380952 1990.0938354492187 183.98047637939453 2230.6163696289063 365.2975082397461 0.7908528645833334 
301 1849.3192016601563 611.1802856445313 2052.328991699219 817.8812377929687 0.7754603794642857 1989.0126708984376 182.58820266723632 2236.3154541015624 363.45151596069337 0.7821103050595238 
302 1848.4634765625 610.6403961181641 2055.20791015625 821.0767059326172 0.7799479166666666 1991.8783020019532 179.11818466186523 2235.5414978027343 363.7114204406738 0.7775995163690477 
303 1848.8726623535156 606.3285858154297 2052.0327331542967 820.5701568603515 0.7814592633928571 1998.472314453125 181.5392639160156 2234.876806640625 358.84263305664064 0.7737630208333334 
304 1851.5095947265625 605.4622283935547 2054.5323974609373 823.2502349853515 0.7743908110119048 1992.0638549804687 181.8120574951172 2231.999865722656 355.30421447753906 0.7603004092261905 
305 1853.5868286132813 609.8576202392578 2049.8750854492187 817.2565765380859 0.7813662574404762 1994.179376220703 178.25139389038085 2231.2067321777345 348.61477127075193 0.7738792782738095 
306 1847.9901062011718 608.7708770751954 2051.3034729003907 819.4775970458984 0.7711588541666666 2000.9727416992187 178.82683486938475 2233.8590454101563 345.1742485046387 0.7576729910714286 
307 1851.330340576172 606.2853820800781 2053.623638916016 819.6128112792969 0.7809709821428571 2000.291680908203 178.49872512817382 2235.6876892089845 347.6894920349121 0.76708984375 
308 1851.0818664550782 609.1118591308593 2053.4624450683596 822.5313293457032 0.7764601934523809 2000.1074951171875 181.56533432006836 2235.6049072265623 347.1494026184082 0.7686476934523809 
309 1848.3658630371094 606.61318359375 2050.9987609863283 816.614599609375 0.7780180431547619 2006.9296752929688 180.94224243164064 2235.3523071289064 346.7328674316406 0.7658110119047619 
310 1851.2121887207031 607.2901031494141 2050.4817810058594 817.6302459716796 0.7841564360119048 2006.76728515625 178.5197952270508 2235.5583984375 340.8876449584961 0.7620675223214286 
311 1848.2805969238282 607.0578094482422 2051.1626403808596 817.317495727539 0.7804361979166666 2007.03935546875 175.61403045654296 2235.74287109375 337.9197525024414 0.7640438988095238 
312 1848.532421875 607.240267944336 2051.33623046875 813.7313507080078 0.7830403645833334 2007.2299926757812 175.9632354736328 2235.8449584960936 334.5188812255859 0.7603236607142857 
313 1845.7667724609375 606.8016326904296 2052.2979248046877 817.0206939697266 0.7829938616071429 2008.1830139160156 172.60417556762695 2233.154266357422 334.87853622436523 0.7524181547619048 
314 1845.8303283691407 606.874462890625 2052.559686279297 817.295458984375 0.7859002976190477 2008.4025634765626 172.2598434448242 2233.5901123046874 334.6901382446289 0.7473028273809523 
315 1849.1062377929688 606.8666717529297 2051.831018066406 816.9632232666015 0.7862258184523809 2007.7419555664062 169.66160430908204 2236.2680541992186 335.52733001708987 0.7597191220238095 
316 1848.9473815917968 609.6561309814454 2052.0481018066407 816.4495208740234 0.7830171130952381 2008.3033752441406 168.79986801147462 2233.560272216797 331.2804084777832 0.7554640997023809 
317 1845.5747436523438 609.5326385498047 2052.800012207031 816.7578277587891 0.7876441592261905 2004.8364013671876 171.0294219970703 2237.9648681640624 330.14873962402345 0.7607654389880952 
318 1852.7758422851562 610.2205596923828 2045.8528198242188 814.4364837646484 0.7889229910714286 2008.8653198242187 169.7996810913086 2235.3595336914063 329.45938262939455 0.7616722470238095 
319 1849.3982177734374 610.1160125732422 2049.3766845703126 813.7976226806641 0.7895042782738095 2008.3554138183595 164.7227294921875 2237.960137939453 327.668017578125 0.765625 
320 1853.3219665527345 609.7488250732422 2046.154718017578 813.7065582275391 0.7843656994047619 2012.0667419433594 160.8991455078125 2238.274200439453 324.06533203125 0.7586495535714286 
321 1853.4831420898438 612.3372039794922 2046.3112915039062 816.2901763916016 0.7839936755952381 2012.2240661621095 160.64556961059571 2238.426446533203 323.807967376709 0.7609979538690477 
322 1853.4332092285156 609.7578277587891 2046.119647216797 813.5608367919922 0.7858072916666666 2008.7795715332031 158.398291015625 2238.5210876464844 321.4406982421875 0.7553478422619048 
323 1849.4278503417968 610.4271057128906 2048.7898010253907 813.4808532714844 0.7846214657738095 2014.0008911132813 157.46109848022462 2239.2058959960937 323.5959846496582 0.7449544270833334 
324 1845.1816833496093 615.8271606445312 2049.701739501953 812.9101440429688 0.7736235119047619 2004.3640441894531 155.4424934387207 2242.3511657714844 326.495662689209 0.7497442336309523 
325 1848.4975952148438 616.0080749511719 2049.435510253906 813.2248352050781 0.7719261532738095 2014.371514892578 155.74022903442383 2241.3568786621095 323.1884056091309 0.7416759672619048 
326 1845.2127502441406 615.9141510009765 2049.7629577636717 813.0260955810547 0.7677873883928571 2010.9985412597657 153.03014678955077 2241.582391357422 320.38931732177736 0.7320498511904762 
327 1845.4838989257812 615.2035827636719 2050.0825073242186 816.0823059082031 0.7665085565476191 2010.8797973632813 155.50030441284179 2245.2381225585937 322.8992469787598 0.7298642113095238 
328 1848.9703979492188 612.7996826171875 2049.7007446289062 813.530029296875 0.7716238839285714 2017.1034240722656 151.00557403564454 2247.571746826172 314.56360931396483 0.7366768973214286 
329 1849.722021484375 613.198617553711 2046.456201171875 813.6448272705078 0.7788783482142857 2020.9007507324218 143.06372985839843 2243.6189025878907 310.1022247314453 0.7403273809523809 
330 1852.3303161621093 616.2129364013672 2049.578497314453 813.4611968994141 0.7737630208333334 2024.3857421875 144.84965057373046 2243.9638671875 308.6029556274414 0.7400251116071429 
331 1856.0690490722657 619.4030334472657 2050.070721435547 813.4047058105468 0.7730887276785714 2021.9461608886718 146.4522262573242 2245.7941955566407 310.6074966430664 0.7310267857142857 
332 1843.2689392089844 610.1014862060547 2052.7826965332033 812.1327056884766 0.7913178943452381 2023.2839111328126 148.19256439208985 2244.0217529296874 312.81057891845705 0.7508835565476191 
333 1849.3199584960937 611.0565063476563 2050.255969238281 815.7135131835937 0.7789248511904762 2021.34638671875 143.49375381469727 2244.60869140625 307.21942672729494 0.7335844494047619 
334 1856.1848937988282 617.0069427490234 2049.3486755371096 813.8854522705078 0.7742047991071429 2024.631689453125 144.0982749938965 2243.798486328125 303.82996292114257 0.7323753720238095 
335 1848.953564453125 611.313916015625 2052.792041015625 815.152392578125 0.7866908482142857 2013.3072631835937 142.3427764892578 2250.501086425781 309.1197479248047 0.7528599330357143 
336 1850.977490234375 614.2675140380859 2048.855517578125 815.8791534423829 0.7850864955357143 2031.0494995117188 140.25039138793946 2236.3945922851562 293.325887298584 0.7561383928571429 
337 1853.9221740722655 617.8271423339844 2050.530828857422 814.4357971191406 0.7805524553571429 2028.7013305664063 139.43173522949218 2243.8579956054687 302.6540191650391 0.7503952752976191 
338 1857.1117065429687 613.2580993652343 2050.497180175781 817.8003723144532 0.7828543526785714 2029.0415771484375 137.8046661376953 2244.7406494140623 297.71950378417966 0.75 
339 1851.3910766601562 613.5759429931641 2052.380407714844 814.5653533935547 0.7799246651785714 2020.6000366210938 141.02179031372071 2243.9216918945312 293.624861907959 0.7307245163690477 
340 1851.5772583007813 613.5727966308593 2048.950329589844 814.6698791503907 0.7800641741071429 2017.1528930664062 140.76564331054686 2244.3180541992188 293.45042114257814 0.7209123883928571 
341 1848.9949523925782 611.0200103759765 2048.6714294433596 814.3942352294922 0.7741582961309523 2022.3607543945313 141.5525390625 2247.9212280273437 296.8565185546875 0.7215169270833334 
342 1854.5768981933593 614.2561889648438 2050.504766845703 813.8807739257812 0.7823660714285714 2035.7178466796875 139.22349395751954 2239.0389892578123 290.7903305053711 0.7438848586309523 
343 1848.5547241210938 612.8337524414062 2048.204064941406 816.1802856445313 0.7787388392857143 2035.8325927734375 141.01284561157226 2239.1791259765623 292.59846725463865 0.7351888020833334 
344 1848.8504272460937 612.7951751708985 2048.3258422851563 815.9645294189453 0.7752046130952381 2032.2710693359375 141.38534088134764 2242.8285400390623 292.83887176513673 0.7428385416666666 
345 1851.875048828125 612.8054992675782 2051.2365234375 815.8589294433593 0.7735770089285714 2035.6172119140624 138.39895629882812 2242.3622802734376 293.4579162597656 0.7464657738095238 
346 1845.37392578125 612.3614135742188 2048.88486328125 815.8723510742187 0.7785760788690477 2035.6496337890626 136.8858627319336 2242.8606201171874 292.29422149658205 0.7616722470238095 
347 1845.5456604003907 612.2843078613281 2049.342401123047 816.0810485839844 0.7717633928571429 2035.6609130859374 136.14104614257812 2246.8683837890626 291.76764526367185 0.7481398809523809 
348 1851.7149475097656 610.9470916748047 2047.632342529297 814.257681274414 0.7843191964285714 2034.4102172851562 136.3660987854004 2248.8102416992188 287.92490158081057 0.7534644717261905 
349 1851.937725830078 613.7827270507812 2047.3568298339844 812.8890258789063 0.7770647321428571 2037.004345703125 138.42353591918945 2250.859423828125 278.5353721618652 0.7423270089285714 
350 1844.8365478515625 614.9250396728515 2050.7386474609375 813.4734588623047 0.7754836309523809 2036.7384643554688 136.79657821655275 2246.3174438476562 287.5463325500488 0.7634161086309523 
351 1851.547265625 615.867333984375 2050.053076171875 814.37314453125 0.7726469494047619 2040.1561279296875 137.84159088134766 2246.0137939453125 288.55895233154297 0.7550223214285714 
352 1847.3264465332031 610.9650573730469 2053.3562927246094 816.9949035644531 0.7826450892857143 2039.347509765625 132.96446990966797 2249.056298828125 287.48685455322266 0.7582310267857143 
353 1850.3205200195312 610.8538879394531 2052.636511230469 816.8485046386719 0.7819010416666666 2038.6300903320312 132.93517456054687 2251.981481933594 287.43109741210935 0.7652994791666666 
354 1850.2182006835938 613.8470458984375 2052.5481567382812 816.177001953125 0.7780877976190477 2038.5407592773438 129.38696670532227 2251.9067504882814 287.5722465515137 0.7673456101190477 
355 1850.7786804199218 614.0160766601563 2049.3693908691407 816.2844604492187 0.7779250372023809 2038.6195190429687 133.38103103637695 2251.920764160156 284.16296005249023 0.7553943452380952 
356 1850.075860595703 614.2361389160156 2052.5338806152345 816.6941589355469 0.7835286458333334 2038.5175903320312 132.72573852539062 2252.0187866210936 287.3300476074219 0.7612537202380952 
357 1846.8670959472656 610.5475311279297 2049.386688232422 816.7491607666016 0.7795061383928571 2038.1985961914063 132.573152923584 2251.764538574219 283.5422187805176 0.7666480654761905 
358 1850.1458618164063 613.6326782226563 2052.530407714844 816.0172241210937 0.7759951636904762 2038.5192016601563 132.72176818847657 2251.9429565429687 283.5902435302734 0.7668805803571429 
359 1850.2331115722657 610.7518157958984 2049.078045654297 816.9613800048828 0.7811104910714286 2038.3143432617187 132.7593002319336 2251.888537597656 283.73413848876953 0.7636951264880952 
360 1850.1757202148438 614.2046508789062 2052.7691040039062 816.7980346679688 0.7766229538690477 2035.48505859375 132.37236557006835 2252.8123046875 287.0800422668457 0.7640438988095238 
361 1856.683123779297 617.6867950439453 2049.194683837891 813.9005462646485 0.7701590401785714 2040.5090454101562 132.99036254882813 2244.1269409179686 284.77837524414065 0.7522553943452381 
362 1860.4446350097655 614.0248138427735 2045.805242919922 814.2142608642578 0.7717866443452381 2037.1074340820312 135.22416000366212 2248.4186889648436 283.5126106262207 0.7419317336309523 
363 1856.379083251953 617.2254272460938 2049.0172790527345 813.5682739257812 0.7717168898809523 2039.898388671875 131.78274383544922 2247.355029296875 287.3751846313477 0.7547200520833334 
364 1852.574041748047 618.1907318115234 2052.1448303222655 814.0656768798829 0.771484375 2038.4988159179688 131.48842849731446 2252.852502441406 283.01430282592776 0.7609979538690477 
365 1851.4738647460938 610.6138397216797 2051.3796508789064 817.923452758789 0.7867140997023809 2040.985791015625 132.91891555786134 2251.997119140625 284.69917221069335 0.7641834077380952 
366 1851.7552185058594 614.1828491210938 2051.496124267578 817.6226928710937 0.7819707961309523 2041.11083984375 130.76429901123046 2251.9482421875 282.41944732666013 0.7579287574404762 
367 1854.6980346679688 614.0538757324218 2050.687951660156 813.7417785644532 0.7799479166666666 2043.5764770507812 130.33685989379882 2254.3583374023438 281.95176010131837 0.7526041666666666 
368 1844.6996215820313 613.0504608154297 2051.5884643554687 816.2448883056641 0.7743443080357143 2043.6311401367188 130.21508102416993 2250.519982910156 281.68727798461913 0.7430943080357143 
369 1851.3989501953124 613.9422760009766 2047.2831787109376 813.5225067138672 0.7808082217261905 2047.14091796875 131.76556243896485 2246.72138671875 272.2109085083008 0.7410946800595238 
370 1851.639990234375 610.8770721435546 2047.50771484375 814.1359283447266 0.7864350818452381 2046.9391357421875 131.58414611816406 2250.1980712890627 275.71315612792966 0.7478143601190477 
371 1848.497052001953 613.1120208740234 2048.197650146484 816.5108428955078 0.7759719122023809 2043.5039306640624 133.48921890258788 2254.2988037109376 277.71743087768556 0.7430943080357143 
372 1854.5521728515625 613.4440307617188 2054.6087158203127 817.2053833007812 0.7909923735119048 2044.2068725585937 129.68903427124025 2255.3778442382813 277.8790962219238 0.7672991071428571 
373 1851.46943359375 613.0378631591797 2055.088916015625 816.6572662353516 0.7864815848214286 2043.839892578125 126.34472274780273 2258.565869140625 278.1337471008301 0.7605561755952381 
374 1855.7065795898438 612.9342498779297 2052.048791503906 816.6856842041016 0.7833426339285714 2044.4971557617187 125.9255157470703 2259.3624633789063 277.8129486083984 0.7734607514880952 
375 1852.2019470214843 612.8573913574219 2052.250079345703 816.6100158691406 0.7878999255952381 2050.8250732421875 124.27857208251953 2258.2823486328125 265.0531234741211 0.7690662202380952 
376 1843.8120666503905 613.3256622314453 2051.430731201172 817.2368988037109 0.7794828869047619 2058.9882202148438 117.09402389526367 2255.4846801757812 246.85572891235353 0.7700892857142857 
377 1837.8111511230468 613.2517700195312 2052.4106506347657 816.7512817382812 0.7713913690476191 2057.8184326171877 123.4296974182129 2265.0179931640623 230.72946701049804 0.7403273809523809 
378 1841.521044921875 610.1522064208984 2052.241650390625 817.1758575439453 0.7746930803571429 2055.227392578125 122.31000137329102 2262.251123046875 244.30610275268555 0.7326543898809523 
379 1845.2311950683593 610.3818908691406 2051.950079345703 817.1007751464844 0.7792503720238095 2067.99345703125 116.44285125732422 2263.63837890625 223.49373321533204 0.6986839657738095 
380 1841.1934326171875 609.6469299316407 2052.0143310546873 816.7692077636718 0.7758324032738095 2074.2060424804686 123.5638442993164 2262.8352172851564 253.01528778076172 0.6624813988095238 
381 1845.033135986328 613.7704315185547 2048.0878356933595 816.8252105712891 0.7746698288690477 2072.6530639648436 117.91923522949219 2272.0161254882814 261.9035186767578 0.6876395089285714 
382 1846.655938720703 610.9155914306641 2054.0746520996095 818.3342254638671 0.7847842261904762 2075.8706787109377 117.86884155273438 2272.1776611328123 277.13677368164065 0.7024972098214286 
383 1841.7222961425782 617.0941162109375 2049.9465270996093 814.1634521484375 0.7663457961309523 2072.971398925781 121.98973388671875 2284.913610839844 296.74927978515626 0.7327706473214286 
384 1828.0083984375 611.5630950927734 2045.458154296875 814.0164337158203 0.7814360119047619 2070.2602294921876 123.8871063232422 2287.7099853515624 303.8456207275391 0.7467447916666666 
385 1824.3844848632812 617.8656005859375 2039.7290405273438 810.5423583984375 0.7528599330357143 2078.5259643554687 133.12217178344727 2282.5367797851563 295.57513961791994 0.7361188616071429 
386 1815.0255920410157 624.6141510009766 2046.1356628417968 808.7187957763672 0.7320033482142857 2076.4180297851562 128.7970397949219 2287.9425659179688 301.1503479003906 0.7297712053571429 
387 1802.9613708496095 634.0104797363281 2045.067803955078 822.3154479980469 0.7226329985119048 2074.628955078125 143.4420295715332 2293.677685546875 304.8462852478027 0.7284691220238095 
388 1813.796649169922 626.6939178466797 2044.3338439941406 814.249624633789 0.7300269717261905 2074.9921142578123 145.0302505493164 2282.0850341796877 313.04894256591797 0.7347237723214286 
389 1813.5886962890625 628.8382629394531 2041.9513427734375 815.3344665527344 0.7333751860119048 2072.546032714844 157.1814712524414 2289.490832519531 320.84138641357424 0.7344215029761905 
390 1825.9499145507812 623.1535766601562 2038.5141967773438 812.9431030273438 0.7429547991071429 2074.574182128906 166.19875411987306 2283.342565917969 318.0303871154785 0.7151925223214286 
391 1829.0045349121094 608.3125610351562 2040.990704345703 812.7277221679688 0.771484375 2069.381555175781 168.03390197753907 2292.724157714844 327.0234100341797 0.7310267857142857 
392 1835.3849060058594 613.5111083984375 2051.6335266113283 807.38916015625 0.7448149181547619 2076.7286865234373 173.70039825439454 2289.2488525390627 326.56580657958983 0.7343517485119048 
393 1841.7603088378905 598.0623931884766 2056.653387451172 805.5454559326172 0.7886439732142857 2073.4685546875 182.6687889099121 2280.95185546875 334.5760383605957 0.7261207217261905 
394 1850.7128173828125 594.2813537597656 2061.3509033203127 808.6148864746094 0.7967122395833334 2072.8634399414063 192.61921081542968 2279.8062377929687 340.43541564941404 0.7164015997023809 
395 1863.7552185058594 604.8773681640625 2062.217071533203 807.01435546875 0.7819475446428571 2067.5884033203124 203.28902740478514 2288.1015380859376 357.64819793701173 0.7353050595238095 
396 1858.909716796875 599.5491394042969 2064.272900390625 808.5795227050781 0.7873186383928571 2067.6580078125 210.9670166015625 2273.02119140625 364.989404296875 0.7298409598214286 
397 1859.4505920410156 605.9077453613281 2068.263885498047 807.3942565917969 0.7809709821428571 2065.163952636719 222.94247436523438 2273.977404785156 373.1415100097656 0.7261439732142857 
398 1859.3945617675781 605.3857727050781 2064.2405700683594 810.2317810058594 0.7858305431547619 2061.567333984375 234.24312591552734 2270.071337890625 387.8776321411133 0.7301432291666666 
399 1860.0732666015624 602.9299957275391 2064.5934814453126 811.1024139404296 0.8087797619047619 2061.924694824219 241.64837646484375 2270.097033691406 391.38641357421875 0.7463727678571429 
400 1866.7148742675781 606.8524322509766 2064.0135192871094 811.4584197998047 0.8118954613095238 2062.6084228515624 241.76554260253906 2267.2143310546876 395.2200531005859 0.7513020833333334 
401 1864.0707885742188 596.7841552734375 2064.5415161132814 815.479638671875 0.8204055059523809 2059.4946533203124 245.46958923339844 2267.2553466796876 398.55641174316406 0.7655552455357143 
402 1861.5939697265626 599.5753112792969 2065.6596923828124 814.5731262207031 0.8151274181547619 2057.3904052734374 251.57050018310548 2265.1003173828126 397.3316909790039 0.7683686755952381 
403 1861.5367248535156 605.4062713623047 2065.3506042480467 812.8596588134766 0.8021065848214286 2057.5115966796875 250.55187072753907 2261.3253173828125 403.41224060058596 0.7619977678571429 
404 1868.4492065429688 610.7983154296875 2064.2956665039064 810.2715087890625 0.8005254836309523 2056.484033203125 250.77004852294922 2266.837744140625 403.0950332641602 0.7545572916666666 
405 1872.2800537109374 605.0856750488281 2060.9501708984376 811.8972351074219 0.8136393229166666 2053.9728881835936 249.37539825439453 2264.4126098632814 394.50634613037107 0.7614629836309523 
406 1870.8946166992187 608.700537109375 2063.3177856445313 812.0156494140625 0.80908203125 2055.9168212890627 249.54779357910155 2266.4933349609373 394.77288513183595 0.7662295386904762 
407 1870.2222595214844 609.7328887939453 2062.431671142578 812.8221038818359 0.7964564732142857 2055.0390625 247.35252075195314 2265.38134765625 399.66945190429686 0.7702287946428571 
408 1874.4344421386718 607.0510498046875 2062.8022521972657 813.531103515625 0.7993629092261905 2055.83603515625 248.7064697265625 2265.93837890625 397.22718505859376 0.7665550595238095 
409 1863.508856201172 606.5709686279297 2062.5686584472655 812.8694000244141 0.7997814360119048 2054.3556396484373 250.908056640625 2264.2732666015627 402.9174438476563 0.7684151785714286 
410 1864.039599609375 603.2207153320312 2063.0138671875 813.0482055664063 0.8000604538690477 2051.604113769531 251.7458480834961 2265.049450683594 396.4544387817383 0.7641834077380952 
411 1861.1328918457032 603.4582550048829 2063.6943786621096 813.2540863037109 0.7981305803571429 2052.703820800781 255.23610076904296 2258.882360839844 396.3057388305664 0.7626023065476191 
412 1865.372998046875 602.630160522461 2064.127001953125 812.2252471923828 0.8187546502976191 2051.2011474609376 253.9071487426758 2253.5688720703124 402.0692611694336 0.7730887276785714 
413 1864.6730590820312 596.1044677734375 2063.751745605469 813.2812744140625 0.8209867931547619 2038.4144653320313 260.7335403442383 2251.9715209960937 416.37684173583983 0.7921549479166666 
414 1868.506036376953 598.8412780761719 2060.4586853027345 816.1461486816406 0.8089192708333334 2023.544677734375 266.4762237548828 2248.093017578125 418.5896331787109 0.7831566220238095 
415 1867.5496398925782 603.5916290283203 2063.4175231933596 817.5953216552734 0.8077799479166666 2011.241876220703 281.05144958496095 2243.3815368652345 437.0202667236328 0.779296875 
416 1863.6219421386718 602.7650085449219 2063.2758850097657 816.9392150878906 0.8020600818452381 1989.4178100585937 305.0992156982422 2236.2626098632813 461.1922882080078 0.7877371651785714 
417 1868.08515625 604.6424896240235 2060.866015625 819.2474639892578 0.8000837053571429 1976.5068786621093 321.4870834350586 2223.848223876953 492.4435501098633 0.7705310639880952 
418 1869.239239501953 606.95693359375 2062.798480224609 822.4284423828125 0.7871791294642857 1959.9788940429687 346.39651641845705 2219.275256347656 507.08715667724607 0.7765299479166666 
419 1870.1382385253905 616.9824188232421 2063.712713623047 821.5139801025391 0.7715308779761905 1945.573223876953 364.26793975830077 2215.847064208984 543.233006286621 0.7601376488095238 
420 1869.794854736328 609.9086212158203 2063.9342712402345 822.363168334961 0.7930617559523809 1940.2372436523438 393.65014495849607 2207.6370239257812 551.1595779418946 0.7592540922619048 
421 1871.8056213378907 610.1754913330078 2062.217694091797 818.8963470458984 0.8098958333333334 1934.6191101074219 410.8907638549805 2190.9430236816406 564.6850723266601 0.7719029017857143 
422 1872.4231567382812 607.0723327636719 2059.5663452148438 819.9017883300781 0.8080357142857143 1926.4773010253907 430.3730209350586 2183.340447998047 584.4909011840821 0.7826683407738095 
423 1865.543389892578 607.2791778564454 2063.8151306152345 820.2377288818359 0.8048735119047619 1921.7486572265625 441.77025604248047 2171.4241943359375 595.9816055297852 0.7773204985119048 
424 1867.6774169921875 611.0313354492188 2062.1702392578127 820.2027954101562 0.7998046875 1921.0289245605468 445.19025268554685 2166.8969787597657 599.3165832519531 0.7820638020833334 
425 1869.1370544433594 612.2089874267579 2060.194366455078 817.9629486083984 0.7938290550595238 1916.901318359375 449.41456909179686 2159.397021484375 596.3816955566406 0.7580217633928571 
426 1869.0174438476563 617.1593780517578 2059.919079589844 815.4034271240234 0.8003162202380952 1916.7428405761718 448.0024108886719 2159.0409729003904 594.8498840332031 0.7649972098214286 
427 1858.7798767089844 608.5990600585938 2064.392364501953 821.5549926757812 0.7948753720238095 1913.8546264648437 449.58827209472656 2156.183703613281 596.4543914794922 0.7701125372023809 
428 1861.8365966796875 608.0360626220703 2064.0545166015627 821.284066772461 0.7936662946428571 1914.5829711914062 455.31201629638673 2149.890905761719 595.026271057129 0.7752511160714286 
429 1864.4320251464844 614.1822235107422 2062.9516418457033 820.054409790039 0.8034784226190477 1911.0926330566406 452.5669189453125 2146.3750183105467 588.5895751953125 0.7896902901785714 
430 1855.7236633300781 613.5494079589844 2061.3059997558594 819.1317443847656 0.7893182663690477 1911.6375610351563 457.38590850830076 2146.588757324219 596.8882308959961 0.7791806175595238 
431 1857.7692138671875 610.0691131591797 2059.3904541015627 819.0221343994141 0.7973400297619048 1910.3598388671876 451.73296508789065 2144.9736572265624 591.0349792480469 0.7876441592261905 
432 1852.3177795410156 609.9725128173828 2061.442108154297 819.0967620849609 0.7907598586309523 1911.8659301757812 453.9054428100586 2143.003454589844 596.990461730957 0.7791341145833334 
433 1858.7721740722657 614.0978790283203 2060.432293701172 819.4246429443359 0.7922479538690477 1911.3730529785157 458.12855224609376 2146.032098388672 597.4573852539063 0.7724841889880952 
434 1859.3087463378906 616.9271453857422 2060.666717529297 818.2851959228516 0.7927827380952381 1911.8307250976563 457.952897644043 2146.1382690429687 597.0730117797851 0.7720191592261905 
435 1861.9337585449218 621.2885284423828 2059.5253479003904 815.2209320068359 0.7875744047619048 1914.0056579589843 457.895491027832 2148.188311767578 604.2596298217774 0.7796223958333334 
436 1860.9815734863282 617.7061309814453 2061.9758239746093 818.7003021240234 0.7893182663690477 1913.4087707519532 459.01910705566405 2147.2927673339846 597.8878143310546 0.7911318824404762 
437 1861.0152404785156 617.7523010253906 2062.1440612792967 818.8811218261719 0.7887137276785714 1913.4774536132813 455.7240280151367 2147.5183959960937 598.3426528930664 0.7904808407738095 
438 1861.0019470214843 617.6638641357422 2062.007940673828 818.6699371337891 0.7910621279761905 1910.1992309570312 455.7345596313477 2147.7516967773436 598.2661422729492 0.7913876488095238 
439 1861.5573791503907 614.172265625 2058.860467529297 818.7829345703125 0.7927362351190477 1910.321026611328 459.16839599609375 2147.815570068359 594.3576049804688 0.7867140997023809 
440 1860.6529418945313 614.1879455566407 2061.069714355469 821.8926208496093 0.7886439732142857 1912.9295166015625 460.44166107177733 2146.1417724609373 591.6235549926757 0.7839936755952381 
441 1860.8513488769531 614.9217376708984 2061.1778259277344 818.8905792236328 0.7917131696428571 1913.1043395996094 460.4042205810547 2146.211700439453 595.1693267822266 0.7829241071428571 
442 1861.0873046875 618.472689819336 2061.21494140625 818.6002471923828 0.7902018229166666 1916.5071960449218 461.7294525146484 2145.7443908691407 589.0833526611328 0.7736700148809523 
443 1860.6612182617187 614.7264984130859 2060.8856567382813 822.2319366455079 0.7909923735119048 1916.5279479980468 461.54770812988284 2142.2358459472657 588.9633392333984 0.7692057291666666 
444 1864.580224609375 618.3752532958985 2057.67783203125 818.7595733642578 0.7935035342261905 1916.848388671875 462.2716781616211 2142.736083984375 582.502278137207 0.7667178199404762 
445 1859.5791442871093 621.5982940673828 2059.636798095703 814.381137084961 0.7805989583333334 1914.5600219726562 458.0546905517578 2147.354284667969 589.0015228271484 0.7767159598214286 
446 1864.3722839355469 620.2736450195313 2057.4291076660156 820.6155151367187 0.7809942336309523 1916.6292724609375 460.9808776855469 2142.4693603515625 584.8285705566407 0.7681129092261905 
447 1857.5501586914063 617.4247406005859 2058.306530761719 818.1810333251954 0.7824125744047619 1913.1442138671875 456.53894958496096 2143.1013916015627 591.5931915283203 0.7644159226190477 
448 1857.7585754394531 621.4907257080079 2058.8467712402344 815.2666595458984 0.7875511532738095 1916.6788146972656 457.9483306884766 2143.3601257324217 582.2574188232422 0.7650437127976191 
449 1849.3530334472657 617.0181701660156 2061.566766357422 821.9143249511719 0.7833193824404762 1911.9757995605469 450.54003143310547 2142.4837951660156 585.9178848266602 0.7634161086309523 
450 1853.6093811035157 621.0682983398438 2062.617547607422 822.7428588867188 0.7831333705357143 1913.1245178222657 441.253564453125 2144.133660888672 587.9260009765625 0.7720889136904762 
451 1853.8645385742188 617.5462524414063 2062.578332519531 822.5984008789062 0.7848539806547619 1913.2958435058595 444.46305084228516 2143.979669189453 587.2672653198242 0.7762276785714286 
452 1858.9966125488281 623.4952972412109 2059.9292907714844 820.7746612548829 0.7613699776785714 1911.829278564453 443.9204345703125 2141.9884704589845 590.0533203125 0.7692522321428571 
453 1855.1197875976563 627.6582794189453 2063.1194702148437 817.4123382568359 0.7559058779761905 1911.5407653808593 453.0621932983398 2141.434942626953 599.0268264770508 0.7728329613095238 
454 1848.7651916503905 627.5739440917969 2064.127996826172 821.0354309082031 0.76708984375 1911.6613037109375 456.1541580200195 2141.6248291015627 602.1628280639649 0.7738560267857143 
455 1845.5585632324219 624.5252532958984 2064.5773010253906 817.9918975830078 0.7796921502976191 1912.1065490722656 456.3300247192383 2138.4260437011717 598.6922836303711 0.7681129092261905 
456 1851.8557067871093 639.3943237304687 2071.123907470703 825.7723022460938 0.7526506696428571 1912.8571899414062 455.6868621826172 2139.4345581054686 601.865689086914 0.7878301711309523 
457 1846.4047485351562 629.7050964355469 2069.912390136719 820.2361877441406 0.7630673363095238 1910.8076782226562 461.2992370605469 2137.9791870117188 596.8694641113282 0.7629045758928571 
458 1839.181707763672 623.2992492675781 2069.7322326660155 817.2545837402344 0.7677873883928571 1912.37236328125 455.38302154541014 2142.923046875 616.4024703979492 0.7706705729166666 
459 1842.948065185547 623.5568969726562 2070.0581604003905 817.6993286132813 0.7709263392857143 1912.9690063476562 459.98694915771483 2143.7421752929686 606.5095413208007 0.7604631696428571 
460 1843.0773864746093 624.0619567871094 2070.184942626953 818.2023254394531 0.7741117931547619 1913.5201538085937 460.0711929321289 2140.627551269531 610.2551925659179 0.7638811383928571 
461 1845.4249938964845 623.7546173095703 2069.167657470703 818.1538909912109 0.76806640625 1909.4723510742188 462.78971710205076 2140.5508422851562 609.5061508178711 0.7688802083333334 
462 1842.4888000488281 627.2158508300781 2065.7779235839844 817.5606384277344 0.7672061011904762 1912.4602661132812 463.3391677856445 2139.4096069335938 609.7582138061523 0.7748093377976191 
463 1843.086444091797 624.1078186035156 2066.085797119141 817.8612976074219 0.7666945684523809 1912.9671142578125 463.2558288574219 2139.6222412109373 613.1406555175781 0.7718331473214286 
464 1844.1305053710937 629.5221069335937 2070.749133300781 819.5893432617188 0.7408621651785714 1914.4216247558593 459.83926544189455 2141.040411376953 609.7000106811523 0.7798316592261905 
465 1850.344415283203 627.1896240234375 2066.5355895996095 817.7310302734375 0.7624395461309523 1913.9052307128907 463.1436431884766 2141.089276123047 609.7139617919922 0.7720656622023809 
466 1847.0962951660156 630.5319732666015 2070.8925964355467 817.6403289794922 0.7566964285714286 1914.404559326172 459.7920181274414 2141.869488525391 610.2124679565429 0.7761114211309523 
467 1848.421856689453 627.341552734375 2065.019915771484 814.5704345703125 0.7676943824404762 1911.678643798828 462.5632614135742 2142.9613708496095 609.4094253540039 0.7838774181547619 
468 1850.9913757324218 636.3250274658203 2071.6979553222654 816.5687103271484 0.7351422991071429 1915.2227355957032 455.3740203857422 2143.2859313964846 609.8685943603516 0.7882021949404762 
469 1853.3818603515624 633.5021911621094 2070.5656494140626 813.8751281738281 0.7450241815476191 1913.9781860351563 459.35875396728517 2145.8863159179687 602.9208786010743 0.7775297619047619 
470 1848.537353515625 627.0728515625 2069.480224609375 814.8742919921875 0.7653459821428571 1909.155047607422 459.3828628540039 2144.827496337891 602.995768737793 0.7806687127976191 
471 1849.0188415527343 630.261669921875 2070.055499267578 814.4589111328125 0.7564174107142857 1909.6621704101562 462.50048675537107 2145.4347534179688 602.4903884887696 0.7815290178571429 
472 1846.6404113769531 629.6605773925781 2067.4888610839844 813.7008728027344 0.7601376488095238 1910.063525390625 461.6176452636719 2145.635205078125 605.1690979003906 0.7750418526785714 
473 1848.0189025878906 628.7147491455078 2068.7937194824217 816.3734466552735 0.7732979910714286 1914.675830078125 450.96263580322267 2146.489697265625 609.1846725463868 0.7857142857142857 
474 1848.7502502441407 629.5252807617187 2069.190545654297 816.8995239257813 0.7567196800595238 1912.05615234375 455.2926818847656 2147.1923828125 609.6008728027343 0.7893182663690477 
475 1843.9949584960937 632.0681060791015 2072.1776489257813 819.7667938232422 0.7545805431547619 1914.3465637207032 451.87174530029296 2146.2094665527343 606.4471328735351 0.7774600074404762 
476 1850.260809326172 629.5244415283203 2067.3543029785155 817.1815521240235 0.7691824776785714 1913.6622741699218 459.1329376220703 2145.4740783691404 602.6354339599609 0.7889927455357143 
477 1849.1341796875 633.5503997802734 2073.198828125 817.2099151611328 0.7684384300595238 1913.697528076172 463.4533721923828 2141.435406494141 603.0346038818359 0.7878301711309523 
478 1857.3365844726563 636.8061676025391 2066.7327514648437 820.4871063232422 0.7698567708333334 1911.3105346679688 463.863508605957 2142.7483032226564 603.4610458374024 0.7856677827380952 
479 1854.1959167480468 636.6585479736328 2070.5727600097657 820.0287689208984 0.7622302827380952 1914.9901306152344 464.00850067138674 2142.3693664550783 603.3698257446289 0.7799479166666666 
480 1846.8842895507812 633.6220642089844 2070.6306030273436 820.6886047363281 0.7600446428571429 1913.7542785644532 464.61319122314455 2144.8364196777343 600.3281845092773 0.7781808035714286 
481 1845.973651123047 633.4503601074218 2070.023541259766 817.0977355957032 0.7586495535714286 1912.9344055175782 463.7884582519531 2144.3301208496096 599.6874938964844 0.7801106770833334 
482 1850.1700134277344 636.0862701416015 2066.852813720703 819.7157928466797 0.7706938244047619 1913.4515502929687 463.1920227050781 2144.824572753906 602.7504821777344 0.78515625 
483 1853.2786437988282 639.9080627441406 2070.6809509277346 824.1473571777344 0.7702520461309523 1913.935888671875 460.3455520629883 2146.077294921875 604.0522445678711 0.7885044642857143 
484 1845.2392700195312 629.8740631103516 2069.7885620117186 821.2931121826172 0.7645554315476191 1912.3492614746094 459.8339096069336 2144.2607238769533 603.398176574707 0.7777622767857143 
485 1848.65263671875 632.1761047363282 2069.831005859375 823.8640563964843 0.7668108258928571 1912.1705139160156 461.8971237182617 2148.0940124511717 605.6630874633789 0.7937825520833334 
486 1844.602734375 628.9359405517578 2069.6423828125 820.772982788086 0.7682756696428571 1908.5957397460938 464.2001678466797 2144.702844238281 608.0779693603515 0.7790876116071429 
487 1838.156805419922 626.1881744384766 2069.8467346191405 821.1019256591796 0.7752743675595238 1914.5380126953125 457.86641998291014 2146.2281005859377 616.0040328979492 0.7901320684523809 
488 1840.581884765625 622.4532470703125 2066.140771484375 822.1282958984375 0.7727399553571429 1907.1402648925782 464.30601959228517 2147.4899841308593 604.8180953979493 0.7826915922619048 
489 1839.4892822265624 625.6726959228515 2071.8058837890626 821.1136199951172 0.77392578125 1912.8150207519532 453.6336212158203 2148.8191345214846 615.8864593505859 0.7991303943452381 
490 1845.0698303222657 629.2414947509766 2069.874139404297 820.8779510498047 0.7712518601190477 1908.9958129882812 458.15774993896486 2144.855993652344 609.2557327270508 0.8026181175595238 
491 1844.5441772460938 629.9239929199218 2069.7517211914064 821.9042541503907 0.7633928571428571 1908.5849365234376 461.79926147460935 2144.8681884765624 609.4763732910156 0.7972005208333334 
492 1846.4359924316407 629.0115142822266 2073.204266357422 822.3221649169922 0.7637416294642857 1911.3494689941406 463.0103363037109 2145.5527526855467 607.9932647705078 0.7944103422619048 
493 1844.144970703125 629.2766693115234 2074.180224609375 822.2094757080079 0.7760416666666666 1909.3596923828125 457.4636749267578 2143.1051513671873 605.8735443115235 0.7968052455357143 
494 1842.519598388672 628.7598815917969 2073.2954650878905 822.3137268066406 0.7683919270833334 1910.8075317382813 459.68654479980466 2145.3055053710937 604.8519683837891 0.7823660714285714 
495 1840.3681396484376 628.0687652587891 2074.6963134765624 821.4825653076172 0.7683221726190477 1908.6065612792968 455.8274520874023 2146.6543029785157 604.6072708129883 0.7911551339285714 
496 1848.064501953125 633.0997589111328 2067.5861328125 819.135043334961 0.7733444940476191 1912.1751281738282 457.5110382080078 2146.5796325683596 602.618539428711 0.7747860863095238 
497 1857.6714782714844 627.1815002441406 2065.984893798828 820.6153747558594 0.7762974330357143 1912.754412841797 461.93289947509766 2139.667095947266 599.5685348510742 0.7682989211309523 
498 1855.9410278320313 632.9477386474609 2068.472302246094 823.1072540283203 0.7677176339285714 1914.0214538574219 454.5476638793945 2145.1959533691406 599.9637802124023 0.7872023809523809 
499 1850.3452453613281 628.4794860839844 2067.8960876464844 823.5250305175781 0.7846214657738095 1912.0903930664062 450.74566955566405 2144.6447143554688 585.7772186279296 0.7670665922619048 
500 1846.0666015625 630.6087371826172 2071.64580078125 822.351040649414 0.7581612723214286 1911.2820068359374 442.04771881103517 2148.1403564453126 588.6741744995118 0.7635556175595238 
501 1848.1080749511718 622.4639465332032 2069.3319885253904 820.8026550292968 0.7697870163690477 1910.8957580566407 433.3673553466797 2147.376580810547 566.8645172119141 0.7487676711309523 
502 1840.7678833007812 625.0238067626954 2068.5138549804688 819.1679046630859 0.7665085565476191 1910.843524169922 420.9714050292969 2153.523785400391 566.5794982910156 0.7560453869047619 
503 1849.3010375976562 617.5071044921875 2067.1948120117186 816.287451171875 0.7763671875 1910.9052307128907 417.4035675048828 2155.558026123047 566.4888275146484 0.7681129092261905 
504 1854.4095336914063 613.0075408935547 2060.313854980469 811.4244049072265 0.7790643601190477 1906.8214904785157 405.08741302490233 2157.650555419922 558.5797317504882 0.7429547991071429 
505 1862.779052734375 600.2569549560546 2060.990966796875 805.9485504150391 0.7922712053571429 1908.0887084960937 405.3533660888672 2162.3983520507813 554.947232055664 0.7453264508928571 
506 1862.9571105957032 601.211312866211 2060.1897399902346 798.4440216064453 0.7862025669642857 1911.3349487304688 400.68662414550784 2160.6667602539064 549.5414642333984 0.7417922247023809 
507 1868.1620361328125 594.9340179443359 2068.7200439453127 795.4919464111329 0.7807384672619048 1910.7305725097656 401.37561798095703 2163.2849304199217 546.2229843139648 0.7403506324404762 
508 1868.610791015625 592.8693267822266 2068.26298828125 792.5216033935546 0.7779715401785714 1913.8311462402344 399.33172912597655 2165.245147705078 550.9195526123046 0.7477213541666666 
509 1873.4678955078125 583.6872100830078 2069.1058349609375 794.0901947021484 0.7666015625 1912.9362182617188 404.3761611938477 2160.2520141601562 544.6448043823242 0.7493024553571429 
510 1879.1121337890625 583.5930908203125 2067.0909912109373 793.6871826171875 0.7806222098214286 1915.2619323730469 403.2694351196289 2158.5287170410156 554.3897140502929 0.7587890625 
511 1877.4245727539062 581.9580993652344 2068.7375366210936 791.6664123535156 0.77685546875 1913.0834716796876 404.795556640625 2163.2617431640624 555.6384033203125 0.7497907366071429 
512 1871.4845581054688 584.7159118652344 2070.0217895507812 794.2829895019531 0.7870861235119048 1910.37177734375 406.8242813110352 2164.0583984375 564.9187301635742 0.7546270461309523 
513 1877.0184265136718 587.5811065673828 2071.7941955566407 797.057015991211 0.7937360491071429 1909.8109313964844 403.2649261474609 2163.3869445800783 568.6406524658203 0.7603469122023809 
514 1879.0419921875 587.8291717529297 2070.30322265625 797.481069946289 0.7885044642857143 1912.2863891601562 410.7143325805664 2158.7192260742186 561.5165939331055 0.75048828125 
515 1880.8817443847656 589.8517669677734 2068.903289794922 799.9933868408203 0.7830868675595238 1918.3159118652343 412.32313232421876 2150.577764892578 563.4776489257813 0.7718563988095238 
516 1881.3758361816406 593.2023803710938 2069.0888854980467 802.9994018554687 0.7800874255952381 1915.4925354003906 415.9649887084961 2151.0542175292967 566.8715896606445 0.7703683035714286 
517 1877.1450134277343 589.7721954345703 2072.412725830078 799.7771820068359 0.7861095610119048 1918.2391052246094 418.87747344970705 2150.349884033203 562.5651229858398 0.7834123883928571 
518 1880.36796875 592.8491455078125 2071.77900390625 802.664892578125 0.7852492559523809 1917.7441650390624 418.8521530151367 2153.3266357421876 566.0912368774414 0.7875046502976191 
519 1880.718975830078 590.5495025634766 2068.584368896484 800.5167205810546 0.7941778273809523 1917.6970520019531 418.835383605957 2153.4497985839844 569.8644149780273 0.7851329985119048 
520 1878.059307861328 593.4368255615234 2069.841204833984 799.9710723876954 0.7928292410714286 1915.5078735351562 421.5140808105469 2151.5470581054688 569.0385314941407 0.7856212797619048 
521 1878.4815063476562 596.5504333496094 2070.2521362304688 799.3848693847656 0.7923409598214286 1915.9277648925781 418.5383758544922 2151.9534606933594 566.0543365478516 0.7813662574404762 
522 1878.192559814453 596.4853942871093 2069.8151306152345 799.1630432128907 0.7912946428571429 1918.8698791503907 418.61088409423826 2151.027947998047 566.0128646850586 0.77392578125 
523 1878.0856384277345 592.7211273193359 2073.400323486328 802.7767364501954 0.7918759300595238 1915.5044189453124 412.43045806884766 2155.0414794921876 563.5231246948242 0.7715773809523809 
524 1881.2421630859376 589.4286895751953 2069.2673583984374 803.2613128662109 0.7941080729166666 1917.8262939453125 412.74745178222656 2157.4661865234375 560.2181854248047 0.76904296875 
525 1880.8580749511718 597.1495361328125 2068.8424865722654 799.8778076171875 0.7967122395833334 1917.4342102050782 400.0919647216797 2157.0222106933593 565.9605865478516 0.7726702008928571 
526 1881.6970520019531 596.6925323486328 2069.5313415527344 802.941928100586 0.7895740327380952 1914.5609436035156 394.1260360717773 2161.323699951172 563.5452590942383 0.7613932291666666 
527 1881.7189880371093 600.8126983642578 2069.417120361328 799.5518646240234 0.7856677827380952 1914.5589965820313 404.904541015625 2161.1429077148437 559.4794921875 0.7582310267857143 
528 1880.0954040527345 595.7679229736328 2068.307061767578 798.7412933349609 0.7910621279761905 1916.2899230957032 409.5433181762695 2159.8579040527343 553.4699569702149 0.7676013764880952 
529 1883.341064453125 596.6841888427734 2064.18896484375 795.9859161376953 0.7862723214285714 1916.274151611328 407.6030212402344 2156.174456787109 547.8524230957031 0.7596261160714286 
530 1877.067071533203 590.2026519775391 2069.4894470214845 793.7263641357422 0.78564453125 1913.3597473144532 401.0537902832031 2161.2885681152343 541.6700866699218 0.7606956845238095 
531 1878.8641784667968 583.98037109375 2070.9396545410154 794.52451171875 0.7764369419642857 1915.517578125 398.8663055419922 2159.3056640625 539.2290924072265 0.7559523809523809 
532 1881.197442626953 571.6941314697266 2069.7667907714845 789.8431610107422 0.7684849330357143 1910.9191101074218 392.9371307373047 2162.3451721191404 533.4398834228516 0.7457217261904762 
533 1875.38671875 568.1779235839844 2071.62451171875 786.6314025878906 0.783203125 1911.7006286621095 377.3514739990234 2163.477716064453 521.7529571533203 0.7360956101190477 
534 1877.2458740234374 562.1952453613281 2073.2189697265626 784.0517028808594 0.7842959449404762 1916.781719970703 381.4391586303711 2164.521380615234 518.2506301879882 0.7511393229166666 
535 1874.2590087890626 560.4143371582031 2069.9363037109374 774.5517272949219 0.7745768229166666 1916.575244140625 385.61120147705077 2163.940869140625 514.8320663452148 0.7498139880952381 
536 1880.2638061523437 560.6334197998046 2075.658312988281 774.4611236572266 0.7739490327380952 1916.8471252441407 382.8217254638672 2163.854901123047 515.5424102783203 0.7569754464285714 
537 1883.4686401367187 561.1223114013671 2078.609240722656 774.6723052978516 0.7784598214285714 1917.1720947265626 377.02756958007814 2163.8591552734374 516.9395935058594 0.7496279761904762 
538 1880.6401916503905 555.9094543457031 2075.160467529297 772.4510192871094 0.7845517113095238 1917.4832580566406 382.139697265625 2159.7163269042967 514.266796875 0.7499302455357143 
539 1881.830303955078 559.1339172363281 2076.205218505859 771.8459411621094 0.7819475446428571 1918.2226135253907 380.98045349121094 2163.941815185547 524.0110015869141 0.7491861979166666 
540 1883.4304809570312 558.7325164794922 2077.3529663085938 774.608609008789 0.7805524553571429 1913.6869567871095 387.04491729736327 2162.493341064453 529.7426498413085 0.7308175223214286 
541 1880.9840515136718 561.6669830322265 2078.1059143066404 780.6913543701172 0.7759254092261905 1913.9781860351563 384.7626892089844 2165.8560424804687 530.7789367675781 0.7326078869047619 
542 1889.6476501464845 568.7873382568359 2075.694757080078 780.3701934814453 0.7892717633928571 1919.3927978515626 394.3858840942383 2163.8073974609374 536.6570541381836 0.7509533110119048 
543 1889.159130859375 569.3110595703125 2075.122607421875 777.152685546875 0.7886904761904762 1919.3116271972656 398.6341094970703 2159.9704772949217 529.9024505615234 0.7493722098214286 
544 1888.9534729003906 568.5774597167969 2074.9272644042967 780.0770812988281 0.7901553199404762 1919.1075927734375 398.7326095581055 2159.7796142578127 526.361720275879 0.7496047247023809 
545 1886.2744750976562 567.9860565185547 2072.3512573242188 779.6028717041015 0.7794828869047619 1922.4795166015624 397.62606658935545 2159.6362060546876 528.9744277954102 0.7467447916666666 
546 1886.991717529297 571.6480895996094 2073.000103759766 779.5400207519531 0.7818312872023809 1919.956884765625 394.89796142578126 2160.673974609375 529.8453247070313 0.7500930059523809 
547 1886.4196411132812 571.676138305664 2072.520544433594 779.6714569091797 0.7829241071428571 1918.9802978515625 395.2591384887695 2163.4659912109373 526.6245590209961 0.7520461309523809 
548 1886.4907165527343 568.7282867431641 2076.293096923828 780.4309539794922 0.7880394345238095 1919.0603881835937 392.2626007080078 2167.2635864257813 527.3143035888672 0.7582077752976191 
549 1890.1670288085938 569.593618774414 2075.968957519531 780.8976531982422 0.7821103050595238 1919.8729431152344 390.6577575683594 2163.9655578613283 525.4551574707032 0.7538829985119048 
550 1890.22685546875 577.6995666503906 2076.0265625 781.7149841308594 0.7842494419642857 1919.5121215820313 389.09737396240234 2167.2449584960937 527.5363845825195 0.7543247767857143 
551 1890.2903930664063 580.1955383300781 2076.091687011719 784.2125427246094 0.7745070684523809 1919.575830078125 388.3690155029297 2167.310888671875 530.4523345947266 0.7498604910714286 
552 1888.8648498535156 578.5937103271484 2074.4514343261717 782.3749786376953 0.7772042410714286 1921.3355407714844 387.4088592529297 2165.145050048828 525.6889801025391 0.7618582589285714 
553 1893.6440185546876 589.166650390625 2071.9160400390624 781.99130859375 0.7777622767857143 1919.671124267578 385.1475357055664 2163.430804443359 527.037370300293 0.7619512648809523 
554 1896.1236083984375 585.9711334228516 2074.4730712890623 782.5194061279296 0.77734375 1922.1621032714843 385.0831665039062 2166.027471923828 527.0346923828125 0.7644391741071429 
555 1896.5799438476563 585.9817810058594 2075.271862792969 786.5542297363281 0.7888067336309523 1923.089129638672 382.7444107055664 2163.776226806641 521.3217208862304 0.7744605654761905 
556 1892.1300415039063 582.2258178710938 2074.7295776367187 783.0853393554687 0.7800409226190477 1924.7169799804688 374.20270385742185 2165.7485961914062 527.5863586425781 0.7789481026785714 
557 1887.5594543457032 571.6950927734375 2078.2324157714843 784.3688720703125 0.7864118303571429 1927.6121215820312 374.2525863647461 2162.2865600585938 513.5905838012695 0.7768787202380952 
558 1886.5704162597656 568.3256469726563 2077.3303405761717 781.0962280273437 0.7802734375 1924.2426696777343 374.46167449951173 2155.355596923828 506.52621002197264 0.7678571428571429 
559 1885.5828979492187 562.4761596679688 2069.081896972656 771.6650756835937 0.7773902529761905 1925.2468505859374 370.9313659667969 2156.4557861328126 503.0506896972656 0.7596028645833334 
560 1886.5831359863282 556.6850311279297 2069.7722106933593 769.1841705322265 0.7899228050595238 1928.9985107421876 368.7049926757812 2159.8164306640624 500.6010375976563 0.7704613095238095 
561 1888.260321044922 554.8924591064454 2074.7676330566405 766.9988372802734 0.8013857886904762 1931.0191650390625 367.2599868774414 2161.4105224609375 498.9121627807617 0.7640671502976191 
562 1892.7476318359375 551.1320861816406 2071.9540283203123 763.2537780761719 0.7825288318452381 1929.0390930175781 356.1715026855469 2159.4471130371094 502.4622863769531 0.7594866071428571 
563 1893.1966064453125 546.5469116210937 2074.8214599609373 757.2316528320313 0.7878069196428571 1931.6172302246093 355.2820587158203 2167.729571533203 504.21434020996094 0.7663922991071429 
564 1899.4630065917968 544.1061004638672 2073.3169006347657 754.1794830322266 0.7790411086309523 1931.3640197753907 356.182356262207 2166.791131591797 504.68248138427737 0.7608351934523809 
565 1904.46552734375 548.3267974853516 2077.61943359375 753.9468231201172 0.7764601934523809 1927.4972534179688 357.136296081543 2165.5835571289062 512.2531387329102 0.7666713169642857 
566 1907.7135681152345 542.9223999023437 2076.882257080078 751.6838012695313 0.7799711681547619 1930.2785217285157 361.7097427368164 2167.834637451172 509.28247528076173 0.7651832217261905 
567 1904.0740783691406 544.2785675048829 2076.7368347167967 752.9127777099609 0.7835984002976191 1929.8074279785155 365.94341735839845 2167.218817138672 513.4262115478516 0.7672293526785714 
568 1902.0715576171874 547.128662109375 2078.5827392578126 752.4578857421875 0.7845052083333334 1931.4439453125 371.7259887695312 2165.5912109375 512.2143798828125 0.7648809523809523 
569 1901.8012145996095 546.7081237792969 2074.943536376953 752.3145812988281 0.7789481026785714 1931.2132141113282 371.48487396240233 2162.0693786621096 508.5558059692383 0.7564406622023809 
570 1900.3790893554688 545.7370544433594 2076.9439086914062 758.3354553222656 0.7912481398809523 1932.5321411132813 377.07201232910154 2166.7508178710937 513.9997650146485 0.7704148065476191 
571 1897.9255126953126 547.499609375 2077.9875732421874 759.972802734375 0.7942708333333334 1930.4752136230468 373.39344329833983 2164.5556701660157 510.2406204223633 0.7738327752976191 
572 1897.706396484375 547.5627349853515 2077.936669921875 760.2346893310547 0.7964797247023809 1930.286474609375 373.70969543457034 2164.586083984375 507.08022155761716 0.7707170758928571 
573 1897.6233520507812 547.477734375 2081.3070678710938 759.9744140625 0.7952473958333334 1930.5921875 373.7679382324219 2164.698828125 507.0285705566406 0.7736932663690477 
574 1897.079656982422 544.0611694335937 2080.9971252441405 760.4346801757813 0.7939453125 1930.5066040039062 370.5461715698242 2161.3051635742186 503.97656402587893 0.7699032738095238 
575 1897.917010498047 550.7130279541016 2078.225201416016 759.8702850341797 0.7876441592261905 1930.5111572265625 374.01116333007815 2164.9116943359377 503.83295288085935 0.7764601934523809 
576 1904.6881713867188 549.8176849365234 2077.7300415039062 758.9100372314454 0.7888532366071429 1930.894091796875 373.1706604003906 2165.221630859375 502.9521423339844 0.7847377232142857 
577 1905.9566223144532 553.1581115722656 2075.6721618652346 758.9832458496094 0.7832263764880952 1934.983349609375 375.3874450683594 2166.085009765625 508.99323120117185 0.7742513020833334 
578 1902.982977294922 556.1272155761719 2080.0640197753905 762.1196105957031 0.7756696428571429 1935.6470764160156 375.8490615844727 2166.9367858886717 505.94955291748045 0.7643229166666666 
579 1901.7986267089843 555.296743774414 2079.296710205078 765.3963104248047 0.7881324404761905 1937.32607421875 369.85737762451174 2169.16025390625 496.64161529541013 0.7768787202380952 
580 1903.1997009277343 555.6720428466797 2076.993292236328 765.6727447509766 0.7891555059523809 1938.2926696777345 369.9022735595703 2170.017510986328 500.2475067138672 0.7784598214285714 
581 1900.1125244140626 552.7657318115234 2081.3869873046874 763.0441436767578 0.7907598586309523 1938.4589477539062 360.33582458496096 2174.116003417969 498.10448303222654 0.7829473586309523 
582 1900.6560302734374 559.493783569336 2077.7448486328126 761.8807891845703 0.7920851934523809 1941.6617065429687 355.71675262451174 2172.9610961914063 493.05079498291013 0.7818080357142857 
583 1903.2782165527344 553.6247406005859 2080.0539367675783 766.4771270751953 0.7940383184523809 1941.020001220703 345.07377471923826 2175.518450927734 489.38047943115237 0.7904110863095238 
584 1900.4669067382813 554.0562530517578 2077.064099121094 766.6939300537109 0.7990606398809523 1946.903338623047 336.98292083740233 2177.561138916016 484.7480667114258 0.7935500372023809 
585 1900.8733459472655 557.4513153076172 2080.857489013672 766.2329498291016 0.7969447544642857 1944.0695861816407 337.45531768798827 2181.648553466797 485.0423324584961 0.8010137648809523 
586 1896.7413269042968 550.2266876220704 2076.9682678222657 766.4987152099609 0.7949916294642857 1945.9572265625 336.7273345947266 2180.2517578125 480.90871276855466 0.8021763392857143 
587 1900.765447998047 556.3355224609375 2077.6179748535155 765.6710693359375 0.8001534598214286 1946.8526245117187 336.58861389160154 2181.4527954101563 477.34876403808596 0.8004557291666666 
588 1907.0516845703125 553.8957916259766 2073.0435302734377 763.1898406982422 0.7877604166666666 1943.1367980957032 338.91132202148435 2181.2991149902346 486.8605895996094 0.7946893601190477 
589 1902.3964599609376 550.405239868164 2075.3491455078124 762.9927703857422 0.7867838541666666 1944.8032165527343 338.92632751464845 2182.612921142578 486.65668029785155 0.8019205729166666 
590 1902.05205078125 550.8205352783203 2075.5119140625 760.4176849365234 0.7907133556547619 1941.8033264160156 347.0609558105469 2180.3103210449217 491.61073608398436 0.7911551339285714 
591 1905.8676513671876 550.7693145751953 2072.2060791015624 760.5003997802735 0.7865745907738095 1942.4454040527344 352.4426986694336 2177.488800048828 497.08479766845704 0.7915271577380952 
592 1906.1667541503907 549.2003356933594 2072.480584716797 755.2847717285156 0.7951311383928571 1942.7392272949219 350.06882934570314 2177.7477111816406 498.3050109863281 0.7955961681547619 
593 1903.4426025390626 545.4872406005859 2076.7571044921874 758.5199005126954 0.7957821800595238 1943.5771911621093 347.869612121582 2178.274005126953 492.2985092163086 0.7917596726190477 
594 1904.7328125 544.8309814453125 2074.2837890625 757.6717041015625 0.7850167410714286 1941.2236389160157 350.5826751708984 2179.316766357422 491.2739532470703 0.7843656994047619 
595 1902.4390930175782 541.3670257568359 2075.4020935058593 757.5706573486328 0.79150390625 1945.2640991210938 347.753840637207 2179.4846801757812 488.2862289428711 0.7913411458333334 
596 1904.6729736328125 541.8754089355468 2074.1712646484375 758.2560607910157 0.7904808407738095 1947.53310546875 338.9492614746094 2178.33896484375 486.80934448242186 0.7995256696428571 
597 1907.4235595703126 544.717431640625 2076.8596435546874 761.018896484375 0.7823195684523809 1947.0789123535155 342.2814086914062 2181.405340576172 486.4823852539063 0.8004092261904762 
598 1906.3671997070312 550.7675811767579 2072.4133178710936 760.1301849365234 0.7888764880952381 1948.4341064453124 342.0992172241211 2183.0644287109376 482.8774978637695 0.7969680059523809 
599 1906.2116088867188 553.0504089355469 2075.9780883789062 762.5495666503906 0.7916434151785714 1952.3347045898438 339.1056762695313 2179.8940551757814 476.3637451171875 0.7976422991071429 
600 1905.9023681640624 553.5650329589844 2075.5644287109376 762.9353332519531 0.8025716145833334 1951.58056640625 333.7817840576172 2182.60986328125 474.5652618408203 0.8035016741071429 
601 1905.426824951172 559.5664245605469 2075.1445861816405 761.7835510253906 0.7966889880952381 1953.8977416992188 332.48887939453124 2185.002893066406 480.54066162109376 0.8028273809523809 
602 1905.3702087402344 556.5077392578125 2075.147003173828 762.4072998046875 0.7973400297619048 1953.8580993652345 332.5468505859375 2185.043389892578 480.650048828125 0.8068498883928571 
603 1903.84111328125 552.210806274414 2077.4279296875 765.5778289794922 0.7937825520833334 1955.5832824707031 329.2465316772461 2187.0323181152344 473.9021194458008 0.8032924107142857 
604 1906.4781127929687 552.0746978759765 2080.0519165039063 765.4258514404297 0.7883649553571429 1955.434765625 329.9614776611328 2186.86650390625 467.37403259277346 0.8008742559523809 
605 1904.38466796875 555.7370178222657 2077.98544921875 765.5046813964843 0.7872953869047619 1950.566961669922 327.60765228271487 2182.0347229003905 465.04167022705076 0.7969912574404762 
606 1902.9852661132813 549.5162689208985 2080.3416381835937 766.6872833251953 0.7934105282738095 1949.2037231445313 321.6259307861328 2184.472302246094 462.78709411621094 0.7959914434523809 
607 1903.4307006835938 552.9682159423828 2080.701379394531 766.4164886474609 0.7908761160714286 1946.843927001953 318.787419128418 2181.9987243652345 463.4980728149414 0.7995721726190477 
608 1904.3658020019532 552.8933349609375 2078.1374938964846 766.4875244140625 0.7823893229166666 1950.5935424804688 315.3498565673828 2182.289025878906 463.77972106933595 0.7982700892857143 
609 1905.3693542480469 552.6621551513672 2075.8158264160156 766.6269683837891 0.7832263764880952 1948.0506896972656 318.75140686035155 2183.774871826172 456.55926208496095 0.7920154389880952 
610 1905.232977294922 555.5838073730469 2075.8901916503905 766.1820617675781 0.7819242931547619 1950.760272216797 317.75303802490237 2186.775494384766 459.36222686767576 0.8035714285714286 
611 1904.680596923828 552.266748046875 2075.5082458496095 766.7099365234375 0.7840866815476191 1956.264404296875 317.8331359863281 2188.880615234375 455.9490905761719 0.8060360863095238 
612 1905.7461547851562 555.786978149414 2073.0211791992188 766.6990447998047 0.7761811755952381 1954.1385314941406 321.23824615478514 2186.8691589355467 455.7855880737305 0.8003859747023809 
613 1904.8467346191405 552.803076171875 2075.721990966797 767.3059326171875 0.7812034970238095 1953.6482543945312 321.100764465332 2186.3295288085938 459.25516204833986 0.8081984747023809 
614 1902.8573486328125 556.1966979980468 2073.5274169921877 763.1796447753907 0.7845284598214286 1954.8126342773437 323.9344650268555 2183.583117675781 461.92310943603513 0.7975260416666666 
615 1903.6168701171875 559.1231689453125 2077.7591064453127 765.9171142578125 0.7888997395833334 1955.9432800292968 327.4916427612305 2184.5050842285154 461.72628326416014 0.7939685639880952 
616 1903.932635498047 558.8084838867187 2074.490826416016 765.6557495117188 0.7867140997023809 1955.4351196289062 324.32578125 2187.6847534179688 458.5950561523438 0.7992234002976191 
617 1906.1657653808593 558.9504089355469 2076.874395751953 765.9800109863281 0.7895275297619048 1954.919696044922 317.8350357055664 2187.373883056641 459.486833190918 0.8067568824404762 
618 1904.0797119140625 558.1949676513672 2074.7269287109375 765.1500640869141 0.7898297991071429 1955.6090148925782 320.79710693359374 2187.9797302246093 455.13636474609376 0.8047340029761905 
619 1903.5064758300782 562.1989318847657 2077.6501403808593 765.3666198730468 0.7906668526785714 1957.7867370605468 315.77443237304686 2193.6064514160157 453.6382263183594 0.806640625 
620 1906.3632568359376 558.9831237792969 2076.8911376953124 765.7937316894531 0.7931082589285714 1957.4378356933594 315.75043029785155 2193.274688720703 453.6241424560547 0.8040597098214286 
621 1903.3877746582032 556.5041870117187 2076.9436462402346 766.2177368164063 0.7960844494047619 1957.4848876953124 314.5270629882813 2192.5087646484376 451.9255737304687 0.8005022321428571 
622 1902.9322631835937 559.1776702880859 2079.918566894531 768.6715118408204 0.8056873139880952 1957.389666748047 311.8971862792969 2192.167095947266 449.1517639160156 0.8017113095238095 
623 1902.6487670898437 559.6438629150391 2079.4598754882813 768.9302947998046 0.7971307663690477 1959.8278503417969 309.8325469970703 2194.3729553222656 446.9512054443359 0.8019438244047619 
624 1901.9494262695312 558.7629638671875 2082.521520996094 771.838232421875 0.7967587425595238 1959.593603515625 306.3784606933594 2194.337548828125 443.6133605957031 0.8025483630952381 
625 1904.7685668945312 557.0299774169922 2081.3390991210936 769.635122680664 0.7879231770833334 1962.2857177734375 299.6585754394531 2192.9081298828123 436.5906921386719 0.8043619791666666 
626 1902.3625244140626 556.8691711425781 2082.0691162109374 768.9229431152344 0.8013160342261905 1959.3157043457031 297.40057373046875 2196.5284118652344 433.9775390625 0.8019438244047619 
627 1905.9890075683593 559.8843566894532 2078.367071533203 768.1746032714843 0.7973167782738095 1959.3046264648438 287.91919708251953 2196.3245239257812 435.1588363647461 0.7863188244047619 
628 1904.8866821289062 560.4962646484375 2080.545690917969 764.8343017578125 0.7909691220238095 1967.2083862304687 285.8394775390625 2200.225451660156 432.8194580078125 0.7970377604166666 
629 1905.9768615722655 557.5023681640625 2077.962957763672 765.3189208984375 0.8001999627976191 1967.85322265625 286.1556121826172 2200.75126953125 433.0604522705078 0.8000604538690477 
630 1905.9493286132813 557.0111297607422 2077.912731933594 768.3826080322266 0.79931640625 1967.8175048828125 282.5313201904297 2200.6844482421875 436.5817169189453 0.7943870907738095 
631 1902.7172302246095 554.6255920410156 2078.233575439453 765.9614440917969 0.8007579985119048 1970.912353515625 284.1873123168945 2200.157958984375 427.46585540771486 0.7895972842261905 
632 1901.6943664550781 555.0400970458984 2080.4768981933594 766.0034210205079 0.7958054315476191 1972.5196472167968 284.6659362792969 2204.9370178222657 431.26759643554686 0.7967819940476191 
633 1901.7460021972656 555.1770904541015 2080.461883544922 766.0618621826172 0.7962937127976191 1972.5450256347656 288.06543121337893 2204.8757507324217 431.03817596435545 0.7990606398809523 
634 1904.2434814453125 554.0517700195312 2079.4191162109373 764.9774047851563 0.8033854166666666 1971.8937255859375 289.63837280273435 2204.2693603515627 432.63884887695315 0.8039667038690477 
635 1906.9819946289062 554.6325012207031 2082.3756713867188 769.4002136230469 0.7836449032738095 1972.3760192871093 290.71600036621095 2201.461505126953 430.31500549316405 0.8059663318452381 
636 1907.1521301269531 554.2114776611328 2082.5513610839844 768.9860931396485 0.7773204985119048 1969.3816650390625 289.4605010986328 2202.0543701171873 436.22315368652346 0.8053617931547619 
637 1905.0494995117188 555.5518981933594 2080.4590454101562 770.3389709472656 0.7934337797619048 1972.7900390625 290.7855712890625 2205.47607421875 437.5567138671875 0.8083844866071429 
638 1903.9134521484375 556.3954772949219 2079.4102783203125 767.7081604003906 0.7735072544642857 1971.6877685546874 291.9103118896484 2204.4899658203126 431.5915191650391 0.8092680431547619 
639 1907.332275390625 558.4502258300781 2082.743408203125 766.0796813964844 0.7788550967261905 1972.7327575683594 290.51462707519534 2201.841094970703 433.7073577880859 0.8093145461309523 
640 1906.9524780273437 558.2565277099609 2078.5140747070313 769.1341583251954 0.7911086309523809 1974.5873779296876 285.24278411865237 2203.3359619140624 431.784895324707 0.8077334449404762 
641 1908.4450988769531 563.1732025146484 2079.8770446777344 766.7484893798828 0.7786690848214286 1970.1221008300781 290.3657958984375 2202.2693786621094 429.65416259765624 0.7973865327380952 
642 1906.5950561523437 560.2639343261719 2077.8773559570313 763.6617248535156 0.7835751488095238 1971.3749267578125 290.851057434082 2199.7515380859377 426.44957122802737 0.7974562872023809 
643 1910.3690979003907 560.1817932128906 2077.980389404297 763.4551696777344 0.7779250372023809 1971.954656982422 287.36752166748045 2200.1914611816405 430.01550445556643 0.796875 
644 1910.1251159667968 559.231103515625 2077.8217834472657 766.176123046875 0.7956194196428571 1971.7420349121094 287.51290740966795 2200.095001220703 423.09753570556643 0.7975492931547619 
645 1910.0131958007812 559.1792053222656 2081.1691772460936 765.9926696777344 0.7988048735119048 1975.1567810058593 285.30210266113284 2199.798907470703 417.23488464355466 0.7971540178571429 
646 1909.4141906738282 558.8808380126953 2080.6188903808593 765.7532562255859 0.8103143601190477 1977.7314453125 284.51424102783204 2198.87109375 420.0513412475586 0.7938523065476191 
647 1905.7039306640625 559.0538391113281 2080.4860107421873 765.9387145996094 0.8111514136904762 1979.9245239257812 281.9269683837891 2201.077185058594 417.4722015380859 0.7963169642857143 
648 1906.0399353027344 558.8382904052735 2077.2995422363283 765.7768829345703 0.8126395089285714 1979.0448425292968 280.8160339355469 2207.3908264160154 423.53229370117185 0.7934802827380952 
649 1902.3016662597656 555.5443939208984 2077.227996826172 766.1700225830078 0.8139415922619048 1975.3478637695312 268.71464080810546 2207.393103027344 418.65147857666017 0.7833426339285714 
650 1907.3072021484375 555.4460510253906 2078.7885009765623 766.2252136230469 0.7990141369047619 1980.8188110351562 264.1476226806641 2205.887976074219 403.47621765136716 0.7778552827380952 
651 1906.1973815917968 558.0193298339843 2081.3525451660157 768.9203674316407 0.7938988095238095 1979.7515441894532 258.30333404541017 2208.5256774902346 397.7125045776367 0.7837379092261905 
652 1906.022479248047 558.3415374755859 2081.125592041016 769.1801300048828 0.7988978794642857 1979.5547912597656 249.64294891357423 2208.2610046386717 396.15792388916014 0.7787155877976191 
653 1902.3621765136718 555.906640625 2081.0783752441407 766.7919677734375 0.8013857886904762 1978.247900390625 249.47687835693358 2214.153466796875 399.59859161376954 0.7834821428571429 
654 1909.0752075195312 554.2640106201172 2080.8024780273436 768.9229400634765 0.7921084449404762 1978.7017028808593 256.2183471679688 2214.826739501953 406.47958984375 0.7785295758928571 
655 1903.347723388672 558.1478912353516 2078.0483947753905 764.9365203857421 0.8172898065476191 1978.2194030761718 260.7177276611328 2217.0961486816404 406.8959197998047 0.8002232142857143 
656 1907.06552734375 558.6900390625 2078.04091796875 765.285302734375 0.8068963913690477 1981.8672607421875 267.4291427612305 2216.9584228515623 409.9085952758789 0.7969680059523809 
657 1910.239678955078 559.1365295410156 2081.1688903808595 762.1150573730469 0.7963169642857143 1982.6929443359375 270.6933349609375 2214.1595947265623 409.573388671875 0.7936430431547619 
658 1910.3330078125 560.1007781982422 2077.75244140625 763.1415924072265 0.7923642113095238 1982.3973876953125 271.5690292358398 2213.9351318359377 410.49173126220705 0.7932710193452381 
659 1910.2378540039062 563.1904205322265 2077.6906127929688 762.7084442138672 0.7945963541666666 1985.46826171875 271.86124725341796 2213.48876953125 407.2484634399414 0.7945265997023809 
660 1913.4185791015625 563.0127899169922 2077.3436279296875 762.5738189697265 0.7962007068452381 1985.5127380371093 268.87951507568357 2213.582598876953 404.29593048095705 0.7942243303571429 
661 1907.71982421875 557.8694854736328 2082.54189453125 768.3695892333984 0.8008742559523809 1986.6230041503907 270.5244384765625 2214.962322998047 402.5329956054687 0.7966192336309523 
662 1908.0918273925781 560.8362762451172 2086.1761169433594 770.9756744384765 0.8008045014880952 1987.2706970214845 267.6822906494141 2215.218682861328 406.5879730224609 0.7991768973214286 
663 1906.480975341797 561.0465545654297 2080.962017822266 767.5750885009766 0.8026181175595238 1987.9693420410156 264.4013931274414 2215.8630554199217 406.8349044799805 0.8013392857142857 
664 1906.1406982421875 561.0773040771485 2080.9037353515623 767.9397247314453 0.8013625372023809 1990.915869140625 262.0320510864258 2215.611474609375 397.5626449584961 0.7898297991071429 
665 1905.946307373047 560.9092102050781 2080.674908447266 767.7309265136719 0.8038969494047619 1990.2933532714844 258.7684295654297 2218.5104797363283 397.83819885253905 0.7945033482142857 
666 1907.9898254394532 561.539193725586 2082.5422790527346 768.1521514892578 0.8089657738095238 1995.8141296386718 255.04508056640626 2216.6762268066404 386.8498779296875 0.7862723214285714 
667 1905.73330078125 558.3299041748047 2080.01328125 768.1769927978515 0.8107561383928571 1992.599658203125 248.75753784179688 2220.230419921875 391.0267639160156 0.7898530505952381 
668 1902.771173095703 558.9275634765625 2080.7780212402345 768.975634765625 0.8111746651785714 1992.870050048828 242.75999450683594 2220.7186950683595 392.28578186035156 0.7963634672619048 
669 1902.4644470214844 558.8659851074219 2080.264678955078 768.6701477050781 0.8115699404761905 1992.048358154297 240.33017120361328 2223.188580322266 389.6823104858398 0.7978980654761905 
670 1905.0956176757813 558.9849090576172 2079.2210327148437 768.6460113525391 0.8073381696428571 1991.4750061035156 232.46565322875978 2222.457489013672 381.71597213745116 0.7935035342261905 
671 1903.0018310546875 559.3142120361329 2080.3839111328125 772.1727874755859 0.8138020833333334 1992.3752136230469 225.97224655151368 2222.9720764160156 371.4255958557129 0.7844354538690477 
672 1903.4189208984376 559.8347625732422 2077.4507080078124 769.3831939697266 0.8123139880952381 1992.4838134765625 222.5629440307617 2223.3423583984377 371.7329849243164 0.7883184523809523 
673 1904.0768432617188 559.8601348876953 2077.6328735351562 768.8358489990235 0.8072219122023809 1992.4896179199218 220.78536376953124 2226.2590393066407 369.5477661132812 0.7882719494047619 
674 1902.8629211425782 562.0561065673828 2080.0407653808593 771.1260833740234 0.8169410342261905 1988.9986999511718 218.46708068847656 2222.8734924316404 381.47084655761716 0.7957821800595238 
675 1903.052734375 559.0175598144531 2079.796875 771.1103698730469 0.8142671130952381 1991.696600341797 217.08590850830078 2224.9988342285155 376.15551605224607 0.8010602678571429 
676 1903.3773498535156 558.3090789794921 2077.281707763672 771.2528717041016 0.8092447916666666 1991.967510986328 221.6939552307129 2226.205706787109 370.75463790893554 0.7990373883928571 
677 1902.9885375976562 559.6643005371094 2080.4858276367186 769.1110900878906 0.8103841145833334 1991.6006225585938 224.87713623046875 2229.446984863281 377.5247802734375 0.8067801339285714 
678 1903.2692077636718 562.7235717773438 2080.5863830566404 768.4114379882812 0.8058268229166666 1991.791436767578 222.41106414794922 2229.3964294433595 374.9037857055664 0.8081752232142857 
679 1903.9911499023438 560.249365234375 2081.3367309570312 769.5169921875 0.8033389136904762 1992.1182800292968 222.6109504699707 2233.3081115722657 378.67492294311523 0.8054082961309523 
680 1903.5915893554688 562.0336822509765 2077.713830566406 768.1373992919922 0.8003627232142857 1995.0261291503907 224.17652740478516 2229.558221435547 373.424089050293 0.8032691592261905 
681 1903.647021484375 561.9541534423828 2077.513134765625 771.303109741211 0.8029668898809523 1997.6766723632813 221.86439208984376 2231.8636108398437 374.44078369140624 0.8111979166666666 
682 1901.0583129882812 558.8327026367188 2078.888220214844 768.6719360351562 0.8081984747023809 1992.5723999023437 221.09276428222657 2230.864367675781 370.46985778808596 0.8025716145833334 
683 1905.3177490234375 561.936312866211 2079.7227783203125 768.3750274658203 0.7980143229166666 2000.0494873046875 220.38151626586915 2231.4031494140627 373.43090744018554 0.8028506324404762 
684 1902.1833068847657 560.1781951904297 2083.924481201172 773.9912994384765 0.8070359002976191 2000.5920837402343 216.2954216003418 2232.222979736328 369.5281410217285 0.8010835193452381 
685 1901.956805419922 560.8051330566407 2080.227398681641 771.1647155761718 0.8021065848214286 1996.4402465820312 213.9999221801758 2235.3231811523438 363.7473617553711 0.8052455357142857 
686 1901.3435302734374 560.3354370117188 2083.3136962890626 770.8497436523437 0.8001999627976191 1995.8965881347656 210.11865844726563 2238.5232116699217 363.54436645507815 0.7991303943452381 
687 1901.4383239746094 560.9095581054687 2083.396270751953 771.4098999023438 0.7920154389880952 1995.9849853515625 207.55984802246093 2238.5955810546875 364.5431793212891 0.7986653645833334 
688 1902.4123474121093 558.9366973876953 2080.503302001953 769.083871459961 0.7973167782738095 1999.1293823242188 204.26211853027343 2241.3327758789064 353.8583648681641 0.7930617559523809 
689 1901.6531005859374 562.1447082519531 2079.8971923828126 768.9080261230469 0.7951776413690477 1998.4534301757812 203.18831329345704 2240.8656616210938 360.04322357177733 0.7923642113095238 
690 1901.6140563964843 562.020068359375 2079.778643798828 768.690869140625 0.7955961681547619 2001.5232360839843 195.82354583740235 2240.263507080078 345.48172149658205 0.7880626860119048 
691 1901.1020263671876 558.9044006347656 2079.4565673828124 769.3626892089844 0.7993861607142857 2003.4500610351563 193.55224533081054 2246.012097167969 336.2357948303223 0.7820405505952381 
692 1900.7061584472656 561.52880859375 2082.6174499511717 768.408447265625 0.7985026041666666 2007.0268249511719 193.45328750610352 2242.4415588378906 332.56195602416994 0.7918526785714286 
693 1898.384942626953 559.0904052734375 2079.9972595214845 769.1908447265625 0.8052920386904762 2006.8592041015625 193.26367416381837 2245.4479248046873 321.460523223877 0.7935267857142857 
694 1901.2470947265624 561.607080078125 2079.6752685546876 768.583837890625 0.8003859747023809 2005.9708129882813 186.63320236206056 2252.201794433594 336.512931060791 0.7954566592261905 
695 1900.9094116210938 556.5075103759766 2079.5981567382814 770.9339569091796 0.8010137648809523 2009.359637451172 190.05826110839843 2248.802593994141 340.1567657470703 0.8048735119047619 
696 1904.3114807128907 562.6382568359375 2079.628826904297 770.156787109375 0.8044317336309523 2012.887158203125 195.35247039794922 2249.028857421875 342.0466079711914 0.8110584077380952 
697 1901.37626953125 558.2250762939453 2076.40400390625 768.9727386474609 0.8065476190476191 2003.0406616210937 189.6227264404297 2249.508410644531 332.5025177001953 0.7948056175595238 
698 1903.4779113769532 557.394970703125 2082.3251892089843 768.43486328125 0.7937127976190477 2006.1088012695313 189.79489440917968 2249.3411499023437 343.6036041259766 0.8096400669642857 
699 1903.6066467285157 555.418814086914 2078.733563232422 769.8601776123047 0.7982700892857143 2008.4903686523437 189.356453704834 2251.524035644531 335.89136428833007 0.8063383556547619 
700 1904.3069946289063 558.7896484375 2075.648327636719 769.396630859375 0.7950381324404762 2005.491796875 187.68745956420898 2251.79482421875 330.47185745239256 0.8026646205357143 
701 1903.8224243164063 558.0421356201172 2079.0396362304687 772.5937896728516 0.7969447544642857 2009.1727294921875 186.70278778076172 2248.7554931640625 329.73718414306643 0.8091517857142857 
702 1903.7357055664063 557.7626586914063 2078.911022949219 772.2629760742187 0.7989443824404762 2005.4859497070313 186.51210556030273 2252.161267089844 329.5123237609863 0.8007114955357143 
703 1900.1136291503906 559.0666595458985 2082.7866394042967 770.3943389892578 0.794921875 2009.2215942382813 183.93938751220702 2249.2039428710937 327.2123764038086 0.8060360863095238 
704 1901.210009765625 562.7746368408203 2080.312939453125 770.5341400146484 0.7978050595238095 2009.4984924316407 184.45392303466798 2253.078533935547 327.7363540649414 0.7974330357142857 
705 1903.976788330078 560.8667846679688 2079.600726318359 768.7480834960937 0.7954566592261905 2011.9151184082032 182.73793411254883 2255.6379821777346 322.52016830444336 0.7937825520833334 
706 1904.1352600097657 557.7441162109375 2075.933465576172 768.9128662109375 0.7971772693452381 2011.5091430664063 178.21859893798828 2254.890026855469 314.22558441162107 0.7978515625 
707 1904.3698974609374 557.8145751953125 2079.6686767578126 768.888427734375 0.8016415550595238 2014.860400390625 178.45952224731445 2258.131787109375 314.40539169311523 0.8037806919642857 
708 1904.440966796875 561.1910339355469 2079.392529296875 768.2764953613281 0.7857840401785714 2013.8886474609376 180.2526870727539 2263.8193603515624 308.7884811401367 0.7893647693452381 
709 1904.8695373535156 560.178369140625 2079.700653076172 770.6891845703125 0.7909458705357143 2014.2418884277345 177.16940689086914 2264.000421142578 305.6167106628418 0.7857607886904762 
710 1904.9441772460937 558.2482116699218 2079.4574340820313 768.3764221191407 0.79638671875 2017.268310546875 177.85311889648438 2263.011474609375 313.1899108886719 0.8065243675595238 
711 1905.1454833984376 560.1892547607422 2079.8691650390624 770.5708160400391 0.7941313244047619 2017.1935546875 173.02687454223633 2266.7986328125 315.6584129333496 0.7971307663690477 
712 1904.458074951172 560.2865203857422 2082.8721252441405 770.8153472900391 0.7919689360119048 2016.996270751953 175.59798126220704 2266.7760681152345 318.32935638427733 0.7925269717261905 
713 1902.020703125 557.8210083007813 2083.95341796875 771.8595336914062 0.8037341889880952 2018.0954162597657 173.64929962158203 2264.239910888672 316.34163665771484 0.7992234002976191 
714 1903.1674743652343 557.5808166503906 2081.144171142578 771.1529479980469 0.8006417410714286 2024.4656494140625 174.24619216918944 2266.5138427734373 316.62763290405275 0.8117327008928571 
715 1900.624822998047 554.8548767089844 2082.0159240722655 771.8128479003906 0.8038736979166666 2024.9720825195313 172.2373489379883 2266.8269897460937 314.50486907958987 0.8012230282738095 
716 1900.1656494140625 557.8195617675781 2085.2982177734375 771.4342224121094 0.8005254836309523 2025.0479370117187 171.25915908813477 2267.1446899414063 317.2291679382324 0.7971540178571429 
717 1900.6579650878907 553.9893096923828 2082.364862060547 774.887826538086 0.8028041294642857 2022.0700317382812 171.11677780151368 2267.908728027344 313.63195571899416 0.7958286830357143 
718 1903.4830505371094 557.7150848388671 2085.0385559082033 771.3095123291016 0.7956194196428571 2022.0553588867188 168.86353759765626 2267.6890258789062 311.25987548828124 0.7843191964285714 
719 1906.5359619140625 558.2794677734375 2080.8546630859373 771.73115234375 0.8015252976190477 2028.1758666992187 167.36186599731445 2262.9728149414063 306.10546493530273 0.7971075148809523 
720 1903.65009765625 560.4099914550782 2081.50126953125 770.2744567871093 0.7944103422619048 2031.1557861328124 167.22195434570312 2265.9194091796876 298.8318786621094 0.7777622767857143 
721 1897.3368713378907 557.0453033447266 2085.990643310547 774.1752166748047 0.8031529017857143 2032.0505249023438 163.99365768432617 2263.4184692382814 299.25489273071287 0.7830868675595238 
722 1900.4319946289063 557.6140014648438 2085.331921386719 774.5156372070312 0.8048037574404762 2035.0039794921875 167.71071701049806 2262.5731689453123 302.82976455688475 0.7925037202380952 
723 1900.961376953125 558.2177795410156 2085.572802734375 774.7812438964844 0.8096168154761905 2032.1828857421874 166.1914276123047 2262.9474853515626 301.09983215332034 0.7865280877976191 
724 1898.1335754394531 555.1166717529297 2086.1265563964844 775.0330474853515 0.8102911086309523 2032.3755004882812 167.8072395324707 2262.9328491210936 291.95360946655273 0.7840866815476191 
725 1899.7349182128905 552.6411071777344 2084.511541748047 772.9519104003906 0.8094308035714286 2036.9506469726562 170.1039245605469 2264.368444824219 294.47291870117186 0.7759254092261905 
726 1899.1880004882812 555.1077178955078 2084.0930053710936 775.571420288086 0.8071986607142857 2030.2080688476562 169.15943908691406 2264.8952026367188 297.17063903808594 0.7835984002976191 
727 1899.4727172851562 554.7109313964844 2084.1149291992188 774.8614562988281 0.8137555803571429 2033.4477783203124 171.223055267334 2264.2504638671876 306.15397415161135 0.7918526785714286 
728 1899.4264221191406 554.93134765625 2084.096405029297 775.1150390625 0.8124302455357143 2033.421533203125 168.65378189086914 2264.259130859375 303.60505294799805 0.7946661086309523 
729 1899.4399963378905 557.4606231689453 2084.019842529297 773.987191772461 0.8075474330357143 2027.0894775390625 171.37164535522462 2264.9139404296875 302.7074104309082 0.7888764880952381 
730 1898.879571533203 557.3485260009766 2087.2521423339845 774.1547088623047 0.8077334449404762 2030.658447265625 167.61685333251953 2261.681396484375 302.6764511108398 0.7930152529761905 
731 1901.5340698242187 557.4358276367187 2086.518420410156 774.4364868164063 0.8005022321428571 2030.2841918945312 166.94405364990234 2261.5143920898436 305.6821975708008 0.7927129836309523 
732 1903.7255615234376 559.6062713623047 2082.1118408203124 773.669790649414 0.7945731026785714 2028.8704467773437 167.97968215942382 2264.3402465820313 303.5532615661621 0.7840169270833334 
733 1903.3586303710938 556.7852020263672 2081.4126098632814 774.0111236572266 0.7976888020833334 2031.4205322265625 169.44909591674804 2262.8909912109375 301.209122467041 0.7854352678571429 
734 1904.1027709960938 559.9911651611328 2082.2329223632814 773.7472991943359 0.8012462797619048 2035.37099609375 166.1866584777832 2263.3775390625 301.5655235290527 0.7927827380952381 
735 1904.182843017578 560.0324920654297 2082.237933349609 773.6986480712891 0.8043619791666666 2035.3957275390626 162.83261795043944 2263.3064208984374 305.2767417907715 0.7933407738095238 
736 1903.6223449707031 560.8539276123047 2085.0137634277344 774.2553863525391 0.8040597098214286 2038.2296020507813 162.230948638916 2262.300915527344 297.3851860046387 0.79736328125 
737 1899.9419860839844 558.8600280761718 2081.106475830078 768.4423400878907 0.7978515625 2042.9882080078125 163.87798156738282 2263.2271240234377 291.7587371826172 0.7790643601190477 
738 1899.4227416992187 558.6148498535156 2080.807971191406 768.4526550292969 0.79638671875 2045.378857421875 161.2363510131836 2265.886279296875 282.15979766845703 0.7808314732142857 
739 1896.932177734375 554.0001800537109 2081.602001953125 774.1834747314454 0.8088727678571429 2052.508337402344 160.48390502929686 2262.037805175781 263.47288208007814 0.7744140625 
740 1892.3797302246094 551.3337097167969 2080.945587158203 768.3624572753906 0.8081984747023809 2050.5671264648436 149.16008911132812 2267.5957153320314 270.12689819335935 0.7905970982142857 
741 1893.3870849609375 550.8510772705079 2079.3194580078125 765.3886077880859 0.8038271949404762 2051.95224609375 145.43025436401368 2270.06533203125 274.1527687072754 0.7846447172619048 
742 1893.3896362304688 550.2106353759766 2083.1042602539064 768.5615203857421 0.8123837425595238 2048.9610595703125 144.34783020019532 2274.4710693359375 276.79017028808596 0.7848539806547619 
743 1887.80400390625 549.7410919189454 2085.21357421875 775.8646820068359 0.8172433035714286 2047.388037109375 142.08356323242188 2273.511865234375 264.1185241699219 0.7874348958333334 
744 1889.5601806640625 561.2754730224609 2087.0706787109375 783.9235626220703 0.8108723958333334 2046.0492431640625 148.98974227905273 2275.8794677734377 281.8603706359863 0.7791341145833334 
745 1887.6045654296875 573.70048828125 2085.3968994140623 789.473828125 0.7940848214285714 2043.9018432617188 159.5815071105957 2277.6565063476564 296.237996673584 0.7793666294642857 
746 1889.5181213378905 584.0551452636719 2088.310369873047 804.5338439941406 0.7941778273809523 2038.2647705078125 171.73510208129883 2273.2010498046875 327.1544700622559 0.7709030877976191 
747 1875.0281555175782 593.4747650146485 2095.6645935058596 817.7281768798828 0.8298688616071429 2031.5326538085938 180.02493743896486 2270.2537231445312 346.40648956298827 0.7594168526785714 
748 1875.44580078125 607.5015075683593 2097.01708984375 825.4405090332032 0.8429361979166666 2022.5546508789062 203.47608795166016 2276.816687011719 363.29805145263674 0.7831798735119048 
749 1870.0680786132812 612.371142578125 2095.353063964844 834.022412109375 0.8270554315476191 2022.121484375 219.79957122802733 2261.941015625 379.6792190551758 0.7701822916666666 
750 1865.1458679199218 618.2027435302734 2097.1379455566407 835.6952667236328 0.8111281622023809 2014.044610595703 245.2587905883789 2260.5363220214845 408.3782028198242 0.7860863095238095 
751 1864.0736938476562 620.0639862060547 2094.157507324219 835.5392242431641 0.8225446428571429 2014.513006591797 267.2127059936523 2255.5530334472655 424.2539993286133 0.7821800595238095 
752 1864.235888671875 623.4114685058594 2094.837353515625 835.7112121582031 0.8058733258928571 2008.96005859375 302.85009002685547 2254.20302734375 438.2826919555664 0.7856212797619048 
753 1871.6305358886718 625.566064453125 2094.7587463378904 837.7209228515625 0.8108026413690477 2008.2367797851562 319.71414947509766 2242.338659667969 451.39647674560547 0.7774135044642857 
754 1877.5057556152344 625.7807250976563 2094.5065734863283 839.1035522460937 0.8079892113095238 1997.4644714355468 333.94713439941404 2229.1772521972657 477.3883758544922 0.7855282738095238 
755 1884.2924194335938 625.5156311035156 2090.3547973632812 842.6170593261719 0.80126953125 1977.1337097167968 352.93582611083986 2212.6335021972654 503.802912902832 0.7806454613095238 
756 1882.2318603515625 630.0809204101563 2093.6475341796877 841.4965942382812 0.8116629464285714 1961.9763427734374 372.4449157714844 2199.3552001953126 517.0976867675781 0.7752278645833334 
757 1881.7581359863282 625.4526794433593 2086.1445739746096 840.9875061035157 0.8049432663690477 1946.075506591797 389.7649642944336 2187.6233459472655 542.125813293457 0.7772507440476191 
758 1876.0682678222656 628.2819580078125 2084.764129638672 840.7043701171875 0.8061755952380952 1934.4055969238282 400.09266510009763 2184.0952575683596 552.8877731323242 0.7740187872023809 
759 1876.8792419433594 636.7272216796875 2082.564727783203 842.412548828125 0.7945033482142857 1926.7903869628906 417.52144012451174 2173.6128112792967 578.3299087524414 0.7803199404761905 
760 1867.0745788574218 638.6278137207031 2083.9782775878907 840.5726257324219 0.7927827380952381 1919.5743774414063 434.2377182006836 2155.1768432617187 587.5662673950195 0.7892020089285714 
761 1862.3074340820312 638.5118560791016 2086.2860717773438 843.8256072998047 0.7959449404761905 1913.5640930175782 446.4071975708008 2141.2756286621093 599.4592269897461 0.7937593005952381 
762 1867.7805114746093 639.5887603759766 2077.787481689453 838.3453826904297 0.8080124627976191 1909.3203002929688 455.2556579589844 2134.3278930664064 601.5105773925782 0.8029436383928571 
763 1866.1290588378906 641.6245635986328 2083.260955810547 840.0380950927735 0.8009672619047619 1906.01337890625 454.29795532226564 2126.88896484375 604.0440856933594 0.7976190476190477 
764 1866.3615295410157 638.6083251953125 2082.322918701172 839.675732421875 0.8007347470238095 1902.7368713378905 461.7434341430664 2126.145330810547 606.9588058471679 0.8078497023809523 
765 1871.8226989746095 636.8380401611328 2084.225274658203 841.7877532958985 0.7960146949404762 1899.1971374511718 469.295263671875 2122.7785705566407 610.896875 0.8032459077380952 
766 1870.08486328125 640.2545959472657 2086.792578125 838.2806823730468 0.7946428571428571 1900.8378540039062 461.4850616455078 2125.018347167969 614.6750335693359 0.8098958333333334 
767 1873.83359375 640.9080108642578 2089.7123046875 841.8986907958985 0.8030133928571429 1901.6057495117188 457.096012878418 2124.928674316406 613.4220840454102 0.8119187127976191 
768 1875.9321044921876 639.8696990966797 2088.4433837890624 844.9243072509765 0.8096400669642857 1903.7507202148438 473.10149536132815 2123.7182739257814 607.3190368652344 0.7935267857142857 
769 1876.1389892578125 643.8695129394531 2087.9913818359373 844.5717712402344 0.8083379836309523 1900.583514404297 470.1848419189453 2123.586041259766 615.136508178711 0.8126860119047619 
770 1876.2120788574218 641.7616241455078 2088.5492736816404 842.923373413086 0.8024786086309523 1900.7124755859375 467.24949951171874 2124.2255126953123 616.2581909179687 0.8070824032738095 
771 1874.2431640625 638.5566772460937 2082.87158203125 839.7342163085938 0.8101748511904762 1901.1813720703126 470.1921981811523 2124.7121826171874 615.4871536254883 0.8158017113095238 
772 1876.3694458007812 644.6330322265625 2087.9257202148438 841.343408203125 0.8074079241071429 1903.634716796875 466.62297973632815 2126.325732421875 622.5066589355469 0.8112444196428571 
773 1870.5075134277345 636.0673431396484 2085.810968017578 840.2342315673828 0.8035016741071429 1904.3450988769532 465.4523452758789 2123.3603454589843 613.9373947143555 0.7967819940476191 
774 1871.4150024414062 636.2595672607422 2082.601843261719 840.0363922119141 0.8066871279761905 1901.4826965332031 462.69307708740234 2123.7847595214844 614.5994338989258 0.7934337797619048 
775 1870.4876953125 638.3884460449219 2089.042578125 842.1258361816406 0.8109654017857143 1901.4045288085938 462.0060089111328 2123.6635864257814 613.8829681396485 0.802734375 
776 1873.2624145507812 634.689697265625 2088.460974121094 842.467529296875 0.8115001860119048 1900.947088623047 465.01391754150393 2123.5662170410155 609.7163986206054 0.7966192336309523 
777 1873.3140991210937 636.7045135498047 2088.456164550781 844.4279937744141 0.8108723958333334 1904.2727905273437 468.3571380615234 2123.1244262695313 601.8936553955078 0.7959681919642857 
778 1878.18837890625 633.344140625 2086.1236328125 841.27939453125 0.8140113467261905 1905.0371215820312 463.96834869384764 2127.8249389648436 605.0672653198242 0.8192196800595238 
779 1877.8082397460937 640.0801940917969 2086.018664550781 840.8544982910156 0.8112676711309523 1901.8324462890625 461.47115020751954 2124.9151123046877 599.0387069702149 0.8099888392857143 
780 1877.2789001464844 643.4176513671875 2086.119171142578 841.07001953125 0.8049897693452381 1901.3757873535155 464.26822357177736 2125.133367919922 598.5227005004883 0.8091982886904762 
781 1876.933154296875 644.0549713134766 2085.616162109375 837.8321746826172 0.8061755952380952 1901.0119323730469 457.58738403320314 2124.6009826660156 602.9203063964844 0.8174525669642857 
782 1877.3066772460938 640.7192810058593 2086.226770019531 838.4473449707032 0.8035481770833334 1901.4128112792969 460.6404052734375 2125.2557678222656 602.4076904296875 0.8106398809523809 
783 1874.806573486328 639.4878173828125 2084.4057067871095 845.3442138671875 0.8049897693452381 1904.749249267578 462.9983169555664 2129.319964599609 601.4835861206054 0.8183128720238095 
784 1873.6070739746094 641.1144073486328 2087.0532043457033 843.326693725586 0.8045247395833334 1903.996484375 463.24254455566404 2128.67685546875 609.2847381591797 0.8166852678571429 
785 1870.7663208007812 635.921987915039 2088.078649902344 841.9939666748047 0.7960146949404762 1904.9195983886718 461.69749755859374 2125.9784729003904 604.0744750976562 0.8008277529761905 
786 1876.6309143066405 639.8267028808593 2087.134588623047 842.8122131347657 0.8083147321428571 1904.2450134277344 460.4071441650391 2126.0256164550783 614.5257781982422 0.8108491443452381 
787 1870.5445861816406 641.691519165039 2089.428436279297 845.4799285888672 0.7950381324404762 1904.9448547363281 455.3209167480469 2127.6023864746094 613.8230041503906 0.8015950520833334 
788 1873.511004638672 645.8110870361328 2093.282574462891 846.6367279052735 0.7912248883928571 1905.1359375 464.9514663696289 2128.69658203125 616.517985534668 0.8155459449404762 
789 1871.0734313964845 642.6017517089844 2087.709893798828 840.2349182128906 0.8073149181547619 1905.2792602539062 467.0414474487305 2129.516882324219 615.2663223266602 0.8104771205357143 
790 1867.8750793457032 636.2400665283203 2088.4289978027346 845.3862152099609 0.8095238095238095 1902.0989868164063 464.82808074951174 2130.258190917969 613.1316665649414 0.8063383556547619 
791 1867.8354797363281 641.5253265380859 2088.8426208496094 839.6695587158204 0.7996419270833334 1902.5693908691405 462.1403182983398 2127.387030029297 614.5589309692383 0.8060593377976191 
792 1864.8710205078125 639.4544677734375 2090.2515380859377 838.0948486328125 0.8024088541666666 1903.0712158203125 462.9994812011719 2128.4517333984377 611.9797668457031 0.7948521205357143 
793 1864.7717224121093 636.7695129394531 2095.154669189453 844.1142761230469 0.802734375 1901.1014099121094 460.7332565307617 2123.804962158203 606.6425064086914 0.8012230282738095 
794 1862.1842102050782 632.5538269042969 2096.1799255371093 843.5335754394531 0.7978283110119048 1905.2654846191406 460.08154144287107 2123.9170104980467 605.849397277832 0.7978980654761905 
795 1865.5892395019532 636.0415893554688 2095.9794860839843 843.3928588867187 0.7961774553571429 1901.9200439453125 459.99975433349607 2124.6307373046875 605.913606262207 0.7951543898809523 
796 1865.797833251953 632.8756225585937 2095.846575927734 843.7536499023438 0.7916201636904762 1905.4664672851563 460.9288696289062 2124.0127807617187 602.7923217773438 0.7878069196428571 
797 1862.9917053222657 637.7220947265625 2092.744012451172 840.6699951171875 0.8013392857142857 1905.554754638672 458.3385833740234 2123.8193908691405 607.6775909423828 0.8076869419642857 
798 1862.9688720703125 634.1419616699219 2092.8079833984375 840.9973205566406 0.8031761532738095 1905.5480224609375 461.02587738037107 2123.8953369140627 610.421418762207 0.8133835565476191 
799 1870.2956787109374 638.6672943115234 2092.1481689453126 841.3945343017579 0.8053850446428571 1903.1027587890626 466.24622039794923 2121.1301513671874 607.7727310180665 0.8108491443452381 
800 1869.8606384277343 635.8592956542968 2091.773272705078 842.4677307128907 0.80810546875 1902.2351501464843 460.4481918334961 2124.147784423828 605.8393142700195 0.8079659598214286 
801 1866.428887939453 634.7813903808594 2092.1637634277345 841.3863342285156 0.8078729538690477 1905.5719360351563 455.9887069702148 2123.6548706054687 605.2033401489258 0.80810546875 
802 1869.5950073242188 638.6033203125 2091.457971191406 841.3401611328125 0.8070359002976191 1905.3460754394532 456.9052017211914 2123.3837829589843 602.2637130737305 0.8091517857142857 
803 1867.6782653808593 646.0316345214844 2093.545489501953 841.2726867675781 0.7967354910714286 1903.0160522460938 456.97462463378906 2128.8831176757812 606.2766571044922 0.80859375 
804 1871.3591064453126 639.6296569824219 2093.5442138671874 842.6608703613281 0.8044084821428571 1903.331396484375 453.83691253662107 2129.347314453125 607.0680252075196 0.8006882440476191 
805 1864.9602416992188 644.3847595214844 2094.630822753906 839.6048645019531 0.7917131696428571 1904.122003173828 454.9064483642578 2126.1371520996095 608.0202484130859 0.8130115327380952 
806 1869.6948547363281 633.2333923339844 2091.6604919433594 843.7180236816406 0.8065243675595238 1902.0771789550781 454.39512634277344 2124.0428161621094 607.4748077392578 0.82421875 
807 1862.71982421875 633.1164337158203 2092.42373046875 843.6784271240234 0.8034319196428571 1901.445623779297 457.1573028564453 2127.3210998535155 610.2933197021484 0.8120582217261905 
808 1862.9043579101562 633.4961669921875 2092.4943237304688 843.953662109375 0.7982468377976191 1902.493798828125 473.66626434326173 2120.604345703125 615.246730041504 0.8058500744047619 
809 1867.8414611816406 639.2677062988281 2093.225311279297 845.5511413574219 0.8064778645833334 1904.8667907714844 469.56871795654297 2114.970245361328 618.5511856079102 0.8107096354166666 
810 1865.6949768066406 637.3219512939453 2091.643768310547 844.1223236083985 0.8070126488095238 1898.9834350585938 476.4771560668945 2117.272668457031 622.0034042358399 0.8156389508928571 
811 1867.7339416503905 640.2059478759766 2093.516424560547 846.8542938232422 0.8080822172619048 1898.0540710449218 476.0941162109375 2116.1828674316407 625.3402099609375 0.8222191220238095 
812 1866.4452026367187 643.2943267822266 2096.066271972656 846.1261444091797 0.8052687872023809 1900.593975830078 472.40335235595705 2114.906878662109 625.4839462280273 0.8131277901785714 
813 1870.3879455566407 647.5860137939453 2095.728631591797 842.3721771240234 0.8032691592261905 1901.0895385742188 472.77797546386716 2114.9722290039062 629.3707672119141 0.8130812872023809 
814 1864.533447265625 636.6375457763672 2094.013916015625 843.169888305664 0.8130115327380952 1901.6033813476563 472.1766159057617 2115.785046386719 625.1635025024414 0.8166852678571429 
815 1868.6963500976562 640.4501861572265 2093.8683471679688 846.5396209716797 0.8108491443452381 1898.9346496582032 467.0942947387695 2116.4734313964846 623.5696151733398 0.8150111607142857 
816 1872.2981872558594 637.6827056884765 2096.715606689453 846.8853485107422 0.8203357514880952 1899.509210205078 471.63722229003906 2116.3192810058595 623.7845916748047 0.8242420014880952 
817 1874.084893798828 648.5317626953125 2094.9003356933595 846.5043701171875 0.8061290922619048 1900.8813415527343 462.5664657592773 2117.889776611328 622.4673782348633 0.8282877604166666 
818 1874.6265930175782 643.423617553711 2094.9748474121093 844.7762725830078 0.8190104166666666 1900.9281433105468 458.29030151367186 2121.2760803222654 617.8527648925781 0.8244280133928571 
819 1872.7698059082031 639.4807342529297 2093.2754821777344 844.7790924072266 0.8190569196428571 1902.45322265625 457.5782928466797 2119.15712890625 617.2547760009766 0.8223121279761905 
820 1875.1881408691406 642.2851531982421 2095.284393310547 847.2023345947266 0.8107328869047619 1904.3787109375 454.88221130371096 2124.4748046875 614.2622589111328 0.8170107886904762 
821 1871.0862121582031 637.9669616699218 2098.5806579589844 846.5034973144532 0.8136625744047619 1903.6062072753907 457.8671875 2127.309197998047 609.5301513671875 0.8263578869047619 
822 1875.4698974609375 637.0105377197266 2091.6526611328127 845.6079315185547 0.8147553943452381 1903.3316284179687 450.1481079101562 2130.8922485351563 609.4406372070313 0.8290550595238095 
823 1872.1891967773438 633.7250183105468 2092.8676879882814 846.7937805175782 0.8143368675595238 1907.3103942871094 443.33861236572267 2127.989044189453 606.9450485229493 0.8264043898809523 
824 1872.3962951660155 632.1428161621094 2092.465887451172 840.8294738769531 0.8114769345238095 1906.982763671875 441.84388275146483 2130.846826171875 604.9989212036132 0.8230329241071429 
825 1877.5719604492188 635.4529479980469 2089.4868774414062 843.5835510253906 0.8096633184523809 1908.7188537597656 439.83936614990233 2128.2019226074217 602.5595901489257 0.8290550595238095 
826 1870.7936218261718 633.6289489746093 2097.3813049316404 845.1107971191407 0.8128022693452381 1909.4297790527344 438.4149688720703 2128.464385986328 604.579232788086 0.8192429315476191 
827 1879.1166748046876 636.0494750976562 2087.1084228515624 840.2596069335938 0.8094075520833334 1906.4610168457032 443.4753387451172 2129.5793884277346 602.3053619384766 0.8142438616071429 
828 1881.6822265625 628.9387145996094 2090.71181640625 841.7688049316406 0.8045944940476191 1909.601513671875 439.6426315307617 2130.032763671875 595.4646987915039 0.7968517485119048 
829 1876.9673583984375 625.2610504150391 2089.2894775390623 837.5832489013671 0.7980608258928571 1908.174053955078 435.5418182373047 2128.079241943359 598.5749420166015 0.7820405505952381 
830 1877.864483642578 622.0468566894531 2089.708148193359 833.8905212402344 0.8076404389880952 1911.9108032226563 436.1016098022461 2131.3203979492187 594.984358215332 0.7885044642857143 
831 1877.7003295898437 609.1056335449218 2089.306750488281 832.0481750488282 0.8011765252976191 1911.2724243164062 429.6179565429687 2134.215124511719 595.8802124023438 0.7755533854166666 
832 1880.1990905761718 606.4772918701171 2088.6604064941407 830.0994293212891 0.7907831101190477 1910.520819091797 433.5855545043945 2134.1428771972655 588.9839950561524 0.7791806175595238 
833 1891.0417114257812 604.0818176269531 2088.543005371094 824.3716735839844 0.7958984375 1911.7851867675781 429.51532287597655 2132.0750427246094 592.8336151123046 0.7781575520833334 
834 1898.3913208007812 595.0630126953125 2079.858435058594 810.5551513671875 0.8058965773809523 1911.0416259765625 436.27929840087893 2134.0950927734375 591.282438659668 0.7908528645833334 
835 1897.8201049804688 584.9621948242187 2082.695275878906 811.3399291992188 0.8096633184523809 1910.8802368164063 430.27066497802736 2133.485241699219 588.7351028442383 0.7788318452380952 
836 1895.1478332519532 575.2036499023437 2079.7016540527343 808.7209106445313 0.8069428943452381 1914.414532470703 427.4446197509766 2132.866107177734 585.6336883544922 0.7759021577380952 
837 1889.063232421875 580.432177734375 2080.165771484375 805.2588623046875 0.7961542038690477 1911.1135314941407 413.5416976928711 2135.940057373047 585.908772277832 0.7763439360119048 
838 1893.799090576172 580.3757446289062 2077.414410400391 805.2106811523438 0.7961309523809523 1908.788104248047 417.2263610839844 2137.370220947266 582.1053039550782 0.7743210565476191 
839 1892.8147521972655 585.4173919677735 2072.729071044922 799.0654571533203 0.7979445684523809 1910.6908386230468 428.4249267578125 2135.5836975097654 578.3533935546875 0.7798316592261905 
840 1891.9424926757813 590.7658477783203 2074.563610839844 806.9296478271484 0.7870163690476191 1913.4441528320312 419.8990173339844 2133.3348999023438 576.4314270019531 0.7732282366071429 
841 1898.6559020996094 603.4241424560547 2069.9662902832033 808.251821899414 0.7873186383928571 1913.122802734375 417.0738891601562 2132.846923828125 573.4877563476563 0.7738327752976191 
842 1899.0226989746093 610.0764984130859 2070.093145751953 810.8981719970703 0.7936662946428571 1913.469219970703 411.25726623535155 2132.885638427734 574.8897674560546 0.7780412946428571 
843 1900.1445190429688 611.0520904541015 2070.6892211914064 811.2569305419922 0.8021530877976191 1914.9744262695312 416.55118865966796 2130.0092163085938 572.2659805297851 0.7803199404761905 
844 1901.7459838867187 614.8094421386719 2071.895861816406 814.5506652832031 0.8005254836309523 1913.269512939453 411.3693161010742 2131.505267333984 574.1214370727539 0.7873186383928571 
845 1902.8259216308593 613.5920104980469 2069.078497314453 805.7062072753906 0.794921875 1914.335675048828 418.92017974853513 2128.616839599609 574.0893112182617 0.7869698660714286 
846 1906.4114868164063 620.6878356933594 2065.336804199219 805.4847717285156 0.7991768973214286 1914.2297485351562 421.81788482666013 2128.5942260742186 580.7432418823242 0.7915969122023809 
847 1905.2011474609376 615.9488647460937 2074.9292236328124 811.5052368164063 0.8051060267857143 1913.8577941894532 417.83798828125 2131.5527282714843 583.8764892578125 0.7795758928571429 
848 1903.860107421875 611.0654876708984 2069.299072265625 809.5921661376954 0.7992699032738095 1914.889422607422 430.35533447265624 2131.798199462891 577.4121215820312 0.7688337053571429 
849 1904.6506408691407 612.058218383789 2069.840936279297 806.6155487060547 0.7932710193452381 1915.663397216797 424.27793884277344 2132.2459045410155 582.1262969970703 0.7652529761904762 
850 1905.9495971679687 614.1417083740234 2067.593615722656 808.8493194580078 0.7969447544642857 1916.5469299316405 420.1406021118164 2133.296697998047 581.7846603393555 0.7814360119047619 
851 1903.2649169921874 610.4689819335938 2068.4328369140626 808.6704223632812 0.8007347470238095 1917.0994873046875 410.1499282836914 2133.6529541015625 582.6586349487304 0.7736235119047619 
852 1902.3420654296874 607.8841705322266 2075.1144775390626 813.7406463623047 0.7937360491071429 1913.7942321777343 401.1793685913086 2134.354815673828 584.9798416137695 0.7569986979166666 
853 1901.4962829589845 605.7464141845703 2070.722100830078 808.0815277099609 0.7912713913690477 1919.4659362792968 433.832258605957 2129.1586975097657 580.9850936889649 0.7544410342261905 
854 1900.68798828125 620.0822326660157 2073.947265625 815.4597595214843 0.8008277529761905 1915.0080322265626 416.0558380126953 2136.1902099609374 585.628793334961 0.7937360491071429 
855 1903.3966247558594 612.4599609375 2072.9550598144533 815.1929931640625 0.7987351190476191 1914.4547729492188 419.08380432128905 2135.6182250976562 577.5842254638671 0.7835751488095238 
856 1903.4791748046875 612.4872589111328 2073.2351806640627 811.7659759521484 0.7936197916666666 1920.653497314453 409.5182373046875 2138.3839782714845 571.893505859375 0.7981538318452381 
857 1901.7994323730468 604.9942260742188 2067.8076232910157 800.5150512695312 0.8006649925595238 1918.1165161132812 413.8718200683594 2139.4608764648438 568.8128723144531 0.79736328125 
858 1904.4146850585937 593.7648681640625 2070.413195800781 800.3410888671875 0.8018973214285714 1917.46748046875 405.9167724609375 2142.4880859375 568.22666015625 0.7910853794642857 
859 1903.8702880859375 586.9615264892578 2072.9534423828127 796.4777435302734 0.7788550967261905 1916.8767028808593 410.3854644775391 2144.771368408203 557.4144012451172 0.7802501860119048 
860 1899.255419921875 573.8824645996094 2075.622509765625 794.3411682128906 0.7793898809523809 1915.0832824707031 405.85338134765624 2150.2393493652344 563.8487670898437 0.7765066964285714 
861 1906.7449768066406 568.0102294921875 2079.1220886230467 780.7309814453125 0.78759765625 1916.4781860351563 382.37327728271487 2151.2046752929687 565.7532180786133 0.7682524181547619 
862 1907.3632690429688 560.0521087646484 2078.5109985351564 771.2556915283203 0.7780645461309523 1919.4080505371094 392.26573486328124 2156.101837158203 552.4891479492187 0.7579520089285714 
863 1907.3068481445312 557.4796508789062 2085.346228027344 768.2199340820313 0.7891090029761905 1921.0022399902343 393.27542266845705 2149.909991455078 549.5139755249023 0.7722051711309523 
864 1914.3039978027343 550.5589996337891 2083.930987548828 763.4950164794922 0.7893880208333334 1924.2984130859375 402.3089096069336 2151.6708251953123 528.6269119262695 0.7534877232142857 
865 1917.3499938964844 553.1642456054688 2090.0187805175783 769.0004272460938 0.7875046502976191 1927.7267150878906 398.2049530029297 2154.354705810547 542.0957672119141 0.7598586309523809 
866 1916.3950927734375 556.5678802490235 2088.2889892578123 767.8542999267578 0.7726004464285714 1929.479931640625 403.9568557739258 2155.090869140625 529.2962875366211 0.7561848958333334 
867 1909.2222229003905 554.1848510742187 2088.298651123047 765.4948364257813 0.7869001116071429 1929.0583801269531 403.8985000610352 2151.1128845214844 532.8334030151367 0.7594633556547619 
868 1912.4968872070312 560.0156311035156 2084.0311889648438 767.2861267089844 0.7912248883928571 1925.5543029785156 398.6524856567383 2150.6931335449217 527.3031723022461 0.7616722470238095 
869 1912.5012512207031 560.121435546875 2080.5435485839844 767.4927001953125 0.7729957217261905 1924.3274353027343 395.10449066162107 2156.726397705078 530.9684158325196 0.7407459077380952 
870 1909.7301452636718 563.2269134521484 2081.4804260253904 774.3368682861328 0.7744140625 1921.978338623047 384.3202102661133 2154.5569396972655 523.8674423217774 0.7580217633928571 
871 1909.5323608398437 568.1272796630859 2081.319934082031 779.2829376220703 0.7706705729166666 1921.7831665039062 388.76882019042966 2154.412390136719 531.9252105712891 0.7677408854166666 
872 1911.0633117675782 563.0864929199219 2083.8066833496096 782.6143127441406 0.7799014136904762 1922.9671508789063 380.7925430297852 2160.489147949219 524.7452072143554 0.7715076264880952 
873 1905.5477600097656 572.4625946044922 2082.105438232422 788.6557525634765 0.7797619047619048 1924.2567199707032 375.2556686401367 2154.8627868652343 522.9876480102539 0.7737630208333334 
874 1905.6742919921876 573.801806640625 2082.0420166015624 789.76240234375 0.7654854910714286 1922.0097595214843 372.10019836425784 2148.768194580078 512.4745697021484 0.7672293526785714 
875 1907.4447631835938 578.1694519042969 2077.2239379882812 791.2966125488281 0.7515578497023809 1923.4222595214844 369.7660171508789 2147.3864562988283 510.64673309326173 0.7601376488095238 
876 1902.9801513671875 576.1277313232422 2082.8162353515627 795.5277252197266 0.7456984747023809 1926.9120849609376 357.5577697753906 2139.1186767578124 505.0233459472656 0.76220703125 
877 1900.2036987304687 581.32294921875 2076.7291625976563 786.668994140625 0.7470470610119048 1925.698797607422 353.2529724121094 2145.4551330566405 493.75294799804686 0.7684151785714286 
878 1900.332470703125 580.3217620849609 2080.633837890625 793.0773468017578 0.7511393229166666 1932.2319946289062 350.92303466796875 2148.5934448242188 484.34600830078125 0.7809942336309523 
879 1897.7359741210937 578.1558502197265 2077.508898925781 790.2879364013672 0.7552083333333334 1932.7225524902344 349.42935943603516 2144.8547180175783 482.4613571166992 0.7731817336309523 
880 1898.6394653320312 577.1244689941407 2078.6669311523438 796.7579772949218 0.75732421875 1934.0910278320312 352.505615234375 2142.922888183594 478.52484130859375 0.7803664434523809 
881 1900.1309020996093 577.1275512695313 2080.066485595703 796.6491821289062 0.7498604910714286 1937.9172973632812 346.67139739990233 2150.2416381835938 476.2251174926758 0.8011067708333334 
882 1900.574658203125 578.2270538330079 2077.835498046875 791.6632659912109 0.7643926711309523 1937.7243896484374 348.09429931640625 2154.7780517578126 481.94415283203125 0.7925037202380952 
883 1903.8755004882812 577.208871459961 2081.4235717773436 794.6144317626953 0.7605794270833334 1937.8800720214845 349.07241973876955 2158.909112548828 490.3860458374023 0.8055013020833334 
884 1904.2753295898438 580.9948822021485 2078.3201293945312 791.2990020751953 0.7538132440476191 1937.4665222167969 344.19352569580076 2162.2743225097656 503.73460540771487 0.8072219122023809 
885 1907.7957763671875 582.5832489013671 2082.0421142578125 793.1308013916016 0.7494652157738095 1938.65185546875 351.93028717041017 2160.08984375 504.39579315185546 0.8011765252976191 
886 1904.4625427246094 578.3819519042969 2082.9648254394533 793.3131164550781 0.7438151041666666 1938.6497375488282 353.36270904541016 2160.8667419433596 502.72167205810547 0.8010370163690477 
887 1900.3393615722657 577.560433959961 2083.093621826172 796.8655303955078 0.7553245907738095 1940.2640686035156 353.0538558959961 2166.879364013672 495.60218048095703 0.7985491071428571 
888 1898.7067626953126 586.1182373046875 2078.3816162109374 791.4611083984375 0.7402808779761905 1939.182928466797 359.620671081543 2159.1931701660155 498.96041412353514 0.7866443452380952 
889 1897.8914733886718 582.5554046630859 2078.0676330566407 792.1482696533203 0.7476981026785714 1941.3091247558593 361.9313278198242 2161.933184814453 497.98282623291016 0.7866675967261905 
890 1903.0587036132813 587.9938232421875 2069.804333496094 788.0884521484375 0.7433733258928571 1939.4008056640625 364.38383026123046 2161.7281005859377 501.48570709228517 0.7726934523809523 
891 1899.7500305175781 590.3046997070312 2070.8836364746094 783.7599975585938 0.7469075520833334 1943.248876953125 364.9407241821289 2159.026025390625 502.59159393310546 0.7765764508928571 
892 1899.26650390625 581.6171417236328 2072.327734375 788.5384368896484 0.7544642857142857 1940.3612182617187 370.35485076904297 2158.569201660156 502.03202056884766 0.7577659970238095 
893 1903.3872131347657 596.6311981201172 2068.520379638672 780.5293853759765 0.7546502976190477 1940.195819091797 363.7994140625 2161.624127197266 513.9203735351563 0.7800176711309523 
894 1896.6742065429687 590.8251281738281 2073.387561035156 782.5778259277344 0.7644856770833334 1940.6356384277344 367.54747009277344 2162.4670227050783 514.1819000244141 0.7794596354166666 
895 1903.5588745117188 599.4142059326172 2073.847131347656 781.0548492431641 0.7352818080357143 1937.325390625 363.77623443603517 2168.16044921875 518.9275924682618 0.7808082217261905 
896 1894.7763061523438 581.6600860595703 2072.3630981445312 782.9253021240235 0.7640671502976191 1937.4273864746094 363.85039672851565 2166.3173645019533 505.91998901367185 0.7921084449404762 
897 1897.2505310058593 590.7980163574218 2072.831622314453 781.6468078613282 0.7434895833333334 1938.0628051757812 367.0645034790039 2167.0814819335938 512.1095993041993 0.7789015997023809 
898 1893.6021423339844 591.805874633789 2072.456085205078 782.8542205810547 0.7766462053571429 1938.4719787597655 363.39208068847654 2162.039129638672 501.59729919433596 0.79931640625 
899 1897.5738159179687 582.56806640625 2069.0401977539063 773.085986328125 0.7706938244047619 1937.8757080078126 368.0155090332031 2166.4973388671874 512.8091979980469 0.7905970982142857 
900 1894.8866638183595 583.3040954589844 2069.361993408203 772.9512756347656 0.7636951264880952 1937.4842651367187 366.8145294189453 2172.646838378906 510.94639587402344 0.7873883928571429 
901 1900.832989501953 591.7614318847657 2071.429583740234 773.7311218261718 0.7536969866071429 1940.4930847167968 365.3199157714844 2171.7462951660154 513.1703186035156 0.7938523065476191 
902 1903.1921142578126 586.5475189208985 2076.0432373046874 781.9444854736328 0.7524879092261905 1942.5027465820312 360.51141357421875 2175.4760131835938 510.8167724609375 0.7828776041666666 
903 1900.051806640625 580.4137634277344 2078.951611328125 781.6762023925781 0.7516043526785714 1939.472900390625 363.23963928222656 2174.279052734375 508.59580993652344 0.7777622767857143 
904 1900.553955078125 573.267788696289 2074.663818359375 784.4223358154297 0.7550688244047619 1948.284600830078 364.820329284668 2177.9613708496095 505.5900405883789 0.7847377232142857 
905 1906.0232788085937 593.6925811767578 2075.8710083007813 778.3097991943359 0.7371651785714286 1947.0650024414062 357.3825744628906 2179.6828002929688 497.6916442871094 0.7743675595238095 
906 1909.1174438476562 591.7597351074219 2078.4579956054686 783.1883850097656 0.7347237723214286 1947.6296081542969 347.2351272583008 2175.8714904785156 498.1692611694336 0.7838774181547619 
907 1905.135595703125 591.8390350341797 2074.301904296875 786.7481842041016 0.7375139508928571 1946.01279296875 344.73726348876954 2177.69716796875 499.1935531616211 0.7710425967261905 
908 1908.5442687988282 589.5603149414062 2069.7031677246096 783.6837036132813 0.7479306175595238 1948.411444091797 350.3575210571289 2179.1619201660155 493.20299530029297 0.7607189360119048 
909 1903.2541137695312 588.5084106445313 2072.000524902344 786.6019409179687 0.7512323288690477 1947.2749145507812 356.6937652587891 2174.7155639648436 485.0877288818359 0.7417224702380952 
910 1912.5524536132812 607.132601928711 2067.213415527344 776.5232208251953 0.7381184895833334 1946.9688781738282 356.87075958251955 2171.5954528808593 485.75488128662107 0.7260509672619048 
911 1909.5891845703125 592.6867889404297 2065.1759521484373 777.9090972900391 0.7417922247023809 1947.0610290527343 349.90315399169924 2173.032354736328 490.6720718383789 0.7585797991071429 
912 1905.9536193847657 586.4311340332031 2070.471063232422 788.3391296386719 0.7406994047619048 1945.069561767578 352.59752502441404 2169.411761474609 487.2028289794922 0.7700427827380952 
913 1904.9324523925782 588.7410888671875 2070.8711364746096 784.850341796875 0.7387230282738095 1944.386376953125 352.01754608154295 2170.666357421875 487.7854629516602 0.7633463541666666 
914 1898.0326538085938 588.143521118164 2068.6433715820312 785.2935516357422 0.7440708705357143 1947.7576232910155 357.30886993408205 2167.655828857422 482.4232772827148 0.7434430803571429 
915 1901.7832641601562 591.2898773193359 2069.4010620117188 789.3836456298828 0.7301199776785714 1944.1273498535156 355.54073333740234 2176.506317138672 488.87305450439453 0.7696707589285714 
916 1899.4852111816406 595.3997772216796 2071.2275573730467 786.6583892822266 0.72998046875 1947.6751220703125 352.49830932617186 2170.1598388671873 489.1116149902344 0.7735770089285714 
917 1905.4253356933593 597.4476135253906 2074.017657470703 789.5643493652344 0.7371651785714286 1947.3471984863281 350.89283142089846 2170.8299255371094 484.1982940673828 0.7775065104166666 
918 1902.4321716308593 593.8250152587891 2076.781817626953 787.5469940185546 0.7302362351190477 1947.2862854003906 351.0764877319336 2172.003631591797 478.9330032348633 0.7606956845238095 
919 1900.3564147949219 600.1902526855469 2076.5157775878906 788.3606506347656 0.7299339657738095 1949.7857727050782 350.11767578125 2177.9924255371093 490.24456787109375 0.7809942336309523 
920 1898.0311584472656 598.8618530273437 2074.404754638672 790.9130493164063 0.7239350818452381 1949.4357360839845 351.93897247314453 2176.761651611328 489.11837005615234 0.7835751488095238 
921 1885.9079956054688 602.4028961181641 2078.400354003906 786.8747528076171 0.7442801339285714 1952.6941650390625 351.45335388183594 2181.2789794921873 491.8123321533203 0.7882254464285714 
922 1889.2588439941405 602.3302734375 2074.828924560547 783.951953125 0.7342354910714286 1951.520526123047 342.6537322998047 2176.573345947266 484.7924346923828 0.7815522693452381 
923 1889.18212890625 607.423974609375 2075.11767578125 777.5351318359375 0.7365141369047619 1952.0229125976562 343.28008422851565 2173.562780761719 481.74262084960935 0.7878999255952381 
924 1891.7998474121093 601.3896179199219 2071.519610595703 777.1157531738281 0.7396763392857143 1950.7847412109375 352.39310150146486 2178.4301025390623 476.200129699707 0.7918294270833334 
925 1896.9848388671876 612.3337707519531 2079.8525634765624 783.2753601074219 0.7233305431547619 1950.0409545898438 351.33447418212893 2176.6380004882812 478.5467819213867 0.7940383184523809 
926 1890.6981872558595 602.9496612548828 2073.628594970703 777.9263763427734 0.7357933407738095 1949.4316955566405 351.4971160888672 2180.082830810547 478.75294494628906 0.7954334077380952 
927 1882.0973815917969 592.4568542480469 2068.6510314941406 775.0413146972656 0.7526274181547619 1950.7955688476563 348.5020126342773 2177.0415893554687 475.5173049926758 0.7841564360119048 
928 1893.7520751953125 609.8648284912109 2076.0789794921875 784.2643829345703 0.7268647693452381 1952.7491943359375 346.588671875 2178.6756103515627 477.38831787109376 0.7898530505952381 
929 1894.6758850097656 613.0492980957031 2076.9870788574217 787.4338562011719 0.7203543526785714 1953.6679321289062 343.2410949707031 2179.574987792969 477.9927917480469 0.7936430431547619 
930 1895.0027648925782 611.569058227539 2076.9184997558596 785.5755340576172 0.7195638020833334 1954.3230712890625 342.34569244384767 2175.7858154296873 476.8052780151367 0.7881556919642857 
931 1896.606707763672 612.0986022949219 2081.453472900391 781.2136535644531 0.7014741443452381 1956.5079467773437 344.35838012695314 2172.817980957031 474.14430541992186 0.7802501860119048 
932 1894.4065307617188 607.20390625 2075.200158691406 780.1369140625 0.74951171875 1959.4075866699218 336.1647018432617 2179.5041564941407 473.7250381469727 0.7929920014880952 
933 1897.6449157714844 610.2911560058594 2073.5700500488283 778.3975646972656 0.7457914806547619 1958.8428161621093 334.67491912841797 2177.772052001953 467.59622955322266 0.7970377604166666 
934 1889.8116760253906 601.2095550537109 2072.837615966797 780.3412872314453 0.7568126860119048 1959.7568725585938 323.67506408691406 2185.618859863281 467.7593231201172 0.810546875 
935 1890.2083251953125 604.9126739501953 2072.6202880859373 779.5624847412109 0.7477446056547619 1959.47119140625 325.3236343383789 2188.45654296875 465.043522644043 0.7993629092261905 
936 1902.1098937988281 618.3565704345704 2083.4441833496094 784.2583587646484 0.6874534970238095 1959.537420654297 325.1349212646484 2183.3118225097655 460.1712310791016 0.7710890997023809 
937 1899.6381225585938 613.5634185791016 2080.0686645507812 782.4771697998046 0.6454845610119048 1960.175341796875 328.5953338623047 2178.995556640625 459.11957092285155 0.7555803571428571 
938 1897.0448059082032 611.3386993408203 2078.1010681152343 784.6904144287109 0.6970796130952381 1960.310791015625 325.82679443359376 2183.741943359375 456.80369873046874 0.7646484375 
939 1898.4822021484374 604.6880004882812 2078.4845947265626 788.5202514648438 0.7024972098214286 1964.3259582519531 319.6596481323242 2186.4566345214844 446.04430084228517 0.7598121279761905 
940 1884.6898620605468 594.3086029052735 2072.0871154785154 785.5300811767578 0.7453962053571429 1968.5331604003907 312.6245834350586 2194.174725341797 446.4796340942383 0.7759719122023809 
941 1896.5732177734376 603.7084991455079 2072.4204345703124 783.3783538818359 0.7267717633928571 1967.735369873047 312.44334564208987 2189.455670166016 442.41728057861326 0.7769949776785714 
942 1882.5410522460938 590.8703582763671 2070.526574707031 782.6923248291016 0.7422805059523809 1967.090283203125 311.69575653076174 2189.603564453125 442.13465728759763 0.7706473214285714 
943 1895.1018615722655 599.7255554199219 2074.508367919922 786.7663879394531 0.7197265625 1969.0959594726562 309.3278335571289 2194.3085815429686 442.92842254638674 0.7928059895833334 
944 1896.0216186523437 599.1915771484375 2075.832629394531 782.8283203125 0.7223307291666666 1967.6811218261719 311.082080078125 2189.5753479003906 441.15809326171876 0.7756463913690477 
945 1902.810723876953 601.4848205566407 2078.6720642089845 781.1693542480468 0.7329334077380952 1964.71513671875 313.5777923583984 2190.2765625 439.7392852783203 0.7773902529761905 
946 1903.4975280761719 588.4561492919922 2075.6134338378906 772.0464752197265 0.7459542410714286 1964.9884338378906 315.1300903320313 2190.651580810547 445.1732543945312 0.7765066964285714 
947 1897.993505859375 579.4495788574219 2073.970849609375 770.7293762207031 0.7475120907738095 1968.7669494628906 309.00948944091795 2194.4770690917967 446.7308975219727 0.7854585193452381 
948 1897.6387451171875 577.7466430664062 2073.2587158203123 764.8200073242188 0.7470703125 1972.0863952636719 311.23316497802733 2189.7023010253906 441.0392044067383 0.7883649553571429 
949 1901.634454345703 565.293896484375 2076.7531188964845 759.4474365234375 0.7294224330357143 1972.50185546875 302.9085098266602 2193.30380859375 436.15109100341795 0.7905505952380952 
950 1904.3330200195312 535.1266510009766 2074.5685913085936 739.4095428466796 0.7549990699404762 1971.4088562011718 296.06917572021484 2190.8236877441404 428.47473907470703 0.7856212797619048 
951 1910.7115844726563 519.1359008789062 2083.3516479492187 736.8125854492188 0.7389555431547619 1971.9151977539063 292.3653839111328 2189.5918823242187 423.7219573974609 0.7817847842261905 
952 1929.379705810547 510.8041473388672 2093.0608459472655 726.5656646728515 0.7297712053571429 1969.5846923828126 290.0348434448242 2181.6262451171874 435.11588287353516 0.7741815476190477 
953 1939.2288452148437 510.0362915039062 2094.7626098632813 721.1177612304688 0.7211449032738095 1972.2727111816407 299.6669204711914 2187.057244873047 432.9815475463867 0.7689267113095238 
954 1938.9930358886718 502.5664916992188 2098.0251525878907 717.0747436523437 0.7242373511904762 1972.8477722167968 304.27429962158203 2183.6577209472657 437.4173812866211 0.7561151413690477 
955 1948.2857421875 506.9329528808594 2099.0501953125 709.1780090332031 0.7239815848214286 1971.7631286621095 305.6779098510742 2188.716973876953 438.0564956665039 0.7707635788690477 
956 1947.1508850097657 502.98330078125 2100.121942138672 710.5868896484375 0.7387230282738095 1970.4047546386719 308.40755767822264 2188.9347229003906 454.09424285888673 0.7779250372023809 
957 1958.5776977539062 505.43804321289065 2100.6715698242188 705.8267272949219 0.7292596726190477 1973.0113403320313 309.95394134521484 2184.330212402344 455.69116973876953 0.7676943824404762 
958 1950.5056640625 505.50860900878905 2099.0509765625 704.7768524169921 0.7466982886904762 1973.2194030761718 308.33065032958984 2190.6029846191404 453.2529983520508 0.7740652901785714 
959 1946.01162109375 507.7165588378906 2102.2515625 703.9246765136719 0.7509068080357143 1972.42421875 307.1762390136719 2190.433203125 448.8821105957031 0.7791573660714286 
960 1950.021533203125 512.9151000976562 2102.648388671875 709.1497192382812 0.7522786458333334 1973.2230590820313 306.7568832397461 2191.2615600585937 448.481916809082 0.7957821800595238 
961 1944.51630859375 515.9552734375 2101.0837890625 712.5748779296875 0.74658203125 1973.785302734375 313.0338104248047 2192.251318359375 447.7546417236328 0.7998279389880952 
962 1941.1732421875 528.7758941650391 2101.92001953125 711.4427947998047 0.7344680059523809 1977.4256286621094 315.055615234375 2189.319122314453 450.22911376953124 0.7892950148809523 
963 1941.4667175292968 534.825650024414 2095.1261779785154 710.4364959716797 0.72607421875 1976.504412841797 311.090673828125 2192.359478759766 450.1159301757813 0.7878766741071429 
964 1939.2888549804688 541.0768798828125 2097.275354003906 713.7597900390625 0.7163783482142857 1977.3016967773438 297.73816986083983 2197.7478637695312 448.37642364501954 0.8142671130952381 
965 1929.6290588378906 540.8134643554688 2091.898162841797 710.4583862304687 0.7228422619047619 1976.7211059570313 296.55891571044924 2197.9969116210937 444.07618560791013 0.8089657738095238 
966 1926.7003173828125 540.1721069335938 2092.6375732421875 713.4843872070312 0.7263997395833334 1977.47431640625 300.91046752929685 2195.03642578125 433.6602722167969 0.8029436383928571 
967 1931.2153686523438 549.3031188964844 2096.977746582031 715.0656555175781 0.7325148809523809 1975.8436584472656 297.25915374755857 2196.860321044922 437.23636016845705 0.7969680059523809 
968 1936.6375793457032 546.0688079833984 2102.5419860839843 715.6600128173828 0.7152157738095238 1976.4829162597657 297.07036743164065 2190.315301513672 437.16742553710935 0.7966889880952381 
969 1929.591973876953 543.9422027587891 2095.7096618652345 710.0598114013671 0.7330496651785714 1977.5814147949218 291.3582489013672 2195.3801330566407 431.6353424072266 0.8026181175595238 
970 1931.783642578125 543.7034729003906 2093.886279296875 709.4901306152344 0.7387927827380952 1976.4184814453124 295.3069381713867 2193.7831787109376 427.9362564086914 0.7868536086309523 
971 1930.2657592773437 530.8834716796875 2092.220812988281 714.923291015625 0.7118908110119048 1976.8418701171875 290.49926910400393 2201.3705322265623 423.00790252685545 0.7878534226190477 
972 1931.0941772460938 534.6610900878907 2089.2000122070312 718.5049255371093 0.7293526785714286 1977.6208862304688 297.7853485107422 2198.233361816406 426.47606506347654 0.7941545758928571 
973 1931.669256591797 534.0873321533203 2089.9548889160155 725.502572631836 0.7363513764880952 1978.2489013671875 291.2788345336914 2199.1124267578125 427.47815399169923 0.8000139508928571 
974 1932.5009704589843 528.0307586669921 2094.310186767578 733.9699127197266 0.7363513764880952 1979.0353637695312 287.15552978515626 2203.361853027344 423.2224609375 0.8078264508928571 
975 1935.247381591797 533.2553131103516 2089.1912170410155 723.8526580810546 0.7055431547619048 1978.8084045410155 288.66480560302733 2195.063055419922 424.2821243286133 0.7869931175595238 
976 1941.28896484375 522.8764434814453 2090.92734375 727.2605804443359 0.7346307663690477 1981.8569580078124 287.04862518310546 2193.5405029296876 418.4384048461914 0.7870628720238095 
977 1940.1647583007812 519.516455078125 2093.264196777344 723.648828125 0.7373046875 1983.4869750976563 287.20372009277344 2198.5547729492187 414.7864532470703 0.8056408110119048 
978 1929.4004760742187 517.7500213623047 2091.6310180664063 723.2419830322266 0.7449776785714286 1981.3974365234376 285.21964263916016 2197.7046142578124 415.00402069091797 0.8001767113095238 
979 1937.464422607422 520.5459442138672 2091.8716369628905 721.6345367431641 0.7457682291666666 1982.9027282714844 284.9297103881836 2198.3547180175783 421.38269805908203 0.8067568824404762 
980 1930.9355163574219 514.9520446777344 2092.2032775878906 729.9755676269531 0.7461635044642857 1985.7940185546875 281.8720001220703 2197.2338134765623 414.46985778808596 0.8015252976190477 
981 1935.484844970703 515.96044921875 2093.297259521484 723.98583984375 0.7433733258928571 1984.0424072265625 279.103955078125 2199.2412841796877 411.80980224609374 0.7937593005952381 
982 1926.5512145996095 513.7245269775391 2090.914727783203 724.5388397216797 0.7566964285714286 1987.1568298339844 275.83702545166017 2197.971221923828 404.4694625854492 0.8066638764880952 
983 1928.4618896484376 516.5227478027343 2092.6421142578124 727.1016418457032 0.7594633556547619 1988.9999206542968 267.5070205688477 2199.5788146972654 399.5649703979492 0.8004557291666666 
984 1927.8419616699218 515.2334838867188 2092.3178283691404 729.7671264648437 0.7518136160714286 1988.0764404296874 268.5197463989258 2202.6100830078126 404.3910507202148 0.8053850446428571 
985 1930.35400390625 521.478662109375 2091.298828125 728.918798828125 0.7656017485119048 1987.4412780761718 266.0302795410156 2202.0344299316407 398.36272583007815 0.7964332217261905 
986 1929.8109313964844 520.5296630859375 2094.3547180175783 731.574951171875 0.7688337053571429 1990.0703735351562 261.8821731567383 2204.6925659179688 401.38671722412107 0.8054315476190477 
987 1929.5091857910156 521.5018981933594 2090.337371826172 725.2177062988281 0.7684151785714286 1989.304296875 259.9153656005859 2203.74208984375 395.72593078613284 0.8036411830357143 
988 1928.819024658203 517.6740814208985 2092.8737243652345 731.6582550048828 0.7666945684523809 1988.4877380371095 257.05234375 2206.038262939453 399.7084594726563 0.8090355282738095 
989 1928.2880432128907 513.5932800292969 2088.529705810547 727.2488830566406 0.7698567708333334 1991.0149963378906 265.1501953125 2201.1098815917967 400.4654052734375 0.7908296130952381 
990 1930.52578125 516.5084533691406 2090.593359375 729.9317321777344 0.7571149553571429 1989.6276245117188 262.4526962280273 2206.6079711914062 401.1778274536133 0.8060825892857143 
991 1927.877880859375 516.8080108642578 2091.326220703125 730.001742553711 0.7614862351190477 1990.4693359375 263.4354415893555 2203.66298828125 398.45814361572263 0.7998511904761905 
992 1928.697998046875 522.2414642333985 2092.162841796875 731.9028839111328 0.7638346354166666 1993.6192321777344 259.8230255126953 2210.387725830078 398.4127532958984 0.8033156622023809 
993 1931.2347229003906 521.382437133789 2096.4897644042967 733.3402801513672 0.7523018973214286 1994.9324951171875 250.1482696533203 2206.8902587890625 393.84849548339844 0.8122674851190477 
994 1931.5744934082031 517.6983642578125 2093.0914001464844 736.643310546875 0.7568126860119048 1991.2114868164062 250.2984359741211 2210.1564331054688 393.86889190673827 0.7985723586309523 
995 1929.1400085449218 522.3326721191406 2093.9738830566407 733.7500915527344 0.7541852678571429 1991.0216430664063 246.2771484375 2216.7725463867187 389.61103515625 0.7957124255952381 
996 1931.6691040039063 523.4316711425781 2093.1055541992187 731.5054626464844 0.7404203869047619 1987.2750549316406 249.81740112304686 2216.873748779297 389.72910766601564 0.7950148809523809 
997 1932.0989624023437 519.1588806152344 2093.1932739257813 733.9513488769531 0.7580682663690477 1990.7538024902344 249.70452880859375 2216.2858703613283 389.31964111328125 0.7882952008928571 
998 1930.49599609375 516.0116546630859 2092.042578125 731.4072296142579 0.7534412202380952 1992.49130859375 251.32353820800782 2215.066796875 391.33069763183596 0.7869698660714286 
999 1930.5096496582032 523.5178344726562 2093.7416931152343 729.3320190429688 0.7550223214285714 1994.9289978027343 256.0138824462891 2214.937335205078 390.8576995849609 0.7973400297619048 
1000 1932.9360290527343 515.1449554443359 2094.427862548828 730.4675323486329 0.7472795758928571 1992.1497863769532 252.89305267333984 2214.6498962402343 396.44145050048826 0.7970377604166666 
1001 1933.1717590332032 523.0958770751953 2096.6069274902343 729.1662689208985 0.7504650297619048 1992.6152282714843 257.5820617675781 2209.344366455078 396.1466369628906 0.7928989955357143 
1002 1933.272479248047 512.6500793457031 2091.427349853516 731.9103454589844 0.7540922619047619 1995.7602661132812 253.57466583251954 2211.4260131835936 393.75745697021483 0.7996186755952381 
1003 1933.0904479980468 525.0589233398438 2094.3505920410157 732.9053100585937 0.7527901785714286 1989.4625427246094 251.33031616210937 2211.6430480957033 394.6726135253906 0.7849469866071429 
1004 1930.5436157226563 519.7055511474609 2095.9790893554687 731.8946075439453 0.7492094494047619 1993.8961181640625 254.5384048461914 2209.6815185546875 391.2025314331055 0.7941313244047619 
1005 1933.6307495117187 519.7513275146484 2099.902209472656 729.3981475830078 0.7444428943452381 1991.3252380371093 249.62953491210936 2211.815997314453 390.5989196777344 0.7939918154761905 
1006 1931.695538330078 527.3445190429687 2097.772601318359 725.9147583007813 0.7344680059523809 1992.0997802734375 245.59685974121095 2212.3323486328127 382.7908966064453 0.7935732886904762 
1007 1928.6982116699219 521.3864776611329 2094.4981994628906 726.8341644287109 0.7469773065476191 1994.1309631347656 249.67432250976563 2217.6003601074217 383.03508911132815 0.7966192336309523 
1008 1932.9073608398437 521.4003753662109 2093.726184082031 728.6779327392578 0.7599051339285714 1994.6232482910157 248.83322143554688 2216.195965576172 388.2095031738281 0.7995256696428571 
1009 1931.4678894042968 521.3054046630859 2096.0542053222657 728.8273468017578 0.7508603050595238 1993.2566955566406 245.66444549560546 2218.6684753417967 385.20509185791013 0.7942010788690477 
1010 1929.3277465820313 517.3662719726562 2098.098278808594 729.2272338867188 0.7548828125 1998.1065979003906 244.32252044677733 2217.149139404297 380.77534942626954 0.7981538318452381 
1011 1930.4598022460937 514.5530578613282 2095.5848754882813 729.9336364746093 0.7639508928571429 1995.2119750976562 241.18531188964843 2221.3615112304688 384.7723907470703 0.8053617931547619 
1012 1931.1786071777344 517.4603607177735 2092.1867492675783 728.5598419189453 0.7779715401785714 1995.3066772460938 238.65497970581055 2220.717980957031 385.35120010375977 0.8011532738095238 
1013 1931.8468322753906 518.0804321289063 2092.700408935547 728.9771850585937 0.7632300967261905 1992.3386535644531 230.46897735595704 2224.6827087402344 384.1733871459961 0.7958751860119048 
1014 1932.4166320800782 518.7920471191406 2089.5676208496093 725.9457458496094 0.7647414434523809 1995.1945678710938 225.09539489746095 2227.3496215820314 382.2464630126953 0.7988048735119048 
1015 1930.8192260742187 520.5428100585938 2094.970568847656 727.5163940429687 0.7712983630952381 1993.9542846679688 227.10146865844726 2229.4761352539062 384.11592330932615 0.8039434523809523 
1016 1932.7520324707032 519.1386627197265 2089.5500915527346 729.3905731201172 0.7691127232142857 1994.97783203125 223.77170333862304 2230.175 380.5697425842285 0.8064313616071429 
1017 1929.5350036621094 515.9418395996094 2090.018829345703 729.9202209472656 0.7691127232142857 1994.963037109375 220.349853515625 2230.339208984375 380.83367919921875 0.8086170014880952 
1018 1933.7577392578125 517.962515258789 2087.1812255859377 724.9057098388672 0.7682756696428571 1996.0602966308593 221.81964340209962 2227.979376220703 378.8110481262207 0.8028738839285714 
1019 1930.131005859375 519.5873077392578 2090.401708984375 729.7198822021485 0.76708984375 1995.4721130371095 218.4976837158203 2230.535821533203 378.7683074951172 0.8027808779761905 
1020 1931.1470886230468 518.7258117675781 2091.5947326660157 732.6562683105469 0.7745070684523809 1996.5604248046875 214.56058044433593 2231.8839111328125 378.5739410400391 0.8020135788690477 
1021 1930.6390869140625 524.8613250732421 2094.5552490234377 731.5383941650391 0.7660202752976191 1996.0137084960938 214.57159881591798 2234.761437988281 378.48787994384764 0.8079659598214286 
1022 1931.1044921875 521.7532104492187 2095.04541015625 732.0253540039063 0.775390625 1996.4890625 217.7222053527832 2235.27265625 378.0992515563965 0.8097795758928571 
1023 1930.8108947753906 518.603872680664 2098.0591003417967 732.1121307373047 0.7718796502976191 1996.5056518554688 212.3017478942871 2234.923303222656 375.99135818481443 0.8069196428571429 
1024 1930.8288452148438 518.379769897461 2094.4990356445314 731.8624786376953 0.7682059151785714 1996.1053833007813 211.70354385375975 2234.4944702148437 378.9316947937012 0.8014322916666666 
1025 1929.6987365722657 513.7387817382812 2090.147332763672 731.2358276367188 0.76953125 1997.8550964355468 219.85731887817383 2233.1796936035157 369.6093406677246 0.8065011160714286 
1026 1933.3722595214845 513.9463195800781 2091.242120361328 729.2231140136719 0.7563941592261905 1996.0234436035157 213.80072326660155 2232.827996826172 375.25835876464845 0.7918526785714286 
1027 1933.1764343261718 522.7040130615235 2090.7270080566404 726.8036163330078 0.7549758184523809 1998.4552734375 213.6624626159668 2234.7810546875 374.7937294006348 0.7880626860119048 
1028 1932.5380493164062 517.5371734619141 2093.724401855469 732.4523895263671 0.7504417782738095 1995.4972045898437 215.5536796569824 2231.903918457031 373.1581886291504 0.7859933035714286 
1029 1933.3487670898437 520.3330230712891 2090.860461425781 727.9620819091797 0.7521391369047619 1995.444677734375 211.78089752197266 2235.292138671875 372.87239227294924 0.7826450892857143 
1030 1931.8208984375 517.6907470703125 2089.1615234375 728.6703369140625 0.7600911458333334 1999.7634338378907 210.29876403808595 2235.774530029297 367.63946838378905 0.7911318824404762 
1031 1930.2479125976563 519.6600128173828 2092.683483886719 732.6309417724609 0.7548363095238095 1996.055126953125 212.55990600585938 2237.903369140625 367.7759704589844 0.7948986235119048 
1032 1927.1062438964843 514.6358276367188 2096.339678955078 737.8800415039062 0.7583705357142857 1999.5359741210937 212.31439514160155 2237.1830200195313 367.14507751464845 0.8006649925595238 
1033 1934.2913146972655 539.1061889648438 2098.590399169922 734.7003295898437 0.7381882440476191 1994.4740905761719 210.5079444885254 2237.0108947753906 359.15952072143557 0.7957589285714286 
1034 1928.5553894042969 515.942172241211 2094.1078186035156 735.4792755126953 0.7679268973214286 1997.351025390625 209.33770675659179 2238.481982421875 374.890274810791 0.7978515625 
1035 1931.6053039550782 515.8606872558594 2092.0976989746096 736.9836730957031 0.76171875 1998.957257080078 203.79194564819335 2241.479144287109 371.4174201965332 0.7995489211309523 
1036 1933.7488647460937 517.668701171875 2095.1605590820313 732.8843994140625 0.7647879464285714 1999.5551330566407 212.9177978515625 2236.292401123047 367.1556884765625 0.7955031622023809 
1037 1933.578515625 521.9976287841797 2099.917578125 732.693716430664 0.7407924107142857 1999.4033203125 209.50785598754882 2235.97412109375 368.45398178100584 0.8094773065476191 
1038 1939.353985595703 536.4131103515625 2095.230364990234 735.15537109375 0.7567429315476191 1991.9622802734375 206.07529220581054 2237.4674072265625 358.05466690063474 0.8040829613095238 
1039 1931.0588928222655 523.4997283935547 2096.329168701172 731.883999633789 0.7543015252976191 2000.566455078125 205.11951370239257 2234.100537109375 370.3898094177246 0.7994326636904762 
1040 1931.5807189941406 516.3873474121094 2088.892303466797 730.9030578613281 0.7607189360119048 1995.935498046875 205.88954467773436 2239.053271484375 370.3516052246094 0.7849469866071429 
1041 1933.951153564453 521.7037872314453 2099.431536865234 732.955453491211 0.748046875 1998.9516967773438 205.09709396362305 2234.849328613281 367.05672988891604 0.7835984002976191 
1042 1931.2566955566406 518.0828521728515 2097.2671081542967 737.0751678466797 0.7544410342261905 1999.1822692871094 203.9945526123047 2235.8354309082033 366.4727325439453 0.7926897321428571 
1043 1932.016534423828 519.9378784179687 2094.5097106933595 735.4179565429688 0.7552780877976191 1999.5408630371094 202.2883155822754 2236.215606689453 368.3139030456543 0.7918759300595238 
1044 1935.1784729003907 535.1923217773438 2099.968865966797 731.3713989257812 0.7399553571428571 1989.0521667480468 206.51691055297852 2236.2379943847654 347.7658500671387 0.7850167410714286 
1045 1933.1087585449218 527.7256378173828 2099.4406799316407 728.079965209961 0.7405598958333334 1994.6109130859375 215.27176361083986 2232.7679931640623 351.361506652832 0.7855282738095238 
1046 1937.0630859375 527.3042053222656 2092.207421875 730.4693542480469 0.7417457217261905 2001.990625 212.1851936340332 2234.70712890625 363.63553085327146 0.7926897321428571 
1047 1932.570867919922 522.1996551513672 2095.2935119628905 734.1176666259765 0.7499534970238095 2000.3962036132812 209.85342330932616 2231.235388183594 353.65495376586915 0.7955264136904762 
1048 1931.8199462890625 528.9886138916015 2098.9251708984375 731.0691864013672 0.7258882068452381 1998.9311096191407 204.3445022583008 2232.100994873047 344.2464096069336 0.7940150669642857 
1049 1931.7079223632813 525.9326904296875 2099.0032592773437 732.13408203125 0.7443033854166666 1998.446533203125 204.80912094116212 2235.772705078125 340.9798957824707 0.8001534598214286 
1050 1936.0546264648438 531.7013702392578 2095.4680786132812 733.8841400146484 0.7633231026785714 1998.8629211425782 207.79028701782227 2236.0388122558593 339.9866752624512 0.8017113095238095 
1051 1933.3620971679688 523.4493804931641 2100.121057128906 736.7456268310547 0.7585797991071429 1996.4560180664062 210.21717376708983 2236.899206542969 345.95113067626954 0.8058268229166666 
1052 1937.2552429199218 528.5565551757812 2096.6364807128907 738.4732299804688 0.7642531622023809 2000.4993591308594 204.2622100830078 2233.740020751953 348.0939910888672 0.7995489211309523 
1053 1937.002752685547 534.8613403320312 2095.9739318847655 732.6060668945313 0.7603469122023809 1999.6367980957032 208.4184913635254 2236.1550720214846 340.2483024597168 0.8033389136904762 
1054 1932.877978515625 529.0981567382812 2099.590283203125 734.5806762695313 0.7531622023809523 1995.954296875 204.47162322998048 2236.3298828125 328.5365249633789 0.7988048735119048 
1055 1932.381170654297 526.0155181884766 2099.0710998535155 734.3777313232422 0.7558128720238095 1993.5785278320313 205.89532089233398 2236.0364624023437 334.7010688781738 0.7801106770833334 
1056 1939.2582946777343 545.8653442382813 2094.637335205078 728.4356811523437 0.7102399553571429 1995.1350036621093 200.89399490356445 2235.972540283203 317.42825546264646 0.7822498139880952 
1057 1931.845947265625 519.7727264404297 2104.413330078125 738.3583160400391 0.7554175967261905 1997.1856323242187 196.1716110229492 2242.6149047851563 330.39085845947267 0.8009905133928571 
1058 1930.4458801269532 535.9714263916015 2097.6287048339846 730.3700653076172 0.7377232142857143 1999.6817687988282 190.24081649780274 2240.7360778808593 322.43192825317385 0.7883649553571429 
1059 1932.5068725585938 533.4998046875 2098.548547363281 734.2942626953125 0.7442801339285714 1991.0224243164062 198.29786758422853 2242.015417480469 318.00222702026366 0.7793666294642857 
1060 1929.6916870117188 520.9752563476562 2096.850549316406 731.7409301757813 0.7575799851190477 1999.574200439453 194.06479110717774 2239.411029052734 306.7154365539551 0.7724376860119048 
1061 1933.2369750976563 519.8144836425781 2093.3785034179687 732.0951843261719 0.7669270833333334 1998.6972534179688 189.64776458740235 2237.0476196289064 308.82290802001955 0.7611607142857143 
1062 1934.1505615234375 524.8522979736329 2093.1917236328127 731.9757659912109 0.7513253348214286 1995.4625183105468 187.13857955932616 2239.5722717285157 312.89213638305665 0.7667178199404762 
1063 1938.3250122070312 535.9461639404296 2103.3593139648438 731.6846343994141 0.7341424851190477 1994.8618408203124 193.4776382446289 2232.8183349609376 312.45592498779297 0.7777390252976191 
1064 1931.5545776367187 534.9429809570313 2095.464709472656 726.1715209960937 0.7225167410714286 1993.2460998535157 194.8144546508789 2246.916375732422 315.79574432373045 0.7839936755952381 
1065 1935.9006958007812 527.1217010498046 2094.9872436523438 736.6504547119141 0.7606956845238095 1997.6848388671874 197.1586471557617 2242.1349853515626 317.4436782836914 0.7804129464285714 
1066 1934.56357421875 523.7286163330078 2095.43984375 733.2416595458984 0.7417224702380952 1996.1513061523438 192.3354179382324 2246.8186645507812 330.7636573791504 0.7879929315476191 
1067 1928.5011962890626 519.5867218017578 2095.7790771484374 733.1330657958985 0.7577659970238095 2004.3375061035156 183.52504806518556 2249.9157897949217 343.684806060791 0.8091517857142857 
1068 1930.4866577148437 522.5008178710938 2090.7176879882813 732.5815795898437 0.7689034598214286 2008.6849426269532 180.40057601928712 2250.8120056152343 340.631665802002 0.8162202380952381 
1069 1929.42626953125 516.1967681884765 2093.58935546875 733.8913055419922 0.7748325892857143 2007.8017578125 180.046720123291 2254.04638671875 337.0722831726074 0.8221493675595238 
1070 1930.3425537109374 515.7293640136719 2092.0763916015626 731.3746398925781 0.7776460193452381 2009.274237060547 180.3733932495117 2253.6721740722655 331.32506256103517 0.8188709077380952 
1071 1930.2858642578126 520.5308074951172 2094.1867919921874 729.1318511962891 0.7687872023809523 2007.6517395019532 180.69454193115234 2246.0527282714843 329.6952590942383 0.8027808779761905 
1072 1930.3274658203125 516.9134857177735 2092.2999755859373 732.8768585205078 0.7742978050595238 2009.7908813476563 174.2791648864746 2250.950085449219 336.25173416137693 0.8171735491071429 
1073 1931.0112548828124 521.8786682128906 2090.8915771484376 731.4993835449219 0.7716471354166666 2005.895245361328 164.81282272338868 2251.045062255859 342.45751724243166 0.8192661830357143 
1074 1931.565850830078 518.372915649414 2098.6039489746095 733.6664520263672 0.7438616071428571 2008.6603149414063 177.3011100769043 2249.9375854492187 329.49138565063475 0.8044317336309523 
1075 1927.8657165527343 520.3756439208985 2103.017706298828 737.4117706298828 0.7277250744047619 2001.9683837890625 180.61604080200195 2245.6580810546875 321.4991172790527 0.8016183035714286 
1076 1931.7536560058593 522.7170196533203 2102.659063720703 740.2328704833984 0.7493722098214286 2004.3585876464845 182.54973678588868 2245.179620361328 318.4971534729004 0.8136625744047619 
1077 1931.729248046875 532.4768096923829 2091.861572265625 727.7603118896484 0.7506277901785714 1999.4775817871093 182.61887283325194 2249.440509033203 311.5059898376465 0.802734375 
1078 1929.516827392578 525.6026397705078 2092.762835693359 731.6038421630859 0.7521856398809523 2004.26318359375 178.33067626953124 2245.24560546875 310.482373046875 0.7831566220238095 
1079 1928.9682067871095 523.3591583251953 2099.888848876953 737.0099212646485 0.7359793526785714 2007.555908203125 185.4023895263672 2248.398681640625 298.0546417236328 0.7712751116071429 
1080 1929.5639404296876 515.8875854492187 2100.6377197265624 737.5058471679688 0.7420712425595238 2004.782452392578 172.99244689941406 2249.729144287109 281.85752868652344 0.7618582589285714 
1081 1929.9570861816405 516.3867645263672 2096.058905029297 733.0413970947266 0.7644391741071429 2032.4513305664063 166.5451515197754 2249.1060424804687 285.70519943237304 0.7685314360119048 
1082 1931.2227905273437 518.0329650878906 2094.840930175781 731.4479919433594 0.7716936383928571 2042.8552612304688 160.1524574279785 2234.928674316406 273.9738090515137 0.7372116815476191 
1083 1931.1468872070313 518.7225616455078 2089.7141967773437 731.3465911865235 0.7655552455357143 2048.5477294921875 156.12505569458008 2246.7564697265625 267.84279403686526 0.7472795758928571 
1084 1927.0125244140625 515.0543518066406 2088.6359130859373 726.9605407714844 0.7609747023809523 2047.884619140625 153.95735092163085 2263.382470703125 286.84765701293946 0.7220749627976191 
1085 1924.6775207519531 518.8650512695312 2094.0972595214844 727.9362182617188 0.7258417038690477 2038.3632934570312 145.22665405273438 2279.8766967773436 300.2276916503906 0.7498604910714286 
1086 1918.354345703125 515.3983734130859 2092.084619140625 725.3222686767579 0.7310732886904762 2025.2653198242188 141.48868560791016 2285.8604125976562 286.2638473510742 0.7397925967261905 
1087 1916.6319274902344 519.0045043945313 2091.023468017578 726.0942504882812 0.7337937127976191 2033.1723876953124 139.20011520385742 2287.4931396484376 295.42575454711914 0.7570452008928571 
1088 1918.7942016601562 519.4404541015625 2089.8295776367186 726.86630859375 0.7445824032738095 2037.9031005859374 139.85950469970703 2292.6364501953126 289.0605697631836 0.7701357886904762 
1089 1924.0318115234375 524.1664001464844 2098.8392822265623 731.7504699707031 0.7380487351190477 2049.674658203125 145.13633499145507 2300.960595703125 287.1675437927246 0.7633696056547619 
1090 1923.6518920898438 529.0431365966797 2101.855676269531 736.3413238525391 0.7480701264880952 2067.5855224609377 148.99652099609375 2307.6151611328123 279.92169189453125 0.7747395833333334 
1091 1935.202813720703 551.4843109130859 2120.3634704589845 743.9061309814454 0.3772670200892857 2080.5666381835936 152.1182632446289 2312.9248168945314 271.92809295654297 0.7665550595238095 
1092 1934.0896057128907 542.5230499267578 2118.767205810547 752.5486663818359 0.7191917782738095 2086.594836425781 155.4798957824707 2325.589489746094 267.73496322631837 0.7779947916666666 
1093 1937.3036315917968 548.2378234863281 2118.0231506347654 754.2581481933594 0.7151460193452381 2088.691015625 154.6861557006836 2330.85537109375 277.57547149658205 0.7648809523809523 
1094 1941.4553344726562 555.3497955322266 2126.3857299804686 754.7846649169921 0.7159830729166666 2090.96171875 155.36449737548827 2333.909375 267.77319793701173 0.7602074032738095 
1095 1940.946356201172 556.0516296386719 2129.0405822753905 765.8491271972656 0.7333751860119048 2096.485876464844 155.09910354614257 2335.220910644531 270.8494285583496 0.7723214285714286 
1096 1939.888006591797 550.6293975830079 2128.1853576660155 753.4110687255859 0.76953125 2089.1888793945313 152.72611541748046 2335.4236694335937 279.4646499633789 0.7719959077380952 
1097 1943.6871337890625 543.7343780517579 2131.6317138671875 760.5935638427734 0.7604631696428571 2096.739794921875 154.22196197509766 2331.670361328125 277.1088180541992 0.7783668154761905 
1098 1953.591375732422 549.4032196044922 2138.1372619628905 752.0419097900391 0.6952659970238095 2098.472521972656 155.39906997680663 2330.059460449219 274.8111198425293 0.7679966517857143 
1099 1950.4179077148438 529.9853759765625 2130.6580200195312 742.6686767578125 0.7824125744047619 2096.689831542969 154.94723739624024 2331.001818847656 277.51054153442385 0.7921316964285714 
1100 1948.494482421875 527.4899749755859 2131.092431640625 731.5699005126953 0.7805059523809523 2093.360949707031 154.16972732543945 2333.244274902344 275.90160751342773 0.7908296130952381 
1101 1956.944482421875 519.9836212158203 2132.068701171875 727.2733978271484 0.7875744047619048 2092.4801391601563 153.2402130126953 2331.9356323242187 274.75490417480466 0.7903645833333334 
1102 1959.163330078125 510.5650604248047 2137.227783203125 717.1199371337891 0.7777855282738095 2091.0680541992188 152.92925033569335 2336.7969360351562 277.5744270324707 0.7938058035714286 
1103 1957.5896606445312 504.2639923095703 2135.4843139648438 707.0640716552734 0.7779250372023809 2088.957958984375 155.1797203063965 2338.010791015625 276.1481758117676 0.7925734747023809 
1104 1964.2164672851563 493.19347229003904 2137.7896362304687 705.7321258544922 0.7736467633928571 2088.742236328125 155.03903350830078 2340.246533203125 275.4775985717773 0.7866675967261905 
1105 1960.604913330078 485.34406127929685 2140.6874450683595 690.1437316894531 0.7918061755952381 2091.3888427734373 157.90908203125 2338.5608642578127 281.4950927734375 0.7975027901785714 
1106 1960.4718811035157 477.26353912353517 2137.515789794922 675.1362106323243 0.7711588541666666 2084.7763793945314 157.22255859375 2341.6638061523436 282.1947387695312 0.7753673735119048 
1107 1966.1333129882812 462.2772872924805 2130.6369506835936 661.7817031860352 0.7843191964285714 2090.6553588867187 154.9434829711914 2342.6608032226563 287.9464401245117 0.7859700520833334 
1108 1963.0200500488281 445.73096160888673 2127.9393005371094 652.7573501586915 0.787109375 2091.3654663085936 157.72948837280273 2336.9902465820314 287.5595893859863 0.7853655133928571 
1109 1964.7220092773437 432.0635589599609 2129.2059692382813 642.0433135986328 0.7832961309523809 2089.6328979492187 159.49365310668946 2338.1090454101563 281.9818565368652 0.7838774181547619 
1110 1960.324884033203 412.07713928222654 2127.8644470214845 631.9727264404297 0.7877836681547619 2090.67822265625 160.2309112548828 2338.4970703125 282.39512634277344 0.7874581473214286 
1111 1961.7814025878906 409.1251815795898 2125.402557373047 621.4847122192383 0.7822033110119048 2091.7946166992188 159.40865020751954 2335.4859008789062 284.7355453491211 0.7860165550595238 
1112 1959.7252258300782 398.58274993896487 2122.6843200683593 610.0828079223633 0.7576032366071429 2091.4795776367187 160.5451431274414 2337.6515258789063 285.36486053466797 0.7822730654761905 
1113 1956.0248413085938 384.090803527832 2121.2717895507812 600.9774032592774 0.7188197544642857 2089.0963500976563 162.17264785766602 2340.4092651367187 282.66522750854494 0.7766694568452381 
1114 1954.5466857910155 372.8996826171875 2115.710028076172 592.3559326171875 0.7341889880952381 2089.333056640625 160.16949462890625 2339.650341796875 280.18463134765625 0.7770647321428571 
1115 1950.1570678710937 370.4732330322266 2116.5707153320313 584.4334442138672 0.7216564360119048 2091.4909545898436 160.17041778564453 2346.2055786132814 272.24483489990234 0.7767857142857143 
1116 1951.2340026855468 371.11867065429686 2113.3891662597657 580.5689514160156 0.7340029761904762 2088.4421630859374 160.75886611938478 2345.1877197265626 278.9969169616699 0.7603236607142857 
1117 1951.14970703125 367.8944320678711 2112.59345703125 586.516242980957 0.7272135416666666 2090.3430908203127 160.39776687622071 2345.9625732421873 271.3903648376465 0.7584867931547619 
1118 1949.217840576172 374.99295501708986 2113.1973205566405 582.4771682739258 0.7268415178571429 2087.326135253906 161.84538955688475 2348.354772949219 275.62706832885743 0.7509068080357143 
1119 1952.2228393554688 378.14601440429686 2115.6353149414062 584.9128234863281 0.7314453125 2090.6232177734373 160.21997451782227 2344.0794189453127 276.9431571960449 0.7398856026785714 
1120 1954.834649658203 375.65798034667966 2114.4142517089845 588.4307037353516 0.7407691592261905 2086.92265625 159.560636138916 2342.91474609375 272.59614791870115 0.7499534970238095 
1121 1954.648211669922 382.7249298095703 2113.996441650391 585.2298431396484 0.7339332217261905 2086.5446044921873 160.30153198242186 2342.1653564453127 276.4928405761719 0.74560546875 
1122 1951.1123352050781 382.8419219970703 2113.4798278808594 588.2864349365234 0.7426990327380952 2088.6276611328126 160.8293258666992 2340.4626708984374 280.1196792602539 0.7431408110119048 
1123 1954.4673828125 383.597998046875 2113.2806640625 588.7317138671875 0.7347237723214286 2088.8478759765626 161.9212203979492 2340.3020263671874 281.03114166259763 0.7508835565476191 
1124 1954.947216796875 379.9726196289063 2110.403857421875 588.3506225585937 0.7319800967261905 2083.434130859375 160.52690353393555 2338.118603515625 286.2152381896973 0.7317475818452381 
1125 1952.6020446777343 385.9076614379883 2109.339483642578 589.3327865600586 0.7175874255952381 2085.0978393554688 159.5234802246094 2338.5454711914062 279.57765502929686 0.7445591517857143 
1126 1949.240966796875 380.47733001708986 2111.372802734375 588.9327346801758 0.7293294270833334 2086.55673828125 159.55023880004882 2338.0267578125 275.3588035583496 0.7419549851190477 
1127 1952.0355895996095 375.63985137939454 2113.752130126953 590.1616317749024 0.716796875 2083.54130859375 156.0406524658203 2337.6671875 271.5523651123047 0.7531389508928571 
1128 1951.3119995117188 381.84169006347656 2116.2707641601564 589.6897430419922 0.7275623139880952 2074.3966674804688 149.884285736084 2338.3306274414062 278.55213088989257 0.7664155505952381 
1129 1946.9515075683594 380.7444610595703 2112.538848876953 589.3843841552734 0.7109607514880952 2069.104040527344 141.66202087402343 2324.108117675781 280.7552764892578 0.7556966145833334 
1130 1947.9079345703126 378.55294036865234 2114.1511474609374 594.6690139770508 0.7058221726190477 2069.1376708984376 141.08093948364257 2315.1772705078124 287.3749168395996 0.7585565476190477 
1131 1949.2792541503907 387.3141067504883 2112.034588623047 589.9276840209961 0.7176339285714286 2059.784216308594 141.26505966186522 2305.577844238281 284.09103469848634 0.7553245907738095 
1132 1950.2948913574219 379.4125122070312 2112.7052307128906 594.8548217773438 0.7204706101190477 2047.4352661132812 147.7801399230957 2296.022497558594 293.61803817749023 0.7468145461309523 
1133 1950.0069458007813 376.1927688598633 2112.068005371094 587.8644515991211 0.7372814360119048 2040.4509033203126 157.39750289916992 2278.5813232421874 302.9217872619629 0.7489071800595238 
1134 1954.3328918457032 373.4985641479492 2112.6201110839843 591.1433120727539 0.7612072172619048 2031.0666870117188 157.2489356994629 2271.794885253906 292.4525260925293 0.755859375 
1135 1953.8865295410155 363.87828674316404 2115.462469482422 591.4037567138672 0.7370489211309523 2026.3041137695313 164.00087661743163 2263.7220092773437 299.19716720581056 0.7455357142857143 
1136 1955.3889953613282 366.3251235961914 2114.2881286621096 588.1221115112305 0.7171688988095238 2029.2362548828125 163.1173011779785 2254.3438232421877 292.22301559448243 0.7504650297619048 
1137 1957.656005859375 371.1590744018555 2112.957763671875 589.2424453735351 0.7286551339285714 2028.4441040039062 165.02201156616212 2253.1362182617186 297.1937629699707 0.7553013392857143 
1138 1955.760693359375 365.9949615478516 2113.978564453125 590.1368133544922 0.7348400297619048 2020.54384765625 166.1943130493164 2254.57431640625 298.04247283935547 0.7605794270833334 
1139 1953.361639404297 367.76156158447264 2114.5925842285155 588.2204635620117 0.7371419270833334 2017.6515075683594 169.70294570922852 2257.8530090332033 307.9010429382324 0.7718796502976191 
1140 1954.5983276367188 369.27220916748047 2112.5454711914062 589.7403945922852 0.7451869419642857 2021.4222534179687 168.29434814453126 2258.343127441406 309.7888427734375 0.7732049851190477 
1141 1953.2261108398438 370.9918807983398 2113.726281738281 587.1758743286133 0.7315848214285714 2025.9174682617188 173.83112716674805 2255.2033813476564 308.12720108032227 0.7656715029761905 
1142 1956.7506103515625 371.2145935058594 2113.8582763671875 587.2375549316406 0.7458612351190477 2026.1146728515625 173.82298736572267 2258.5030029296877 311.29215545654296 0.775390625 
1143 1953.7718139648437 378.29312591552736 2110.7464965820313 587.5927688598633 0.7586263020833334 2028.8629760742188 172.3895721435547 2254.5142211914062 313.0127716064453 0.7898763020833334 
1144 1952.6354431152345 377.72288818359374 2107.026788330078 587.9578979492187 0.7412109375 2030.21025390625 171.27813491821288 2256.86982421875 309.2448600769043 0.7679036458333334 
1145 1950.4542114257813 387.2686477661133 2107.710095214844 590.3909896850586 0.7502092633928571 2028.2001098632813 173.05781326293945 2254.2557006835937 310.65677108764646 0.7776692708333334 
1146 1948.059747314453 377.1459762573242 2108.7374938964845 596.8483169555664 0.7542317708333334 2025.1194702148437 171.8213623046875 2261.2176879882813 312.8243896484375 0.7815522693452381 
1147 1951.7785888671874 379.96049346923826 2106.2887939453126 593.6447006225586 0.7405366443452381 2029.03369140625 172.97761001586915 2259.1552734375 317.6254020690918 0.7809942336309523 
1148 1948.7980895996093 387.83386383056643 2107.039923095703 592.229704284668 0.7278413318452381 2026.6510498046875 174.4354019165039 2257.4207275390627 316.19384002685547 0.7709263392857143 
1149 1948.2981567382812 388.1281021118164 2109.3016967773438 598.418376159668 0.7513485863095238 2028.7998168945312 170.76079711914062 2258.8049194335936 315.3353332519531 0.7813197544642857 
1150 1949.784521484375 388.52146606445314 2107.467919921875 592.1956970214844 0.7456752232142857 2026.9837036132812 170.4434829711914 2260.2235717773438 314.9864791870117 0.7793201264880952 
1151 1948.9109802246094 391.0006729125977 2107.230255126953 595.4964889526367 0.755859375 2028.9586547851563 169.5058265686035 2263.1392456054687 314.63191452026365 0.7887369791666666 
1152 1950.4913940429688 388.63419952392576 2108.5274047851562 596.0564437866211 0.7434663318452381 2027.863232421875 170.4483200073242 2261.624560546875 315.3146499633789 0.7815290178571429 
1153 1945.8955078125 390.50536041259767 2107.06884765625 597.7281295776368 0.7456752232142857 2028.6327758789062 173.28834915161133 2262.169714355469 311.4368553161621 0.7801804315476191 
1154 1949.0124816894531 391.0528274536133 2106.9048767089844 594.9971908569336 0.7334449404761905 2031.7543334960938 173.4446807861328 2262.0139770507812 311.6005462646484 0.7800176711309523 
1155 1948.2318176269532 389.41250762939455 2106.2080017089843 596.7560409545898 0.7327706473214286 2028.1058349609375 174.9802978515625 2261.7789306640625 309.9181396484375 0.7685779389880952 
1156 1947.1955078125 398.68372344970703 2105.31181640625 593.0348739624023 0.7243536086309523 2027.5206420898437 180.38711318969726 2258.106555175781 312.15059127807615 0.7630905877976191 
1157 1946.7648132324218 402.5118865966797 2104.9120666503904 590.3116607666016 0.7238188244047619 2029.2599975585938 175.42871322631837 2263.1860473632814 310.512769317627 0.7627650669642857 
1158 1945.719659423828 397.7711654663086 2103.8710388183595 595.4603103637695 0.7159598214285714 2028.2168212890624 171.44246826171874 2262.1489013671876 309.8248657226562 0.7626488095238095 
1159 1944.73984375 396.9250961303711 2102.918359375 597.943586730957 0.7166108630952381 2033.461767578125 176.3877380371094 2257.547998046875 311.49855346679686 0.7563244047619048 
1160 1944.3714904785156 404.5635513305664 2102.679656982422 595.8524337768555 0.7253999255952381 2030.2485107421876 175.09297103881835 2257.8164306640624 310.31445388793946 0.7580217633928571 
1161 1944.9937438964844 407.2885940551758 2103.109893798828 591.7573959350586 0.7232840401785714 2030.7666625976562 179.86997756958007 2258.0587768554688 314.92749252319334 0.7563011532738095 
1162 1944.9378662109375 410.1655212402344 2103.1436767578125 594.7390197753906 0.7206566220238095 2033.6750732421874 180.0824951171875 2257.8000244140626 315.2166381835938 0.7589750744047619 
1163 1945.545587158203 398.2254470825195 2100.7580017089845 593.0666366577149 0.7293991815476191 2030.772607421875 173.9167510986328 2261.940283203125 309.31487731933595 0.7759021577380952 
1164 1942.6646362304687 404.7823257446289 2104.7174438476563 596.599967956543 0.6962658110119048 2031.3231811523438 175.44070205688476 2262.8269653320312 304.4215263366699 0.7648809523809523 
1165 1943.418145751953 411.43541107177737 2106.2223571777345 597.4972366333008 0.7004045758928571 2032.4876586914063 174.76884002685546 2265.064831542969 307.67015533447267 0.7734607514880952 
1166 1941.123846435547 421.9707336425781 2107.1663146972655 604.6174011230469 0.70263671875 2036.0235717773437 172.2684341430664 2265.162219238281 305.10238494873045 0.7675548735119048 
1167 1935.6968200683593 424.4898406982422 2105.120684814453 610.5240142822265 0.7192150297619048 2027.6918334960938 169.20397872924804 2263.5564575195312 308.7295692443848 0.7578822544642857 
1168 1931.8901916503905 423.8449981689453 2102.092596435547 614.071322631836 0.7518833705357143 2031.6240478515624 166.35919570922852 2271.9101318359376 296.5140190124512 0.7528366815476191 
1169 1918.8939086914063 429.7924575805664 2104.891979980469 625.9360275268555 0.7585332961309523 2032.3136840820312 157.29858016967773 2272.420446777344 302.7153511047363 0.7400483630952381 
1170 1915.0614929199219 430.7865356445312 2098.6730041503906 631.3991333007813 0.77783203125 2031.7149658203125 153.40766067504882 2269.7298583984375 309.8174217224121 0.7428617931547619 
1171 1905.0531127929687 425.34928741455076 2090.843615722656 628.3424545288086 0.7901553199404762 2028.3841918945313 156.4561454772949 2269.2234741210937 304.40031509399415 0.7423735119047619 
1172 1889.465350341797 425.52120513916014 2095.475201416016 621.0560348510742 0.7738560267857143 2034.7734741210938 154.10921325683594 2261.733605957031 304.2519927978516 0.7463960193452381 
1173 1881.0116333007813 428.5000366210937 2087.3069702148437 613.4545532226563 0.7503952752976191 2043.9413208007813 151.61545944213867 2260.9070678710937 293.88815689086914 0.7569986979166666 
1174 1886.502392578125 414.51653747558595 2087.198779296875 604.6500274658204 0.7635091145833334 2041.1551147460937 152.47358169555665 2262.9774536132813 289.79221115112307 0.7626720610119048 
1175 1877.076104736328 401.2774658203125 2083.6029724121095 600.6827392578125 0.75439453125 2039.3669189453126 150.37746963500976 2263.6975341796874 292.80977096557615 0.7653924851190477 
1176 1877.6632141113282 388.48425140380857 2081.0632263183593 595.391145324707 0.7459309895833334 2040.59921875 151.09429931640625 2258.0267578125 287.86328125 0.7616722470238095 
1177 1877.7546691894531 360.8718460083008 2078.3287048339844 589.5965072631836 0.7539527529761905 2037.3206420898437 149.470711517334 2262.5262817382813 286.7055122375488 0.7697870163690477 
1178 1880.2771423339843 351.43365783691405 2073.555499267578 579.8535125732421 0.7712518601190477 2042.3337036132812 151.93802871704102 2260.210974121094 281.96161422729494 0.7717633928571429 
1179 1879.4359375 336.294970703125 2069.4390625 572.0396240234375 0.7658575148809523 2037.7720458984375 152.3816764831543 2262.9608642578123 293.124747467041 0.7677873883928571 
1180 1886.1568481445313 327.8561294555664 2061.052868652344 576.2085372924805 0.7814825148809523 2036.1637939453126 149.3276268005371 2263.5285888671874 289.2444709777832 0.7769484747023809 
1181 1889.3044128417969 328.3914337158203 2056.2406311035156 578.7957611083984 0.7712983630952381 2040.3226806640625 151.2892288208008 2266.3823974609377 290.4027572631836 0.7768322172619048 
1182 1890.1427978515626 334.00630340576174 2053.7898193359374 574.2541030883789 0.7795991443452381 2044.01396484375 150.1377731323242 2266.85224609375 289.4118179321289 0.7794363839285714 
1183 1889.2260498046876 336.1543365478516 2051.4067626953124 581.1507781982422 0.7704148065476191 2038.2678466796874 150.61530075073242 2266.0109619140626 278.2894996643066 0.77490234375 
1184 1886.2793090820312 360.0756332397461 2051.9540893554686 587.8783767700195 0.7372581845238095 2038.0150512695313 150.45992202758788 2269.2693725585937 285.0706413269043 0.7618117559523809 
1185 1892.1885192871093 378.853955078125 2054.211016845703 599.4803955078125 0.7087751116071429 2038.0353515625 152.3936866760254 2269.0037109375 290.2851921081543 0.7542085193452381 
1186 1897.4586975097657 386.65968933105466 2062.340496826172 606.5021148681641 0.7085193452380952 2037.8988525390625 153.07713012695314 2268.0464599609377 290.47865600585936 0.7556733630952381 
1187 1906.1273803710938 399.0754150390625 2067.0960083007812 611.41689453125 0.7238188244047619 2038.2479370117187 154.46123580932618 2264.288928222656 294.8805763244629 0.7594633556547619 
1188 1908.7556030273438 414.830419921875 2076.0566528320314 623.1030517578125 0.7302827380952381 2035.2161987304687 152.19151916503907 2267.389025878906 292.1780487060547 0.7535342261904762 
1189 1918.2930236816405 418.8838745117188 2085.632635498047 634.0348266601562 0.7404668898809523 2033.8806640625 154.3454116821289 2269.52216796875 294.364274597168 0.7486049107142857 
1190 1932.0964782714843 434.4860092163086 2092.735186767578 646.392317199707 0.7361421130952381 2036.4722900390625 152.77679443359375 2272.3035888671875 299.74407958984375 0.7574404761904762 
1191 1940.5362182617187 450.025390625 2104.2584594726563 658.0888671875 0.7596261160714286 2031.1869262695313 152.360791015625 2273.3592163085937 302.4393798828125 0.7608351934523809 
1192 1953.090069580078 478.55345458984374 2117.269183349609 663.2550170898437 0.7790178571428571 2033.4695190429688 157.43049392700195 2276.317834472656 297.66690292358396 0.7742745535714286 
1193 1962.6786987304688 488.33876953125 2126.9265258789064 673.1177734375 0.7812965029761905 2036.379541015625 157.7370719909668 2269.064306640625 287.76672744750977 0.7656715029761905 
1194 1973.946844482422 493.3549743652344 2133.9971252441405 670.4318908691406 0.7986188616071429 2041.6604736328125 155.31095428466796 2273.2223388671873 288.11864166259767 0.7804827008928571 
1195 1983.068896484375 491.27483825683595 2146.150341796875 671.3441192626954 0.8183826264880952 2043.1791137695313 154.00437927246094 2274.2112670898437 289.9057159423828 0.7819940476190477 
1196 1990.7314575195312 475.7691345214844 2146.4118530273436 661.9085998535156 0.8133603050595238 2037.0710693359374 153.60458755493164 2287.5134033203126 288.9787712097168 0.7793898809523809 
1197 2000.0249145507812 464.64024810791017 2148.3229858398436 653.3834030151368 0.8032924107142857 2045.784814453125 162.3400733947754 2291.825048828125 297.15661544799804 0.7719494047619048 
1198 2007.3384521484375 444.84748992919924 2155.2889892578123 646.5983413696289 0.7990373883928571 2049.2406494140623 171.8371681213379 2304.7915771484377 296.25021896362307 0.7639508928571429 
1199 2014.066827392578 425.6210083007812 2164.6581481933595 639.7953735351563 0.7880161830357143 2066.8379638671877 177.85325469970704 2317.8236572265623 308.36570892333987 0.7451171875 
